dump = {
	"magnitude" : [0.000000,0.000606,0.000723,0.000626,0.001289,0.004641,0.012573,0.021800,0.026623,0.023134,0.024123,0.051882,0.120162,0.213029,0.287078,0.306466,0.266433,0.211052,0.180975,0.181046,0.179653,0.146183,0.083124,0.025424,0.002040,0.011217,0.024531,0.019783,0.003874,0.003632,0.034102,0.077156]
,	"raw_mv" : [
	[-6.867000,-8.011500,-5.722499,-6.485500,-6.104000,-5.341000,-7.248499,-7.630000,-5.341000,-5.722499,-6.104000,-3.815000,-3.433500,-5.341000,-4.196499,-3.815000,-6.104000,-8.011500,-8.392999,-8.774499,-8.774499,-9.537500,-9.156000,-8.011500,-4.196499,-1.144500,-4.196499,-6.867000,-6.867000,-8.011500,-7.630000,-6.104000,-3.052000,-3.052000,-4.578000,-4.578000,-5.341000,-5.341000,-3.433500,-3.433500,-6.104000,-8.011500,-9.537500,-7.248499,-4.578000,-6.104000,-8.011500,-8.774499,-6.485500,-6.104000,-9.919000,-9.919000,-10.300499,-7.630000,-5.722499,-6.104000,-7.248499,-8.011500,-7.630000,-6.867000,-7.248499,-5.722499,-7.630000,-6.485500,-6.867000,-8.392999,-8.774499,-8.011500,-6.104000,-6.485500,-6.867000,-7.630000,-9.919000,-9.919000,-8.774499,-8.011500,-7.630000,-4.578000,-1.907500,-2.670500,-3.433500,-6.104000,-7.248499,-6.104000,-4.578000,-3.815000,-4.196499,-3.815000,-3.052000,-4.196499,-4.959500,-6.104000,-6.104000,-4.578000,-5.722499,-9.919000,-12.971000,-13.734000,-12.589500,-9.156000,-8.011500,-8.774499,-7.630000,-5.722499,-6.104000,-8.011500,-8.011500,-6.485500,-6.867000,-6.867000,-7.630000,-9.919000,-10.300499,-8.774499,-9.537500,-10.300499,-7.248499,-3.815000,-3.815000,-7.630000,-10.682000,-11.826499,-9.537500,-7.248499,-6.104000,-7.248499,-9.156000,-9.156000,-6.867000,-5.722499,-4.196499,-2.289000,-3.433500,-5.341000,-4.959500,-5.341000,-6.485500,-7.630000,-6.867000,-4.578000,-2.670500,-3.815000,-5.722499,-7.248499,-6.867000,-6.104000,-8.392999,-8.774499,-8.392999,-8.774499,-7.630000,-6.485500,-6.867000,-4.196499,-4.578000,-7.248499,-8.392999,-7.630000,-6.485500,-6.104000,-7.630000,-6.485500,-6.104000,-6.867000,-8.392999,-7.248499,-5.341000,-5.722499,-4.578000,-4.578000,-4.196499,-4.196499,-5.722499,-7.630000,-8.011500,-4.959500,-17.930500,6.104000,106.438499,373.106994,-894.236022,209.061996,-182.738510,329.615997,384.552001,-639.012512,-829.762512,1884.609985,595.140014,-1718.276000,-1324.186523,1296.337036,1607.640991,-623.371032,-2953.572998,1289.851562,3641.799072,-1789.998046,-2951.283935,896.143493,2996.682617,-550.885986,-3619.290527,-1123.135986,4933.939453,156.033508,-5797.655761,-854.559997,6021.214355,-121.698501,-5290.642089,-3554.053955,3193.155029,767.959533,-5013.291503,-3075.271484,3989.345459,360.136016,-5726.696777,-4359.400390,3422.436523,2574.743652,-4166.361328,-4785.536132,2697.586425,2037.591552,-5245.625000,-4985.441894,3329.731933,2977.226074,-3767.312500,-5479.484375,3046.658935,3431.592529,-3938.987548,-5526.409179,2854.001464,5387.542968,-1917.037475,-6741.104980,1705.305053,2149.752441,323.893493,-448.644012,-2146.319091,-1110.546508,3370.171142,1085.749023,-1499.676513,-1548.890014,2749.089111,4272.800293,-255.605011,-4012.616943,853.033996,6665.186523],
	[0.000000,0.000000,0.000000,0.000000,0.000000,0.000000,0.000000,0.000000,0.000000,0.000000,0.000000,0.000000,0.000000,0.000000,0.000000,0.000000,0.000000,0.000000,0.000000,0.000000,0.000000,0.000000,0.000000,0.000000,0.000000,0.000000,0.000000,0.000000,0.000000,0.000000,0.000000,0.000000,0.000000,0.000000,0.000000,0.000000,0.000000,0.000000,0.000000,0.000000,0.000000,0.000000,0.000000,0.000000,0.000000,0.000000,0.000000,0.000000,0.000000,0.000000,0.000000,0.000000,0.000000,0.000000,0.000000,0.000000,0.000000,0.000000,0.000000,0.000000,0.000000,0.000000,0.000000,0.000000,0.000000,0.000000,0.000000,0.000000,0.000000,0.000000,0.000000,0.000000,0.000000,0.000000,0.000000,0.000000,0.000000,0.000000,0.000000,0.000000,0.000000,0.000000,0.000000,0.000000,0.000000,0.000000,0.000000,0.000000,0.000000,0.000000,0.000000,0.000000,0.000000,0.000000,0.000000,0.000000,0.000000,0.000000,0.000000,0.000000,0.000000,0.000000,0.000000,0.000000,0.000000,0.000000,0.000000,0.000000,0.000000,0.000000,0.000000,0.000000,0.000000,0.000000,0.000000,0.000000,0.000000,0.000000,0.000000,0.000000,0.000000,0.000000,0.000000,0.000000,0.000000,0.000000,0.000000,0.000000,0.000000,0.000000,0.000000,0.000000,0.000000,0.000000,0.000000,0.000000,0.000000,0.000000,0.000000,0.000000,0.000000,0.000000,0.000000,0.000000,0.000000,0.000000,0.000000,0.000000,0.000000,0.000000,0.000000,0.000000,0.000000,0.000000,0.000000,0.000000,0.000000,0.000000,0.000000,0.000000,0.000000,0.000000,0.000000,0.000000,0.000000,0.000000,0.000000,0.000000,0.000000,0.000000,0.000000,0.000000,0.000000,0.000000,0.000000,0.000000,0.000000,0.000000,0.000000,0.000000,0.000000,0.000000,0.000000,0.000000,0.000000,0.000000,0.000000,0.000000,0.000000,0.000000,0.000000,0.000000,0.000000,0.000000,0.000000,0.000000,0.000000,0.000000,0.000000,0.000000,0.000000,0.000000,0.000000,0.000000,0.000000,0.000000,0.000000,0.000000,0.000000,0.000000,0.000000,0.000000,0.000000,0.000000,0.000000,0.000000,0.000000,0.000000,0.000000,0.000000,0.000000,0.000000,0.000000,0.000000,0.000000,0.000000,0.000000,0.000000,0.000000,0.000000,0.000000,0.000000,0.000000,0.000000,0.000000,0.000000,0.000000,0.000000,0.000000,0.000000,0.000000,0.000000,0.000000,0.000000,0.000000,0.000000,0.000000,0.000000,0.000000,0.000000,0.000000,0.000000,0.000000,0.000000,0.000000,0.000000],
	[-6.485500,-6.485500,-6.485500,-6.409200,-6.638100,-6.561800,-6.485500,-6.485500,-6.409200,-6.561800,-6.561800,-6.485500,-6.561800,-6.485500,-6.561800,-6.409200,-6.561800,-6.485500,-6.714400,-6.561800,-6.561800,-6.561800,-6.561800,-6.561800,-6.638100,-6.638100,-6.561800,-6.561800,-6.561800,-6.485500,-6.485500,-6.561800,-6.714400,-6.485500,-6.561800,-6.485500,-6.409200,-6.409200,-6.485500,-6.485500,-6.561800,-6.561800,-6.561800,-6.561800,-6.561800,-6.332900,-6.638100,-6.638100,-6.561800,-6.485500,-6.561800,-6.485500,-6.561800,-6.561800,-6.638100,-6.561800,-6.561800,-6.561800,-6.561800,-6.485500,-6.561800,-6.638100,-6.485500,-6.714400,-6.714400,-6.561800,-6.561800,-6.561800,-6.561800,-6.638100,-6.561800,-6.485500,-6.561800,-6.485500,-6.485500,-6.409200,-6.409200,-6.409200,-6.332900,-6.256600,-6.180300,-6.180300,-6.256600,-6.180300,-6.104000,-6.027700,-6.104000,-6.027700,-6.180300,-6.027700,-6.027700,-6.027700,-6.104000,-6.027700,-6.104000,-6.180300,-6.409200,-6.409200,-6.332900,-6.332900,-6.409200,-6.409200,-6.332900,-6.409200,-6.409200,-6.409200,-6.561800,-6.561800,-6.409200,-6.561800,-6.561800,-6.485500,-6.485500,-6.561800,-6.409200,-6.561800,-6.561800,-6.485500,-6.561800,-6.561800,-6.561800,-6.485500,-6.485500,-6.561800,-6.638100,-6.485500,-6.409200,-6.485500,-6.485500,-6.561800,-6.485500,-6.638100,-6.561800,-6.485500,-6.409200,-6.485500,-6.561800,-6.561800,-6.485500,-6.561800,-6.485500,-6.485500,-6.485500,-6.561800,-6.485500,-6.561800,-6.409200,-6.485500,-6.409200,-6.485500,-6.485500,-6.638100,-6.561800,-6.485500,-6.409200,-6.485500,-6.561800,-6.561800,-6.409200,-6.561800,-6.485500,-6.561800,-6.409200,-6.485500,-6.561800,-6.790700,-6.638100,-6.561800,-6.714400,-6.638100,-6.561800,-6.485500,-6.561800,-6.561800,-6.485500,-6.409200,-6.409200,-6.561800,-6.485500,-6.485500,-6.638100,-6.485500,-6.561800,-6.485500,-6.638100,-6.561800,-6.638100,-6.790700,-6.485500,-6.409200,-6.561800,-6.638100,-6.561800,-6.638100,-6.561800,-6.638100,-6.485500,-6.561800,-6.561800,-6.790700,-6.638100,-6.638100,-6.561800,-6.638100,-6.485500,-6.561800,-6.485500,-6.561800,-6.485500,-6.561800,-6.561800,-6.485500,-6.485500,-6.638100,-6.485500,-6.561800,-6.638100,-6.485500,-6.638100,-6.638100,-6.714400,-6.638100,-6.485500,-6.485500,-6.409200,-6.256600,-6.104000,-6.180300,-6.256600,-6.256600,-6.256600,-5.951400,-6.104000,-6.104000,-6.104000,-6.104000,-5.951400,-5.875100,-6.104000,-5.875100,-6.027700,-6.409200,-6.409200,-6.332900,-6.409200,-6.409200,-6.409200,-6.409200,-6.332900,-6.332900,-6.485500,-6.485500,-6.409200,-6.409200,-6.561800,-6.638100],
	[-7.248499,-6.867000,-7.248499,-7.248499,-6.867000,-6.867000,-7.248499,-7.248499,-7.248499,-7.248499,-7.630000,-6.867000,-6.867000,-7.248499,-7.248499,-7.248499,-6.867000,-7.248499,-7.248499,-7.630000,-7.248499,-7.248499,-7.248499,-7.248499,-7.248499,-7.248499,-6.867000,-6.867000,-7.248499,-6.867000,-6.867000,-7.248499,-7.248499,-7.248499,-6.867000,-7.248499,-7.248499,-7.630000,-7.630000,-6.867000,-6.867000,-7.248499,-7.248499,-7.248499,-7.248499,-7.248499,-7.248499,-7.248499,-6.867000,-7.248499,-7.248499,-7.248499,-6.867000,-7.248499,-7.248499,-7.248499,-7.248499,-7.248499,-6.867000,-7.248499,-7.248499,-7.248499,-7.248499,-7.248499,-7.248499,-6.867000,-6.867000,-7.248499,-7.248499,-7.248499,-7.248499,-6.867000,-7.248499,-7.248499,-7.248499,-6.867000,-6.867000,-7.248499,-7.248499,-6.867000,-6.867000,-6.867000,-6.867000,-6.867000,-6.867000,-6.485500,-6.867000,-6.867000,-6.485500,-6.867000,-6.867000,-6.867000,-6.867000,-6.867000,-6.867000,-6.867000,-7.248499,-7.248499,-6.867000,-6.485500,-6.867000,-6.867000,-6.867000,-6.867000,-6.867000,-7.248499,-6.867000,-7.248499,-6.867000,-6.867000,-7.248499,-6.867000,-7.248499,-6.867000,-7.248499,-7.248499,-6.867000,-7.248499,-7.248499,-7.248499,-7.248499,-7.248499,-7.248499,-7.248499,-6.867000,-6.867000,-6.867000,-7.248499,-6.867000,-7.248499,-7.248499,-7.248499,-6.867000,-7.248499,-7.248499,-6.867000,-6.867000,-7.248499,-7.248499,-7.248499,-7.248499,-7.630000,-7.630000,-7.248499,-7.630000,-7.248499,-7.248499,-7.248499,-7.248499,-7.248499,-7.248499,-7.630000,-7.248499,-6.867000,-6.867000,-6.867000,-7.248499,-6.867000,-7.248499,-7.248499,-6.867000,-7.630000,-6.867000,-7.248499,-7.248499,-7.248499,-7.248499,-6.867000,-7.248499,-6.867000,-7.248499,-7.248499,-6.867000,-7.248499,-6.867000,-5.722499,-8.011500,-6.104000,-12.589500,-11.444999,15.641500,-14.496999,-41.583499,28.612501,16.785999,-58.369499,17.167499,-9.537500,-83.930000,-2.670500,173.964004,76.300003,-253.316009,-228.518508,276.587493,211.350997,-226.992507,-249.501007,198.380004,263.998016,-170.530502,-351.361511,149.548004,378.829498,-132.380508,-434.147003,80.496498,389.893005,-23.271499,-391.037506,-50.358001,424.609497,99.190002,-441.395507,-243.778503,405.534515,281.928497,-344.113006,-350.980011,337.246002,338.009002,-275.824493,-418.886993,192.276000,355.939514,12.208000,-448.644012,-77.063003,380.736999,137.721496,-367.002990,-95.375000,192.657501,213.639999,-254.842010,-243.778503,183.119995,305.200012,-231.570510,-222.414505,157.178009,256.368011,-256.368011,-249.119506,191.513000,319.696990,-210.206497,-304.437011,137.721496,307.107513,-162.137496,-340.298004,148.022003,380.355499,-156.796508,-422.320495],
	[-7.248499,-7.248499,-7.248499,-6.867000,-7.248499,-7.248499,-6.867000,-7.248499,-7.248499,-7.248499,-7.248499,-6.867000,-6.867000,-7.248499,-7.248499,-7.630000,-7.248499,-7.248499,-6.867000,-7.248499,-6.867000,-7.248499,-6.867000,-7.630000,-6.867000,-6.867000,-7.248499,-7.248499,-7.248499,-6.867000,-7.248499,-7.248499,-7.248499,-7.248499,-6.867000,-7.248499,-7.248499,-7.248499,-6.867000,-7.248499,-7.248499,-6.867000,-7.248499,-7.248499,-7.248499,-7.248499,-7.248499,-7.248499,-6.867000,-7.248499,-7.248499,-7.248499,-7.248499,-7.248499,-7.248499,-7.248499,-7.248499,-6.867000,-7.248499,-7.248499,-6.867000,-7.248499,-6.867000,-7.248499,-7.248499,-6.867000,-6.867000,-6.867000,-6.867000,-7.248499,-7.248499,-7.248499,-7.248499,-7.248499,-7.248499,-6.867000,-6.867000,-7.248499,-7.248499,-6.867000,-6.867000,-6.867000,-6.867000,-6.867000,-6.485500,-6.485500,-6.485500,-6.867000,-6.867000,-6.485500,-6.485500,-6.867000,-6.867000,-6.867000,-6.485500,-6.867000,-6.867000,-7.248499,-6.867000,-6.867000,-6.867000,-6.867000,-6.867000,-7.248499,-6.867000,-7.248499,-7.248499,-6.867000,-6.867000,-7.248499,-6.867000,-6.867000,-7.248499,-6.867000,-6.867000,-6.867000,-7.248499,-7.248499,-7.248499,-7.248499,-7.248499,-6.867000,-7.248499,-7.248499,-7.248499,-6.867000,-7.248499,-7.248499,-7.248499,-7.248499,-7.248499,-6.867000,-7.630000,-7.630000,-6.867000,-7.248499,-6.867000,-6.867000,-6.867000,-6.867000,-7.248499,-7.248499,-7.630000,-7.248499,-6.867000,-7.248499,-7.248499,-7.248499,-6.867000,-7.248499,-7.248499,-7.248499,-6.867000,-6.867000,-6.867000,-7.630000,-7.248499,-7.248499,-7.248499,-7.248499,-6.867000,-6.867000,-6.867000,-7.248499,-6.867000,-6.867000,-6.867000,-6.867000,-7.248499,-7.630000,-6.867000,-7.248499,-7.248499,-6.867000,-7.248499,-7.248499,-7.248499,-7.248499,-7.248499,-6.867000,-7.248499,-7.248499,-7.248499,-7.248499,-7.248499,-6.867000,-7.248499,-7.248499,-7.248499,-7.248499,-7.248499,-6.867000,-7.248499,-7.248499,-7.248499,-7.248499,-7.248499,-7.248499,-7.248499,-7.248499,-7.248499,-7.248499,-6.867000,-7.248499,-7.248499,-6.867000,-7.248499,-6.867000,-7.248499,-7.248499,-7.248499,-7.248499,-6.867000,-7.248499,-7.248499,-7.248499,-7.248499,-6.867000,-7.248499,-7.248499,-7.630000,-6.867000,-7.248499,-6.867000,-6.867000,-6.867000,-6.485500,-6.867000,-6.867000,-6.867000,-6.867000,-6.485500,-6.867000,-6.867000,-6.485500,-6.867000,-6.485500,-6.485500,-6.867000,-6.485500,-6.485500,-6.867000,-6.867000,-7.248499,-6.867000,-7.248499,-6.867000,-6.867000,-7.248499,-6.867000,-6.867000,-7.248499,-7.248499,-6.867000,-7.248499,-7.248499]
],
"normalized" : [
	[0.044806,0.044151,0.045462,0.045025,0.045243,0.045680,0.044588,0.044369,0.045680,0.045462,0.045243,0.046554,0.046773,0.045680,0.046336,0.046554,0.045243,0.044151,0.043932,0.043714,0.043714,0.043277,0.043495,0.044151,0.046336,0.048083,0.046336,0.044806,0.044806,0.044151,0.044369,0.045243,0.046991,0.046991,0.046117,0.046117,0.045680,0.045680,0.046773,0.046773,0.045243,0.044151,0.043277,0.044588,0.046117,0.045243,0.044151,0.043714,0.045025,0.045243,0.043058,0.043058,0.042840,0.044369,0.045462,0.045243,0.044588,0.044151,0.044369,0.044806,0.044588,0.045462,0.044369,0.045025,0.044806,0.043932,0.043714,0.044151,0.045243,0.045025,0.044806,0.044369,0.043058,0.043058,0.043714,0.044151,0.044369,0.046117,0.047646,0.047209,0.046773,0.045243,0.044588,0.045243,0.046117,0.046554,0.046336,0.046554,0.046991,0.046336,0.045899,0.045243,0.045243,0.046117,0.045462,0.043058,0.041311,0.040874,0.041529,0.043495,0.044151,0.043714,0.044369,0.045462,0.045243,0.044151,0.044151,0.045025,0.044806,0.044806,0.044369,0.043058,0.042840,0.043714,0.043277,0.042840,0.044588,0.046554,0.046554,0.044369,0.042622,0.041966,0.043277,0.044588,0.045243,0.044588,0.043495,0.043495,0.044806,0.045462,0.046336,0.047428,0.046773,0.045680,0.045899,0.045680,0.045025,0.044369,0.044806,0.046117,0.047209,0.046554,0.045462,0.044588,0.044806,0.045243,0.043932,0.043714,0.043932,0.043714,0.044369,0.045025,0.044806,0.046336,0.046117,0.044588,0.043932,0.044369,0.045025,0.045243,0.044369,0.045025,0.045243,0.044806,0.043932,0.044588,0.045680,0.045462,0.046117,0.046117,0.046336,0.046336,0.045462,0.044369,0.044151,0.045899,0.038471,0.052234,0.109693,0.262406,-0.463363,0.168462,-0.055909,0.237500,0.268960,-0.317204,-0.426441,1.127999,0.389558,-0.935266,-0.709583,0.791113,0.969387,-0.308246,-1.642684,0.787399,2.134289,-0.976339,-1.641373,0.561934,1.764850,-0.266736,-2.023921,-0.594447,2.874260,0.138095,-3.271406,-0.440641,3.496910,-0.020953,-2.981054,-1.986562,1.877364,0.488526,-2.822224,-1.712377,2.333319,0.254978,-3.230770,-2.447760,2.008667,1.523218,-2.337212,-2.691795,1.593567,1.215607,-2.955274,-2.806275,1.955578,1.753708,-2.108688,-3.089199,1.793470,2.013910,-2.207002,-3.116071,1.683141,3.134025,-1.049091,-3.811691,1.025316,1.279838,0.234223,-0.208185,-1.180394,-0.587237,1.978736,0.670515,-0.810081,-0.838264,1.623061,2.495645,-0.097638,-2.249167,0.537246,3.865694],
	[0.000000,0.000000,0.000000,0.000000,0.000000,0.000000,0.000000,0.000000,0.000000,0.000000,0.000000,0.000000,0.000000,0.000000,0.000000,0.000000,0.000000,0.000000,0.000000,0.000000,0.000000,0.000000,0.000000,0.000000,0.000000,0.000000,0.000000,0.000000,0.000000,0.000000,0.000000,0.000000,0.000000,0.000000,0.000000,0.000000,0.000000,0.000000,0.000000,0.000000,0.000000,0.000000,0.000000,0.000000,0.000000,0.000000,0.000000,0.000000,0.000000,0.000000,0.000000,0.000000,0.000000,0.000000,0.000000,0.000000,0.000000,0.000000,0.000000,0.000000,0.000000,0.000000,0.000000,0.000000,0.000000,0.000000,0.000000,0.000000,0.000000,0.000000,0.000000,0.000000,0.000000,0.000000,0.000000,0.000000,0.000000,0.000000,0.000000,0.000000,0.000000,0.000000,0.000000,0.000000,0.000000,0.000000,0.000000,0.000000,0.000000,0.000000,0.000000,0.000000,0.000000,0.000000,0.000000,0.000000,0.000000,0.000000,0.000000,0.000000,0.000000,0.000000,0.000000,0.000000,0.000000,0.000000,0.000000,0.000000,0.000000,0.000000,0.000000,0.000000,0.000000,0.000000,0.000000,0.000000,0.000000,0.000000,0.000000,0.000000,0.000000,0.000000,0.000000,0.000000,0.000000,0.000000,0.000000,0.000000,0.000000,0.000000,0.000000,0.000000,0.000000,0.000000,0.000000,0.000000,0.000000,0.000000,0.000000,0.000000,0.000000,0.000000,0.000000,0.000000,0.000000,0.000000,0.000000,0.000000,0.000000,0.000000,0.000000,0.000000,0.000000,0.000000,0.000000,0.000000,0.000000,0.000000,0.000000,0.000000,0.000000,0.000000,0.000000,0.000000,0.000000,0.000000,0.000000,0.000000,0.000000,0.000000,0.000000,0.000000,0.000000,0.000000,0.000000,0.000000,0.000000,0.000000,0.000000,0.000000,0.000000,0.000000,0.000000,0.000000,0.000000,0.000000,0.000000,0.000000,0.000000,0.000000,0.000000,0.000000,0.000000,0.000000,0.000000,0.000000,0.000000,0.000000,0.000000,0.000000,0.000000,0.000000,0.000000,0.000000,0.000000,0.000000,0.000000,0.000000,0.000000,0.000000,0.000000,0.000000,0.000000,0.000000,0.000000,0.000000,0.000000,0.000000,0.000000,0.000000,0.000000,0.000000,0.000000,0.000000,0.000000,0.000000,0.000000,0.000000,0.000000,0.000000,0.000000,0.000000,0.000000,0.000000,0.000000,0.000000,0.000000,0.000000,0.000000,0.000000,0.000000,0.000000,0.000000,0.000000,0.000000,0.000000,0.000000,0.000000,0.000000,0.000000,0.000000,0.000000,0.000000,0.000000,0.000000,0.000000],
	[-0.090993,-0.090993,-0.090993,0.365436,-1.003848,-0.547419,-0.090993,-0.090993,0.365436,-0.547419,-0.547419,-0.090993,-0.547419,-0.090993,-0.547419,0.365436,-0.547419,-0.090993,-1.460277,-0.547419,-0.547419,-0.547419,-0.547419,-0.547419,-1.003848,-1.003848,-0.547419,-0.547419,-0.547419,-0.090993,-0.090993,-0.547419,-1.460277,-0.090993,-0.547419,-0.090993,0.365436,0.365436,-0.090993,-0.090993,-0.547419,-0.547419,-0.547419,-0.547419,-0.547419,0.821865,-1.003848,-1.003848,-0.547419,-0.090993,-0.547419,-0.090993,-0.547419,-0.547419,-1.003848,-0.547419,-0.547419,-0.547419,-0.547419,-0.090993,-0.547419,-1.003848,-0.090993,-1.460277,-1.460277,-0.547419,-0.547419,-0.547419,-0.547419,-1.003848,-0.547419,-0.090993,-0.547419,-0.090993,-0.090993,0.365436,0.365436,0.365436,0.821865,1.278291,1.734720,1.734720,1.278291,1.734720,2.191149,2.647576,2.191149,2.647576,1.734720,2.647576,2.647576,2.647576,2.191149,2.647576,2.191149,1.734720,0.365436,0.365436,0.821865,0.821865,0.365436,0.365436,0.821865,0.365436,0.365436,0.365436,-0.547419,-0.547419,0.365436,-0.547419,-0.547419,-0.090993,-0.090993,-0.547419,0.365436,-0.547419,-0.547419,-0.090993,-0.547419,-0.547419,-0.547419,-0.090993,-0.090993,-0.547419,-1.003848,-0.090993,0.365436,-0.090993,-0.090993,-0.547419,-0.090993,-1.003848,-0.547419,-0.090993,0.365436,-0.090993,-0.547419,-0.547419,-0.090993,-0.547419,-0.090993,-0.090993,-0.090993,-0.547419,-0.090993,-0.547419,0.365436,-0.090993,0.365436,-0.090993,-0.090993,-1.003848,-0.547419,-0.090993,0.365436,-0.090993,-0.547419,-0.547419,0.365436,-0.547419,-0.090993,-0.547419,0.365436,-0.090993,-0.547419,-1.916706,-1.003848,-0.547419,-1.460277,-1.003848,-0.547419,-0.090993,-0.547419,-0.547419,-0.090993,0.365436,0.365436,-0.547419,-0.090993,-0.090993,-1.003848,-0.090993,-0.547419,-0.090993,-1.003848,-0.547419,-1.003848,-1.916706,-0.090993,0.365436,-0.547419,-1.003848,-0.547419,-1.003848,-0.547419,-1.003848,-0.090993,-0.547419,-0.547419,-1.916706,-1.003848,-1.003848,-0.547419,-1.003848,-0.090993,-0.547419,-0.090993,-0.547419,-0.090993,-0.547419,-0.547419,-0.090993,-0.090993,-1.003848,-0.090993,-0.547419,-1.003848,-0.090993,-1.003848,-1.003848,-1.460277,-1.003848,-0.090993,-0.090993,0.365436,1.278291,2.191149,1.734720,1.278291,1.278291,1.278291,3.104005,2.191149,2.191149,2.191149,2.191149,3.104005,3.560434,2.191149,3.560434,2.647576,0.365436,0.365436,0.821865,0.365436,0.365436,0.365436,0.365436,0.821865,0.821865,-0.090993,-0.090993,0.365436,0.365436,-0.547419,-1.003848],
	[0.006631,0.009365,0.006631,0.006631,0.009365,0.009365,0.006631,0.006631,0.006631,0.006631,0.003897,0.009365,0.009365,0.006631,0.006631,0.006631,0.009365,0.006631,0.006631,0.003897,0.006631,0.006631,0.006631,0.006631,0.006631,0.006631,0.009365,0.009365,0.006631,0.009365,0.009365,0.006631,0.006631,0.006631,0.009365,0.006631,0.006631,0.003897,0.003897,0.009365,0.009365,0.006631,0.006631,0.006631,0.006631,0.006631,0.006631,0.006631,0.009365,0.006631,0.006631,0.006631,0.009365,0.006631,0.006631,0.006631,0.006631,0.006631,0.009365,0.006631,0.006631,0.006631,0.006631,0.006631,0.006631,0.009365,0.009365,0.006631,0.006631,0.006631,0.006631,0.009365,0.006631,0.006631,0.006631,0.009365,0.009365,0.006631,0.006631,0.009365,0.009365,0.009365,0.009365,0.009365,0.009365,0.012098,0.009365,0.009365,0.012098,0.009365,0.009365,0.009365,0.009365,0.009365,0.009365,0.009365,0.006631,0.006631,0.009365,0.012098,0.009365,0.009365,0.009365,0.009365,0.009365,0.006631,0.009365,0.006631,0.009365,0.009365,0.006631,0.009365,0.006631,0.009365,0.006631,0.006631,0.009365,0.006631,0.006631,0.006631,0.006631,0.006631,0.006631,0.006631,0.009365,0.009365,0.009365,0.006631,0.009365,0.006631,0.006631,0.006631,0.009365,0.006631,0.006631,0.009365,0.009365,0.006631,0.006631,0.006631,0.006631,0.003897,0.003897,0.006631,0.003897,0.006631,0.006631,0.006631,0.006631,0.006631,0.006631,0.003897,0.006631,0.009365,0.009365,0.009365,0.006631,0.009365,0.006631,0.006631,0.009365,0.003897,0.009365,0.006631,0.006631,0.006631,0.006631,0.009365,0.006631,0.009365,0.006631,0.006631,0.009365,0.006631,0.009365,0.017566,0.001163,0.014832,-0.031640,-0.023439,0.170654,-0.045309,-0.239402,0.263600,0.178855,-0.359686,0.181589,-0.009770,-0.542845,0.039435,1.305145,0.605314,-1.756614,-1.578922,2.040514,1.573049,-1.567988,-1.729277,1.480103,1.950302,-1.163398,-2.459178,1.130187,2.773149,-0.890026,-3.052394,0.635385,2.852427,-0.108184,-2.743485,-0.302278,3.101195,0.769337,-3.104335,-1.688271,2.964509,2.078786,-2.407238,-2.456445,2.475175,2.480642,-1.917903,-2.943046,1.436363,2.609127,0.146050,-3.156275,-0.493638,2.786818,1.045442,-2.571260,-0.624856,1.439097,1.589451,-1.767549,-1.688271,1.370754,2.245543,-1.600792,-1.535183,1.184862,1.895627,-1.778484,-1.726543,1.430896,2.349424,-1.447704,-2.122932,1.045442,2.259211,-1.103256,-2.379901,1.119253,2.784084,-1.064984,-2.967649],
	[-0.706072,-0.706072,-0.706072,0.852124,-0.706072,-0.706072,0.852124,-0.706072,-0.706072,-0.706072,-0.706072,0.852124,0.852124,-0.706072,-0.706072,-2.264271,-0.706072,-0.706072,0.852124,-0.706072,0.852124,-0.706072,0.852124,-2.264271,0.852124,0.852124,-0.706072,-0.706072,-0.706072,0.852124,-0.706072,-0.706072,-0.706072,-0.706072,0.852124,-0.706072,-0.706072,-0.706072,0.852124,-0.706072,-0.706072,0.852124,-0.706072,-0.706072,-0.706072,-0.706072,-0.706072,-0.706072,0.852124,-0.706072,-0.706072,-0.706072,-0.706072,-0.706072,-0.706072,-0.706072,-0.706072,0.852124,-0.706072,-0.706072,0.852124,-0.706072,0.852124,-0.706072,-0.706072,0.852124,0.852124,0.852124,0.852124,-0.706072,-0.706072,-0.706072,-0.706072,-0.706072,-0.706072,0.852124,0.852124,-0.706072,-0.706072,0.852124,0.852124,0.852124,0.852124,0.852124,2.410321,2.410321,2.410321,0.852124,0.852124,2.410321,2.410321,0.852124,0.852124,0.852124,2.410321,0.852124,0.852124,-0.706072,0.852124,0.852124,0.852124,0.852124,0.852124,-0.706072,0.852124,-0.706072,-0.706072,0.852124,0.852124,-0.706072,0.852124,0.852124,-0.706072,0.852124,0.852124,0.852124,-0.706072,-0.706072,-0.706072,-0.706072,-0.706072,0.852124,-0.706072,-0.706072,-0.706072,0.852124,-0.706072,-0.706072,-0.706072,-0.706072,-0.706072,0.852124,-2.264271,-2.264271,0.852124,-0.706072,0.852124,0.852124,0.852124,0.852124,-0.706072,-0.706072,-2.264271,-0.706072,0.852124,-0.706072,-0.706072,-0.706072,0.852124,-0.706072,-0.706072,-0.706072,0.852124,0.852124,0.852124,-2.264271,-0.706072,-0.706072,-0.706072,-0.706072,0.852124,0.852124,0.852124,-0.706072,0.852124,0.852124,0.852124,0.852124,-0.706072,-2.264271,0.852124,-0.706072,-0.706072,0.852124,-0.706072,-0.706072,-0.706072,-0.706072,-0.706072,0.852124,-0.706072,-0.706072,-0.706072,-0.706072,-0.706072,0.852124,-0.706072,-0.706072,-0.706072,-0.706072,-0.706072,0.852124,-0.706072,-0.706072,-0.706072,-0.706072,-0.706072,-0.706072,-0.706072,-0.706072,-0.706072,-0.706072,0.852124,-0.706072,-0.706072,0.852124,-0.706072,0.852124,-0.706072,-0.706072,-0.706072,-0.706072,0.852124,-0.706072,-0.706072,-0.706072,-0.706072,0.852124,-0.706072,-0.706072,-2.264271,0.852124,-0.706072,0.852124,0.852124,0.852124,2.410321,0.852124,0.852124,0.852124,0.852124,2.410321,0.852124,0.852124,2.410321,0.852124,2.410321,2.410321,0.852124,2.410321,2.410321,0.852124,0.852124,-0.706072,0.852124,-0.706072,0.852124,0.852124,-0.706072,0.852124,0.852124,-0.706072,-0.706072,0.852124,-0.706072,-0.706072]
],
"cwt" : [
	[0.839440,0.541648,0.287239,0.123165,0.042532,0.011940,0.002630,0.000398,0.000223,0.000196,0.000245,0.000317,0.000262,0.000144,0.000357,0.000462,0.000279,0.000125,0.000212,0.000260,0.000213,0.000222,0.000227,0.000458,0.000806,0.000874,0.000522,0.000175,0.000175,0.000146,0.000214,0.000440,0.000557,0.000477,0.000130,0.000136,0.000054,0.000272,0.000530,0.000623,0.000432,0.000340,0.000457,0.000646,0.000729,0.000655,0.000387,0.000423,0.000660,0.000693,0.000401,0.000211,0.000355,0.000492,0.000512,0.000458,0.000170,0.000043,0.000185,0.000246,0.000220,0.000262,0.000059,0.000299,0.000332,0.000267,0.000161,0.000305,0.000348,0.000342,0.000260,0.000332,0.000160,0.000154,0.000260,0.000225,0.000183,0.000447,0.000527,0.000537,0.000390,0.000297,0.000212,0.000314,0.000377,0.000370,0.000096,0.000206,0.000308,0.000384,0.000254,0.000101,0.000313,0.000637,0.000683,0.000605,0.000416,0.000267,0.000407,0.000581,0.000477,0.000222,0.000247,0.000546,0.000504,0.000283,0.000141,0.000316,0.000267,0.000382,0.000381,0.000220,0.000174,0.000475,0.000470,0.000333,0.000547,0.000850,0.000861,0.000750,0.000534,0.000299,0.000368,0.000561,0.000580,0.000567,0.000369,0.000103,0.000171,0.000210,0.000253,0.000548,0.000493,0.000186,0.000142,0.000457,0.000454,0.000274,0.000185,0.000447,0.000587,0.000649,0.000477,0.000099,0.000242,0.000518,0.000416,0.000166,0.000181,0.000209,0.000236,0.000255,0.000032,0.000507,0.000704,0.000600,0.000305,0.000203,0.000436,0.000529,0.000307,0.000204,0.000505,0.000584,0.000355,0.000131,0.000387,0.000428,0.000335,0.000274,0.000371,0.000628,0.000616,0.001157,0.004759,0.012484,0.026805,0.049350,0.075793,0.094251,0.093450,0.076422,0.077922,0.128733,0.205072,0.290409,0.376505,0.452718,0.507860,0.540862,0.565107,0.599920,0.658235,0.739714,0.831336,0.912795,0.964663,0.980066,0.971926,0.965404,0.983173,1.037209,1.127006,1.241463,1.363413,1.473673,1.556617,1.603540,1.609152,1.572039,1.503117,1.426467,1.368863,1.346368,1.355999,1.385325,1.426690,1.473031,1.510469,1.526101,1.518511,1.497054,1.473110,1.456687,1.460150,1.491077,1.536319,1.569467,1.578829,1.576477,1.578688,1.588241,1.601992,1.624836,1.662401,1.705441,1.731494,1.715176,1.630857,1.455651,1.186935,0.864628,0.578224,0.460395,0.539603,0.662955,0.745306,0.788051,0.828280,0.896523,0.994542,1.103656,1.201933,1.261305,1.238377,1.094700],
	[0.000000,0.000000,0.000000,0.000000,0.000000,0.000000,0.000000,0.000000,0.000000,0.000000,0.000000,0.000000,0.000000,0.000000,0.000000,0.000000,0.000000,0.000000,0.000000,0.000000,0.000000,0.000000,0.000000,0.000000,0.000000,0.000000,0.000000,0.000000,0.000000,0.000000,0.000000,0.000000,0.000000,0.000000,0.000000,0.000000,0.000000,0.000000,0.000000,0.000000,0.000000,0.000000,0.000000,0.000000,0.000000,0.000000,0.000000,0.000000,0.000000,0.000000,0.000000,0.000000,0.000000,0.000000,0.000000,0.000000,0.000000,0.000000,0.000000,0.000000,0.000000,0.000000,0.000000,0.000000,0.000000,0.000000,0.000000,0.000000,0.000000,0.000000,0.000000,0.000000,0.000000,0.000000,0.000000,0.000000,0.000000,0.000000,0.000000,0.000000,0.000000,0.000000,0.000000,0.000000,0.000000,0.000000,0.000000,0.000000,0.000000,0.000000,0.000000,0.000000,0.000000,0.000000,0.000000,0.000000,0.000000,0.000000,0.000000,0.000000,0.000000,0.000000,0.000000,0.000000,0.000000,0.000000,0.000000,0.000000,0.000000,0.000000,0.000000,0.000000,0.000000,0.000000,0.000000,0.000000,0.000000,0.000000,0.000000,0.000000,0.000000,0.000000,0.000000,0.000000,0.000000,0.000000,0.000000,0.000000,0.000000,0.000000,0.000000,0.000000,0.000000,0.000000,0.000000,0.000000,0.000000,0.000000,0.000000,0.000000,0.000000,0.000000,0.000000,0.000000,0.000000,0.000000,0.000000,0.000000,0.000000,0.000000,0.000000,0.000000,0.000000,0.000000,0.000000,0.000000,0.000000,0.000000,0.000000,0.000000,0.000000,0.000000,0.000000,0.000000,0.000000,0.000000,0.000000,0.000000,0.000000,0.000000,0.000000,0.000000,0.000000,0.000000,0.000000,0.000000,0.000000,0.000000,0.000000,0.000000,0.000000,0.000000,0.000000,0.000000,0.000000,0.000000,0.000000,0.000000,0.000000,0.000000,0.000000,0.000000,0.000000,0.000000,0.000000,0.000000,0.000000,0.000000,0.000000,0.000000,0.000000,0.000000,0.000000,0.000000,0.000000,0.000000,0.000000,0.000000,0.000000,0.000000,0.000000,0.000000,0.000000,0.000000,0.000000,0.000000,0.000000,0.000000,0.000000,0.000000,0.000000,0.000000,0.000000,0.000000,0.000000,0.000000,0.000000,0.000000,0.000000,0.000000,0.000000,0.000000,0.000000,0.000000,0.000000,0.000000,0.000000,0.000000,0.000000,0.000000,0.000000,0.000000,0.000000,0.000000,0.000000,0.000000,0.000000,0.000000,0.000000,0.000000,0.000000,0.000000,0.000000,0.000000,0.000000,0.000000],
	[0.167465,0.088836,0.119257,0.193439,0.225983,0.205907,0.164476,0.150089,0.163889,0.161684,0.127246,0.083100,0.062675,0.070063,0.087669,0.107762,0.134906,0.168805,0.182649,0.154599,0.095092,0.028142,0.034482,0.086691,0.116702,0.111753,0.075520,0.056544,0.105283,0.167896,0.222002,0.248255,0.222740,0.140496,0.041652,0.080483,0.120595,0.108642,0.066536,0.035072,0.030984,0.007313,0.074015,0.172414,0.267258,0.331547,0.346585,0.306622,0.225193,0.129424,0.044876,0.029407,0.069583,0.093136,0.097510,0.079897,0.054455,0.063684,0.092718,0.107634,0.106244,0.120954,0.183507,0.248492,0.261010,0.211304,0.136996,0.094388,0.108860,0.136006,0.135102,0.105363,0.083694,0.081961,0.079075,0.072801,0.073336,0.093987,0.120498,0.144958,0.161933,0.164357,0.164994,0.170114,0.157248,0.118371,0.093414,0.107052,0.131118,0.157306,0.157333,0.122369,0.108217,0.161554,0.228326,0.274128,0.281378,0.251472,0.209743,0.174164,0.140106,0.106251,0.072551,0.016787,0.071031,0.158578,0.206083,0.206225,0.190902,0.176490,0.145596,0.097199,0.054758,0.062170,0.102690,0.123420,0.113807,0.103760,0.113538,0.127120,0.142976,0.169670,0.207128,0.243814,0.262141,0.249644,0.208066,0.151346,0.094080,0.064736,0.111029,0.171348,0.207457,0.217985,0.213527,0.197769,0.164981,0.113321,0.058650,0.045861,0.069501,0.083009,0.078600,0.061024,0.052996,0.060825,0.053683,0.023272,0.046007,0.108135,0.166911,0.208255,0.225986,0.228309,0.228525,0.228699,0.219982,0.198356,0.172425,0.154251,0.153459,0.179499,0.231540,0.293358,0.338663,0.339482,0.292739,0.243005,0.231106,0.229463,0.213461,0.193289,0.185233,0.192539,0.205958,0.211055,0.191474,0.143723,0.101064,0.110243,0.129056,0.124866,0.104580,0.069984,0.037854,0.142174,0.284682,0.395288,0.433195,0.396882,0.310527,0.203870,0.107439,0.057451,0.078196,0.122291,0.168193,0.212084,0.245730,0.248974,0.208103,0.137953,0.080985,0.071636,0.068416,0.047642,0.026024,0.029999,0.058006,0.097540,0.132463,0.146239,0.138466,0.115540,0.084260,0.081297,0.112210,0.138684,0.156726,0.173601,0.192020,0.186467,0.140644,0.130837,0.207435,0.270736,0.279600,0.249960,0.233989,0.265476,0.310892,0.309719,0.244894,0.167114,0.150518,0.199209,0.229964,0.181175,0.190527,0.365118,0.483177,0.463628,0.346025,0.217710,0.132604,0.088644,0.087872,0.129125,0.184439,0.226794,0.242179,0.244075,0.258052,0.282374,0.286869,0.247443],
	[0.749209,0.463737,0.238625,0.100518,0.034774,0.010159,0.002391,0.000560,0.000584,0.000437,0.000893,0.001307,0.001142,0.000728,0.000702,0.000884,0.000797,0.000554,0.000518,0.000620,0.000563,0.000403,0.000232,0.000099,0.000295,0.000660,0.000737,0.000538,0.000537,0.000765,0.000784,0.000643,0.000644,0.000752,0.000683,0.000554,0.000726,0.001005,0.001243,0.001338,0.001130,0.000722,0.000437,0.000337,0.000236,0.000152,0.000294,0.000561,0.000660,0.000586,0.000599,0.000704,0.000652,0.000412,0.000205,0.000089,0.000209,0.000490,0.000569,0.000414,0.000272,0.000242,0.000243,0.000376,0.000577,0.000746,0.000744,0.000534,0.000347,0.000409,0.000532,0.000610,0.000667,0.000717,0.000785,0.000885,0.000926,0.000850,0.000748,0.000646,0.000457,0.000203,0.000172,0.000333,0.000492,0.000525,0.000475,0.000531,0.000585,0.000439,0.000253,0.000169,0.000058,0.000197,0.000462,0.000642,0.000827,0.001012,0.001055,0.000914,0.000691,0.000477,0.000376,0.000349,0.000324,0.000209,0.000069,0.000255,0.000421,0.000392,0.000275,0.000242,0.000289,0.000334,0.000391,0.000500,0.000568,0.000460,0.000285,0.000212,0.000213,0.000215,0.000295,0.000480,0.000604,0.000574,0.000463,0.000339,0.000396,0.000481,0.000523,0.000621,0.000713,0.000721,0.000746,0.000823,0.000830,0.000671,0.000492,0.000499,0.000608,0.000613,0.000462,0.000268,0.000173,0.000252,0.000281,0.000156,0.000197,0.000399,0.000640,0.000833,0.000876,0.000808,0.000720,0.000512,0.000236,0.000141,0.000116,0.000181,0.000324,0.000402,0.000486,0.000481,0.000401,0.000377,0.000348,0.000220,0.000171,0.000251,0.000226,0.000135,0.000450,0.000967,0.001581,0.003701,0.009286,0.019037,0.033062,0.050730,0.070417,0.089494,0.104001,0.108326,0.098416,0.087139,0.123037,0.216705,0.343851,0.492184,0.653830,0.817325,0.965126,1.078477,1.147092,1.175925,1.182547,1.187054,1.203111,1.235837,1.283982,1.341669,1.399747,1.448408,1.479960,1.490669,1.482919,1.467007,1.458290,1.468891,1.501032,1.548060,1.599842,1.646459,1.680338,1.699001,1.705628,1.705298,1.700794,1.691272,1.672706,1.639950,1.592283,1.539426,1.498373,1.478494,1.470865,1.455469,1.415883,1.348092,1.263207,1.184521,1.136039,1.127006,1.146522,1.173622,1.190266,1.187983,1.170337,1.151350,1.146742,1.162789,1.193469,1.227574,1.255990,1.272947,1.276262,1.270577,1.267266,1.277098,1.302980,1.337858,1.362388,1.342071,1.236967,1.029543],
	[0.053710,0.149675,0.244396,0.290277,0.300080,0.300849,0.299823,0.272838,0.223023,0.231257,0.314564,0.374945,0.360493,0.297519,0.270345,0.292619,0.298103,0.261909,0.191388,0.117844,0.124570,0.229546,0.366603,0.487989,0.554632,0.553731,0.504778,0.445175,0.397742,0.354818,0.301742,0.251776,0.251987,0.299881,0.345652,0.369681,0.373506,0.359807,0.332929,0.307937,0.299346,0.292944,0.257179,0.181669,0.092554,0.093337,0.185751,0.264373,0.293772,0.264958,0.192817,0.110251,0.054943,0.054067,0.107821,0.190941,0.262496,0.292787,0.284136,0.243351,0.169947,0.122024,0.193954,0.291076,0.333913,0.288794,0.184450,0.149603,0.210574,0.229692,0.186561,0.126715,0.136819,0.235794,0.355841,0.448396,0.493904,0.495297,0.453020,0.368451,0.271491,0.214762,0.226119,0.280765,0.337838,0.386547,0.433511,0.474814,0.507180,0.520610,0.498354,0.450104,0.409437,0.392888,0.385346,0.371646,0.354882,0.326184,0.262368,0.156545,0.043891,0.102660,0.140984,0.110388,0.158781,0.286181,0.373519,0.390346,0.350460,0.294479,0.275157,0.299086,0.332930,0.358924,0.364814,0.338110,0.266681,0.146711,0.008230,0.150197,0.263539,0.335148,0.369905,0.377605,0.367043,0.335966,0.269056,0.161143,0.099329,0.234128,0.414015,0.580979,0.670047,0.617142,0.427941,0.200802,0.102547,0.127686,0.136344,0.161161,0.226827,0.353758,0.482938,0.543528,0.527113,0.475227,0.428829,0.402189,0.391408,0.387591,0.385871,0.398155,0.446716,0.520997,0.563993,0.520100,0.387924,0.245550,0.226430,0.295115,0.347992,0.370518,0.366433,0.335049,0.271318,0.199460,0.259073,0.423223,0.532852,0.515497,0.384673,0.231830,0.195712,0.238251,0.228387,0.144336,0.047671,0.149714,0.249249,0.285623,0.249060,0.149112,0.043380,0.148964,0.249334,0.285659,0.248877,0.148949,0.043307,0.149183,0.250531,0.290134,0.264225,0.191753,0.107030,0.043060,0.013679,0.015279,0.042431,0.104888,0.190110,0.262173,0.292818,0.283089,0.238602,0.154716,0.072096,0.119689,0.176765,0.200644,0.234606,0.283046,0.303742,0.281373,0.243502,0.248933,0.306321,0.368063,0.414597,0.434943,0.395346,0.276179,0.130309,0.058699,0.097801,0.200957,0.271472,0.268900,0.237067,0.244131,0.287803,0.305253,0.268313,0.194779,0.086562,0.066821,0.196947,0.262037,0.296382,0.347524,0.360403,0.305459,0.219560,0.117539,0.025168,0.134559,0.222295,0.269277,0.300739,0.352356,0.403913,0.412561,0.378992,0.330680,0.263467,0.155461]
],
"envelope_edge" : [
	[0.012379,0.012614,0.011891,0.010692,0.009488,0.008515,0.007777,0.007211,0.006756,0.006378,0.006050,0.005763,0.005506,0.005273,0.005059,0.004867,0.004686,0.004519,0.004360,0.004214,0.004075,0.003944,0.003819,0.003701,0.003589,0.003487,0.003386,0.003287,0.003191,0.003101,0.003012,0.002929,0.002848,0.002773,0.002696,0.002622,0.002549,0.002479,0.002412,0.002349,0.002286,0.002223,0.002162,0.002104,0.002047,0.001993,0.001937,0.001882,0.001829,0.001780,0.001730,0.001679,0.001628,0.001581,0.001535,0.001490,0.001444,0.001398,0.001352,0.001309,0.001265,0.001224,0.001181,0.001138,0.001098,0.001059,0.001018,0.000978,0.000939,0.000901,0.000862,0.000824,0.000787,0.000748,0.000711,0.000674,0.000636,0.000600,0.000565,0.000530,0.000495,0.000459,0.000423,0.000387,0.000352,0.000319,0.000283,0.000247,0.000212,0.000178,0.000145,0.000108,0.000072,0.000038,0.000006,-0.000026,-0.000060,-0.000095,-0.000131,-0.000165,-0.000198,-0.000232,-0.000270,-0.000304,-0.000337,-0.000371,-0.000408,-0.000444,-0.000480,-0.000516,-0.000550,-0.000587,-0.000625,-0.000662,-0.000697,-0.000735,-0.000774,-0.000810,-0.000846,-0.000883,-0.000920,-0.000961,-0.001002,-0.001041,-0.001081,-0.001120,-0.001161,-0.001204,-0.001248,-0.001291,-0.001335,-0.001379,-0.001421,-0.001467,-0.001516,-0.001563,-0.001609,-0.001657,-0.001708,-0.001760,-0.001810,-0.001861,-0.001912,-0.001968,-0.002027,-0.002083,-0.002140,-0.002200,-0.002263,-0.002326,-0.002392,-0.002458,-0.002529,-0.002601,-0.002671,-0.002745,-0.002822,-0.002905,-0.002989,-0.003074,-0.003164,-0.003260,-0.003359,-0.003460,-0.003566,-0.003681,-0.003802,-0.003927,-0.004062,-0.004206,-0.004363,-0.004531,-0.004716,-0.004932,-0.005179,-0.005448,-0.005734,-0.005994,-0.006179,-0.006278,-0.006390,-0.006700,-0.007329,-0.007992,-0.008447,-0.008721,-0.008807,-0.008726,-0.008549,-0.008423,-0.008448,-0.008627,-0.008843,-0.008953,-0.008840,-0.008486,-0.007979,-0.007514,-0.007271,-0.007315,-0.007569,-0.007886,-0.008094,-0.008062,-0.007716,-0.007060,-0.006164,-0.005133,-0.004070,-0.003124,-0.002456,-0.002159,-0.002183,-0.002360,-0.002508,-0.002549,-0.002459,-0.002202,-0.001765,-0.001234,-0.000735,-0.000363,-0.000135,-0.000049,-0.000056,-0.000017,0.000238,0.000702,0.001209,0.001619,0.001956,0.002299,0.002668,0.003062,0.003584,0.004370,0.005495,0.006916,0.008517,0.010022,0.010997,0.010944,0.009578,0.007275,0.005465,0.004781,0.004661,0.004628,0.004465,0.004319,0.004413,0.004914,0.005874,0.007342,0.009218,0.011107],
	[0.000000,0.000000,0.000000,0.000000,0.000000,0.000000,0.000000,0.000000,0.000000,0.000000,0.000000,0.000000,0.000000,0.000000,0.000000,0.000000,0.000000,0.000000,0.000000,0.000000,0.000000,0.000000,0.000000,0.000000,0.000000,0.000000,0.000000,0.000000,0.000000,0.000000,0.000000,0.000000,0.000000,0.000000,0.000000,0.000000,0.000000,0.000000,0.000000,0.000000,0.000000,0.000000,0.000000,0.000000,0.000000,0.000000,0.000000,0.000000,0.000000,0.000000,0.000000,0.000000,0.000000,0.000000,0.000000,0.000000,0.000000,0.000000,0.000000,0.000000,0.000000,0.000000,0.000000,0.000000,0.000000,0.000000,0.000000,0.000000,0.000000,0.000000,0.000000,0.000000,0.000000,0.000000,0.000000,0.000000,0.000000,0.000000,0.000000,0.000000,0.000000,0.000000,0.000000,0.000000,0.000000,0.000000,0.000000,0.000000,0.000000,0.000000,0.000000,0.000000,0.000000,0.000000,0.000000,0.000000,0.000000,0.000000,0.000000,0.000000,0.000000,0.000000,0.000000,0.000000,0.000000,0.000000,0.000000,0.000000,0.000000,0.000000,0.000000,0.000000,0.000000,0.000000,0.000000,0.000000,0.000000,0.000000,0.000000,0.000000,0.000000,0.000000,0.000000,0.000000,0.000000,0.000000,0.000000,0.000000,0.000000,0.000000,0.000000,0.000000,0.000000,0.000000,0.000000,0.000000,0.000000,0.000000,0.000000,0.000000,0.000000,0.000000,0.000000,0.000000,0.000000,0.000000,0.000000,0.000000,0.000000,0.000000,0.000000,0.000000,0.000000,0.000000,0.000000,0.000000,0.000000,0.000000,0.000000,0.000000,0.000000,0.000000,0.000000,0.000000,0.000000,0.000000,0.000000,0.000000,0.000000,0.000000,0.000000,0.000000,0.000000,0.000000,0.000000,0.000000,0.000000,0.000000,0.000000,0.000000,0.000000,0.000000,0.000000,0.000000,0.000000,0.000000,0.000000,0.000000,0.000000,0.000000,0.000000,0.000000,0.000000,0.000000,0.000000,0.000000,0.000000,0.000000,0.000000,0.000000,0.000000,0.000000,0.000000,0.000000,0.000000,0.000000,0.000000,0.000000,0.000000,0.000000,0.000000,0.000000,0.000000,0.000000,0.000000,0.000000,0.000000,0.000000,0.000000,0.000000,0.000000,0.000000,0.000000,0.000000,0.000000,0.000000,0.000000,0.000000,0.000000,0.000000,0.000000,0.000000,0.000000,0.000000,0.000000,0.000000,0.000000,0.000000,0.000000,0.000000,0.000000,0.000000,0.000000,0.000000,0.000000,0.000000,0.000000,0.000000,0.000000,0.000000,0.000000,0.000000,0.000000,0.000000,0.000000,0.000000],
	[0.001454,0.000930,0.000209,0.000164,0.000539,0.000902,0.000948,0.000769,0.000744,0.000939,0.001081,0.000958,0.000640,0.000352,0.000185,0.000078,0.000035,0.000150,0.000511,0.000859,0.001008,0.000663,0.000043,-0.000146,-0.000003,0.000200,0.000193,-0.000233,-0.000633,-0.000610,-0.000364,0.000193,0.000756,0.001161,0.000667,0.000009,0.000195,0.000375,0.000446,0.000087,-0.000115,-0.000647,-0.001320,-0.001438,-0.001190,-0.000549,0.000233,0.000987,0.001427,0.001498,0.001091,0.000412,0.000092,0.000115,0.000183,0.000240,0.000041,-0.000277,-0.000392,-0.000367,-0.000422,-0.000685,-0.000816,-0.000458,0.000190,0.000701,0.000758,0.000403,0.000080,0.000104,0.000300,0.000371,0.000212,0.000074,-0.000007,-0.000123,-0.000328,-0.000510,-0.000560,-0.000523,-0.000394,-0.000263,-0.000198,-0.000081,0.000120,0.000155,-0.000115,-0.000377,-0.000471,-0.000412,-0.000191,-0.000184,-0.000588,-0.000941,-0.000831,-0.000465,0.000074,0.000458,0.000664,0.000684,0.000720,0.000586,0.000536,-0.000005,-0.000758,-0.000758,-0.000407,-0.000005,0.000179,0.000369,0.000524,0.000531,0.000200,-0.000253,-0.000415,-0.000293,-0.000224,-0.000349,-0.000505,-0.000586,-0.000682,-0.000756,-0.000724,-0.000508,-0.000126,0.000295,0.000605,0.000677,0.000492,-0.000060,-0.000550,-0.000541,-0.000311,-0.000008,0.000245,0.000507,0.000719,0.000807,0.000575,0.000140,-0.000083,-0.000073,-0.000037,-0.000094,-0.000284,-0.000413,-0.000416,-0.000701,-0.001251,-0.001482,-0.001447,-0.001213,-0.000954,-0.000741,-0.000614,-0.000461,-0.000307,-0.000200,-0.000250,-0.000420,-0.000707,-0.000987,-0.001136,-0.000993,-0.000566,0.000029,0.000419,0.000421,0.000287,0.000342,0.000400,0.000374,0.000240,0.000173,0.000195,0.000389,0.000601,0.000696,0.000382,0.000056,-0.000008,0.000061,-0.000012,-0.000151,-0.000939,-0.001791,-0.001728,-0.001086,-0.000045,0.000868,0.001497,0.001641,0.001364,0.000681,0.000076,-0.000206,-0.000276,-0.000169,0.000142,0.000620,0.001052,0.001182,0.000912,0.000594,0.000504,0.000401,0.000132,-0.000246,-0.000521,-0.000639,-0.000546,-0.000351,-0.000176,-0.000104,-0.000236,-0.000592,-0.000794,-0.000813,-0.000790,-0.000766,-0.000647,-0.000411,-0.000423,-0.000976,-0.001279,-0.000960,-0.000520,-0.000306,-0.000457,-0.000583,-0.000324,0.000245,0.000612,0.000414,-0.000173,-0.000471,-0.000254,-0.000230,-0.001143,-0.001403,-0.000278,0.001030,0.001847,0.001851,0.001461,0.000888,0.000295,-0.000154,-0.000261,-0.000140,0.000086,0.000175,0.000238,0.000424,0.000865,0.001276],
	[0.013686,0.013428,0.012434,0.011146,0.009942,0.008980,0.008242,0.007661,0.007190,0.006791,0.006443,0.006141,0.005870,0.005622,0.005393,0.005185,0.004994,0.004814,0.004645,0.004488,0.004340,0.004200,0.004067,0.003939,0.003817,0.003703,0.003595,0.003491,0.003389,0.003293,0.003202,0.003112,0.003025,0.002942,0.002862,0.002783,0.002705,0.002632,0.002562,0.002496,0.002431,0.002366,0.002301,0.002237,0.002175,0.002113,0.002053,0.001995,0.001941,0.001886,0.001832,0.001780,0.001730,0.001679,0.001628,0.001577,0.001527,0.001479,0.001434,0.001388,0.001342,0.001296,0.001250,0.001205,0.001162,0.001120,0.001080,0.001039,0.000996,0.000953,0.000912,0.000872,0.000832,0.000793,0.000754,0.000715,0.000678,0.000641,0.000603,0.000566,0.000528,0.000490,0.000450,0.000412,0.000375,0.000338,0.000302,0.000265,0.000229,0.000193,0.000156,0.000119,0.000081,0.000042,0.000006,-0.000029,-0.000065,-0.000100,-0.000134,-0.000169,-0.000205,-0.000241,-0.000279,-0.000316,-0.000353,-0.000390,-0.000429,-0.000468,-0.000505,-0.000542,-0.000579,-0.000618,-0.000657,-0.000696,-0.000735,-0.000774,-0.000812,-0.000851,-0.000891,-0.000933,-0.000974,-0.001016,-0.001059,-0.001101,-0.001143,-0.001185,-0.001228,-0.001273,-0.001319,-0.001364,-0.001410,-0.001457,-0.001503,-0.001551,-0.001599,-0.001648,-0.001697,-0.001748,-0.001800,-0.001854,-0.001908,-0.001963,-0.002018,-0.002076,-0.002137,-0.002198,-0.002259,-0.002323,-0.002389,-0.002457,-0.002525,-0.002594,-0.002664,-0.002737,-0.002812,-0.002890,-0.002972,-0.003059,-0.003147,-0.003239,-0.003333,-0.003431,-0.003532,-0.003638,-0.003749,-0.003866,-0.003988,-0.004118,-0.004255,-0.004401,-0.004555,-0.004723,-0.004904,-0.005099,-0.005316,-0.005564,-0.005836,-0.006123,-0.006410,-0.006690,-0.006949,-0.007188,-0.007408,-0.007654,-0.008018,-0.008713,-0.009704,-0.010615,-0.011292,-0.011722,-0.011869,-0.011688,-0.011174,-0.010406,-0.009555,-0.008803,-0.008267,-0.007951,-0.007783,-0.007665,-0.007512,-0.007257,-0.006868,-0.006356,-0.005771,-0.005190,-0.004704,-0.004388,-0.004244,-0.004194,-0.004123,-0.003940,-0.003609,-0.003134,-0.002559,-0.001950,-0.001358,-0.000793,-0.000240,0.000323,0.000905,0.001472,0.001946,0.002253,0.002409,0.002548,0.002812,0.003238,0.003730,0.004132,0.004291,0.004148,0.003790,0.003414,0.003200,0.003211,0.003394,0.003631,0.003797,0.003825,0.003753,0.003695,0.003753,0.003961,0.004300,0.004725,0.005172,0.005573,0.005908,0.006242,0.006692,0.007392,0.008462,0.009926,0.011588,0.013003],
	[-0.000095,-0.001188,-0.001088,-0.000885,-0.000565,-0.000476,-0.000258,-0.000118,-0.000265,-0.000888,-0.001044,-0.000609,0.000015,0.000156,-0.000103,-0.000219,0.000035,0.000248,0.000242,-0.000366,-0.001405,-0.002183,-0.002290,-0.001845,-0.000978,-0.000102,0.000542,0.000819,0.000940,0.000999,0.000983,0.000646,0.000127,-0.000146,-0.000050,0.000189,0.000482,0.000736,0.000904,0.000922,0.000931,0.001095,0.001360,0.001447,0.000958,-0.000017,-0.000465,-0.000246,0.000276,0.000806,0.001055,0.000872,0.000301,-0.000438,-0.001022,-0.001230,-0.000999,-0.000565,-0.000138,0.000154,0.000141,-0.000563,-0.001241,-0.001092,-0.000470,0.000213,0.000196,-0.000523,-0.000848,-0.000553,-0.000448,-0.000845,-0.001751,-0.002331,-0.002340,-0.001841,-0.001164,-0.000418,0.000210,0.000602,0.000441,-0.000138,-0.000839,-0.001204,-0.001319,-0.001253,-0.001142,-0.000855,-0.000512,0.000026,0.000511,0.000838,0.000833,0.000852,0.000891,0.001082,0.001195,0.001530,0.001717,0.001811,0.000844,-0.000128,-0.000118,-0.000489,-0.001322,-0.001497,-0.000993,-0.000295,0.000142,0.000194,-0.000141,-0.000296,-0.000312,-0.000015,0.000282,0.000832,0.001051,0.001233,-0.000191,-0.001548,-0.001391,-0.001213,-0.000735,-0.000404,-0.000023,0.000280,0.000501,0.000240,-0.001062,-0.002313,-0.002387,-0.001756,-0.000246,0.001405,0.002480,0.002151,0.000869,-0.000003,-0.000480,-0.001148,-0.001773,-0.002123,-0.001693,-0.000851,-0.000049,0.000339,0.000430,0.000352,0.000275,0.000201,0.000112,-0.000078,-0.000208,0.000047,0.000839,0.001808,0.002335,0.001854,0.000824,0.000390,0.000470,0.000735,0.001023,0.001282,0.001329,0.000730,-0.000344,-0.000396,0.000561,0.001917,0.002696,0.002514,0.001626,0.001522,0.001747,0.001995,0.000979,0.000058,0.000256,0.000848,0.001387,0.001669,0.000693,-0.000272,0.000013,0.000587,0.001196,0.001452,0.000542,-0.000459,-0.000103,0.000408,0.001119,0.001396,0.001385,0.000931,0.000412,-0.000189,-0.000702,-0.001161,-0.001231,-0.000945,-0.000419,0.000075,0.000466,0.000594,-0.000061,-0.000860,-0.000892,-0.000958,-0.001019,-0.000934,-0.000547,-0.000291,-0.000355,-0.000763,-0.000924,-0.000756,-0.000311,0.000353,0.001199,0.001725,0.001442,0.000435,-0.000542,-0.000886,-0.000534,-0.000119,-0.000084,-0.000314,-0.000255,0.000176,0.000609,0.000808,0.000457,-0.000764,-0.001318,-0.000966,-0.000894,-0.000530,0.000070,0.000714,0.000817,0.000763,-0.000415,-0.001442,-0.001360,-0.001280,-0.001180,-0.001124,-0.000694,-0.000084,0.000412,0.000754,0.000969,0.000982]
],
	"idxs" : [186,0,43,190,22]
,"hydrophone_pos" : [
	[0.000000,0.000000,0.000000],
	[0.000000,0.000000,0.000000],
	[0.500000,0.000000,0.000000],
	[0.250000,0.250000,0.354000],
	[0.250000,-0.250000,0.354000]
],
	"direction_of_arrival" : [0.647232,-0.760352,0.054355]
,	"valid" : [0.000000,-0.000000,-0.000000,-0.000000,-0.000000]
}
dump = {
	"magnitude" : [0.000000,0.118234,0.112967,0.110843,0.100939,0.134707,0.145733,0.072304,0.111691,0.200520,0.225968,0.253169,0.217887,1.019907,3.065780,4.088030,2.974841,1.399832,0.445534,0.086971,0.089884,0.100824,0.161924,0.205398,0.084460,0.015804,0.015214,0.004590,0.012253,0.021655,0.115903,0.255517]
,	"raw_mv" : [
	[-8.392999,-8.774499,-7.248499,-5.341000,-4.959500,-7.248499,-7.630000,-6.485500,-6.104000,-6.867000,-6.867000,-8.011500,-8.011500,-8.392999,-7.248499,-7.248499,-5.722499,-4.578000,-4.578000,-4.578000,-5.341000,-5.722499,-6.104000,-10.682000,-9.919000,-7.630000,-6.867000,-9.156000,-11.444999,-11.063500,-10.300499,-9.919000,-7.630000,-6.104000,-8.011500,-8.774499,-9.156000,-8.774499,-6.867000,-5.722499,-7.248499,-5.722499,-5.341000,-5.722499,-5.341000,-3.052000,-2.670500,-1.526000,-1.907500,-2.670500,-4.578000,-6.104000,-4.196499,-1.144500,-3.052000,-6.104000,-6.867000,-6.485500,-6.867000,-8.392999,-7.248499,-4.959500,-5.722499,-6.867000,-8.011500,-7.630000,-4.578000,-1.907500,-1.144500,-4.196499,-8.392999,-9.537500,-6.104000,-2.670500,-4.959500,-7.248499,-9.537500,-9.919000,-8.011500,-9.156000,-9.156000,-8.011500,-7.630000,-4.959500,-3.815000,-8.774499,-12.208000,-13.352499,-11.063500,-8.392999,-6.104000,-3.815000,-6.867000,-8.392999,-8.392999,-8.392999,-8.011500,-10.300499,-11.826499,-12.208000,-10.682000,-9.156000,-7.630000,-5.722499,-4.959500,-6.485500,-6.104000,-5.722499,-7.248499,-6.485500,-4.578000,-4.196499,-4.578000,-5.341000,-5.341000,-7.630000,-9.156000,-9.919000,-7.248499,-5.341000,-5.722499,-5.722499,-6.485500,-5.722499,-6.867000,-9.156000,-8.774499,-7.630000,-6.104000,-4.959500,-5.341000,-4.578000,-6.867000,-8.774499,-8.774499,-4.959500,-3.433500,-5.341000,-6.104000,-8.011500,-6.867000,-6.104000,-3.433500,-5.341000,-9.156000,-11.444999,-10.300499,-7.248499,-5.341000,-6.104000,-9.156000,-7.630000,-6.104000,-4.959500,-7.630000,-8.011500,-5.341000,-5.722499,-4.578000,-6.867000,-8.011500,-7.248499,-8.011500,-6.485500,-12.971000,-19.075000,42.346500,364.332519,-471.533996,-353.269012,247.975006,-58.750999,506.632019,-281.546997,-964.813537,775.589538,1767.489501,-1274.209960,-1548.890014,48.450500,1930.771484,409.731018,-2179.127929,-1551.179077,4066.790039,177.016006,-2943.272460,-1467.630493,3249.235595,1065.911010,-2532.396972,-3604.793457,4096.546875,3760.445556,-4306.372070,-4259.065917,5357.786132,3504.077636,-3899.693115,-5244.480468,2932.590576,4830.171386,-2140.596435,-4566.173339,3188.195556,4286.152343,-3155.005126,-5427.981933,1987.233520,5642.385253,-788.179016,-4987.349609,902.247497,5054.112304,-1619.086059,-5730.893066,1414.220581,5571.044433,-258.657012,-5240.665527,-41.965000,5372.283203,-729.809509,-5469.565429,-219.744003,5648.107421,2340.502441,-5930.799316,-2218.422607,3101.976562,267.813018,932.767517,-2215.370605,-2414.513427,2159.671630,2935.642578,-2150.515625,-2018.135009,661.520996,4720.299804,565.382995,-2595.344482,-2083.371582,5146.816406,3348.425537,-2152.423095,-2851.712646,3702.076171,2877.654541,-1354.706543,-2589.240478,3854.676025,3390.771972,-1544.312011,-4177.043457,2095.960937],
	[0.000000,0.000000,0.000000,0.000000,0.000000,0.000000,0.000000,0.000000,0.000000,0.000000,0.000000,0.000000,0.000000,0.000000,0.000000,0.000000,0.000000,0.000000,0.000000,0.000000,0.000000,0.000000,0.000000,0.000000,0.000000,0.000000,0.000000,0.000000,0.000000,0.000000,0.000000,0.000000,0.000000,0.000000,0.000000,0.000000,0.000000,0.000000,0.000000,0.000000,0.000000,0.000000,0.000000,0.000000,0.000000,0.000000,0.000000,0.000000,0.000000,0.000000,0.000000,0.000000,0.000000,0.000000,0.000000,0.000000,0.000000,0.000000,0.000000,0.000000,0.000000,0.000000,0.000000,0.000000,0.000000,0.000000,0.000000,0.000000,0.000000,0.000000,0.000000,0.000000,0.000000,0.000000,0.000000,0.000000,0.000000,0.000000,0.000000,0.000000,0.000000,0.000000,0.000000,0.000000,0.000000,0.000000,0.000000,0.000000,0.000000,0.000000,0.000000,0.000000,0.000000,0.000000,0.000000,0.000000,0.000000,0.000000,0.000000,0.000000,0.000000,0.000000,0.000000,0.000000,0.000000,0.000000,0.000000,0.000000,0.000000,0.000000,0.000000,0.000000,0.000000,0.000000,0.000000,0.000000,0.000000,0.000000,0.000000,0.000000,0.000000,0.000000,0.000000,0.000000,0.000000,0.000000,0.000000,0.000000,0.000000,0.000000,0.000000,0.000000,0.000000,0.000000,0.000000,0.000000,0.000000,0.000000,0.000000,0.000000,0.000000,0.000000,0.000000,0.000000,0.000000,0.000000,0.000000,0.000000,0.000000,0.000000,0.000000,0.000000,0.000000,0.000000,0.000000,0.000000,0.000000,0.000000,0.000000,0.000000,0.000000,0.000000,0.000000,0.000000,0.000000,0.000000,0.000000,0.000000,0.000000,0.000000,0.000000,0.000000,0.000000,0.000000,0.000000,0.000000,0.000000,0.000000,0.000000,0.000000,0.000000,0.000000,0.000000,0.000000,0.000000,0.000000,0.000000,0.000000,0.000000,0.000000,0.000000,0.000000,0.000000,0.000000,0.000000,0.000000,0.000000,0.000000,0.000000,0.000000,0.000000,0.000000,0.000000,0.000000,0.000000,0.000000,0.000000,0.000000,0.000000,0.000000,0.000000,0.000000,0.000000,0.000000,0.000000,0.000000,0.000000,0.000000,0.000000,0.000000,0.000000,0.000000,0.000000,0.000000,0.000000,0.000000,0.000000,0.000000,0.000000,0.000000,0.000000,0.000000,0.000000,0.000000,0.000000,0.000000,0.000000,0.000000,0.000000,0.000000,0.000000,0.000000,0.000000,0.000000,0.000000,0.000000,0.000000,0.000000,0.000000,0.000000,0.000000,0.000000,0.000000,0.000000,0.000000,0.000000],
	[-6.638100,-6.714400,-6.638100,-6.485500,-6.714400,-6.409200,-6.409200,-6.561800,-6.485500,-6.561800,-6.332900,-6.485500,-6.561800,-6.638100,-6.638100,-6.561800,-6.485500,-6.409200,-6.485500,-6.561800,-6.638100,-6.638100,-6.714400,-6.638100,-6.638100,-6.561800,-6.561800,-6.485500,-6.485500,-6.409200,-6.561800,-6.638100,-6.561800,-6.638100,-6.561800,-6.485500,-6.561800,-6.409200,-6.332900,-6.332900,-6.104000,-6.256600,-6.104000,-6.027700,-6.027700,-6.180300,-6.180300,-6.180300,-6.180300,-6.027700,-6.180300,-6.104000,-6.180300,-6.027700,-6.104000,-6.180300,-6.256600,-6.485500,-6.332900,-6.256600,-6.409200,-6.409200,-6.409200,-6.409200,-6.332900,-6.561800,-6.561800,-6.409200,-6.409200,-6.561800,-6.561800,-6.485500,-6.485500,-6.409200,-6.561800,-6.638100,-6.485500,-6.485500,-6.561800,-6.561800,-6.485500,-6.638100,-6.485500,-6.485500,-6.485500,-6.638100,-6.561800,-6.561800,-6.561800,-6.638100,-6.409200,-6.561800,-6.409200,-6.485500,-6.485500,-6.485500,-6.485500,-6.485500,-6.485500,-6.409200,-6.332900,-6.561800,-6.714400,-6.638100,-6.485500,-6.561800,-6.409200,-6.409200,-6.561800,-6.485500,-6.485500,-6.561800,-6.561800,-6.638100,-6.485500,-6.485500,-6.561800,-6.638100,-6.561800,-6.638100,-6.714400,-6.561800,-6.638100,-6.485500,-6.561800,-6.638100,-6.561800,-6.561800,-6.561800,-6.485500,-6.485500,-6.561800,-6.485500,-6.561800,-6.485500,-6.638100,-6.714400,-6.638100,-6.409200,-6.485500,-6.485500,-6.409200,-6.561800,-6.638100,-6.561800,-6.638100,-6.638100,-6.485500,-6.561800,-6.485500,-6.561800,-6.714400,-6.561800,-6.714400,-6.638100,-6.485500,-6.638100,-6.485500,-6.561800,-6.561800,-6.638100,-6.561800,-6.561800,-6.638100,-6.485500,-6.561800,-6.714400,-6.638100,-6.561800,-6.485500,-6.485500,-6.485500,-6.485500,-6.561800,-6.485500,-6.485500,-6.485500,-6.485500,-6.561800,-6.409200,-6.638100,-6.561800,-6.561800,-6.332900,-6.409200,-6.409200,-6.256600,-6.180300,-6.104000,-6.180300,-6.180300,-6.104000,-6.180300,-6.180300,-6.104000,-6.027700,-5.951400,-6.180300,-6.256600,-6.027700,-6.104000,-6.027700,-6.104000,-6.180300,-6.485500,-6.485500,-6.409200,-6.409200,-6.485500,-6.638100,-6.485500,-6.485500,-6.485500,-6.561800,-6.561800,-6.485500,-6.332900,-6.485500,-6.561800,-6.485500,-6.485500,-6.485500,-6.638100,-6.409200,-6.409200,-6.561800,-6.485500,-6.485500,-6.332900,-6.561800,-6.638100,-6.790700,-6.638100,-6.638100,-6.485500,-6.561800,-6.561800,-6.332900,-6.409200,-6.561800,-6.638100,-6.638100,-6.485500,-6.485500,-6.561800,-6.561800,-6.638100,-6.485500,-6.561800,-6.561800,-6.638100,-6.714400,-6.714400,-6.561800,-6.638100,-6.638100],
	[-7.248499,-7.248499,-7.248499,-7.630000,-7.248499,-6.867000,-7.248499,-7.248499,-7.248499,-7.248499,-7.248499,-7.248499,-7.248499,-7.248499,-7.248499,-7.248499,-7.248499,-6.867000,-6.867000,-6.867000,-7.248499,-7.248499,-7.248499,-6.867000,-6.867000,-7.248499,-6.867000,-6.867000,-7.248499,-7.248499,-7.248499,-7.248499,-6.867000,-6.867000,-7.248499,-6.867000,-6.867000,-6.867000,-6.867000,-6.867000,-6.867000,-6.867000,-6.867000,-6.867000,-6.867000,-6.867000,-6.485500,-6.867000,-6.867000,-6.867000,-6.485500,-6.867000,-6.867000,-6.867000,-6.485500,-6.867000,-6.867000,-6.867000,-6.867000,-6.867000,-7.248499,-6.485500,-6.867000,-6.867000,-7.248499,-6.867000,-6.867000,-6.485500,-6.867000,-6.867000,-7.248499,-6.867000,-6.867000,-6.867000,-7.248499,-7.248499,-7.248499,-7.248499,-6.867000,-6.867000,-6.867000,-7.248499,-6.867000,-7.248499,-7.248499,-7.248499,-6.867000,-6.867000,-7.248499,-7.248499,-6.867000,-7.248499,-7.248499,-6.867000,-7.248499,-7.248499,-7.248499,-7.248499,-7.248499,-6.867000,-7.248499,-7.630000,-7.248499,-7.248499,-6.867000,-7.248499,-7.248499,-6.867000,-7.248499,-6.867000,-6.867000,-7.248499,-6.867000,-7.248499,-7.248499,-7.248499,-7.248499,-7.248499,-7.630000,-7.248499,-6.867000,-7.248499,-7.248499,-7.248499,-6.867000,-7.248499,-7.630000,-7.248499,-6.867000,-7.248499,-7.248499,-7.248499,-7.248499,-7.248499,-7.248499,-7.248499,-6.867000,-6.867000,-7.248499,-7.248499,-7.248499,-7.248499,-6.867000,-7.248499,-7.248499,-6.867000,-7.248499,-7.248499,-7.248499,-7.248499,-7.248499,-7.248499,-6.867000,-7.248499,-7.248499,-7.248499,-6.867000,-6.867000,-6.867000,-6.867000,-7.248499,-7.630000,-7.630000,-5.341000,-6.867000,-7.248499,-8.011500,-16.023000,6.867000,5.341000,-43.109500,-2.289000,41.583499,-41.583499,-22.889999,29.757000,-75.537002,-49.976501,109.872001,165.189498,-129.328506,-317.789489,82.403999,338.009002,-77.826004,-310.922515,9.156000,328.852996,13.352499,-358.991516,-98.045501,404.771514,101.097503,-403.627014,-188.842498,380.736999,176.253005,-305.581512,-269.338989,324.656494,296.807006,-266.668518,-445.210510,204.865509,428.424499,-94.611999,-484.886505,86.219001,441.777008,-12.971000,-486.794006,-49.976501,353.650512,214.402999,-333.812500,-311.304016,257.512512,340.298004,-240.345001,-269.338989,104.912498,273.535491,-62.947502,-342.968505,13.734000,351.361511,-17.548999,-327.708496,25.179000,289.940002,-42.346500,-360.899017,38.150001,338.390502,29.757000,-384.552001,-22.127000,298.714508,68.288497,-384.552001,-45.017002,358.610015,115.594505,-455.129516,-89.271003,371.580993,179.686508,-466.955993,-165.952499,397.904510,222.414505,-448.262512,-188.079498,350.980011,284.980499,-416.216491],
	[-7.248499,-7.248499,-7.248499,-7.248499,-6.867000,-6.867000,-7.248499,-7.248499,-7.248499,-6.867000,-7.248499,-7.248499,-6.867000,-6.867000,-6.867000,-7.248499,-7.630000,-6.867000,-7.248499,-7.248499,-7.248499,-7.248499,-6.867000,-7.248499,-7.248499,-7.248499,-6.867000,-6.867000,-6.867000,-7.630000,-7.248499,-7.248499,-6.867000,-7.248499,-7.248499,-7.248499,-6.867000,-7.248499,-6.867000,-7.248499,-6.867000,-6.867000,-6.867000,-6.867000,-6.485500,-6.485500,-6.485500,-6.867000,-6.867000,-6.485500,-6.867000,-6.485500,-6.867000,-6.485500,-6.485500,-6.485500,-7.248499,-7.248499,-6.867000,-6.485500,-6.867000,-6.867000,-7.248499,-6.867000,-6.867000,-6.867000,-6.867000,-6.867000,-6.867000,-6.867000,-6.867000,-7.248499,-6.867000,-6.867000,-7.248499,-7.248499,-7.248499,-6.867000,-7.248499,-7.248499,-7.248499,-6.867000,-6.867000,-7.248499,-7.248499,-7.248499,-6.867000,-6.867000,-6.867000,-7.248499,-6.867000,-7.248499,-7.248499,-7.248499,-7.248499,-7.248499,-6.867000,-7.248499,-7.248499,-7.248499,-6.867000,-6.867000,-6.867000,-7.248499,-6.867000,-6.867000,-6.867000,-7.248499,-6.867000,-7.248499,-7.248499,-7.248499,-7.248499,-6.867000,-7.248499,-7.248499,-7.248499,-7.248499,-6.867000,-7.248499,-7.248499,-7.248499,-7.248499,-6.867000,-7.248499,-7.630000,-7.248499,-6.867000,-6.867000,-7.248499,-7.248499,-7.248499,-7.248499,-7.248499,-7.248499,-7.248499,-7.248499,-7.248499,-7.248499,-7.248499,-7.248499,-6.867000,-7.248499,-7.248499,-7.248499,-7.630000,-6.867000,-7.248499,-7.248499,-6.867000,-6.867000,-7.248499,-7.248499,-7.248499,-7.248499,-7.248499,-7.248499,-7.248499,-7.248499,-7.248499,-6.867000,-7.248499,-6.867000,-6.867000,-6.867000,-6.867000,-7.630000,-7.248499,-6.867000,-7.248499,-7.248499,-7.248499,-7.248499,-7.248499,-6.867000,-7.248499,-7.248499,-6.867000,-6.867000,-7.248499,-7.248499,-7.248499,-6.867000,-6.867000,-6.485500,-6.867000,-6.867000,-6.867000,-6.867000,-6.867000,-6.867000,-6.867000,-6.867000,-6.485500,-6.867000,-6.867000,-6.485500,-6.867000,-6.867000,-6.485500,-6.867000,-6.867000,-6.485500,-6.867000,-7.248499,-6.867000,-6.867000,-6.867000,-7.248499,-7.248499,-6.867000,-6.867000,-7.248499,-7.248499,-6.867000,-7.248499,-6.867000,-7.248499,-7.248499,-6.867000,-6.867000,-7.248499,-7.248499,-7.248499,-7.248499,-7.248499,-7.248499,-6.867000,-6.867000,-6.867000,-7.248499,-7.248499,-7.630000,-6.867000,-7.248499,-7.248499,-7.248499,-6.867000,-6.867000,-7.248499,-7.248499,-6.867000,-7.248499,-7.248499,-7.248499,-6.867000,-7.248499,-7.248499,-7.248499,-7.630000,-7.248499,-7.248499,-7.248499,-7.248499,-7.248499,-6.867000]
],
"normalized" : [
	[-0.016138,-0.016343,-0.015522,-0.014496,-0.014291,-0.015522,-0.015727,-0.015112,-0.014907,-0.015317,-0.015317,-0.015933,-0.015933,-0.016138,-0.015522,-0.015522,-0.014701,-0.014086,-0.014086,-0.014086,-0.014496,-0.014701,-0.014907,-0.017369,-0.016958,-0.015727,-0.015317,-0.016548,-0.017779,-0.017574,-0.017164,-0.016958,-0.015727,-0.014907,-0.015933,-0.016343,-0.016548,-0.016343,-0.015317,-0.014701,-0.015522,-0.014701,-0.014496,-0.014701,-0.014496,-0.013265,-0.013060,-0.012445,-0.012650,-0.013060,-0.014086,-0.014907,-0.013881,-0.012239,-0.013265,-0.014907,-0.015317,-0.015112,-0.015317,-0.016138,-0.015522,-0.014291,-0.014701,-0.015317,-0.015933,-0.015727,-0.014086,-0.012650,-0.012239,-0.013881,-0.016138,-0.016753,-0.014907,-0.013060,-0.014291,-0.015522,-0.016753,-0.016958,-0.015933,-0.016548,-0.016548,-0.015933,-0.015727,-0.014291,-0.013676,-0.016343,-0.018189,-0.018805,-0.017574,-0.016138,-0.014907,-0.013676,-0.015317,-0.016138,-0.016138,-0.016138,-0.015933,-0.017164,-0.017984,-0.018189,-0.017369,-0.016548,-0.015727,-0.014701,-0.014291,-0.015112,-0.014907,-0.014701,-0.015522,-0.015112,-0.014086,-0.013881,-0.014086,-0.014496,-0.014496,-0.015727,-0.016548,-0.016958,-0.015522,-0.014496,-0.014701,-0.014701,-0.015112,-0.014701,-0.015317,-0.016548,-0.016343,-0.015727,-0.014907,-0.014291,-0.014496,-0.014086,-0.015317,-0.016343,-0.016343,-0.014291,-0.013470,-0.014496,-0.014907,-0.015933,-0.015317,-0.014907,-0.013470,-0.014496,-0.016548,-0.017779,-0.017164,-0.015522,-0.014496,-0.014907,-0.016548,-0.015727,-0.014907,-0.014291,-0.015727,-0.015933,-0.014496,-0.014701,-0.014086,-0.015317,-0.015933,-0.015522,-0.015933,-0.015112,-0.018600,-0.021883,0.011149,0.184316,-0.265218,-0.201615,0.121738,-0.043221,0.260846,-0.163042,-0.530508,0.405493,0.938944,-0.696903,-0.844628,0.014432,1.026758,0.208732,-1.183575,-0.845860,2.175525,0.083576,-1.594538,-0.800926,1.735838,0.561630,-1.373566,-1.950308,2.191529,2.010771,-2.327623,-2.302181,2.869832,1.872894,-2.108908,-2.832144,1.565544,2.586077,-1.162852,-2.467346,1.703010,2.293500,-1.708409,-2.930833,1.057124,3.022892,-0.435512,-2.693857,0.473611,2.706514,-0.882380,-3.093741,0.748953,2.984524,-0.150732,-2.830093,-0.034193,2.877629,-0.404121,-2.953197,-0.129804,3.025969,1.247115,-3.201252,-1.204708,1.656641,0.132407,0.490024,-1.203067,-1.310167,1.149863,1.567186,-1.168187,-1.096992,0.344146,2.526988,0.292442,-1.407419,-1.132076,2.756371,1.789183,-1.169213,-1.545296,1.979379,1.535999,-0.740195,-1.404137,2.061449,1.811957,-0.842166,-2.258069,1.115599],
	[0.000000,0.000000,0.000000,0.000000,0.000000,0.000000,0.000000,0.000000,0.000000,0.000000,0.000000,0.000000,0.000000,0.000000,0.000000,0.000000,0.000000,0.000000,0.000000,0.000000,0.000000,0.000000,0.000000,0.000000,0.000000,0.000000,0.000000,0.000000,0.000000,0.000000,0.000000,0.000000,0.000000,0.000000,0.000000,0.000000,0.000000,0.000000,0.000000,0.000000,0.000000,0.000000,0.000000,0.000000,0.000000,0.000000,0.000000,0.000000,0.000000,0.000000,0.000000,0.000000,0.000000,0.000000,0.000000,0.000000,0.000000,0.000000,0.000000,0.000000,0.000000,0.000000,0.000000,0.000000,0.000000,0.000000,0.000000,0.000000,0.000000,0.000000,0.000000,0.000000,0.000000,0.000000,0.000000,0.000000,0.000000,0.000000,0.000000,0.000000,0.000000,0.000000,0.000000,0.000000,0.000000,0.000000,0.000000,0.000000,0.000000,0.000000,0.000000,0.000000,0.000000,0.000000,0.000000,0.000000,0.000000,0.000000,0.000000,0.000000,0.000000,0.000000,0.000000,0.000000,0.000000,0.000000,0.000000,0.000000,0.000000,0.000000,0.000000,0.000000,0.000000,0.000000,0.000000,0.000000,0.000000,0.000000,0.000000,0.000000,0.000000,0.000000,0.000000,0.000000,0.000000,0.000000,0.000000,0.000000,0.000000,0.000000,0.000000,0.000000,0.000000,0.000000,0.000000,0.000000,0.000000,0.000000,0.000000,0.000000,0.000000,0.000000,0.000000,0.000000,0.000000,0.000000,0.000000,0.000000,0.000000,0.000000,0.000000,0.000000,0.000000,0.000000,0.000000,0.000000,0.000000,0.000000,0.000000,0.000000,0.000000,0.000000,0.000000,0.000000,0.000000,0.000000,0.000000,0.000000,0.000000,0.000000,0.000000,0.000000,0.000000,0.000000,0.000000,0.000000,0.000000,0.000000,0.000000,0.000000,0.000000,0.000000,0.000000,0.000000,0.000000,0.000000,0.000000,0.000000,0.000000,0.000000,0.000000,0.000000,0.000000,0.000000,0.000000,0.000000,0.000000,0.000000,0.000000,0.000000,0.000000,0.000000,0.000000,0.000000,0.000000,0.000000,0.000000,0.000000,0.000000,0.000000,0.000000,0.000000,0.000000,0.000000,0.000000,0.000000,0.000000,0.000000,0.000000,0.000000,0.000000,0.000000,0.000000,0.000000,0.000000,0.000000,0.000000,0.000000,0.000000,0.000000,0.000000,0.000000,0.000000,0.000000,0.000000,0.000000,0.000000,0.000000,0.000000,0.000000,0.000000,0.000000,0.000000,0.000000,0.000000,0.000000,0.000000,0.000000,0.000000,0.000000,0.000000,0.000000,0.000000,0.000000,0.000000,0.000000],
	[-0.970037,-1.430739,-0.970037,-0.048637,-1.430739,0.412064,0.412064,-0.509336,-0.048637,-0.509336,0.872765,-0.048637,-0.509336,-0.970037,-0.970037,-0.509336,-0.048637,0.412064,-0.048637,-0.509336,-0.970037,-0.970037,-1.430739,-0.970037,-0.970037,-0.509336,-0.509336,-0.048637,-0.048637,0.412064,-0.509336,-0.970037,-0.509336,-0.970037,-0.509336,-0.048637,-0.509336,0.412064,0.872765,0.872765,2.254868,1.333464,2.254868,2.715566,2.715566,1.794166,1.794166,1.794166,1.794166,2.715566,1.794166,2.254868,1.794166,2.715566,2.254868,1.794166,1.333464,-0.048637,0.872765,1.333464,0.412064,0.412064,0.412064,0.412064,0.872765,-0.509336,-0.509336,0.412064,0.412064,-0.509336,-0.509336,-0.048637,-0.048637,0.412064,-0.509336,-0.970037,-0.048637,-0.048637,-0.509336,-0.509336,-0.048637,-0.970037,-0.048637,-0.048637,-0.048637,-0.970037,-0.509336,-0.509336,-0.509336,-0.970037,0.412064,-0.509336,0.412064,-0.048637,-0.048637,-0.048637,-0.048637,-0.048637,-0.048637,0.412064,0.872765,-0.509336,-1.430739,-0.970037,-0.048637,-0.509336,0.412064,0.412064,-0.509336,-0.048637,-0.048637,-0.509336,-0.509336,-0.970037,-0.048637,-0.048637,-0.509336,-0.970037,-0.509336,-0.970037,-1.430739,-0.509336,-0.970037,-0.048637,-0.509336,-0.970037,-0.509336,-0.509336,-0.509336,-0.048637,-0.048637,-0.509336,-0.048637,-0.509336,-0.048637,-0.970037,-1.430739,-0.970037,0.412064,-0.048637,-0.048637,0.412064,-0.509336,-0.970037,-0.509336,-0.970037,-0.970037,-0.048637,-0.509336,-0.048637,-0.509336,-1.430739,-0.509336,-1.430739,-0.970037,-0.048637,-0.970037,-0.048637,-0.509336,-0.509336,-0.970037,-0.509336,-0.509336,-0.970037,-0.048637,-0.509336,-1.430739,-0.970037,-0.509336,-0.048637,-0.048637,-0.048637,-0.048637,-0.509336,-0.048637,-0.048637,-0.048637,-0.048637,-0.509336,0.412064,-0.970037,-0.509336,-0.509336,0.872765,0.412064,0.412064,1.333464,1.794166,2.254868,1.794166,1.794166,2.254868,1.794166,1.794166,2.254868,2.715566,3.176268,1.794166,1.333464,2.715566,2.254868,2.715566,2.254868,1.794166,-0.048637,-0.048637,0.412064,0.412064,-0.048637,-0.970037,-0.048637,-0.048637,-0.048637,-0.509336,-0.509336,-0.048637,0.872765,-0.048637,-0.509336,-0.048637,-0.048637,-0.048637,-0.970037,0.412064,0.412064,-0.509336,-0.048637,-0.048637,0.872765,-0.509336,-0.970037,-1.891441,-0.970037,-0.970037,-0.048637,-0.509336,-0.509336,0.872765,0.412064,-0.509336,-0.970037,-0.970037,-0.048637,-0.048637,-0.509336,-0.509336,-0.970037,-0.048637,-0.509336,-0.509336,-0.970037,-1.430739,-1.430739,-0.509336,-0.970037,-0.970037],
	[-0.000028,-0.000028,-0.000028,-0.002484,-0.000028,0.002426,-0.000028,-0.000028,-0.000028,-0.000028,-0.000028,-0.000028,-0.000028,-0.000028,-0.000028,-0.000028,-0.000028,0.002426,0.002426,0.002426,-0.000028,-0.000028,-0.000028,0.002426,0.002426,-0.000028,0.002426,0.002426,-0.000028,-0.000028,-0.000028,-0.000028,0.002426,0.002426,-0.000028,0.002426,0.002426,0.002426,0.002426,0.002426,0.002426,0.002426,0.002426,0.002426,0.002426,0.002426,0.004882,0.002426,0.002426,0.002426,0.004882,0.002426,0.002426,0.002426,0.004882,0.002426,0.002426,0.002426,0.002426,0.002426,-0.000028,0.004882,0.002426,0.002426,-0.000028,0.002426,0.002426,0.004882,0.002426,0.002426,-0.000028,0.002426,0.002426,0.002426,-0.000028,-0.000028,-0.000028,-0.000028,0.002426,0.002426,0.002426,-0.000028,0.002426,-0.000028,-0.000028,-0.000028,0.002426,0.002426,-0.000028,-0.000028,0.002426,-0.000028,-0.000028,0.002426,-0.000028,-0.000028,-0.000028,-0.000028,-0.000028,0.002426,-0.000028,-0.002484,-0.000028,-0.000028,0.002426,-0.000028,-0.000028,0.002426,-0.000028,0.002426,0.002426,-0.000028,0.002426,-0.000028,-0.000028,-0.000028,-0.000028,-0.000028,-0.002484,-0.000028,0.002426,-0.000028,-0.000028,-0.000028,0.002426,-0.000028,-0.002484,-0.000028,0.002426,-0.000028,-0.000028,-0.000028,-0.000028,-0.000028,-0.000028,-0.000028,0.002426,0.002426,-0.000028,-0.000028,-0.000028,-0.000028,0.002426,-0.000028,-0.000028,0.002426,-0.000028,-0.000028,-0.000028,-0.000028,-0.000028,-0.000028,0.002426,-0.000028,-0.000028,-0.000028,0.002426,0.002426,0.002426,0.002426,-0.000028,-0.002484,-0.002484,0.012249,0.002426,-0.000028,-0.004940,-0.056510,0.090833,0.081010,-0.230867,0.031895,0.314304,-0.221044,-0.100713,0.238177,-0.439604,-0.275070,0.753881,1.109962,-0.785863,-1.998994,0.577068,2.222408,-0.454339,-1.954791,0.105567,2.163471,0.132580,-2.264214,-0.584493,2.652162,0.697399,-2.551534,-1.168957,2.497450,1.181178,-1.920411,-1.687116,2.136458,1.957189,-1.669926,-2.819209,1.365358,2.804417,-0.562391,-3.074605,0.601625,2.890368,-0.036864,-3.086884,-0.275070,2.323093,1.426751,-2.102135,-1.957247,1.704249,2.237143,-1.500481,-1.687116,0.721956,1.807390,-0.358565,-2.161073,0.135036,2.308359,-0.066333,-2.062843,0.208708,1.912986,-0.225956,-2.276492,0.292203,2.224864,0.238177,-2.428747,-0.095802,1.969468,0.486206,-2.428747,-0.243146,2.355018,0.790717,-2.883058,-0.528011,2.438513,1.203280,-2.959186,-1.021613,2.607958,1.478322,-2.838855,-1.164045,2.305903,1.881062,-2.632573],
	[-0.752997,-0.752997,-0.752997,-0.752997,0.801515,0.801515,-0.752997,-0.752997,-0.752997,0.801515,-0.752997,-0.752997,0.801515,0.801515,0.801515,-0.752997,-2.307512,0.801515,-0.752997,-0.752997,-0.752997,-0.752997,0.801515,-0.752997,-0.752997,-0.752997,0.801515,0.801515,0.801515,-2.307512,-0.752997,-0.752997,0.801515,-0.752997,-0.752997,-0.752997,0.801515,-0.752997,0.801515,-0.752997,0.801515,0.801515,0.801515,0.801515,2.356028,2.356028,2.356028,0.801515,0.801515,2.356028,0.801515,2.356028,0.801515,2.356028,2.356028,2.356028,-0.752997,-0.752997,0.801515,2.356028,0.801515,0.801515,-0.752997,0.801515,0.801515,0.801515,0.801515,0.801515,0.801515,0.801515,0.801515,-0.752997,0.801515,0.801515,-0.752997,-0.752997,-0.752997,0.801515,-0.752997,-0.752997,-0.752997,0.801515,0.801515,-0.752997,-0.752997,-0.752997,0.801515,0.801515,0.801515,-0.752997,0.801515,-0.752997,-0.752997,-0.752997,-0.752997,-0.752997,0.801515,-0.752997,-0.752997,-0.752997,0.801515,0.801515,0.801515,-0.752997,0.801515,0.801515,0.801515,-0.752997,0.801515,-0.752997,-0.752997,-0.752997,-0.752997,0.801515,-0.752997,-0.752997,-0.752997,-0.752997,0.801515,-0.752997,-0.752997,-0.752997,-0.752997,0.801515,-0.752997,-2.307512,-0.752997,0.801515,0.801515,-0.752997,-0.752997,-0.752997,-0.752997,-0.752997,-0.752997,-0.752997,-0.752997,-0.752997,-0.752997,-0.752997,-0.752997,0.801515,-0.752997,-0.752997,-0.752997,-2.307512,0.801515,-0.752997,-0.752997,0.801515,0.801515,-0.752997,-0.752997,-0.752997,-0.752997,-0.752997,-0.752997,-0.752997,-0.752997,-0.752997,0.801515,-0.752997,0.801515,0.801515,0.801515,0.801515,-2.307512,-0.752997,0.801515,-0.752997,-0.752997,-0.752997,-0.752997,-0.752997,0.801515,-0.752997,-0.752997,0.801515,0.801515,-0.752997,-0.752997,-0.752997,0.801515,0.801515,2.356028,0.801515,0.801515,0.801515,0.801515,0.801515,0.801515,0.801515,0.801515,2.356028,0.801515,0.801515,2.356028,0.801515,0.801515,2.356028,0.801515,0.801515,2.356028,0.801515,-0.752997,0.801515,0.801515,0.801515,-0.752997,-0.752997,0.801515,0.801515,-0.752997,-0.752997,0.801515,-0.752997,0.801515,-0.752997,-0.752997,0.801515,0.801515,-0.752997,-0.752997,-0.752997,-0.752997,-0.752997,-0.752997,0.801515,0.801515,0.801515,-0.752997,-0.752997,-2.307512,0.801515,-0.752997,-0.752997,-0.752997,0.801515,0.801515,-0.752997,-0.752997,0.801515,-0.752997,-0.752997,-0.752997,0.801515,-0.752997,-0.752997,-0.752997,-2.307512,-0.752997,-0.752997,-0.752997,-0.752997,-0.752997,0.801515]
],
"cwt" : [
	[0.419006,0.235208,0.110800,0.043615,0.014852,0.004418,0.000905,0.000263,0.000441,0.000256,0.000425,0.000272,0.000373,0.000225,0.000317,0.000240,0.000162,0.000026,0.000342,0.000219,0.000160,0.000137,0.000652,0.000679,0.000504,0.000460,0.000560,0.000498,0.000477,0.000252,0.000187,0.000270,0.000134,0.000237,0.000444,0.000323,0.000294,0.000284,0.000137,0.000179,0.000283,0.000147,0.000206,0.000247,0.000197,0.000141,0.000080,0.000034,0.000174,0.000262,0.000524,0.000586,0.000479,0.000524,0.000637,0.000524,0.000301,0.000163,0.000341,0.000403,0.000304,0.000291,0.000364,0.000350,0.000433,0.000475,0.000399,0.000480,0.000606,0.000691,0.000842,0.000847,0.000680,0.000609,0.000611,0.000506,0.000437,0.000340,0.000163,0.000166,0.000233,0.000280,0.000346,0.000512,0.000655,0.000692,0.000688,0.000553,0.000319,0.000317,0.000326,0.000384,0.000487,0.000421,0.000270,0.000223,0.000252,0.000296,0.000360,0.000317,0.000134,0.000130,0.000122,0.000169,0.000223,0.000202,0.000067,0.000097,0.000285,0.000330,0.000198,0.000117,0.000144,0.000118,0.000161,0.000272,0.000432,0.000481,0.000348,0.000250,0.000238,0.000213,0.000155,0.000168,0.000302,0.000351,0.000310,0.000259,0.000087,0.000049,0.000074,0.000205,0.000438,0.000562,0.000582,0.000556,0.000422,0.000296,0.000318,0.000320,0.000356,0.000473,0.000479,0.000524,0.000662,0.000654,0.000574,0.000572,0.000494,0.000471,0.000579,0.000577,0.000413,0.000371,0.000489,0.000462,0.000275,0.000254,0.000256,0.000251,0.000554,0.001289,0.003346,0.008910,0.020323,0.038377,0.060652,0.080487,0.088787,0.080701,0.068171,0.087905,0.145747,0.221832,0.304108,0.380356,0.438139,0.472560,0.492265,0.516150,0.561689,0.633655,0.721491,0.805537,0.867478,0.900009,0.910587,0.917385,0.941572,1.000243,1.098681,1.224623,1.354041,1.465688,1.549356,1.602914,1.627289,1.626401,1.607703,1.577591,1.538144,1.493424,1.455969,1.440824,1.452944,1.482934,1.514505,1.533074,1.529513,1.503402,1.465494,1.433566,1.423050,1.438366,1.469568,1.497828,1.507557,1.496179,1.473517,1.452561,1.442156,1.446162,1.463913,1.490082,1.514674,1.519843,1.476086,1.350585,1.131250,0.849901,0.592665,0.495260,0.586587,0.721776,0.815515,0.858270,0.873858,0.890201,0.920883,0.964292,1.017403,1.080577,1.145327,1.190610,1.199328,1.173475,1.129761,1.085410,1.052547,1.040782,1.052687,1.071966,1.063692,0.992412,0.843860,0.637458],
	[0.000000,0.000000,0.000000,0.000000,0.000000,0.000000,0.000000,0.000000,0.000000,0.000000,0.000000,0.000000,0.000000,0.000000,0.000000,0.000000,0.000000,0.000000,0.000000,0.000000,0.000000,0.000000,0.000000,0.000000,0.000000,0.000000,0.000000,0.000000,0.000000,0.000000,0.000000,0.000000,0.000000,0.000000,0.000000,0.000000,0.000000,0.000000,0.000000,0.000000,0.000000,0.000000,0.000000,0.000000,0.000000,0.000000,0.000000,0.000000,0.000000,0.000000,0.000000,0.000000,0.000000,0.000000,0.000000,0.000000,0.000000,0.000000,0.000000,0.000000,0.000000,0.000000,0.000000,0.000000,0.000000,0.000000,0.000000,0.000000,0.000000,0.000000,0.000000,0.000000,0.000000,0.000000,0.000000,0.000000,0.000000,0.000000,0.000000,0.000000,0.000000,0.000000,0.000000,0.000000,0.000000,0.000000,0.000000,0.000000,0.000000,0.000000,0.000000,0.000000,0.000000,0.000000,0.000000,0.000000,0.000000,0.000000,0.000000,0.000000,0.000000,0.000000,0.000000,0.000000,0.000000,0.000000,0.000000,0.000000,0.000000,0.000000,0.000000,0.000000,0.000000,0.000000,0.000000,0.000000,0.000000,0.000000,0.000000,0.000000,0.000000,0.000000,0.000000,0.000000,0.000000,0.000000,0.000000,0.000000,0.000000,0.000000,0.000000,0.000000,0.000000,0.000000,0.000000,0.000000,0.000000,0.000000,0.000000,0.000000,0.000000,0.000000,0.000000,0.000000,0.000000,0.000000,0.000000,0.000000,0.000000,0.000000,0.000000,0.000000,0.000000,0.000000,0.000000,0.000000,0.000000,0.000000,0.000000,0.000000,0.000000,0.000000,0.000000,0.000000,0.000000,0.000000,0.000000,0.000000,0.000000,0.000000,0.000000,0.000000,0.000000,0.000000,0.000000,0.000000,0.000000,0.000000,0.000000,0.000000,0.000000,0.000000,0.000000,0.000000,0.000000,0.000000,0.000000,0.000000,0.000000,0.000000,0.000000,0.000000,0.000000,0.000000,0.000000,0.000000,0.000000,0.000000,0.000000,0.000000,0.000000,0.000000,0.000000,0.000000,0.000000,0.000000,0.000000,0.000000,0.000000,0.000000,0.000000,0.000000,0.000000,0.000000,0.000000,0.000000,0.000000,0.000000,0.000000,0.000000,0.000000,0.000000,0.000000,0.000000,0.000000,0.000000,0.000000,0.000000,0.000000,0.000000,0.000000,0.000000,0.000000,0.000000,0.000000,0.000000,0.000000,0.000000,0.000000,0.000000,0.000000,0.000000,0.000000,0.000000,0.000000,0.000000,0.000000,0.000000,0.000000,0.000000,0.000000,0.000000,0.000000,0.000000,0.000000,0.000000],
	[0.104368,0.152413,0.150387,0.146764,0.215065,0.276027,0.280151,0.250993,0.233129,0.244052,0.257683,0.241813,0.194964,0.147229,0.130075,0.140860,0.158929,0.165300,0.147805,0.104578,0.044951,0.030631,0.063215,0.063145,0.039394,0.011768,0.032612,0.084484,0.142261,0.182249,0.181151,0.129301,0.045887,0.045952,0.069980,0.066325,0.091834,0.086362,0.050179,0.095923,0.118825,0.136097,0.206081,0.252889,0.235383,0.172998,0.112955,0.105702,0.140161,0.158756,0.145574,0.131326,0.143060,0.159278,0.159968,0.195991,0.268435,0.308480,0.302950,0.270440,0.219122,0.169037,0.159643,0.204724,0.273019,0.320666,0.331247,0.319757,0.297326,0.257896,0.205195,0.169169,0.183805,0.232395,0.268201,0.265027,0.229412,0.179720,0.120043,0.060128,0.081575,0.141164,0.181697,0.201409,0.201182,0.177431,0.136047,0.110385,0.123275,0.127346,0.091544,0.030313,0.028107,0.050949,0.043211,0.028694,0.050941,0.106801,0.189238,0.286807,0.371539,0.408653,0.374593,0.270109,0.121772,0.027299,0.134549,0.176847,0.163662,0.135341,0.127223,0.136867,0.161033,0.191513,0.210109,0.206167,0.174755,0.122850,0.098381,0.124891,0.129395,0.102226,0.103028,0.134766,0.149514,0.129370,0.074762,0.007357,0.057408,0.087938,0.089791,0.080689,0.085027,0.123790,0.197651,0.279595,0.331627,0.324279,0.249100,0.127917,0.063299,0.137987,0.164248,0.119645,0.048096,0.084496,0.119955,0.103194,0.083936,0.117142,0.136674,0.094115,0.012883,0.099878,0.136181,0.102122,0.049677,0.067670,0.098983,0.110648,0.098609,0.064877,0.072605,0.141680,0.208678,0.254572,0.265367,0.233027,0.169991,0.099147,0.041454,0.041171,0.071031,0.089627,0.089757,0.077585,0.069730,0.081142,0.117822,0.170421,0.224276,0.260680,0.266462,0.239974,0.210655,0.213828,0.220932,0.206160,0.169991,0.120812,0.101980,0.120821,0.140023,0.172914,0.234891,0.313986,0.369033,0.366815,0.314910,0.227668,0.103570,0.086812,0.228812,0.328194,0.355472,0.326435,0.289755,0.277813,0.277343,0.260548,0.225350,0.193889,0.185233,0.205340,0.244058,0.280976,0.296974,0.280979,0.240815,0.205667,0.204188,0.232816,0.264198,0.279692,0.276632,0.264084,0.260243,0.276347,0.299188,0.303774,0.281008,0.240573,0.201721,0.182743,0.184683,0.219868,0.285390,0.336969,0.344864,0.318111,0.285952,0.260134,0.229757,0.191231,0.158616,0.146721,0.143549,0.128476,0.101164,0.098176,0.146461,0.192066,0.195875,0.157054,0.098218,0.059295],
	[0.680501,0.414593,0.211235,0.088882,0.031056,0.009094,0.002151,0.000577,0.000431,0.000237,0.000154,0.000139,0.000194,0.000182,0.000015,0.000291,0.000548,0.000458,0.000501,0.000620,0.000474,0.000531,0.000745,0.000672,0.000492,0.000510,0.000651,0.000629,0.000398,0.000292,0.000361,0.000420,0.000595,0.000638,0.000532,0.000389,0.000309,0.000216,0.000094,0.000031,0.000067,0.000046,0.000070,0.000199,0.000327,0.000415,0.000531,0.000616,0.000609,0.000576,0.000604,0.000639,0.000608,0.000554,0.000541,0.000498,0.000377,0.000300,0.000364,0.000544,0.000709,0.000747,0.000711,0.000689,0.000605,0.000504,0.000546,0.000557,0.000509,0.000567,0.000603,0.000565,0.000564,0.000543,0.000375,0.000202,0.000237,0.000349,0.000502,0.000532,0.000410,0.000289,0.000325,0.000484,0.000593,0.000657,0.000751,0.000787,0.000692,0.000550,0.000461,0.000442,0.000469,0.000462,0.000362,0.000217,0.000097,0.000286,0.000579,0.000781,0.000838,0.000816,0.000754,0.000645,0.000553,0.000484,0.000359,0.000151,0.000127,0.000261,0.000249,0.000158,0.000182,0.000289,0.000312,0.000310,0.000413,0.000623,0.000798,0.000849,0.000826,0.000788,0.000757,0.000782,0.000898,0.001041,0.001083,0.000987,0.000822,0.000628,0.000400,0.000205,0.000149,0.000232,0.000367,0.000510,0.000644,0.000659,0.000505,0.000354,0.000370,0.000423,0.000457,0.000477,0.000491,0.000473,0.000386,0.000271,0.000162,0.000169,0.000310,0.000425,0.000527,0.000595,0.000570,0.000480,0.000371,0.000128,0.000354,0.000901,0.001516,0.002168,0.002583,0.003037,0.005981,0.012903,0.023832,0.038474,0.055801,0.073832,0.089373,0.097739,0.094101,0.081555,0.093013,0.160033,0.263649,0.388377,0.527804,0.674563,0.814646,0.930148,1.007841,1.046677,1.058580,1.061789,1.071868,1.096733,1.137012,1.188185,1.242303,1.290236,1.324511,1.341112,1.340346,1.328096,1.315757,1.315723,1.334506,1.369947,1.414226,1.457921,1.492407,1.512638,1.519592,1.518360,1.513104,1.504220,1.488910,1.463157,1.425265,1.380996,1.344249,1.326793,1.325372,1.322953,1.301911,1.254187,1.184684,1.110511,1.054235,1.030697,1.037251,1.057796,1.074700,1.076957,1.063461,1.043341,1.030930,1.035991,1.057330,1.085794,1.111913,1.129513,1.135368,1.130803,1.123734,1.125103,1.141952,1.174604,1.218708,1.267456,1.313143,1.350798,1.381564,1.410279,1.439010,1.464627,1.482444,1.489786,1.485541,1.466961,1.424688,1.338804,1.185174,0.956334],
	[0.268585,0.215033,0.231762,0.330632,0.416087,0.447665,0.437495,0.414748,0.395942,0.388915,0.402765,0.421404,0.425946,0.449908,0.522292,0.586582,0.577034,0.493443,0.388632,0.312132,0.290227,0.316260,0.349346,0.369436,0.380138,0.397628,0.446414,0.523448,0.583876,0.586929,0.535211,0.467655,0.416404,0.382716,0.347595,0.287571,0.201893,0.127577,0.116467,0.160388,0.193930,0.199605,0.228819,0.292063,0.346306,0.379798,0.393755,0.373734,0.315106,0.231803,0.158461,0.156987,0.246322,0.396266,0.561441,0.696135,0.766106,0.759160,0.686628,0.573542,0.459073,0.383232,0.337002,0.278558,0.196304,0.111275,0.055226,0.053505,0.107794,0.195676,0.279192,0.338333,0.385505,0.420750,0.427134,0.411546,0.396319,0.393480,0.401621,0.416760,0.439832,0.459879,0.454514,0.418839,0.377007,0.354746,0.348160,0.330529,0.275887,0.195103,0.157368,0.157945,0.108192,0.047910,0.159011,0.266246,0.334698,0.367653,0.374968,0.371612,0.372872,0.380443,0.384050,0.379292,0.367517,0.337654,0.273412,0.192357,0.169570,0.198308,0.212265,0.236682,0.280545,0.303453,0.284331,0.246192,0.245261,0.282275,0.304090,0.287080,0.259822,0.295039,0.404758,0.537255,0.647523,0.701991,0.689078,0.619610,0.510323,0.375849,0.236339,0.119860,0.047659,0.018259,0.009334,0.008713,0.016063,0.043425,0.105179,0.187218,0.250973,0.255238,0.190034,0.151998,0.255630,0.338597,0.335783,0.322501,0.377820,0.433631,0.422645,0.343258,0.228139,0.118184,0.042308,0.002325,0.033319,0.088093,0.148081,0.173788,0.161294,0.174250,0.220610,0.287468,0.419725,0.572242,0.654350,0.627798,0.516638,0.365682,0.201272,0.061494,0.152269,0.263055,0.334239,0.394635,0.453407,0.482475,0.464960,0.409187,0.331158,0.249705,0.211646,0.251677,0.287518,0.258507,0.183403,0.108596,0.061619,0.060558,0.105325,0.182560,0.261436,0.294956,0.276648,0.258618,0.256752,0.242233,0.238969,0.252669,0.274148,0.357666,0.474579,0.538248,0.527466,0.485365,0.461082,0.471015,0.498249,0.517800,0.519446,0.495884,0.432961,0.328099,0.204443,0.129763,0.206194,0.327826,0.419665,0.458395,0.434361,0.350698,0.234615,0.138014,0.129726,0.197423,0.265595,0.296407,0.287429,0.273282,0.314815,0.401918,0.457812,0.456378,0.436967,0.438348,0.460644,0.485067,0.487117,0.454931,0.407499,0.379018,0.374930,0.372316,0.351607,0.294185,0.181330,0.049668,0.166482,0.260557,0.264970,0.223858,0.206235,0.236377,0.281912,0.299333]
],
"envelope_edge" : [
	[0.011504,0.010842,0.009882,0.008905,0.008077,0.007427,0.006911,0.006489,0.006139,0.005834,0.005564,0.005322,0.005102,0.004901,0.004715,0.004544,0.004383,0.004231,0.004088,0.003956,0.003828,0.003706,0.003591,0.003486,0.003381,0.003281,0.003184,0.003093,0.003004,0.002919,0.002834,0.002754,0.002675,0.002599,0.002526,0.002456,0.002386,0.002320,0.002253,0.002188,0.002126,0.002065,0.002004,0.001946,0.001889,0.001832,0.001777,0.001722,0.001667,0.001615,0.001563,0.001515,0.001465,0.001416,0.001369,0.001323,0.001276,0.001228,0.001181,0.001137,0.001092,0.001047,0.001003,0.000960,0.000917,0.000875,0.000832,0.000790,0.000749,0.000708,0.000668,0.000629,0.000590,0.000550,0.000510,0.000471,0.000431,0.000393,0.000353,0.000312,0.000273,0.000234,0.000194,0.000156,0.000118,0.000081,0.000043,0.000006,-0.000032,-0.000071,-0.000110,-0.000149,-0.000187,-0.000224,-0.000263,-0.000302,-0.000342,-0.000381,-0.000420,-0.000458,-0.000498,-0.000538,-0.000579,-0.000619,-0.000660,-0.000700,-0.000741,-0.000784,-0.000825,-0.000866,-0.000908,-0.000951,-0.000995,-0.001038,-0.001083,-0.001128,-0.001173,-0.001216,-0.001262,-0.001309,-0.001356,-0.001404,-0.001453,-0.001503,-0.001553,-0.001603,-0.001655,-0.001707,-0.001760,-0.001816,-0.001873,-0.001931,-0.001988,-0.002046,-0.002106,-0.002166,-0.002229,-0.002294,-0.002361,-0.002429,-0.002500,-0.002572,-0.002645,-0.002722,-0.002800,-0.002880,-0.002964,-0.003051,-0.003140,-0.003235,-0.003332,-0.003433,-0.003539,-0.003651,-0.003769,-0.003891,-0.004022,-0.004162,-0.004311,-0.004473,-0.004651,-0.004848,-0.005073,-0.005326,-0.005595,-0.005849,-0.006056,-0.006194,-0.006304,-0.006488,-0.006919,-0.007559,-0.008123,-0.008504,-0.008692,-0.008693,-0.008568,-0.008449,-0.008464,-0.008657,-0.008949,-0.009186,-0.009231,-0.009044,-0.008698,-0.008349,-0.008148,-0.008179,-0.008423,-0.008767,-0.009017,-0.008995,-0.008624,-0.007965,-0.007127,-0.006209,-0.005289,-0.004441,-0.003708,-0.003096,-0.002609,-0.002294,-0.002174,-0.002187,-0.002185,-0.002042,-0.001713,-0.001239,-0.000710,-0.000252,0.000032,0.000122,0.000099,0.000105,0.000276,0.000642,0.001129,0.001597,0.001961,0.002209,0.002394,0.002584,0.002863,0.003304,0.003985,0.004957,0.006206,0.007506,0.008421,0.008423,0.007160,0.004974,0.003264,0.002657,0.002666,0.002840,0.002896,0.002824,0.002716,0.002676,0.002723,0.002915,0.003339,0.004014,0.004798,0.005505,0.006027,0.006369,0.006585,0.006770,0.007086,0.007721,0.008727,0.009940,0.011015,0.011595],
	[0.000000,0.000000,0.000000,0.000000,0.000000,0.000000,0.000000,0.000000,0.000000,0.000000,0.000000,0.000000,0.000000,0.000000,0.000000,0.000000,0.000000,0.000000,0.000000,0.000000,0.000000,0.000000,0.000000,0.000000,0.000000,0.000000,0.000000,0.000000,0.000000,0.000000,0.000000,0.000000,0.000000,0.000000,0.000000,0.000000,0.000000,0.000000,0.000000,0.000000,0.000000,0.000000,0.000000,0.000000,0.000000,0.000000,0.000000,0.000000,0.000000,0.000000,0.000000,0.000000,0.000000,0.000000,0.000000,0.000000,0.000000,0.000000,0.000000,0.000000,0.000000,0.000000,0.000000,0.000000,0.000000,0.000000,0.000000,0.000000,0.000000,0.000000,0.000000,0.000000,0.000000,0.000000,0.000000,0.000000,0.000000,0.000000,0.000000,0.000000,0.000000,0.000000,0.000000,0.000000,0.000000,0.000000,0.000000,0.000000,0.000000,0.000000,0.000000,0.000000,0.000000,0.000000,0.000000,0.000000,0.000000,0.000000,0.000000,0.000000,0.000000,0.000000,0.000000,0.000000,0.000000,0.000000,0.000000,0.000000,0.000000,0.000000,0.000000,0.000000,0.000000,0.000000,0.000000,0.000000,0.000000,0.000000,0.000000,0.000000,0.000000,0.000000,0.000000,0.000000,0.000000,0.000000,0.000000,0.000000,0.000000,0.000000,0.000000,0.000000,0.000000,0.000000,0.000000,0.000000,0.000000,0.000000,0.000000,0.000000,0.000000,0.000000,0.000000,0.000000,0.000000,0.000000,0.000000,0.000000,0.000000,0.000000,0.000000,0.000000,0.000000,0.000000,0.000000,0.000000,0.000000,0.000000,0.000000,0.000000,0.000000,0.000000,0.000000,0.000000,0.000000,0.000000,0.000000,0.000000,0.000000,0.000000,0.000000,0.000000,0.000000,0.000000,0.000000,0.000000,0.000000,0.000000,0.000000,0.000000,0.000000,0.000000,0.000000,0.000000,0.000000,0.000000,0.000000,0.000000,0.000000,0.000000,0.000000,0.000000,0.000000,0.000000,0.000000,0.000000,0.000000,0.000000,0.000000,0.000000,0.000000,0.000000,0.000000,0.000000,0.000000,0.000000,0.000000,0.000000,0.000000,0.000000,0.000000,0.000000,0.000000,0.000000,0.000000,0.000000,0.000000,0.000000,0.000000,0.000000,0.000000,0.000000,0.000000,0.000000,0.000000,0.000000,0.000000,0.000000,0.000000,0.000000,0.000000,0.000000,0.000000,0.000000,0.000000,0.000000,0.000000,0.000000,0.000000,0.000000,0.000000,0.000000,0.000000,0.000000,0.000000,0.000000,0.000000,0.000000,0.000000,0.000000,0.000000,0.000000,0.000000,0.000000,0.000000,0.000000],
	[-0.000272,-0.000217,-0.000102,-0.000401,-0.000627,-0.000250,0.000227,0.000483,0.000455,0.000465,0.000685,0.001035,0.001220,0.001114,0.000842,0.000671,0.000681,0.000859,0.001081,0.001222,0.001045,0.000545,0.000371,0.000458,0.000412,0.000102,-0.000381,-0.000581,-0.000546,-0.000175,0.000278,0.000696,0.000474,-0.000066,-0.000150,-0.000265,-0.000384,-0.000187,-0.000510,-0.000867,-0.000782,-0.001014,-0.001018,-0.000525,0.000056,0.000311,0.000105,-0.000341,-0.000517,-0.000403,-0.000323,-0.000477,-0.000670,-0.000716,-0.000842,-0.001140,-0.001059,-0.000597,-0.000119,0.000204,0.000329,0.000103,-0.000368,-0.000755,-0.000744,-0.000405,0.000033,0.000371,0.000668,0.000872,0.000875,0.000549,0.000175,0.000088,0.000389,0.000790,0.001118,0.001225,0.001210,0.000729,0.000079,-0.000099,0.000032,0.000256,0.000538,0.000765,0.000821,0.000589,0.000468,0.000603,0.000796,0.000547,0.000047,-0.000120,-0.000189,-0.000541,-0.001022,-0.001420,-0.001598,-0.001469,-0.000879,-0.000005,0.001001,0.001623,0.001683,0.000515,-0.000199,0.000220,0.000363,0.000396,0.000147,0.000025,-0.000115,-0.000009,0.000187,0.000518,0.000742,0.000760,0.000391,0.000233,0.000377,0.000350,0.000087,0.000042,0.000279,0.000527,0.000672,0.000154,-0.000430,-0.000302,-0.000360,-0.000405,-0.000776,-0.001048,-0.001245,-0.000907,-0.000322,0.000576,0.001154,0.001296,0.000402,0.000048,0.000399,0.000765,0.000372,-0.000111,0.000014,0.000192,-0.000050,-0.000148,0.000066,0.000478,-0.000106,-0.000648,-0.000151,0.000082,-0.000096,-0.000555,-0.000529,-0.000482,-0.000334,-0.000535,-0.001017,-0.001311,-0.001124,-0.000752,-0.000174,0.000317,0.000607,0.000560,0.000189,-0.000354,-0.000561,-0.000600,-0.000564,-0.000662,-0.000870,-0.001199,-0.001448,-0.001556,-0.001413,-0.001097,-0.000679,-0.000405,-0.000403,-0.000486,-0.000338,-0.000158,-0.000036,-0.000202,-0.000624,-0.000970,-0.001187,-0.001479,-0.001637,-0.001489,-0.000909,-0.000207,0.000347,0.000626,0.000263,-0.001049,-0.001618,-0.001159,-0.000530,-0.000058,0.000033,0.000011,0.000094,0.000261,0.000299,0.000126,-0.000172,-0.000444,-0.000534,-0.000400,-0.000096,0.000208,0.000323,0.000143,-0.000163,-0.000343,-0.000292,-0.000124,0.000043,0.000092,0.000029,-0.000020,0.000115,0.000395,0.000662,0.000753,0.000627,0.000350,0.000028,-0.000298,-0.000323,0.000031,0.000543,0.000906,0.001084,0.001186,0.001296,0.001293,0.001154,0.000954,0.000884,0.000845,0.000687,0.000262,0.000024,0.000195,0.000580,0.000813,0.000768,0.000221],
	[0.013896,0.013423,0.012349,0.011069,0.009904,0.008972,0.008250,0.007678,0.007210,0.006813,0.006466,0.006158,0.005882,0.005632,0.005402,0.005189,0.004995,0.004815,0.004644,0.004485,0.004336,0.004192,0.004058,0.003932,0.003810,0.003693,0.003582,0.003477,0.003375,0.003275,0.003179,0.003087,0.002999,0.002915,0.002833,0.002753,0.002675,0.002599,0.002525,0.002453,0.002382,0.002313,0.002246,0.002180,0.002117,0.002055,0.001994,0.001935,0.001878,0.001821,0.001765,0.001710,0.001656,0.001603,0.001551,0.001499,0.001448,0.001397,0.001346,0.001297,0.001249,0.001203,0.001156,0.001110,0.001065,0.001019,0.000973,0.000929,0.000885,0.000840,0.000797,0.000755,0.000712,0.000670,0.000628,0.000585,0.000541,0.000499,0.000458,0.000418,0.000377,0.000336,0.000293,0.000252,0.000212,0.000172,0.000132,0.000093,0.000054,0.000014,-0.000026,-0.000067,-0.000107,-0.000147,-0.000188,-0.000228,-0.000271,-0.000314,-0.000355,-0.000395,-0.000434,-0.000474,-0.000515,-0.000556,-0.000598,-0.000640,-0.000682,-0.000725,-0.000770,-0.000814,-0.000857,-0.000902,-0.000947,-0.000992,-0.001038,-0.001084,-0.001131,-0.001178,-0.001225,-0.001271,-0.001319,-0.001368,-0.001417,-0.001468,-0.001519,-0.001570,-0.001622,-0.001674,-0.001727,-0.001782,-0.001839,-0.001898,-0.001958,-0.002020,-0.002082,-0.002144,-0.002208,-0.002272,-0.002338,-0.002407,-0.002479,-0.002552,-0.002626,-0.002703,-0.002782,-0.002862,-0.002946,-0.003033,-0.003125,-0.003219,-0.003318,-0.003418,-0.003524,-0.003633,-0.003748,-0.003868,-0.003996,-0.004132,-0.004279,-0.004433,-0.004596,-0.004769,-0.004958,-0.005173,-0.005420,-0.005683,-0.005954,-0.006220,-0.006474,-0.006705,-0.006918,-0.007130,-0.007410,-0.007906,-0.008729,-0.009610,-0.010295,-0.010776,-0.011024,-0.011003,-0.010672,-0.010077,-0.009338,-0.008629,-0.008081,-0.007743,-0.007570,-0.007476,-0.007372,-0.007189,-0.006886,-0.006465,-0.005963,-0.005442,-0.004975,-0.004630,-0.004441,-0.004375,-0.004339,-0.004242,-0.004023,-0.003668,-0.003200,-0.002676,-0.002158,-0.001675,-0.001217,-0.000761,-0.000298,0.000154,0.000542,0.000797,0.000905,0.000963,0.001115,0.001430,0.001855,0.002259,0.002494,0.002467,0.002198,0.001831,0.001542,0.001432,0.001491,0.001631,0.001743,0.001737,0.001611,0.001441,0.001332,0.001338,0.001454,0.001642,0.001849,0.002005,0.002059,0.002019,0.001947,0.001918,0.001989,0.002189,0.002514,0.002924,0.003370,0.003847,0.004389,0.005029,0.005770,0.006602,0.007529,0.008578,0.009790,0.011158,0.012525,0.013555],
	[-0.000468,-0.000757,-0.001546,-0.001869,-0.001599,-0.001080,-0.000719,-0.000545,-0.000560,-0.000660,-0.000787,-0.000752,-0.000765,-0.000936,-0.000915,-0.000293,0.000588,0.001213,0.001254,0.000857,0.000253,-0.000160,-0.000309,-0.000332,-0.000399,-0.000561,-0.000739,-0.000598,-0.000020,0.000776,0.001383,0.001641,0.001670,0.001699,0.001818,0.001949,0.001816,0.001243,0.000432,-0.000076,-0.000215,-0.000412,-0.000790,-0.000943,-0.000795,-0.000518,-0.000145,0.000273,0.000527,0.000421,-0.000233,-0.001297,-0.002248,-0.002702,-0.002495,-0.001683,-0.000480,0.000784,0.001831,0.002451,0.002573,0.002401,0.002322,0.002346,0.002229,0.001775,0.000998,0.000066,-0.000718,-0.001152,-0.001183,-0.001049,-0.000845,-0.000530,-0.000151,0.000069,0.000134,0.000102,0.000105,0.000123,0.000250,0.000523,0.000943,0.001236,0.001327,0.001262,0.001340,0.001538,0.001794,0.001610,0.001145,0.000852,0.000802,-0.000231,-0.001193,-0.001141,-0.000912,-0.000512,-0.000238,-0.000033,0.000046,0.000192,0.000374,0.000601,0.000836,0.001134,0.001316,0.001056,0.000410,0.000061,-0.000104,-0.000337,-0.000361,-0.000120,0.000106,-0.000003,-0.000373,-0.000540,-0.000425,-0.000358,-0.000705,-0.001381,-0.001762,-0.001572,-0.000826,0.000269,0.001448,0.002449,0.003183,0.003539,0.003479,0.002997,0.002310,0.001617,0.001069,0.000551,0.000059,-0.000507,-0.000929,-0.001052,-0.000719,-0.000241,-0.000054,-0.000807,-0.001320,-0.000881,-0.000419,-0.000470,-0.000504,0.000061,0.000909,0.001566,0.001793,0.001496,0.000927,0.000083,-0.000703,-0.001143,-0.001290,-0.001185,-0.001303,-0.001747,-0.002113,-0.002533,-0.002726,-0.002158,-0.000859,0.000495,0.001532,0.001872,0.001752,0.000374,-0.001071,-0.001230,-0.001227,-0.001024,-0.000705,-0.000049,0.000570,0.001090,0.001272,0.001134,0.000553,0.000207,0.000445,0.000875,0.000973,0.000679,0.000070,-0.000648,-0.001275,-0.001601,-0.001501,-0.001088,-0.000832,-0.000879,-0.000935,-0.001021,-0.001305,-0.001565,-0.001969,-0.002380,-0.002171,-0.001437,-0.000735,-0.000435,-0.000442,-0.000497,-0.000351,-0.000029,0.000426,0.000933,0.001444,0.001640,0.001336,0.000202,-0.000892,-0.001087,-0.000717,-0.000014,0.000730,0.001245,0.001247,0.000601,-0.000372,-0.000962,-0.001017,-0.000841,-0.000742,-0.001016,-0.001452,-0.001484,-0.001017,-0.000575,-0.000409,-0.000433,-0.000345,-0.000102,0.000342,0.000692,0.000846,0.000734,0.000756,0.000854,0.001205,0.001426,0.001613,0.000396,-0.000824,-0.000504,-0.000201,-0.000115,-0.000541,-0.000833,-0.000890,-0.000619]
],
	"idxs" : [175,0,98,178,53]
,"hydrophone_pos" : [
	[0.000000,0.000000,0.000000],
	[0.000000,0.000000,0.000000],
	[0.500000,0.000000,0.000000],
	[0.250000,0.250000,0.354000],
	[0.250000,-0.250000,0.354000]
],
	"direction_of_arrival" : [0.514107,-0.834548,0.198046]
,	"valid" : [0.000000,-0.000000,-0.000000,-0.000000,-0.000000]
}
dump = {
	"magnitude" : [0.000000,0.000000,0.000005,0.000008,0.000000,0.000001,0.000000,0.000002,0.000014,0.000002,0.000000,0.000000,0.000004,0.000000,0.000014,0.000001,0.000001,0.000000,0.000000,0.000000,0.000000,0.000000,0.000000,0.000000,0.000000,0.000000,0.000000,0.000000,0.000000,0.000000,0.000000,0.000000]
,	"raw_mv" : [
	[-6.867000,-7.630000,-7.248499,-5.341000,-6.104000,-8.011500,-8.392999,-7.248499,-7.248499,-3.433500,-4.578000,-7.630000,-9.537500,-10.682000,-8.392999,-7.630000,-5.341000,-6.485500,-6.485500,-5.722499,-4.196499,-4.196499,-8.011500,-8.774499,-7.248499,-4.959500,-3.815000,-5.722499,-6.104000,-6.867000,-7.248499,-7.248499,-6.867000,-5.722499,-5.722499,-5.722499,-9.156000,-10.300499,-5.341000,-2.289000,-3.433500,-5.341000,-6.867000,-5.341000,-6.104000,-6.104000,-8.392999,-8.011500,-6.104000,-3.433500,-3.433500,-3.052000,-2.289000,-3.815000,-3.815000,-3.052000,-0.763000,-0.763000,0.000000,-3.433500,-6.867000,-7.630000,-6.485500,-5.722499,-4.959500,-8.011500,-9.537500,-8.011500,-9.156000,-10.682000,-11.063500,-11.826499,-10.300499,-6.867000,-3.815000,-4.578000,-4.959500,-7.248499,-9.156000,-10.682000,-9.156000,-8.392999,-11.444999,-10.682000,-6.104000,-3.815000,-5.722499,-8.774499,-9.919000,-8.011500,-6.867000,-8.011500,-8.774499,-9.537500,-8.392999,-8.774499,-9.156000,-8.011500,-5.722499,-7.248499,-7.630000,-8.011500,-7.248499,-6.485500,-7.630000,-6.867000,-4.959500,-6.104000,-6.104000,-5.341000,-5.722499,-6.104000,-6.485500,-6.867000,-6.104000,-6.867000,-7.630000,-7.630000,-5.722499,-3.815000,-6.867000,-8.392999,-8.011500,-6.867000,-6.867000,-9.537500,-10.300499,-8.011500,-4.196499,-3.815000,-6.867000,-9.156000,-8.392999,-4.578000,-3.433500,-5.722499,-5.341000,-3.815000,-6.104000,-10.300499,-11.444999,-9.919000,-5.341000,-4.578000,-9.537500,-12.208000,-8.774499,-7.248499,-9.156000,-9.156000,-7.248499,-4.196499,-3.433500,-5.722499,-5.722499,-6.867000,-6.485500,-4.959500,-6.104000,-7.630000,-8.011500,-4.959500,-5.722499,-8.392999,-6.867000,-7.248499,-7.630000,-8.011500,-8.392999,-6.867000,-7.248499,-9.537500,-10.682000,-8.011500,-4.959500,-3.052000,-5.722499,-9.156000,-8.392999,-8.392999,-8.774499,-8.774499,-10.300499,-6.485500,-5.722499,-7.630000,-9.537500,-11.444999,-9.156000,-6.867000,-5.341000,-5.722499,-8.392999,-8.011500,-6.104000,-6.104000,-6.485500,-5.722499,-2.289000,-1.526000,-4.196499,-5.722499,-4.959500,-4.196499,-6.485500,-8.011500,-7.630000,-7.248499,-6.867000,-5.722499,-4.196499,-3.433500,-6.485500,-8.011500,-7.248499,-5.341000,-4.578000,-8.011500,-9.156000,-8.392999,-8.011500,-7.248499,-5.341000,-4.578000,-7.248499,-10.682000,-9.156000,-5.341000,-4.578000,-7.630000,-8.392999,-8.011500,-9.156000,-9.537500,-7.248499,-5.722499,-5.341000,-5.722499,-7.248499,-7.630000,-7.248499,-7.630000,-6.485500,-5.341000,-4.196499,-4.578000,-5.722499,-5.341000,-5.722499,-8.011500,-8.774499,-9.919000,-7.630000,-5.341000,-2.670500,-2.670500],
	[0.000000,0.000000,0.000000,0.000000,0.000000,0.000000,0.000000,0.000000,0.000000,0.000000,0.000000,0.000000,0.000000,0.000000,0.000000,0.000000,0.000000,0.000000,0.000000,0.000000,0.000000,0.000000,0.000000,0.000000,0.000000,0.000000,0.000000,0.000000,0.000000,0.000000,0.000000,0.000000,0.000000,0.000000,0.000000,0.000000,0.000000,0.000000,0.000000,0.000000,0.000000,0.000000,0.000000,0.000000,0.000000,0.000000,0.000000,0.000000,0.000000,0.000000,0.000000,0.000000,0.000000,0.000000,0.000000,0.000000,0.000000,0.000000,0.000000,0.000000,0.000000,0.000000,0.000000,0.000000,0.000000,0.000000,0.000000,0.000000,0.000000,0.000000,0.000000,0.000000,0.000000,0.000000,0.000000,0.000000,0.000000,0.000000,0.000000,0.000000,0.000000,0.000000,0.000000,0.000000,0.000000,0.000000,0.000000,0.000000,0.000000,0.000000,0.000000,0.000000,0.000000,0.000000,0.000000,0.000000,0.000000,0.000000,0.000000,0.000000,0.000000,0.000000,0.000000,0.000000,0.000000,0.000000,0.000000,0.000000,0.000000,0.000000,0.000000,0.000000,0.000000,0.000000,0.000000,0.000000,0.000000,0.000000,0.000000,0.000000,0.000000,0.000000,0.000000,0.000000,0.000000,0.000000,0.000000,0.000000,0.000000,0.000000,0.000000,0.000000,0.000000,0.000000,0.000000,0.000000,0.000000,0.000000,0.000000,0.000000,0.000000,0.000000,0.000000,0.000000,0.000000,0.000000,0.000000,0.000000,0.000000,0.000000,0.000000,0.000000,0.000000,0.000000,0.000000,0.000000,0.000000,0.000000,0.000000,0.000000,0.000000,0.000000,0.000000,0.000000,0.000000,0.000000,0.000000,0.000000,0.000000,0.000000,0.000000,0.000000,0.000000,0.000000,0.000000,0.000000,0.000000,0.000000,0.000000,0.000000,0.000000,0.000000,0.000000,0.000000,0.000000,0.000000,0.000000,0.000000,0.000000,0.000000,0.000000,0.000000,0.000000,0.000000,0.000000,0.000000,0.000000,0.000000,0.000000,0.000000,0.000000,0.000000,0.000000,0.000000,0.000000,0.000000,0.000000,0.000000,0.000000,0.000000,0.000000,0.000000,0.000000,0.000000,0.000000,0.000000,0.000000,0.000000,0.000000,0.000000,0.000000,0.000000,0.000000,0.000000,0.000000,0.000000,0.000000,0.000000,0.000000,0.000000,0.000000,0.000000,0.000000,0.000000,0.000000,0.000000,0.000000,0.000000,0.000000,0.000000,0.000000,0.000000,0.000000,0.000000,0.000000,0.000000,0.000000,0.000000,0.000000,0.000000,0.000000,0.000000,0.000000,0.000000,0.000000,0.000000],
	[-6.561800,-6.638100,-6.561800,-6.714400,-6.714400,-6.561800,-6.485500,-6.561800,-6.561800,-6.561800,-6.638100,-6.561800,-6.485500,-6.561800,-6.714400,-6.561800,-6.638100,-6.561800,-6.409200,-6.485500,-6.485500,-6.485500,-6.638100,-6.409200,-6.485500,-6.561800,-6.638100,-6.485500,-6.638100,-6.638100,-6.561800,-6.561800,-6.409200,-6.561800,-6.714400,-6.561800,-6.561800,-6.638100,-6.561800,-6.561800,-6.638100,-6.638100,-6.714400,-6.638100,-6.561800,-6.638100,-6.561800,-6.332900,-6.409200,-6.256600,-6.104000,-6.332900,-6.104000,-6.104000,-6.104000,-6.104000,-6.104000,-6.027700,-5.951400,-6.027700,-6.104000,-6.256600,-6.027700,-6.104000,-6.180300,-6.256600,-6.409200,-6.332900,-6.256600,-6.332900,-6.409200,-6.409200,-6.409200,-6.332900,-6.409200,-6.561800,-6.561800,-6.561800,-6.409200,-6.485500,-6.332900,-6.409200,-6.561800,-6.409200,-6.561800,-6.409200,-6.485500,-6.485500,-6.638100,-6.485500,-6.638100,-6.485500,-6.561800,-6.561800,-6.561800,-6.638100,-6.485500,-6.485500,-6.561800,-6.485500,-6.638100,-6.409200,-6.485500,-6.409200,-6.485500,-6.485500,-6.561800,-6.561800,-6.714400,-6.638100,-6.409200,-6.485500,-6.485500,-6.561800,-6.561800,-6.638100,-6.638100,-6.561800,-6.485500,-6.638100,-6.638100,-6.561800,-6.485500,-6.561800,-6.561800,-6.485500,-6.561800,-6.485500,-6.485500,-6.638100,-6.561800,-6.485500,-6.409200,-6.638100,-6.638100,-6.561800,-6.638100,-6.409200,-6.409200,-6.561800,-6.561800,-6.561800,-6.638100,-6.714400,-6.561800,-6.256600,-6.561800,-6.638100,-6.561800,-6.561800,-6.485500,-6.561800,-6.485500,-6.638100,-6.638100,-6.409200,-6.485500,-6.638100,-6.485500,-6.561800,-6.561800,-6.638100,-6.638100,-6.485500,-6.638100,-6.485500,-6.561800,-6.485500,-6.561800,-6.561800,-6.714400,-6.409200,-6.409200,-6.561800,-6.485500,-6.561800,-6.561800,-6.561800,-6.561800,-6.638100,-6.638100,-6.714400,-6.485500,-6.561800,-6.561800,-6.485500,-6.561800,-6.485500,-6.561800,-6.485500,-6.638100,-6.561800,-6.485500,-6.485500,-6.409200,-6.256600,-6.256600,-6.409200,-6.256600,-6.180300,-6.256600,-6.104000,-6.104000,-6.180300,-6.180300,-6.027700,-5.951400,-6.027700,-6.180300,-6.180300,-6.104000,-6.027700,-6.180300,-6.332900,-6.409200,-6.485500,-6.332900,-6.409200,-6.256600,-6.256600,-6.409200,-6.332900,-6.485500,-6.485500,-6.561800,-6.409200,-6.638100,-6.485500,-6.638100,-6.561800,-6.485500,-6.409200,-6.485500,-6.332900,-6.332900,-6.409200,-6.714400,-6.638100,-6.561800,-6.409200,-6.561800,-6.485500,-6.638100,-6.485500,-6.638100,-6.638100,-6.485500,-6.561800,-6.561800,-6.638100,-6.485500,-6.638100,-6.561800,-6.561800,-6.638100,-6.561800],
	[-6.867000,-7.248499,-7.248499,-7.248499,-6.867000,-7.248499,-7.248499,-7.248499,-7.248499,-7.248499,-7.248499,-7.248499,-7.248499,-7.248499,-7.248499,-7.248499,-7.248499,-7.248499,-7.248499,-7.248499,-7.248499,-7.248499,-7.248499,-6.867000,-6.867000,-7.248499,-7.248499,-6.867000,-6.867000,-7.248499,-7.248499,-6.867000,-6.867000,-7.248499,-7.248499,-6.867000,-6.867000,-6.867000,-7.248499,-7.248499,-7.248499,-6.867000,-7.248499,-6.867000,-7.248499,-7.248499,-6.867000,-7.248499,-6.867000,-7.248499,-6.485500,-6.485500,-6.485500,-6.867000,-6.867000,-6.867000,-6.485500,-6.867000,-6.485500,-6.867000,-6.867000,-6.485500,-6.867000,-6.867000,-6.485500,-6.867000,-6.867000,-7.248499,-6.867000,-6.867000,-6.867000,-6.867000,-6.867000,-7.248499,-6.867000,-6.867000,-7.248499,-6.867000,-6.867000,-6.867000,-6.867000,-6.867000,-7.248499,-6.867000,-6.867000,-6.867000,-7.248499,-6.867000,-7.248499,-7.248499,-6.867000,-6.867000,-6.867000,-7.248499,-7.248499,-7.248499,-7.248499,-7.248499,-7.248499,-6.867000,-6.867000,-7.248499,-7.248499,-6.867000,-7.248499,-7.248499,-7.248499,-7.248499,-7.248499,-6.867000,-7.248499,-7.248499,-7.248499,-7.248499,-7.248499,-7.248499,-7.248499,-7.248499,-7.248499,-7.248499,-7.248499,-7.248499,-6.867000,-7.248499,-7.248499,-7.248499,-7.248499,-6.867000,-7.248499,-7.248499,-7.248499,-7.248499,-6.867000,-6.867000,-7.248499,-7.248499,-7.248499,-6.867000,-7.630000,-7.248499,-7.248499,-6.867000,-6.867000,-6.867000,-6.867000,-7.248499,-7.248499,-7.248499,-7.248499,-7.248499,-7.248499,-7.248499,-7.248499,-7.630000,-6.867000,-6.867000,-7.248499,-7.248499,-6.867000,-7.248499,-7.248499,-7.248499,-7.248499,-7.248499,-7.248499,-7.248499,-7.248499,-7.248499,-7.248499,-7.248499,-7.248499,-7.248499,-7.248499,-7.248499,-7.248499,-7.248499,-7.248499,-7.248499,-6.867000,-6.867000,-7.248499,-7.248499,-6.867000,-7.248499,-7.248499,-7.248499,-6.867000,-6.867000,-7.248499,-6.867000,-7.248499,-7.248499,-7.248499,-7.248499,-7.248499,-6.867000,-6.867000,-6.867000,-6.867000,-6.867000,-6.867000,-6.867000,-6.867000,-6.867000,-6.867000,-6.485500,-6.867000,-6.867000,-6.867000,-6.485500,-6.485500,-6.485500,-6.867000,-6.867000,-6.867000,-6.867000,-6.867000,-6.867000,-6.485500,-6.867000,-6.867000,-6.867000,-6.867000,-6.867000,-6.867000,-6.867000,-6.867000,-6.867000,-7.248499,-6.867000,-7.248499,-6.867000,-6.867000,-6.867000,-7.248499,-6.867000,-7.248499,-6.867000,-7.248499,-7.248499,-6.867000,-6.867000,-6.867000,-7.248499,-7.248499,-7.248499,-6.867000,-6.867000,-6.867000,-6.867000,-7.248499,-7.248499,-7.248499,-7.248499,-7.248499,-6.867000],
	[-6.867000,-7.248499,-7.248499,-7.248499,-6.867000,-7.248499,-7.248499,-7.248499,-6.867000,-6.867000,-7.248499,-7.248499,-7.248499,-7.248499,-6.867000,-7.630000,-6.867000,-6.867000,-7.248499,-7.248499,-7.248499,-6.867000,-6.867000,-7.248499,-7.248499,-7.630000,-7.248499,-6.867000,-7.248499,-7.248499,-6.867000,-7.248499,-6.867000,-7.248499,-7.248499,-7.248499,-7.248499,-7.248499,-7.248499,-6.867000,-6.867000,-6.867000,-6.867000,-7.248499,-7.248499,-7.248499,-7.248499,-6.867000,-7.248499,-6.867000,-6.485500,-6.867000,-6.867000,-6.867000,-6.485500,-6.867000,-6.867000,-6.867000,-6.485500,-6.867000,-6.867000,-6.867000,-6.867000,-6.485500,-6.867000,-6.485500,-6.867000,-6.867000,-6.867000,-6.867000,-7.248499,-6.867000,-6.867000,-6.867000,-7.248499,-7.248499,-6.867000,-6.867000,-7.248499,-7.248499,-6.867000,-6.867000,-7.248499,-7.248499,-7.248499,-7.248499,-6.867000,-6.867000,-7.248499,-6.867000,-7.248499,-7.248499,-6.867000,-7.248499,-7.248499,-6.867000,-6.867000,-7.248499,-7.248499,-7.248499,-6.867000,-7.248499,-7.248499,-6.867000,-6.867000,-6.867000,-7.248499,-7.248499,-7.248499,-7.248499,-7.248499,-7.248499,-7.248499,-7.248499,-6.867000,-7.248499,-7.248499,-7.248499,-7.248499,-7.248499,-6.867000,-7.248499,-7.248499,-7.248499,-7.248499,-7.248499,-7.248499,-6.867000,-6.867000,-7.248499,-7.248499,-7.248499,-6.867000,-7.248499,-7.248499,-6.867000,-6.867000,-7.248499,-7.248499,-7.248499,-7.248499,-7.248499,-7.248499,-7.248499,-7.248499,-7.248499,-7.248499,-7.248499,-7.248499,-7.248499,-6.867000,-7.248499,-7.630000,-7.630000,-6.867000,-7.248499,-7.248499,-7.248499,-7.248499,-6.867000,-7.248499,-7.248499,-7.248499,-6.867000,-7.248499,-7.248499,-7.248499,-6.867000,-7.248499,-7.248499,-7.248499,-6.867000,-7.248499,-7.248499,-7.248499,-7.248499,-7.630000,-7.248499,-7.248499,-7.630000,-7.248499,-7.248499,-7.248499,-7.248499,-7.248499,-7.248499,-7.248499,-6.867000,-7.248499,-7.248499,-6.867000,-7.248499,-6.867000,-6.867000,-7.248499,-6.867000,-6.867000,-6.867000,-6.867000,-6.485500,-6.485500,-6.867000,-6.867000,-6.867000,-6.485500,-6.485500,-6.867000,-6.867000,-6.485500,-6.485500,-6.485500,-6.867000,-6.867000,-6.867000,-6.867000,-6.867000,-7.248499,-6.867000,-7.248499,-6.867000,-7.248499,-7.248499,-7.248499,-6.867000,-7.248499,-7.248499,-7.248499,-7.248499,-6.867000,-7.248499,-6.867000,-6.485500,-7.248499,-7.248499,-7.248499,-7.248499,-6.867000,-7.248499,-7.248499,-7.248499,-7.248499,-7.248499,-7.248499,-7.248499,-7.248499,-6.867000,-6.867000,-7.248499,-7.248499,-7.248499,-6.867000,-6.867000,-7.248499,-7.248499,-6.867000,-6.867000]
],
"normalized" : [
	[-0.040616,-0.393065,-0.216840,0.664282,0.311833,-0.569290,-0.745514,-0.216840,-0.216840,1.545406,1.016732,-0.393065,-1.274189,-1.802863,-0.745514,-0.393065,0.664282,0.135608,0.135608,0.488058,1.192957,1.192957,-0.569290,-0.921739,-0.216840,0.840507,1.369181,0.488058,0.311833,-0.040616,-0.216840,-0.216840,-0.040616,0.488058,0.488058,0.488058,-1.097964,-1.626638,0.664282,2.074080,1.545406,0.664282,-0.040616,0.664282,0.311833,0.311833,-0.745514,-0.569290,0.311833,1.545406,1.545406,1.721631,2.074080,1.369181,1.369181,1.721631,2.778979,2.778979,3.131428,1.545406,-0.040616,-0.393065,0.135608,0.488058,0.840507,-0.569290,-1.274189,-0.569290,-1.097964,-1.802863,-1.979088,-2.331537,-1.626638,-0.040616,1.369181,1.016732,0.840507,-0.216840,-1.097964,-1.802863,-1.097964,-0.745514,-2.155312,-1.802863,0.311833,1.369181,0.488058,-0.921739,-1.450414,-0.569290,-0.040616,-0.569290,-0.921739,-1.274189,-0.745514,-0.921739,-1.097964,-0.569290,0.488058,-0.216840,-0.393065,-0.569290,-0.216840,0.135608,-0.393065,-0.040616,0.840507,0.311833,0.311833,0.664282,0.488058,0.311833,0.135608,-0.040616,0.311833,-0.040616,-0.393065,-0.393065,0.488058,1.369181,-0.040616,-0.745514,-0.569290,-0.040616,-0.040616,-1.274189,-1.626638,-0.569290,1.192957,1.369181,-0.040616,-1.097964,-0.745514,1.016732,1.545406,0.488058,0.664282,1.369181,0.311833,-1.626638,-2.155312,-1.450414,0.664282,1.016732,-1.274189,-2.507762,-0.921739,-0.216840,-1.097964,-1.097964,-0.216840,1.192957,1.545406,0.488058,0.488058,-0.040616,0.135608,0.840507,0.311833,-0.393065,-0.569290,0.840507,0.488058,-0.745514,-0.040616,-0.216840,-0.393065,-0.569290,-0.745514,-0.040616,-0.216840,-1.274189,-1.802863,-0.569290,0.840507,1.721631,0.488058,-1.097964,-0.745514,-0.745514,-0.921739,-0.921739,-1.626638,0.135608,0.488058,-0.393065,-1.274189,-2.155312,-1.097964,-0.040616,0.664282,0.488058,-0.745514,-0.569290,0.311833,0.311833,0.135608,0.488058,2.074080,2.426529,1.192957,0.488058,0.840507,1.192957,0.135608,-0.569290,-0.393065,-0.216840,-0.040616,0.488058,1.192957,1.545406,0.135608,-0.569290,-0.216840,0.664282,1.016732,-0.569290,-1.097964,-0.745514,-0.569290,-0.216840,0.664282,1.016732,-0.216840,-1.802863,-1.097964,0.664282,1.016732,-0.393065,-0.745514,-0.569290,-1.097964,-1.274189,-0.216840,0.488058,0.664282,0.488058,-0.216840,-0.393065,-0.216840,-0.393065,0.135608,0.664282,1.192957,1.016732,0.488058,0.664282,0.488058,-0.569290,-0.921739,-1.450414,-0.393065,0.664282,1.897855,1.897855],
	[0.000000,0.000000,0.000000,0.000000,0.000000,0.000000,0.000000,0.000000,0.000000,0.000000,0.000000,0.000000,0.000000,0.000000,0.000000,0.000000,0.000000,0.000000,0.000000,0.000000,0.000000,0.000000,0.000000,0.000000,0.000000,0.000000,0.000000,0.000000,0.000000,0.000000,0.000000,0.000000,0.000000,0.000000,0.000000,0.000000,0.000000,0.000000,0.000000,0.000000,0.000000,0.000000,0.000000,0.000000,0.000000,0.000000,0.000000,0.000000,0.000000,0.000000,0.000000,0.000000,0.000000,0.000000,0.000000,0.000000,0.000000,0.000000,0.000000,0.000000,0.000000,0.000000,0.000000,0.000000,0.000000,0.000000,0.000000,0.000000,0.000000,0.000000,0.000000,0.000000,0.000000,0.000000,0.000000,0.000000,0.000000,0.000000,0.000000,0.000000,0.000000,0.000000,0.000000,0.000000,0.000000,0.000000,0.000000,0.000000,0.000000,0.000000,0.000000,0.000000,0.000000,0.000000,0.000000,0.000000,0.000000,0.000000,0.000000,0.000000,0.000000,0.000000,0.000000,0.000000,0.000000,0.000000,0.000000,0.000000,0.000000,0.000000,0.000000,0.000000,0.000000,0.000000,0.000000,0.000000,0.000000,0.000000,0.000000,0.000000,0.000000,0.000000,0.000000,0.000000,0.000000,0.000000,0.000000,0.000000,0.000000,0.000000,0.000000,0.000000,0.000000,0.000000,0.000000,0.000000,0.000000,0.000000,0.000000,0.000000,0.000000,0.000000,0.000000,0.000000,0.000000,0.000000,0.000000,0.000000,0.000000,0.000000,0.000000,0.000000,0.000000,0.000000,0.000000,0.000000,0.000000,0.000000,0.000000,0.000000,0.000000,0.000000,0.000000,0.000000,0.000000,0.000000,0.000000,0.000000,0.000000,0.000000,0.000000,0.000000,0.000000,0.000000,0.000000,0.000000,0.000000,0.000000,0.000000,0.000000,0.000000,0.000000,0.000000,0.000000,0.000000,0.000000,0.000000,0.000000,0.000000,0.000000,0.000000,0.000000,0.000000,0.000000,0.000000,0.000000,0.000000,0.000000,0.000000,0.000000,0.000000,0.000000,0.000000,0.000000,0.000000,0.000000,0.000000,0.000000,0.000000,0.000000,0.000000,0.000000,0.000000,0.000000,0.000000,0.000000,0.000000,0.000000,0.000000,0.000000,0.000000,0.000000,0.000000,0.000000,0.000000,0.000000,0.000000,0.000000,0.000000,0.000000,0.000000,0.000000,0.000000,0.000000,0.000000,0.000000,0.000000,0.000000,0.000000,0.000000,0.000000,0.000000,0.000000,0.000000,0.000000,0.000000,0.000000,0.000000,0.000000,0.000000,0.000000,0.000000,0.000000,0.000000,0.000000,0.000000],
	[-0.507658,-0.966839,-0.507658,-1.426021,-1.426021,-0.507658,-0.048479,-0.507658,-0.507658,-0.507658,-0.966839,-0.507658,-0.048479,-0.507658,-1.426021,-0.507658,-0.966839,-0.507658,0.410701,-0.048479,-0.048479,-0.048479,-0.966839,0.410701,-0.048479,-0.507658,-0.966839,-0.048479,-0.966839,-0.966839,-0.507658,-0.507658,0.410701,-0.507658,-1.426021,-0.507658,-0.507658,-0.966839,-0.507658,-0.507658,-0.966839,-0.966839,-1.426021,-0.966839,-0.507658,-0.966839,-0.507658,0.869882,0.410701,1.329061,2.247424,0.869882,2.247424,2.247424,2.247424,2.247424,2.247424,2.706602,3.165783,2.706602,2.247424,1.329061,2.706602,2.247424,1.788242,1.329061,0.410701,0.869882,1.329061,0.869882,0.410701,0.410701,0.410701,0.869882,0.410701,-0.507658,-0.507658,-0.507658,0.410701,-0.048479,0.869882,0.410701,-0.507658,0.410701,-0.507658,0.410701,-0.048479,-0.048479,-0.966839,-0.048479,-0.966839,-0.048479,-0.507658,-0.507658,-0.507658,-0.966839,-0.048479,-0.048479,-0.507658,-0.048479,-0.966839,0.410701,-0.048479,0.410701,-0.048479,-0.048479,-0.507658,-0.507658,-1.426021,-0.966839,0.410701,-0.048479,-0.048479,-0.507658,-0.507658,-0.966839,-0.966839,-0.507658,-0.048479,-0.966839,-0.966839,-0.507658,-0.048479,-0.507658,-0.507658,-0.048479,-0.507658,-0.048479,-0.048479,-0.966839,-0.507658,-0.048479,0.410701,-0.966839,-0.966839,-0.507658,-0.966839,0.410701,0.410701,-0.507658,-0.507658,-0.507658,-0.966839,-1.426021,-0.507658,1.329061,-0.507658,-0.966839,-0.507658,-0.507658,-0.048479,-0.507658,-0.048479,-0.966839,-0.966839,0.410701,-0.048479,-0.966839,-0.048479,-0.507658,-0.507658,-0.966839,-0.966839,-0.048479,-0.966839,-0.048479,-0.507658,-0.048479,-0.507658,-0.507658,-1.426021,0.410701,0.410701,-0.507658,-0.048479,-0.507658,-0.507658,-0.507658,-0.507658,-0.966839,-0.966839,-1.426021,-0.048479,-0.507658,-0.507658,-0.048479,-0.507658,-0.048479,-0.507658,-0.048479,-0.966839,-0.507658,-0.048479,-0.048479,0.410701,1.329061,1.329061,0.410701,1.329061,1.788242,1.329061,2.247424,2.247424,1.788242,1.788242,2.706602,3.165783,2.706602,1.788242,1.788242,2.247424,2.706602,1.788242,0.869882,0.410701,-0.048479,0.869882,0.410701,1.329061,1.329061,0.410701,0.869882,-0.048479,-0.048479,-0.507658,0.410701,-0.966839,-0.048479,-0.966839,-0.507658,-0.048479,0.410701,-0.048479,0.869882,0.869882,0.410701,-1.426021,-0.966839,-0.507658,0.410701,-0.507658,-0.048479,-0.966839,-0.048479,-0.966839,-0.966839,-0.048479,-0.507658,-0.507658,-0.966839,-0.048479,-0.966839,-0.507658,-0.507658,-0.966839,-0.507658],
	[0.821061,-0.847195,-0.847195,-0.847195,0.821061,-0.847195,-0.847195,-0.847195,-0.847195,-0.847195,-0.847195,-0.847195,-0.847195,-0.847195,-0.847195,-0.847195,-0.847195,-0.847195,-0.847195,-0.847195,-0.847195,-0.847195,-0.847195,0.821061,0.821061,-0.847195,-0.847195,0.821061,0.821061,-0.847195,-0.847195,0.821061,0.821061,-0.847195,-0.847195,0.821061,0.821061,0.821061,-0.847195,-0.847195,-0.847195,0.821061,-0.847195,0.821061,-0.847195,-0.847195,0.821061,-0.847195,0.821061,-0.847195,2.489318,2.489318,2.489318,0.821061,0.821061,0.821061,2.489318,0.821061,2.489318,0.821061,0.821061,2.489318,0.821061,0.821061,2.489318,0.821061,0.821061,-0.847195,0.821061,0.821061,0.821061,0.821061,0.821061,-0.847195,0.821061,0.821061,-0.847195,0.821061,0.821061,0.821061,0.821061,0.821061,-0.847195,0.821061,0.821061,0.821061,-0.847195,0.821061,-0.847195,-0.847195,0.821061,0.821061,0.821061,-0.847195,-0.847195,-0.847195,-0.847195,-0.847195,-0.847195,0.821061,0.821061,-0.847195,-0.847195,0.821061,-0.847195,-0.847195,-0.847195,-0.847195,-0.847195,0.821061,-0.847195,-0.847195,-0.847195,-0.847195,-0.847195,-0.847195,-0.847195,-0.847195,-0.847195,-0.847195,-0.847195,-0.847195,0.821061,-0.847195,-0.847195,-0.847195,-0.847195,0.821061,-0.847195,-0.847195,-0.847195,-0.847195,0.821061,0.821061,-0.847195,-0.847195,-0.847195,0.821061,-2.515453,-0.847195,-0.847195,0.821061,0.821061,0.821061,0.821061,-0.847195,-0.847195,-0.847195,-0.847195,-0.847195,-0.847195,-0.847195,-0.847195,-2.515453,0.821061,0.821061,-0.847195,-0.847195,0.821061,-0.847195,-0.847195,-0.847195,-0.847195,-0.847195,-0.847195,-0.847195,-0.847195,-0.847195,-0.847195,-0.847195,-0.847195,-0.847195,-0.847195,-0.847195,-0.847195,-0.847195,-0.847195,-0.847195,0.821061,0.821061,-0.847195,-0.847195,0.821061,-0.847195,-0.847195,-0.847195,0.821061,0.821061,-0.847195,0.821061,-0.847195,-0.847195,-0.847195,-0.847195,-0.847195,0.821061,0.821061,0.821061,0.821061,0.821061,0.821061,0.821061,0.821061,0.821061,0.821061,2.489318,0.821061,0.821061,0.821061,2.489318,2.489318,2.489318,0.821061,0.821061,0.821061,0.821061,0.821061,0.821061,2.489318,0.821061,0.821061,0.821061,0.821061,0.821061,0.821061,0.821061,0.821061,0.821061,-0.847195,0.821061,-0.847195,0.821061,0.821061,0.821061,-0.847195,0.821061,-0.847195,0.821061,-0.847195,-0.847195,0.821061,0.821061,0.821061,-0.847195,-0.847195,-0.847195,0.821061,0.821061,0.821061,0.821061,-0.847195,-0.847195,-0.847195,-0.847195,-0.847195,0.821061],
	[0.888766,-0.702340,-0.702340,-0.702340,0.888766,-0.702340,-0.702340,-0.702340,0.888766,0.888766,-0.702340,-0.702340,-0.702340,-0.702340,0.888766,-2.293450,0.888766,0.888766,-0.702340,-0.702340,-0.702340,0.888766,0.888766,-0.702340,-0.702340,-2.293450,-0.702340,0.888766,-0.702340,-0.702340,0.888766,-0.702340,0.888766,-0.702340,-0.702340,-0.702340,-0.702340,-0.702340,-0.702340,0.888766,0.888766,0.888766,0.888766,-0.702340,-0.702340,-0.702340,-0.702340,0.888766,-0.702340,0.888766,2.479873,0.888766,0.888766,0.888766,2.479873,0.888766,0.888766,0.888766,2.479873,0.888766,0.888766,0.888766,0.888766,2.479873,0.888766,2.479873,0.888766,0.888766,0.888766,0.888766,-0.702340,0.888766,0.888766,0.888766,-0.702340,-0.702340,0.888766,0.888766,-0.702340,-0.702340,0.888766,0.888766,-0.702340,-0.702340,-0.702340,-0.702340,0.888766,0.888766,-0.702340,0.888766,-0.702340,-0.702340,0.888766,-0.702340,-0.702340,0.888766,0.888766,-0.702340,-0.702340,-0.702340,0.888766,-0.702340,-0.702340,0.888766,0.888766,0.888766,-0.702340,-0.702340,-0.702340,-0.702340,-0.702340,-0.702340,-0.702340,-0.702340,0.888766,-0.702340,-0.702340,-0.702340,-0.702340,-0.702340,0.888766,-0.702340,-0.702340,-0.702340,-0.702340,-0.702340,-0.702340,0.888766,0.888766,-0.702340,-0.702340,-0.702340,0.888766,-0.702340,-0.702340,0.888766,0.888766,-0.702340,-0.702340,-0.702340,-0.702340,-0.702340,-0.702340,-0.702340,-0.702340,-0.702340,-0.702340,-0.702340,-0.702340,-0.702340,0.888766,-0.702340,-2.293450,-2.293450,0.888766,-0.702340,-0.702340,-0.702340,-0.702340,0.888766,-0.702340,-0.702340,-0.702340,0.888766,-0.702340,-0.702340,-0.702340,0.888766,-0.702340,-0.702340,-0.702340,0.888766,-0.702340,-0.702340,-0.702340,-0.702340,-2.293450,-0.702340,-0.702340,-2.293450,-0.702340,-0.702340,-0.702340,-0.702340,-0.702340,-0.702340,-0.702340,0.888766,-0.702340,-0.702340,0.888766,-0.702340,0.888766,0.888766,-0.702340,0.888766,0.888766,0.888766,0.888766,2.479873,2.479873,0.888766,0.888766,0.888766,2.479873,2.479873,0.888766,0.888766,2.479873,2.479873,2.479873,0.888766,0.888766,0.888766,0.888766,0.888766,-0.702340,0.888766,-0.702340,0.888766,-0.702340,-0.702340,-0.702340,0.888766,-0.702340,-0.702340,-0.702340,-0.702340,0.888766,-0.702340,0.888766,2.479873,-0.702340,-0.702340,-0.702340,-0.702340,0.888766,-0.702340,-0.702340,-0.702340,-0.702340,-0.702340,-0.702340,-0.702340,-0.702340,0.888766,0.888766,-0.702340,-0.702340,-0.702340,0.888766,0.888766,-0.702340,-0.702340,0.888766,0.888766]
],
"cwt" : [
	[0.470076,0.414427,0.362947,0.327888,0.293242,0.236248,0.166857,0.190193,0.310893,0.408816,0.432526,0.392024,0.330981,0.277043,0.237167,0.221445,0.218914,0.220454,0.245538,0.304056,0.378614,0.437313,0.455539,0.434558,0.395118,0.348632,0.284088,0.194265,0.095780,0.016336,0.041888,0.077079,0.113591,0.179458,0.293266,0.440637,0.581365,0.667816,0.669703,0.594436,0.481359,0.370494,0.283167,0.231476,0.222497,0.251504,0.295370,0.319484,0.296339,0.214668,0.087468,0.044912,0.139306,0.185047,0.199800,0.196616,0.195889,0.256623,0.358945,0.417426,0.398187,0.336815,0.299221,0.315633,0.349919,0.346968,0.290827,0.226200,0.189877,0.154387,0.164756,0.261722,0.351177,0.372255,0.311819,0.202742,0.146075,0.212215,0.287867,0.325976,0.350315,0.420879,0.531332,0.616224,0.639558,0.609426,0.552928,0.490030,0.424492,0.355714,0.290646,0.237648,0.195382,0.153944,0.122404,0.150548,0.217051,0.261438,0.262136,0.230840,0.193201,0.166037,0.148114,0.143108,0.164326,0.186827,0.176123,0.135743,0.103318,0.096010,0.089591,0.081762,0.083982,0.099892,0.133819,0.184996,0.250478,0.325539,0.393004,0.427591,0.417065,0.377512,0.344557,0.347268,0.389115,0.450781,0.509532,0.551888,0.572283,0.573055,0.565919,0.560872,0.549411,0.507730,0.425490,0.344403,0.355295,0.447360,0.529825,0.577185,0.620505,0.684140,0.751337,0.789997,0.775362,0.698169,0.578463,0.469334,0.418006,0.413618,0.416391,0.393726,0.325276,0.224732,0.152309,0.166420,0.220834,0.274969,0.320481,0.355075,0.375007,0.371557,0.334270,0.265192,0.190652,0.145663,0.139908,0.165244,0.214352,0.280355,0.354862,0.422175,0.469939,0.502747,0.530270,0.538632,0.497575,0.399785,0.280742,0.200768,0.202446,0.274860,0.363839,0.416152,0.417088,0.394551,0.385184,0.386503,0.374704,0.357960,0.357826,0.364071,0.354212,0.320027,0.273699,0.256841,0.307146,0.394205,0.459178,0.465844,0.418378,0.355344,0.318598,0.307847,0.283864,0.221304,0.125977,0.030182,0.106937,0.216847,0.315912,0.384032,0.410983,0.411643,0.413169,0.423773,0.421365,0.374317,0.269156,0.119931,0.049896,0.209899,0.355751,0.480033,0.573668,0.626045,0.630429,0.585341,0.492281,0.356943,0.199242,0.102508,0.178986,0.247576,0.254041,0.218215,0.182058,0.161559,0.131532,0.073743,0.005996,0.080277,0.137093,0.170181,0.176412,0.151110,0.119363,0.139144,0.181382,0.204050,0.223551,0.259165,0.309168,0.380561,0.456838,0.492831],
	[0.000000,0.000000,0.000000,0.000000,0.000000,0.000000,0.000000,0.000000,0.000000,0.000000,0.000000,0.000000,0.000000,0.000000,0.000000,0.000000,0.000000,0.000000,0.000000,0.000000,0.000000,0.000000,0.000000,0.000000,0.000000,0.000000,0.000000,0.000000,0.000000,0.000000,0.000000,0.000000,0.000000,0.000000,0.000000,0.000000,0.000000,0.000000,0.000000,0.000000,0.000000,0.000000,0.000000,0.000000,0.000000,0.000000,0.000000,0.000000,0.000000,0.000000,0.000000,0.000000,0.000000,0.000000,0.000000,0.000000,0.000000,0.000000,0.000000,0.000000,0.000000,0.000000,0.000000,0.000000,0.000000,0.000000,0.000000,0.000000,0.000000,0.000000,0.000000,0.000000,0.000000,0.000000,0.000000,0.000000,0.000000,0.000000,0.000000,0.000000,0.000000,0.000000,0.000000,0.000000,0.000000,0.000000,0.000000,0.000000,0.000000,0.000000,0.000000,0.000000,0.000000,0.000000,0.000000,0.000000,0.000000,0.000000,0.000000,0.000000,0.000000,0.000000,0.000000,0.000000,0.000000,0.000000,0.000000,0.000000,0.000000,0.000000,0.000000,0.000000,0.000000,0.000000,0.000000,0.000000,0.000000,0.000000,0.000000,0.000000,0.000000,0.000000,0.000000,0.000000,0.000000,0.000000,0.000000,0.000000,0.000000,0.000000,0.000000,0.000000,0.000000,0.000000,0.000000,0.000000,0.000000,0.000000,0.000000,0.000000,0.000000,0.000000,0.000000,0.000000,0.000000,0.000000,0.000000,0.000000,0.000000,0.000000,0.000000,0.000000,0.000000,0.000000,0.000000,0.000000,0.000000,0.000000,0.000000,0.000000,0.000000,0.000000,0.000000,0.000000,0.000000,0.000000,0.000000,0.000000,0.000000,0.000000,0.000000,0.000000,0.000000,0.000000,0.000000,0.000000,0.000000,0.000000,0.000000,0.000000,0.000000,0.000000,0.000000,0.000000,0.000000,0.000000,0.000000,0.000000,0.000000,0.000000,0.000000,0.000000,0.000000,0.000000,0.000000,0.000000,0.000000,0.000000,0.000000,0.000000,0.000000,0.000000,0.000000,0.000000,0.000000,0.000000,0.000000,0.000000,0.000000,0.000000,0.000000,0.000000,0.000000,0.000000,0.000000,0.000000,0.000000,0.000000,0.000000,0.000000,0.000000,0.000000,0.000000,0.000000,0.000000,0.000000,0.000000,0.000000,0.000000,0.000000,0.000000,0.000000,0.000000,0.000000,0.000000,0.000000,0.000000,0.000000,0.000000,0.000000,0.000000,0.000000,0.000000,0.000000,0.000000,0.000000,0.000000,0.000000,0.000000,0.000000,0.000000,0.000000,0.000000,0.000000,0.000000,0.000000],
	[0.029025,0.045875,0.136683,0.224284,0.269016,0.255478,0.195233,0.109882,0.022370,0.079742,0.155133,0.207750,0.233506,0.224220,0.165365,0.059315,0.065089,0.142713,0.149160,0.103367,0.093697,0.155300,0.214070,0.246302,0.248787,0.224145,0.184242,0.158909,0.161880,0.163969,0.173935,0.223797,0.282703,0.308520,0.282549,0.210920,0.130795,0.096127,0.098975,0.098540,0.097585,0.115408,0.141039,0.139751,0.135350,0.175807,0.184869,0.101393,0.056137,0.164528,0.190896,0.180618,0.187549,0.169126,0.124314,0.102019,0.127372,0.180782,0.231603,0.265912,0.279849,0.280896,0.272062,0.235267,0.193634,0.201141,0.225325,0.231768,0.222654,0.196989,0.163682,0.149489,0.168497,0.205369,0.229880,0.222568,0.185794,0.125432,0.048244,0.075999,0.151859,0.173815,0.131867,0.063399,0.054916,0.102860,0.137509,0.136916,0.095700,0.037059,0.031674,0.054131,0.061539,0.074314,0.112571,0.147001,0.150450,0.125968,0.102136,0.113794,0.136640,0.131811,0.096697,0.056955,0.031777,0.022891,0.097725,0.200136,0.286373,0.317383,0.282395,0.202158,0.107678,0.019280,0.065008,0.135184,0.187141,0.219079,0.237531,0.244553,0.233990,0.204181,0.162470,0.117768,0.070620,0.015956,0.054608,0.127613,0.196197,0.249540,0.284776,0.303624,0.297725,0.247174,0.145781,0.080094,0.178812,0.253529,0.256518,0.198655,0.133447,0.175060,0.300389,0.427883,0.511120,0.521681,0.458615,0.346306,0.221506,0.113862,0.037105,0.080686,0.173056,0.259446,0.311479,0.313964,0.275307,0.219257,0.172192,0.150307,0.150255,0.154142,0.135969,0.092556,0.060523,0.056669,0.059389,0.097695,0.174945,0.265108,0.331506,0.338037,0.276752,0.175169,0.073597,0.002476,0.041281,0.063120,0.086205,0.124620,0.172864,0.197423,0.171024,0.110405,0.060667,0.031303,0.011096,0.037562,0.071674,0.110475,0.137722,0.120485,0.056867,0.105102,0.205301,0.257025,0.254385,0.227322,0.181464,0.096180,0.069430,0.158843,0.210228,0.235375,0.269769,0.308069,0.325107,0.312968,0.288628,0.279492,0.290661,0.293378,0.262305,0.210631,0.166044,0.116292,0.049547,0.077821,0.140570,0.141082,0.071780,0.029307,0.100738,0.124379,0.113189,0.094249,0.061894,0.051150,0.112989,0.150640,0.141265,0.120275,0.163848,0.258877,0.351985,0.411070,0.418818,0.378055,0.308973,0.233742,0.167722,0.118305,0.087732,0.106965,0.159231,0.189029,0.187159,0.169686,0.144451,0.110585,0.076611,0.050578,0.027991,0.045276,0.066622,0.060728],
	[0.482927,0.470159,0.440093,0.409134,0.369118,0.304123,0.211548,0.114825,0.046208,0.017449,0.009402,0.005003,0.004226,0.004427,0.004409,0.004335,0.004802,0.009952,0.020215,0.050198,0.125866,0.246114,0.378611,0.483377,0.543563,0.570814,0.582403,0.585454,0.583914,0.583597,0.585264,0.583748,0.575410,0.556936,0.520222,0.464027,0.409101,0.380566,0.371696,0.349218,0.283602,0.171911,0.079031,0.151038,0.231804,0.254939,0.236559,0.240693,0.315409,0.437245,0.523180,0.521153,0.460165,0.398269,0.349870,0.285997,0.181657,0.093059,0.163126,0.234204,0.271950,0.291140,0.300711,0.337914,0.386536,0.401384,0.387304,0.353045,0.280875,0.162406,0.046649,0.159283,0.264800,0.309725,0.317192,0.320322,0.310897,0.261119,0.159174,0.052180,0.166444,0.286630,0.353569,0.372998,0.350619,0.274738,0.158706,0.169359,0.305141,0.395189,0.415344,0.393396,0.356127,0.297496,0.211955,0.136606,0.151504,0.253443,0.373615,0.466942,0.504727,0.481472,0.422329,0.359332,0.283038,0.165807,0.052185,0.160475,0.266216,0.310077,0.284923,0.206035,0.112797,0.045986,0.018367,0.010288,0.009510,0.016456,0.046769,0.114808,0.206006,0.285658,0.321131,0.303543,0.263590,0.263357,0.302895,0.321127,0.288584,0.231195,0.248518,0.354452,0.448576,0.487424,0.482643,0.466609,0.467674,0.490447,0.493035,0.432403,0.323591,0.207089,0.107275,0.140423,0.227281,0.244640,0.189394,0.105941,0.040481,0.053835,0.132619,0.267714,0.443894,0.597508,0.664461,0.631345,0.538009,0.440417,0.365663,0.295410,0.207786,0.115083,0.046716,0.016339,0.008900,0.004968,0.004166,0.004246,0.004399,0.004394,0.004343,0.004609,0.009924,0.021120,0.050595,0.124876,0.244677,0.375367,0.469702,0.501997,0.482382,0.442880,0.416710,0.418084,0.434401,0.441654,0.406099,0.306075,0.176673,0.125263,0.145107,0.104502,0.010681,0.149874,0.245701,0.256130,0.192127,0.105709,0.045956,0.022541,0.025471,0.054207,0.111249,0.203694,0.305078,0.372288,0.392878,0.389110,0.381555,0.374334,0.364287,0.339492,0.283163,0.200696,0.127100,0.121862,0.196501,0.283347,0.322512,0.285712,0.198237,0.112481,0.058163,0.034703,0.045464,0.095579,0.156052,0.173685,0.113836,0.040629,0.162598,0.267694,0.312397,0.288385,0.216989,0.152576,0.158684,0.240585,0.342995,0.409081,0.418492,0.394696,0.371575,0.357841,0.345712,0.317711,0.248543,0.149921,0.146992,0.223556,0.231376,0.145099,0.055041,0.200841,0.349201,0.447491],
	[0.368937,0.371882,0.384268,0.393555,0.399236,0.408099,0.424872,0.448046,0.459470,0.430544,0.355893,0.281817,0.270593,0.308514,0.378949,0.475903,0.548379,0.556896,0.512966,0.463770,0.443693,0.429411,0.382608,0.336915,0.389003,0.494027,0.535888,0.484198,0.382872,0.277831,0.169934,0.082458,0.121713,0.165753,0.149053,0.100178,0.109207,0.183492,0.236510,0.218453,0.144565,0.140011,0.204237,0.218061,0.189179,0.187890,0.203234,0.229904,0.339804,0.460211,0.499913,0.466242,0.423867,0.409704,0.406163,0.393826,0.382882,0.380016,0.360985,0.305470,0.236730,0.200011,0.182879,0.123567,0.038221,0.119159,0.160637,0.151630,0.195646,0.282172,0.347917,0.388901,0.424195,0.465481,0.506085,0.533501,0.548590,0.556552,0.555760,0.543789,0.515055,0.451203,0.336445,0.202527,0.191525,0.287774,0.327504,0.265127,0.121526,0.068326,0.188562,0.256588,0.308536,0.378486,0.448868,0.490928,0.492000,0.462535,0.427715,0.403979,0.398588,0.413069,0.426402,0.414606,0.381211,0.339511,0.279450,0.193001,0.104752,0.049607,0.052606,0.111769,0.196364,0.269358,0.296101,0.256346,0.152630,0.044183,0.152191,0.254586,0.295827,0.270034,0.193936,0.113290,0.127188,0.232462,0.348865,0.432371,0.461994,0.449357,0.423539,0.403262,0.398326,0.420759,0.460608,0.480461,0.447493,0.356474,0.233343,0.120396,0.048647,0.018931,0.008473,0.004099,0.008167,0.017069,0.050070,0.127827,0.251516,0.405299,0.563350,0.692850,0.757248,0.730169,0.618630,0.471049,0.350684,0.304258,0.324985,0.359139,0.380070,0.390324,0.394532,0.394370,0.393414,0.394282,0.395260,0.394313,0.392461,0.389258,0.377163,0.342363,0.274737,0.191392,0.175167,0.246347,0.296672,0.297358,0.297499,0.305792,0.268768,0.182814,0.089693,0.023449,0.091992,0.190694,0.267538,0.293136,0.271897,0.205729,0.081721,0.081270,0.205003,0.268994,0.287539,0.267194,0.229785,0.259649,0.360859,0.444523,0.463776,0.437555,0.423438,0.454804,0.505043,0.529233,0.516804,0.485293,0.443341,0.394654,0.345130,0.287228,0.228069,0.198073,0.201858,0.200860,0.164618,0.119005,0.130638,0.206380,0.291211,0.345678,0.362048,0.347660,0.305580,0.251045,0.218887,0.201457,0.218718,0.360021,0.537470,0.624776,0.571390,0.426327,0.312628,0.300253,0.308328,0.274150,0.197722,0.110703,0.052094,0.054339,0.121692,0.231086,0.347741,0.429952,0.455594,0.440994,0.431503,0.456383,0.497555,0.524265,0.522659,0.491774,0.440407,0.391657]
],
"envelope_edge" : [
	[0.000195,0.000568,0.000673,0.000671,0.000715,0.000677,0.000158,-0.000828,-0.001187,-0.000745,0.000006,0.000562,0.000770,0.000705,0.000483,0.000164,-0.000080,-0.000393,-0.000749,-0.001006,-0.000917,-0.000511,0.000102,0.000618,0.001013,0.001277,0.001546,0.001542,0.001264,0.000351,-0.000593,-0.001100,-0.001679,-0.002270,-0.002732,-0.002713,-0.002111,-0.000986,0.000290,0.001323,0.001855,0.001923,0.001655,0.001186,0.000682,0.000343,0.000339,0.000662,0.001140,0.001470,0.001163,-0.000041,-0.000679,-0.000582,-0.000609,-0.000641,-0.001023,-0.001450,-0.001377,-0.000710,-0.000052,0.000198,-0.000023,-0.000226,-0.000087,0.000356,0.000638,0.000521,0.000216,-0.000174,-0.000940,-0.001337,-0.001007,-0.000306,0.000248,0.000183,-0.000726,-0.001496,-0.001595,-0.001545,-0.001686,-0.001948,-0.001762,-0.001045,-0.000109,0.000701,0.001267,0.001624,0.001849,0.001932,0.001853,0.001660,0.001421,0.001131,0.000596,-0.000018,-0.000200,0.000027,0.000367,0.000558,0.000536,0.000379,0.000176,-0.000100,-0.000304,-0.000239,-0.000052,-0.000047,-0.000314,-0.000606,-0.000832,-0.001132,-0.001499,-0.001904,-0.002299,-0.002618,-0.002811,-0.002802,-0.002521,-0.002039,-0.001588,-0.001418,-0.001596,-0.001963,-0.002261,-0.002326,-0.002151,-0.001816,-0.001415,-0.001055,-0.000783,-0.000539,-0.000210,0.000144,0.000243,-0.000297,-0.001221,-0.001685,-0.001590,-0.001376,-0.001250,-0.001033,-0.000506,0.000336,0.001330,0.002199,0.002616,0.002465,0.002047,0.001804,0.001854,0.002126,0.002349,0.002180,0.001424,0.000577,0.000134,-0.000021,0.000015,0.000177,0.000463,0.000831,0.001187,0.001318,0.001076,0.000531,-0.000081,-0.000640,-0.001072,-0.001339,-0.001381,-0.001192,-0.000860,-0.000498,-0.000053,0.000572,0.001285,0.001729,0.001601,0.000893,0.000000,-0.000581,-0.000595,-0.000212,0.000204,0.000373,0.000384,0.000458,0.000578,0.000561,0.000508,0.000574,0.000745,0.000833,0.000662,0.000136,-0.000357,-0.000391,0.000090,0.000759,0.001274,0.001380,0.001280,0.001235,0.001444,0.001530,0.001411,0.000333,-0.000920,-0.001229,-0.001242,-0.000821,-0.000428,-0.000060,0.000087,0.000387,0.000781,0.001358,0.001589,0.001231,-0.000487,-0.001725,-0.001742,-0.001502,-0.000802,0.000038,0.001046,0.001952,0.002735,0.003094,0.002887,0.001704,0.000774,0.000927,0.001211,0.001439,0.001311,0.001280,0.001194,0.001167,0.000331,-0.000438,-0.000425,-0.000394,-0.000191,-0.000163,-0.000445,-0.000933,-0.001077,-0.001152,-0.001291,-0.001488,-0.001597,-0.001596,-0.001200,-0.000504],
	[0.000000,0.000000,0.000000,0.000000,0.000000,0.000000,0.000000,0.000000,0.000000,0.000000,0.000000,0.000000,0.000000,0.000000,0.000000,0.000000,0.000000,0.000000,0.000000,0.000000,0.000000,0.000000,0.000000,0.000000,0.000000,0.000000,0.000000,0.000000,0.000000,0.000000,0.000000,0.000000,0.000000,0.000000,0.000000,0.000000,0.000000,0.000000,0.000000,0.000000,0.000000,0.000000,0.000000,0.000000,0.000000,0.000000,0.000000,0.000000,0.000000,0.000000,0.000000,0.000000,0.000000,0.000000,0.000000,0.000000,0.000000,0.000000,0.000000,0.000000,0.000000,0.000000,0.000000,0.000000,0.000000,0.000000,0.000000,0.000000,0.000000,0.000000,0.000000,0.000000,0.000000,0.000000,0.000000,0.000000,0.000000,0.000000,0.000000,0.000000,0.000000,0.000000,0.000000,0.000000,0.000000,0.000000,0.000000,0.000000,0.000000,0.000000,0.000000,0.000000,0.000000,0.000000,0.000000,0.000000,0.000000,0.000000,0.000000,0.000000,0.000000,0.000000,0.000000,0.000000,0.000000,0.000000,0.000000,0.000000,0.000000,0.000000,0.000000,0.000000,0.000000,0.000000,0.000000,0.000000,0.000000,0.000000,0.000000,0.000000,0.000000,0.000000,0.000000,0.000000,0.000000,0.000000,0.000000,0.000000,0.000000,0.000000,0.000000,0.000000,0.000000,0.000000,0.000000,0.000000,0.000000,0.000000,0.000000,0.000000,0.000000,0.000000,0.000000,0.000000,0.000000,0.000000,0.000000,0.000000,0.000000,0.000000,0.000000,0.000000,0.000000,0.000000,0.000000,0.000000,0.000000,0.000000,0.000000,0.000000,0.000000,0.000000,0.000000,0.000000,0.000000,0.000000,0.000000,0.000000,0.000000,0.000000,0.000000,0.000000,0.000000,0.000000,0.000000,0.000000,0.000000,0.000000,0.000000,0.000000,0.000000,0.000000,0.000000,0.000000,0.000000,0.000000,0.000000,0.000000,0.000000,0.000000,0.000000,0.000000,0.000000,0.000000,0.000000,0.000000,0.000000,0.000000,0.000000,0.000000,0.000000,0.000000,0.000000,0.000000,0.000000,0.000000,0.000000,0.000000,0.000000,0.000000,0.000000,0.000000,0.000000,0.000000,0.000000,0.000000,0.000000,0.000000,0.000000,0.000000,0.000000,0.000000,0.000000,0.000000,0.000000,0.000000,0.000000,0.000000,0.000000,0.000000,0.000000,0.000000,0.000000,0.000000,0.000000,0.000000,0.000000,0.000000,0.000000,0.000000,0.000000,0.000000,0.000000,0.000000,0.000000,0.000000,0.000000,0.000000,0.000000,0.000000,0.000000,0.000000,0.000000,0.000000,0.000000,0.000000],
	[-0.000306,-0.000928,-0.001265,-0.000974,-0.000406,0.000289,0.000661,0.000801,0.000096,-0.000736,-0.000753,-0.000579,-0.000137,0.000292,0.000750,0.000458,-0.000396,-0.000488,-0.000125,-0.000145,-0.000649,-0.000966,-0.000818,-0.000504,-0.000125,0.000152,0.000218,0.000034,-0.000137,-0.000230,-0.000456,-0.000597,-0.000352,0.000200,0.000796,0.001151,0.001025,0.000614,0.000335,0.000206,0.000004,-0.000172,-0.000176,-0.000059,-0.000226,-0.000235,0.000209,0.000426,-0.000441,-0.000790,-0.000286,-0.000236,-0.000091,0.000086,0.000062,-0.000349,-0.000742,-0.000928,-0.000815,-0.000581,-0.000268,-0.000014,0.000286,0.000501,0.000376,0.000118,0.000171,0.000334,0.000530,0.000647,0.000598,0.000344,0.000129,0.000136,0.000406,0.000774,0.001047,0.001182,0.000768,0.000016,0.000039,0.000455,0.000843,0.000662,0.000146,-0.000096,0.000108,0.000391,0.000643,0.000418,-0.000014,-0.000222,-0.000299,-0.000519,-0.000606,-0.000458,-0.000166,-0.000042,-0.000143,-0.000352,-0.000248,-0.000058,0.000079,-0.000126,-0.000405,-0.001044,-0.001610,-0.001652,-0.001180,-0.000430,0.000329,0.000674,0.000715,-0.000021,-0.000885,-0.001040,-0.000978,-0.000757,-0.000533,-0.000248,0.000051,0.000278,0.000391,0.000319,0.000192,-0.000396,-0.001179,-0.001448,-0.001461,-0.001237,-0.000932,-0.000535,-0.000054,0.000390,0.000436,-0.000478,-0.001179,-0.000793,-0.000374,-0.000096,-0.000652,-0.001508,-0.001875,-0.001483,-0.000634,0.000502,0.001441,0.002041,0.002048,0.001721,0.000793,-0.000203,-0.000558,-0.000437,0.000046,0.000621,0.001055,0.001209,0.001105,0.000892,0.000745,0.000765,0.000885,0.000841,0.000513,0.000161,-0.000220,-0.000692,-0.000914,-0.000755,-0.000131,0.000699,0.001446,0.001707,0.001569,0.000812,0.000174,0.000059,-0.000202,-0.000277,-0.000207,0.000243,0.000649,0.000831,0.000603,0.000382,-0.000076,-0.000456,-0.000658,-0.000672,-0.000526,-0.000204,-0.000544,-0.001274,-0.001246,-0.000752,-0.000250,0.000071,0.000316,0.000186,-0.000691,-0.001145,-0.000954,-0.000901,-0.000813,-0.000597,-0.000193,0.000146,0.000319,0.000331,0.000449,0.000770,0.001132,0.001287,0.001274,0.001268,0.000840,0.000150,0.000218,0.000591,0.000742,0.000044,-0.000299,-0.000035,0.000053,0.000072,-0.000070,-0.000582,-0.000908,-0.000711,-0.000607,-0.000878,-0.001421,-0.001541,-0.001229,-0.000532,0.000254,0.000964,0.001365,0.001515,0.001387,0.001143,0.000696,0.000231,0.000105,0.000342,0.000579,0.000772,0.000864,0.000915,0.000783,0.000634,0.000294,-0.000025,-0.000091,-0.000049],
	[-0.000481,0.000157,0.000668,0.001029,0.001462,0.001822,0.002009,0.001801,0.001327,0.000778,0.000375,0.000026,-0.000272,-0.000558,-0.000828,-0.001124,-0.001453,-0.001849,-0.002320,-0.002952,-0.003601,-0.003980,-0.003888,-0.003397,-0.002761,-0.002183,-0.001704,-0.001295,-0.000960,-0.000666,-0.000369,-0.000027,0.000330,0.000728,0.001102,0.001354,0.001340,0.001243,0.001252,0.001518,0.001741,0.001671,0.000622,-0.000410,-0.000447,-0.000310,-0.000345,-0.000848,-0.001299,-0.001236,-0.000432,0.000500,0.001132,0.001336,0.001520,0.001661,0.001618,0.000630,-0.000314,-0.000361,-0.000341,-0.000208,-0.000271,-0.000302,-0.000083,0.000423,0.000810,0.001287,0.001568,0.001649,0.000449,-0.000738,-0.000544,-0.000268,0.000116,0.000271,0.000702,0.000961,0.001121,-0.000024,-0.001180,-0.001041,-0.000651,-0.000038,0.000451,0.000873,0.000418,-0.000744,-0.001137,-0.000603,0.000015,0.000533,0.000851,0.001118,0.001039,0.000424,-0.000596,-0.001160,-0.001152,-0.000566,0.000231,0.001076,0.001551,0.001920,0.002089,0.002167,0.000999,-0.000096,0.000149,0.000675,0.001382,0.001716,0.001664,0.001193,0.000690,0.000217,-0.000197,-0.000687,-0.001225,-0.001682,-0.001791,-0.001517,-0.000994,-0.000566,-0.000530,-0.000798,-0.000824,-0.000534,-0.000279,-0.000547,-0.001298,-0.001608,-0.001241,-0.000626,-0.000127,0.000153,0.000294,0.000615,0.001252,0.001976,0.002281,0.002183,0.001389,0.000391,0.000308,0.000753,0.001040,0.000864,0.000123,-0.000904,-0.001749,-0.002318,-0.002247,-0.001385,-0.000008,0.001304,0.002160,0.002524,0.002686,0.002853,0.002924,0.002708,0.002225,0.001685,0.001266,0.000945,0.000655,0.000410,0.000166,-0.000065,-0.000325,-0.000610,-0.000968,-0.001376,-0.001943,-0.002506,-0.002799,-0.002545,-0.001857,-0.000979,-0.000304,0.000089,0.000180,0.000290,0.000509,0.001042,0.001677,0.002232,0.001997,0.001345,0.000965,0.001220,0.000213,-0.000712,-0.000130,0.000465,0.001018,0.000901,0.000520,-0.000080,-0.000607,-0.001200,-0.001662,-0.001979,-0.001793,-0.001314,-0.000735,-0.000356,-0.000036,0.000207,0.000530,0.000872,0.001207,0.001203,0.000768,-0.000032,-0.000480,-0.000328,0.000334,0.001000,0.001318,0.001113,0.000697,0.000130,-0.000399,-0.000832,-0.000764,-0.000467,-0.000169,-0.001071,-0.001904,-0.001537,-0.001001,-0.000355,-0.000215,-0.000575,-0.001349,-0.001798,-0.001739,-0.001170,-0.000584,-0.000155,0.000014,0.000201,0.000388,0.000728,0.000946,0.000644,-0.000268,-0.000370,-0.000003,0.000232,-0.000969,-0.002125,-0.001901,-0.001345],
	[0.000176,-0.000029,-0.000108,-0.000119,-0.000117,-0.000138,-0.000118,0.000011,0.000355,0.000773,0.000946,0.000553,-0.000111,-0.000643,-0.000980,-0.000930,-0.000361,0.000370,0.000883,0.000995,0.000997,0.001125,0.001234,0.000805,0.000248,0.000454,0.001364,0.002243,0.002719,0.002760,0.002571,0.001712,0.000878,0.000856,0.000937,0.000653,-0.000048,-0.000321,-0.000058,0.000388,0.000264,-0.000406,-0.000607,-0.000367,-0.000447,-0.000792,-0.001078,-0.001573,-0.001960,-0.001496,-0.000644,0.000000,0.000167,0.000220,0.000332,0.000504,0.000578,0.000767,0.001057,0.001337,0.001216,0.000965,0.000792,0.000839,-0.000060,-0.000947,-0.000848,-0.001209,-0.001734,-0.001970,-0.001792,-0.001652,-0.001496,-0.001373,-0.001073,-0.000737,-0.000337,0.000022,0.000469,0.000895,0.001433,0.001924,0.002234,0.001686,0.000587,0.000235,0.000785,0.001315,0.001138,-0.000299,-0.001092,-0.001075,-0.001220,-0.001208,-0.000939,-0.000410,0.000146,0.000537,0.000698,0.000704,0.000663,0.000703,0.000974,0.001334,0.001650,0.001878,0.002113,0.002108,0.001759,0.001022,0.000215,-0.000442,-0.000608,-0.000411,0.000197,0.000677,0.000940,-0.000112,-0.001161,-0.000932,-0.000493,0.000054,0.000153,-0.000364,-0.001411,-0.001977,-0.001962,-0.001460,-0.000847,-0.000341,-0.000106,-0.000012,-0.000056,-0.000050,0.000195,0.000806,0.001546,0.002133,0.002261,0.001920,0.001274,0.000626,0.000068,-0.000453,-0.000993,-0.001587,-0.002338,-0.003078,-0.003612,-0.003727,-0.003339,-0.002409,-0.001086,0.000320,0.001340,0.001667,0.001305,0.000619,0.000122,-0.000005,0.000031,0.000113,0.000199,0.000281,0.000340,0.000404,0.000490,0.000596,0.000717,0.000884,0.001129,0.001405,0.001550,0.001221,0.000428,0.000016,0.000247,0.000471,0.000570,0.000816,0.001276,0.001382,0.001107,0.000137,-0.000851,-0.001037,-0.000823,-0.000288,0.000118,0.000494,0.000078,-0.001188,-0.001632,-0.001329,-0.001073,-0.000864,-0.001155,-0.001773,-0.001998,-0.001572,-0.000990,-0.000666,-0.000739,-0.000817,-0.000590,-0.000072,0.000435,0.000839,0.001129,0.001315,0.001403,0.001418,0.001192,0.000796,0.000501,0.000465,0.000398,-0.000050,-0.000806,-0.001279,-0.001274,-0.000934,-0.000526,-0.000152,0.000058,-0.000023,-0.000387,-0.000820,-0.001665,-0.002324,-0.001860,-0.000528,0.000860,0.001459,0.001105,0.000650,0.000709,0.000950,0.001007,0.000637,-0.000134,-0.001122,-0.001966,-0.002434,-0.002392,-0.001941,-0.001379,-0.001058,-0.001053,-0.001107,-0.000935,-0.000553,-0.000088,0.000304,0.000500,0.000414]
],
	"idxs" : [34,0,107,21,149]
,"hydrophone_pos" : [
	[0.000000,0.000000,0.000000],
	[0.000000,0.000000,0.000000],
	[0.500000,0.000000,0.000000],
	[0.250000,0.250000,0.354000],
	[0.250000,-0.250000,0.354000]
],
	"direction_of_arrival" : [-0.490707,0.860378,-0.137678]
,	"valid" : [0.000000,-0.000000,-0.000000,-0.000000,-0.000000]
}
dump = {
	"magnitude" : [0.000000,0.006593,0.010910,0.002857,0.001720,0.013105,0.012721,0.000832,0.008659,0.028006,0.016597,0.001776,0.079190,0.255432,0.386461,0.346006,0.184604,0.049700,0.006214,0.009204,0.009115,0.004537,0.005067,0.005225,0.001570,0.000375,0.003134,0.004073,0.001984,0.001088,0.002215,0.002804]
,	"raw_mv" : [
	[0.000000,0.000000,0.000000,0.000000,0.000000,0.000000,0.000000,0.000000,0.000000,0.000000,0.000000,0.000000,0.000000,0.000000,0.000000,0.000000,0.000000,0.000000,0.000000,0.000000,0.000000,0.000000,0.000000,0.000000,0.000000,0.000000,0.000000,0.000000,0.000000,0.000000,0.000000,0.000000,0.000000,0.000000,0.000000,0.000000,0.000000,0.000000,0.000000,0.000000,0.000000,0.000000,0.000000,0.000000,0.000000,0.000000,0.000000,0.000000,0.000000,0.000000,0.000000,0.000000,0.000000,0.000000,0.000000,0.000000,0.000000,0.000000,0.000000,0.000000,0.000000,0.000000,0.000000,0.000000,0.000000,0.000000,0.000000,0.000000,0.000000,0.000000,0.000000,0.000000,0.000000,0.000000,0.000000,0.000000,0.000000,0.000000,0.000000,0.000000,0.000000,0.000000,0.000000,0.000000,0.000000,0.000000,0.000000,0.000000,0.000000,0.000000,0.000000,0.000000,0.000000,0.000000,0.000000,0.000000,0.000000,0.000000,0.000000,0.000000,0.000000,0.000000,0.000000,0.000000,0.000000,0.000000,0.000000,0.000000,0.000000,0.000000,0.000000,0.000000,0.000000,0.000000,0.000000,0.000000,0.000000,0.000000,0.000000,0.000000,0.000000,0.000000,0.000000,0.000000,0.000000,0.000000,0.000000,0.000000,0.000000,0.000000,0.000000,0.000000,0.000000,0.000000,0.000000,0.000000,0.000000,0.000000,0.000000,0.000000,0.000000,0.000000,0.000000,0.000000,0.000000,0.000000,0.000000,0.000000,0.000000,0.000000,0.000000,0.000000,0.000000,0.000000,0.000000,0.000000,0.000000,0.000000,0.000000,0.000000,0.000000,0.000000,0.000000,0.000000,0.000000,0.000000,0.000000,0.000000,0.000000,0.000000,0.000000,0.000000,0.000000,0.000000,139.628997,648.931518,370.436492,-504.724517,-602.007019,213.258499,850.363525,-95.756500,-905.299499,-159.848495,824.040039,445.973510,-714.931030,-732.098510,593.232482,861.427001,-328.089996,-1096.049560,80.496498,1134.199462,112.924003,-1017.460510,-392.563507,876.687011,638.630981,-843.114990,-742.017517,588.654480,835.866516,-361.662017,-939.634521,224.703506,734.387512,75.918502,-625.660034,-328.852996,585.602539,297.951507,-320.841491,-328.471496,77.444503,257.894012,27.468000,-114.831504,-140.391998,10.300499,150.311004,113.305503,-177.397506,-262.472015,109.490501,294.518005,31.664501,-327.708496,-244.160003,336.101501,236.911499,-116.738998,-425.372497,60.658500,431.095001,46.542999,-420.031494,-307.870513,428.042999,434.910003,-403.627014,-526.088500,255.986511,579.117004,6.485500,-825.947509,-49.976501,758.040527,168.241500,-687.844482,-421.175994,748.502990,429.569000,-666.480529,-582.550537,540.585510],
	[0.000000,0.000000,0.000000,0.000000,0.000000,0.000000,0.000000,0.000000,0.000000,0.000000,0.000000,0.000000,0.000000,0.000000,0.000000,0.000000,0.000000,0.000000,0.000000,0.000000,0.000000,0.000000,0.000000,0.000000,0.000000,0.000000,0.000000,0.000000,0.000000,0.000000,0.000000,0.000000,0.000000,0.000000,0.000000,0.000000,0.000000,0.000000,0.000000,0.000000,0.000000,0.000000,0.000000,0.000000,0.000000,0.000000,0.000000,0.000000,0.000000,0.000000,0.000000,0.000000,0.000000,0.000000,0.000000,0.000000,0.000000,0.000000,0.000000,0.000000,0.000000,0.000000,0.000000,0.000000,0.000000,0.000000,0.000000,0.000000,0.000000,0.000000,0.000000,0.000000,0.000000,0.000000,0.000000,0.000000,0.000000,0.000000,0.000000,0.000000,0.000000,0.000000,0.000000,0.000000,0.000000,0.000000,0.000000,0.000000,0.000000,0.000000,0.000000,0.000000,0.000000,0.000000,0.000000,0.000000,0.000000,0.000000,0.000000,0.000000,0.000000,0.000000,0.000000,0.000000,0.000000,0.000000,0.000000,0.000000,0.000000,0.000000,0.000000,0.000000,0.000000,0.000000,0.000000,0.000000,0.000000,0.000000,0.000000,0.000000,0.000000,0.000000,0.000000,0.000000,0.000000,0.000000,0.000000,0.000000,0.000000,0.000000,0.000000,0.000000,0.000000,0.000000,0.000000,0.000000,0.000000,0.000000,0.000000,0.000000,0.000000,0.000000,0.000000,0.000000,0.000000,0.000000,0.000000,0.000000,0.000000,0.000000,0.000000,0.000000,0.000000,0.000000,0.000000,0.000000,0.000000,0.000000,0.000000,0.000000,0.000000,0.000000,0.000000,0.000000,0.000000,0.000000,0.000000,0.000000,0.000000,0.000000,0.000000,0.000000,0.000000,0.000000,0.000000,0.000000,0.000000,0.000000,0.000000,0.000000,0.000000,0.000000,0.000000,0.000000,0.000000,0.000000,0.000000,0.000000,0.000000,0.000000,0.000000,0.000000,0.000000,0.000000,0.000000,0.000000,0.000000,0.000000,0.000000,0.000000,0.000000,0.000000,0.000000,0.000000,0.000000,0.000000,0.000000,0.000000,0.000000,0.000000,0.000000,0.000000,0.000000,0.000000,0.000000,0.000000,0.000000,0.000000,0.000000,0.000000,0.000000,0.000000,0.000000,0.000000,0.000000,0.000000,0.000000,0.000000,0.000000,0.000000,0.000000,0.000000,0.000000,0.000000,0.000000,0.000000,0.000000,0.000000,0.000000,0.000000,0.000000,0.000000,0.000000,0.000000,0.000000,0.000000,0.000000,0.000000,0.000000,0.000000,0.000000,0.000000,0.000000,0.000000,0.000000,0.000000],
	[0.000000,0.000000,0.000000,0.000000,0.000000,0.000000,0.000000,0.000000,0.000000,0.000000,0.000000,0.000000,0.000000,0.000000,0.000000,0.000000,0.000000,0.000000,0.000000,0.000000,0.000000,0.000000,0.000000,0.000000,0.000000,0.000000,0.000000,0.000000,0.000000,0.000000,0.000000,0.000000,0.000000,0.000000,0.000000,0.000000,0.000000,0.000000,0.000000,0.000000,0.000000,0.000000,0.000000,0.000000,0.000000,0.000000,0.000000,0.000000,0.000000,0.000000,0.000000,0.000000,0.000000,0.000000,0.000000,0.000000,0.000000,0.000000,0.000000,0.000000,0.000000,0.000000,0.000000,0.000000,0.000000,0.000000,0.000000,0.000000,0.000000,0.000000,0.000000,0.000000,0.000000,0.000000,0.000000,0.000000,0.000000,0.000000,0.000000,0.000000,0.000000,0.000000,0.000000,0.000000,0.000000,0.000000,0.000000,0.000000,0.000000,0.000000,0.000000,0.000000,0.000000,0.000000,0.000000,0.000000,0.000000,0.000000,0.000000,0.000000,0.000000,0.000000,0.000000,0.000000,0.000000,0.000000,0.000000,0.000000,0.000000,0.000000,0.000000,0.000000,0.000000,0.000000,0.000000,0.000000,0.000000,0.000000,0.000000,0.000000,0.000000,0.000000,0.000000,0.000000,0.000000,0.000000,0.000000,0.000000,0.000000,0.000000,0.000000,0.000000,0.000000,0.000000,0.000000,0.000000,0.000000,0.000000,0.000000,0.000000,0.000000,0.000000,0.000000,0.000000,0.000000,0.000000,0.000000,0.000000,0.000000,0.000000,0.000000,0.000000,0.000000,0.000000,0.000000,0.000000,0.000000,0.000000,0.000000,0.000000,0.000000,0.000000,0.000000,0.000000,0.000000,0.000000,0.000000,0.000000,0.000000,0.000000,0.000000,0.000000,0.000000,0.000000,-1.297100,-6.638100,-6.638100,-6.485500,-6.638100,-6.638100,-6.561800,-6.561800,-6.332900,-6.638100,-6.638100,-6.714400,-6.485500,-6.561800,-6.485500,-6.561800,-6.561800,-6.561800,-6.638100,-6.485500,-6.638100,-6.561800,-6.561800,-6.561800,-6.485500,-6.485500,-6.485500,-6.409200,-6.409200,-6.332900,-6.332900,-6.104000,-6.409200,-6.256600,-6.180300,-6.180300,-5.951400,-6.104000,-6.256600,-6.104000,-6.104000,-6.104000,-6.104000,-6.180300,-6.027700,-6.104000,-6.256600,-6.256600,-6.485500,-6.256600,-6.409200,-6.409200,-6.256600,-6.332900,-6.409200,-6.409200,-6.561800,-6.409200,-6.332900,-6.485500,-6.638100,-6.485500,-6.485500,-6.409200,-6.561800,-6.409200,-6.485500,-6.409200,-6.485500,-6.561800,-6.561800,-6.485500,-6.638100,-6.485500,-6.714400,-6.561800,-6.561800,-6.638100,-6.638100,-6.485500,-6.485500,-6.561800],
	[0.000000,0.000000,0.000000,0.000000,0.000000,0.000000,0.000000,0.000000,0.000000,0.000000,0.000000,0.000000,0.000000,0.000000,0.000000,0.000000,0.000000,0.000000,0.000000,0.000000,0.000000,0.000000,0.000000,0.000000,0.000000,0.000000,0.000000,0.000000,0.000000,0.000000,0.000000,0.000000,0.000000,0.000000,0.000000,0.000000,0.000000,0.000000,0.000000,0.000000,0.000000,0.000000,0.000000,0.000000,0.000000,0.000000,0.000000,0.000000,0.000000,0.000000,0.000000,0.000000,0.000000,0.000000,0.000000,0.000000,0.000000,0.000000,0.000000,0.000000,0.000000,0.000000,0.000000,0.000000,0.000000,0.000000,0.000000,0.000000,0.000000,0.000000,0.000000,0.000000,0.000000,0.000000,0.000000,0.000000,0.000000,0.000000,0.000000,0.000000,0.000000,0.000000,0.000000,0.000000,0.000000,0.000000,0.000000,0.000000,0.000000,0.000000,0.000000,0.000000,0.000000,0.000000,0.000000,0.000000,0.000000,0.000000,0.000000,0.000000,0.000000,0.000000,0.000000,0.000000,0.000000,0.000000,0.000000,0.000000,0.000000,0.000000,0.000000,0.000000,0.000000,0.000000,0.000000,0.000000,0.000000,0.000000,0.000000,0.000000,0.000000,0.000000,0.000000,0.000000,0.000000,0.000000,0.000000,0.000000,0.000000,0.000000,0.000000,0.000000,0.000000,0.000000,0.000000,0.000000,0.000000,0.000000,0.000000,0.000000,0.000000,0.000000,0.000000,0.000000,0.000000,0.000000,0.000000,0.000000,0.000000,0.000000,0.000000,0.000000,0.000000,0.000000,0.000000,0.000000,0.000000,0.000000,0.000000,0.000000,0.000000,0.000000,0.000000,0.000000,0.000000,0.000000,0.000000,0.000000,0.000000,0.000000,0.000000,0.000000,0.000000,0.000000,-7.248499,1.526000,-4.959500,-14.878500,-12.971000,-0.381500,0.000000,-8.392999,-17.930500,-7.630000,1.907500,-3.433500,-15.260000,-13.734000,-1.526000,2.289000,-11.444999,-16.023000,-6.485500,2.289000,-3.815000,-14.878500,-16.023000,-0.381500,2.670500,-9.919000,-18.693500,-8.392999,6.485500,-2.670500,-18.312000,-14.496999,2.670500,3.815000,-12.208000,-20.982500,-2.670500,6.485500,-5.341000,-20.219499,-12.971000,5.341000,0.381500,-14.878500,-14.878500,-2.670500,4.196499,-10.300499,-16.023000,-6.104000,0.000000,-5.341000,-12.208000,-8.774499,-4.578000,-4.959500,-8.011500,-6.867000,-8.011500,-8.774499,-5.341000,-2.289000,-9.537500,-12.971000,-5.341000,0.000000,-6.867000,-15.641500,-9.156000,2.289000,-2.670500,-15.641500,-15.260000,1.526000,1.526000,-14.115500,-17.930500,-1.526000,5.341000,-11.826499,-20.600999,-3.433500],
	[0.000000,0.000000,0.000000,0.000000,0.000000,0.000000,0.000000,0.000000,0.000000,0.000000,0.000000,0.000000,0.000000,0.000000,0.000000,0.000000,0.000000,0.000000,0.000000,0.000000,0.000000,0.000000,0.000000,0.000000,0.000000,0.000000,0.000000,0.000000,0.000000,0.000000,0.000000,0.000000,0.000000,0.000000,0.000000,0.000000,0.000000,0.000000,0.000000,0.000000,0.000000,0.000000,0.000000,0.000000,0.000000,0.000000,0.000000,0.000000,0.000000,0.000000,0.000000,0.000000,0.000000,0.000000,0.000000,0.000000,0.000000,0.000000,0.000000,0.000000,0.000000,0.000000,0.000000,0.000000,0.000000,0.000000,0.000000,0.000000,0.000000,0.000000,0.000000,0.000000,0.000000,0.000000,0.000000,0.000000,0.000000,0.000000,0.000000,0.000000,0.000000,0.000000,0.000000,0.000000,0.000000,0.000000,0.000000,0.000000,0.000000,0.000000,0.000000,0.000000,0.000000,0.000000,0.000000,0.000000,0.000000,0.000000,0.000000,0.000000,0.000000,0.000000,0.000000,0.000000,0.000000,0.000000,0.000000,0.000000,0.000000,0.000000,0.000000,0.000000,0.000000,0.000000,0.000000,0.000000,0.000000,0.000000,0.000000,0.000000,0.000000,0.000000,0.000000,0.000000,0.000000,0.000000,0.000000,0.000000,0.000000,0.000000,0.000000,0.000000,0.000000,0.000000,0.000000,0.000000,0.000000,0.000000,0.000000,0.000000,0.000000,0.000000,0.000000,0.000000,0.000000,0.000000,0.000000,0.000000,0.000000,0.000000,0.000000,0.000000,0.000000,0.000000,0.000000,0.000000,0.000000,0.000000,0.000000,0.000000,0.000000,0.000000,0.000000,0.000000,0.000000,0.000000,0.000000,0.000000,0.000000,0.000000,0.000000,0.000000,0.000000,0.000000,1.144500,-7.248499,-6.867000,-6.867000,-7.248499,-7.248499,-7.248499,-7.248499,-7.248499,-7.248499,-7.248499,-7.248499,-7.248499,-7.248499,-7.248499,-7.248499,-6.867000,-7.248499,-7.248499,-7.248499,-7.248499,-6.867000,-7.248499,-7.248499,-7.248499,-7.248499,-7.248499,-6.867000,-7.248499,-6.867000,-6.867000,-6.867000,-6.867000,-6.867000,-6.867000,-6.485500,-6.867000,-6.867000,-6.867000,-6.867000,-6.867000,-6.867000,-6.867000,-6.867000,-6.867000,-6.485500,-6.867000,-6.867000,-6.867000,-6.867000,-7.248499,-7.248499,-6.867000,-7.248499,-6.485500,-6.867000,-7.248499,-6.867000,-6.867000,-7.248499,-6.867000,-6.867000,-6.867000,-7.248499,-7.248499,-6.867000,-6.867000,-7.248499,-7.248499,-7.248499,-7.248499,-6.867000,-7.248499,-7.248499,-7.248499,-6.867000,-6.867000,-7.248499,-7.248499,-7.248499,-7.248499,-6.867000]
],
"normalized" : [
	[0.000972,0.000972,0.000972,0.000972,0.000972,0.000972,0.000972,0.000972,0.000972,0.000972,0.000972,0.000972,0.000972,0.000972,0.000972,0.000972,0.000972,0.000972,0.000972,0.000972,0.000972,0.000972,0.000972,0.000972,0.000972,0.000972,0.000972,0.000972,0.000972,0.000972,0.000972,0.000972,0.000972,0.000972,0.000972,0.000972,0.000972,0.000972,0.000972,0.000972,0.000972,0.000972,0.000972,0.000972,0.000972,0.000972,0.000972,0.000972,0.000972,0.000972,0.000972,0.000972,0.000972,0.000972,0.000972,0.000972,0.000972,0.000972,0.000972,0.000972,0.000972,0.000972,0.000972,0.000972,0.000972,0.000972,0.000972,0.000972,0.000972,0.000972,0.000972,0.000972,0.000972,0.000972,0.000972,0.000972,0.000972,0.000972,0.000972,0.000972,0.000972,0.000972,0.000972,0.000972,0.000972,0.000972,0.000972,0.000972,0.000972,0.000972,0.000972,0.000972,0.000972,0.000972,0.000972,0.000972,0.000972,0.000972,0.000972,0.000972,0.000972,0.000972,0.000972,0.000972,0.000972,0.000972,0.000972,0.000972,0.000972,0.000972,0.000972,0.000972,0.000972,0.000972,0.000972,0.000972,0.000972,0.000972,0.000972,0.000972,0.000972,0.000972,0.000972,0.000972,0.000972,0.000972,0.000972,0.000972,0.000972,0.000972,0.000972,0.000972,0.000972,0.000972,0.000972,0.000972,0.000972,0.000972,0.000972,0.000972,0.000972,0.000972,0.000972,0.000972,0.000972,0.000972,0.000972,0.000972,0.000972,0.000972,0.000972,0.000972,0.000972,0.000972,0.000972,0.000972,0.000972,0.000972,0.000972,0.000972,0.000972,0.000972,0.000972,0.000972,0.000972,0.000972,0.000972,0.000972,0.000972,0.000972,0.000972,0.000972,0.000972,0.000972,0.475314,2.205497,1.259404,-1.713658,-2.044142,0.725445,2.889794,-0.324328,-3.074476,-0.542059,2.800369,1.516016,-2.427763,-2.486084,2.016278,2.927378,-1.113602,-3.722485,0.274431,3.854030,0.384593,-3.455505,-1.332629,2.979219,2.170504,-2.863225,-2.519781,2.000726,2.840545,-1.227652,-3.191118,0.764326,2.495805,0.258879,-2.124495,-1.116194,1.990358,1.013161,-1.088978,-1.114898,0.264063,0.877079,0.094285,-0.389129,-0.475962,0.035964,0.511602,0.385889,-0.601675,-0.890687,0.372928,1.001497,0.108541,-1.112306,-0.828478,1.142763,0.805798,-0.395609,-1.444087,0.207038,1.465471,0.159086,-1.425942,-1.044913,1.455103,1.478431,-1.370214,-1.786235,0.870599,1.968326,0.023004,-2.804904,-0.168806,2.576158,0.572515,-2.335746,-1.429830,2.543757,1.460287,-2.263169,-1.978046,1.837428],
	[0.000000,0.000000,0.000000,0.000000,0.000000,0.000000,0.000000,0.000000,0.000000,0.000000,0.000000,0.000000,0.000000,0.000000,0.000000,0.000000,0.000000,0.000000,0.000000,0.000000,0.000000,0.000000,0.000000,0.000000,0.000000,0.000000,0.000000,0.000000,0.000000,0.000000,0.000000,0.000000,0.000000,0.000000,0.000000,0.000000,0.000000,0.000000,0.000000,0.000000,0.000000,0.000000,0.000000,0.000000,0.000000,0.000000,0.000000,0.000000,0.000000,0.000000,0.000000,0.000000,0.000000,0.000000,0.000000,0.000000,0.000000,0.000000,0.000000,0.000000,0.000000,0.000000,0.000000,0.000000,0.000000,0.000000,0.000000,0.000000,0.000000,0.000000,0.000000,0.000000,0.000000,0.000000,0.000000,0.000000,0.000000,0.000000,0.000000,0.000000,0.000000,0.000000,0.000000,0.000000,0.000000,0.000000,0.000000,0.000000,0.000000,0.000000,0.000000,0.000000,0.000000,0.000000,0.000000,0.000000,0.000000,0.000000,0.000000,0.000000,0.000000,0.000000,0.000000,0.000000,0.000000,0.000000,0.000000,0.000000,0.000000,0.000000,0.000000,0.000000,0.000000,0.000000,0.000000,0.000000,0.000000,0.000000,0.000000,0.000000,0.000000,0.000000,0.000000,0.000000,0.000000,0.000000,0.000000,0.000000,0.000000,0.000000,0.000000,0.000000,0.000000,0.000000,0.000000,0.000000,0.000000,0.000000,0.000000,0.000000,0.000000,0.000000,0.000000,0.000000,0.000000,0.000000,0.000000,0.000000,0.000000,0.000000,0.000000,0.000000,0.000000,0.000000,0.000000,0.000000,0.000000,0.000000,0.000000,0.000000,0.000000,0.000000,0.000000,0.000000,0.000000,0.000000,0.000000,0.000000,0.000000,0.000000,0.000000,0.000000,0.000000,0.000000,0.000000,0.000000,0.000000,0.000000,0.000000,0.000000,0.000000,0.000000,0.000000,0.000000,0.000000,0.000000,0.000000,0.000000,0.000000,0.000000,0.000000,0.000000,0.000000,0.000000,0.000000,0.000000,0.000000,0.000000,0.000000,0.000000,0.000000,0.000000,0.000000,0.000000,0.000000,0.000000,0.000000,0.000000,0.000000,0.000000,0.000000,0.000000,0.000000,0.000000,0.000000,0.000000,0.000000,0.000000,0.000000,0.000000,0.000000,0.000000,0.000000,0.000000,0.000000,0.000000,0.000000,0.000000,0.000000,0.000000,0.000000,0.000000,0.000000,0.000000,0.000000,0.000000,0.000000,0.000000,0.000000,0.000000,0.000000,0.000000,0.000000,0.000000,0.000000,0.000000,0.000000,0.000000,0.000000,0.000000,0.000000,0.000000,0.000000,0.000000,0.000000,0.000000],
	[0.682184,0.682184,0.682184,0.682184,0.682184,0.682184,0.682184,0.682184,0.682184,0.682184,0.682184,0.682184,0.682184,0.682184,0.682184,0.682184,0.682184,0.682184,0.682184,0.682184,0.682184,0.682184,0.682184,0.682184,0.682184,0.682184,0.682184,0.682184,0.682184,0.682184,0.682184,0.682184,0.682184,0.682184,0.682184,0.682184,0.682184,0.682184,0.682184,0.682184,0.682184,0.682184,0.682184,0.682184,0.682184,0.682184,0.682184,0.682184,0.682184,0.682184,0.682184,0.682184,0.682184,0.682184,0.682184,0.682184,0.682184,0.682184,0.682184,0.682184,0.682184,0.682184,0.682184,0.682184,0.682184,0.682184,0.682184,0.682184,0.682184,0.682184,0.682184,0.682184,0.682184,0.682184,0.682184,0.682184,0.682184,0.682184,0.682184,0.682184,0.682184,0.682184,0.682184,0.682184,0.682184,0.682184,0.682184,0.682184,0.682184,0.682184,0.682184,0.682184,0.682184,0.682184,0.682184,0.682184,0.682184,0.682184,0.682184,0.682184,0.682184,0.682184,0.682184,0.682184,0.682184,0.682184,0.682184,0.682184,0.682184,0.682184,0.682184,0.682184,0.682184,0.682184,0.682184,0.682184,0.682184,0.682184,0.682184,0.682184,0.682184,0.682184,0.682184,0.682184,0.682184,0.682184,0.682184,0.682184,0.682184,0.682184,0.682184,0.682184,0.682184,0.682184,0.682184,0.682184,0.682184,0.682184,0.682184,0.682184,0.682184,0.682184,0.682184,0.682184,0.682184,0.682184,0.682184,0.682184,0.682184,0.682184,0.682184,0.682184,0.682184,0.682184,0.682184,0.682184,0.682184,0.682184,0.682184,0.682184,0.682184,0.682184,0.682184,0.682184,0.682184,0.682184,0.682184,0.682184,0.682184,0.682184,0.682184,0.682184,0.682184,0.682184,0.248709,-1.536184,-1.536184,-1.485187,-1.536184,-1.536184,-1.510685,-1.510685,-1.434190,-1.536184,-1.536184,-1.561682,-1.485187,-1.510685,-1.485187,-1.510685,-1.510685,-1.510685,-1.536184,-1.485187,-1.536184,-1.510685,-1.510685,-1.510685,-1.485187,-1.485187,-1.485187,-1.459688,-1.459688,-1.434190,-1.434190,-1.357694,-1.459688,-1.408691,-1.383193,-1.383193,-1.306697,-1.357694,-1.408691,-1.357694,-1.357694,-1.357694,-1.357694,-1.383193,-1.332196,-1.357694,-1.408691,-1.408691,-1.485187,-1.408691,-1.459688,-1.459688,-1.408691,-1.434190,-1.459688,-1.459688,-1.510685,-1.459688,-1.434190,-1.485187,-1.536184,-1.485187,-1.485187,-1.459688,-1.510685,-1.459688,-1.485187,-1.459688,-1.485187,-1.510685,-1.510685,-1.485187,-1.536184,-1.485187,-1.561682,-1.510685,-1.510685,-1.536184,-1.536184,-1.485187,-1.485187,-1.510685],
	[0.425807,0.425807,0.425807,0.425807,0.425807,0.425807,0.425807,0.425807,0.425807,0.425807,0.425807,0.425807,0.425807,0.425807,0.425807,0.425807,0.425807,0.425807,0.425807,0.425807,0.425807,0.425807,0.425807,0.425807,0.425807,0.425807,0.425807,0.425807,0.425807,0.425807,0.425807,0.425807,0.425807,0.425807,0.425807,0.425807,0.425807,0.425807,0.425807,0.425807,0.425807,0.425807,0.425807,0.425807,0.425807,0.425807,0.425807,0.425807,0.425807,0.425807,0.425807,0.425807,0.425807,0.425807,0.425807,0.425807,0.425807,0.425807,0.425807,0.425807,0.425807,0.425807,0.425807,0.425807,0.425807,0.425807,0.425807,0.425807,0.425807,0.425807,0.425807,0.425807,0.425807,0.425807,0.425807,0.425807,0.425807,0.425807,0.425807,0.425807,0.425807,0.425807,0.425807,0.425807,0.425807,0.425807,0.425807,0.425807,0.425807,0.425807,0.425807,0.425807,0.425807,0.425807,0.425807,0.425807,0.425807,0.425807,0.425807,0.425807,0.425807,0.425807,0.425807,0.425807,0.425807,0.425807,0.425807,0.425807,0.425807,0.425807,0.425807,0.425807,0.425807,0.425807,0.425807,0.425807,0.425807,0.425807,0.425807,0.425807,0.425807,0.425807,0.425807,0.425807,0.425807,0.425807,0.425807,0.425807,0.425807,0.425807,0.425807,0.425807,0.425807,0.425807,0.425807,0.425807,0.425807,0.425807,0.425807,0.425807,0.425807,0.425807,0.425807,0.425807,0.425807,0.425807,0.425807,0.425807,0.425807,0.425807,0.425807,0.425807,0.425807,0.425807,0.425807,0.425807,0.425807,0.425807,0.425807,0.425807,0.425807,0.425807,0.425807,0.425807,0.425807,0.425807,0.425807,0.425807,0.425807,0.425807,0.425807,0.425807,0.425807,0.425807,-0.945799,0.714566,-0.512660,-2.389595,-2.028646,0.353617,0.425807,-1.162368,-2.967113,-1.017989,0.786756,-0.223901,-2.461785,-2.173025,0.137047,0.858945,-1.739887,-2.606164,-0.801419,0.858945,-0.296090,-2.389595,-2.606164,0.353617,0.931135,-1.451127,-3.111493,-1.162368,1.653033,-0.079521,-3.039303,-2.317405,0.931135,1.147705,-1.884266,-3.544632,-0.079521,1.653033,-0.584850,-3.400252,-2.028646,1.436464,0.497996,-2.389595,-2.389595,-0.079521,1.219894,-1.523317,-2.606164,-0.729229,0.425807,-0.584850,-1.884266,-1.234558,-0.440470,-0.512660,-1.090178,-0.873609,-1.090178,-1.234558,-0.584850,-0.007331,-1.378938,-2.028646,-0.584850,0.425807,-0.873609,-2.533975,-1.306748,0.858945,-0.079521,-2.533975,-2.461785,0.714566,0.714566,-2.245215,-2.967113,0.137047,1.436464,-1.812076,-3.472442,-0.223901],
	[0.677713,0.677713,0.677713,0.677713,0.677713,0.677713,0.677713,0.677713,0.677713,0.677713,0.677713,0.677713,0.677713,0.677713,0.677713,0.677713,0.677713,0.677713,0.677713,0.677713,0.677713,0.677713,0.677713,0.677713,0.677713,0.677713,0.677713,0.677713,0.677713,0.677713,0.677713,0.677713,0.677713,0.677713,0.677713,0.677713,0.677713,0.677713,0.677713,0.677713,0.677713,0.677713,0.677713,0.677713,0.677713,0.677713,0.677713,0.677713,0.677713,0.677713,0.677713,0.677713,0.677713,0.677713,0.677713,0.677713,0.677713,0.677713,0.677713,0.677713,0.677713,0.677713,0.677713,0.677713,0.677713,0.677713,0.677713,0.677713,0.677713,0.677713,0.677713,0.677713,0.677713,0.677713,0.677713,0.677713,0.677713,0.677713,0.677713,0.677713,0.677713,0.677713,0.677713,0.677713,0.677713,0.677713,0.677713,0.677713,0.677713,0.677713,0.677713,0.677713,0.677713,0.677713,0.677713,0.677713,0.677713,0.677713,0.677713,0.677713,0.677713,0.677713,0.677713,0.677713,0.677713,0.677713,0.677713,0.677713,0.677713,0.677713,0.677713,0.677713,0.677713,0.677713,0.677713,0.677713,0.677713,0.677713,0.677713,0.677713,0.677713,0.677713,0.677713,0.677713,0.677713,0.677713,0.677713,0.677713,0.677713,0.677713,0.677713,0.677713,0.677713,0.677713,0.677713,0.677713,0.677713,0.677713,0.677713,0.677713,0.677713,0.677713,0.677713,0.677713,0.677713,0.677713,0.677713,0.677713,0.677713,0.677713,0.677713,0.677713,0.677713,0.677713,0.677713,0.677713,0.677713,0.677713,0.677713,0.677713,0.677713,0.677713,0.677713,0.677713,0.677713,0.677713,0.677713,0.677713,0.677713,0.677713,0.677713,0.677713,0.677713,0.677713,1.026330,-1.530189,-1.413984,-1.413984,-1.530189,-1.530189,-1.530189,-1.530189,-1.530189,-1.530189,-1.530189,-1.530189,-1.530189,-1.530189,-1.530189,-1.530189,-1.413984,-1.530189,-1.530189,-1.530189,-1.530189,-1.413984,-1.530189,-1.530189,-1.530189,-1.530189,-1.530189,-1.413984,-1.530189,-1.413984,-1.413984,-1.413984,-1.413984,-1.413984,-1.413984,-1.297778,-1.413984,-1.413984,-1.413984,-1.413984,-1.413984,-1.413984,-1.413984,-1.413984,-1.413984,-1.297778,-1.413984,-1.413984,-1.413984,-1.413984,-1.530189,-1.530189,-1.413984,-1.530189,-1.297778,-1.413984,-1.530189,-1.413984,-1.413984,-1.530189,-1.413984,-1.413984,-1.413984,-1.530189,-1.530189,-1.413984,-1.413984,-1.530189,-1.530189,-1.530189,-1.530189,-1.413984,-1.530189,-1.530189,-1.530189,-1.413984,-1.413984,-1.530189,-1.530189,-1.530189,-1.530189,-1.413984]
],
"cwt" : [
	[0.564079,0.328189,0.160831,0.065500,0.021916,0.005882,0.001222,0.000305,0.000123,0.000134,0.000081,0.000124,0.000067,0.000114,0.000057,0.000104,0.000050,0.000096,0.000044,0.000089,0.000039,0.000083,0.000036,0.000078,0.000033,0.000073,0.000031,0.000069,0.000029,0.000065,0.000027,0.000061,0.000026,0.000058,0.000025,0.000056,0.000024,0.000053,0.000023,0.000051,0.000022,0.000048,0.000022,0.000047,0.000021,0.000045,0.000021,0.000043,0.000020,0.000042,0.000020,0.000040,0.000020,0.000039,0.000019,0.000038,0.000019,0.000037,0.000019,0.000036,0.000019,0.000035,0.000019,0.000034,0.000019,0.000033,0.000018,0.000032,0.000018,0.000032,0.000018,0.000031,0.000018,0.000030,0.000018,0.000030,0.000018,0.000029,0.000018,0.000029,0.000018,0.000028,0.000018,0.000028,0.000018,0.000028,0.000019,0.000027,0.000019,0.000027,0.000019,0.000027,0.000019,0.000027,0.000019,0.000026,0.000019,0.000027,0.000019,0.000026,0.000020,0.000027,0.000020,0.000026,0.000020,0.000027,0.000021,0.000027,0.000021,0.000027,0.000021,0.000027,0.000022,0.000027,0.000022,0.000028,0.000023,0.000028,0.000023,0.000029,0.000024,0.000029,0.000025,0.000030,0.000025,0.000031,0.000026,0.000032,0.000027,0.000033,0.000029,0.000034,0.000030,0.000036,0.000031,0.000037,0.000033,0.000039,0.000035,0.000042,0.000037,0.000044,0.000040,0.000047,0.000043,0.000051,0.000046,0.000055,0.000050,0.000060,0.000055,0.000066,0.000061,0.000073,0.000068,0.000081,0.000076,0.000092,0.000087,0.000105,0.000100,0.000121,0.000116,0.000142,0.000138,0.000175,0.000130,0.000288,0.002172,0.008620,0.027988,0.077043,0.176429,0.336162,0.541294,0.754365,0.938316,1.080223,1.191618,1.287330,1.369392,1.430637,1.467742,1.488421,1.507044,1.534463,1.572248,1.615865,1.661873,1.710515,1.761145,1.806796,1.835962,1.841079,1.825289,1.801321,1.782953,1.775038,1.770543,1.757822,1.731173,1.693682,1.649323,1.594365,1.520170,1.425155,1.321700,1.228396,1.152881,1.083548,1.000867,0.894888,0.771388,0.644555,0.525624,0.419112,0.328612,0.262700,0.232963,0.242949,0.282162,0.335657,0.390690,0.438175,0.475406,0.507290,0.540736,0.575176,0.602317,0.617637,0.628137,0.645220,0.671670,0.701183,0.729964,0.763297,0.809288,0.867789,0.928380,0.978972,1.014741,1.041735,1.074003,1.123008,1.185522,1.244465,1.284445,1.305294,1.319963,1.339749,1.362111,1.370710,1.341233,1.247520,1.073675,0.831251],
	[0.000000,0.000000,0.000000,0.000000,0.000000,0.000000,0.000000,0.000000,0.000000,0.000000,0.000000,0.000000,0.000000,0.000000,0.000000,0.000000,0.000000,0.000000,0.000000,0.000000,0.000000,0.000000,0.000000,0.000000,0.000000,0.000000,0.000000,0.000000,0.000000,0.000000,0.000000,0.000000,0.000000,0.000000,0.000000,0.000000,0.000000,0.000000,0.000000,0.000000,0.000000,0.000000,0.000000,0.000000,0.000000,0.000000,0.000000,0.000000,0.000000,0.000000,0.000000,0.000000,0.000000,0.000000,0.000000,0.000000,0.000000,0.000000,0.000000,0.000000,0.000000,0.000000,0.000000,0.000000,0.000000,0.000000,0.000000,0.000000,0.000000,0.000000,0.000000,0.000000,0.000000,0.000000,0.000000,0.000000,0.000000,0.000000,0.000000,0.000000,0.000000,0.000000,0.000000,0.000000,0.000000,0.000000,0.000000,0.000000,0.000000,0.000000,0.000000,0.000000,0.000000,0.000000,0.000000,0.000000,0.000000,0.000000,0.000000,0.000000,0.000000,0.000000,0.000000,0.000000,0.000000,0.000000,0.000000,0.000000,0.000000,0.000000,0.000000,0.000000,0.000000,0.000000,0.000000,0.000000,0.000000,0.000000,0.000000,0.000000,0.000000,0.000000,0.000000,0.000000,0.000000,0.000000,0.000000,0.000000,0.000000,0.000000,0.000000,0.000000,0.000000,0.000000,0.000000,0.000000,0.000000,0.000000,0.000000,0.000000,0.000000,0.000000,0.000000,0.000000,0.000000,0.000000,0.000000,0.000000,0.000000,0.000000,0.000000,0.000000,0.000000,0.000000,0.000000,0.000000,0.000000,0.000000,0.000000,0.000000,0.000000,0.000000,0.000000,0.000000,0.000000,0.000000,0.000000,0.000000,0.000000,0.000000,0.000000,0.000000,0.000000,0.000000,0.000000,0.000000,0.000000,0.000000,0.000000,0.000000,0.000000,0.000000,0.000000,0.000000,0.000000,0.000000,0.000000,0.000000,0.000000,0.000000,0.000000,0.000000,0.000000,0.000000,0.000000,0.000000,0.000000,0.000000,0.000000,0.000000,0.000000,0.000000,0.000000,0.000000,0.000000,0.000000,0.000000,0.000000,0.000000,0.000000,0.000000,0.000000,0.000000,0.000000,0.000000,0.000000,0.000000,0.000000,0.000000,0.000000,0.000000,0.000000,0.000000,0.000000,0.000000,0.000000,0.000000,0.000000,0.000000,0.000000,0.000000,0.000000,0.000000,0.000000,0.000000,0.000000,0.000000,0.000000,0.000000,0.000000,0.000000,0.000000,0.000000,0.000000,0.000000,0.000000,0.000000,0.000000,0.000000,0.000000,0.000000,0.000000,0.000000,0.000000,0.000000,0.000000],
	[0.341827,0.251770,0.137338,0.061143,0.029084,0.012799,0.005964,0.006221,0.006235,0.006013,0.005816,0.005630,0.005469,0.005306,0.005170,0.005027,0.004910,0.004786,0.004683,0.004574,0.004484,0.004388,0.004307,0.004222,0.004149,0.004074,0.004007,0.003941,0.003879,0.003821,0.003763,0.003712,0.003658,0.003613,0.003563,0.003523,0.003475,0.003441,0.003395,0.003365,0.003322,0.003295,0.003254,0.003232,0.003192,0.003173,0.003135,0.003119,0.003083,0.003070,0.003034,0.003024,0.002990,0.002982,0.002949,0.002944,0.002912,0.002909,0.002877,0.002876,0.002846,0.002847,0.002818,0.002820,0.002792,0.002796,0.002769,0.002775,0.002748,0.002756,0.002730,0.002739,0.002713,0.002724,0.002699,0.002711,0.002687,0.002700,0.002678,0.002692,0.002670,0.002685,0.002664,0.002681,0.002660,0.002678,0.002658,0.002677,0.002659,0.002678,0.002661,0.002681,0.002665,0.002686,0.002671,0.002693,0.002679,0.002702,0.002689,0.002713,0.002701,0.002726,0.002715,0.002741,0.002732,0.002758,0.002750,0.002778,0.002772,0.002800,0.002795,0.002824,0.002821,0.002851,0.002850,0.002881,0.002882,0.002914,0.002916,0.002949,0.002954,0.002988,0.002995,0.003031,0.003040,0.003077,0.003089,0.003127,0.003142,0.003182,0.003200,0.003241,0.003262,0.003305,0.003330,0.003376,0.003405,0.003452,0.003486,0.003536,0.003574,0.003627,0.003671,0.003728,0.003777,0.003838,0.003894,0.003960,0.004023,0.004095,0.004167,0.004245,0.004327,0.004413,0.004507,0.004602,0.004710,0.004817,0.004941,0.005063,0.005205,0.005346,0.005510,0.005676,0.005866,0.006067,0.006245,0.006157,0.007297,0.014557,0.027300,0.057695,0.130818,0.232530,0.306945,0.301582,0.218451,0.114904,0.051929,0.033294,0.021698,0.010591,0.013832,0.024824,0.026027,0.017203,0.004577,0.005694,0.008976,0.008642,0.008410,0.010366,0.007679,0.003276,0.009690,0.009271,0.007211,0.007129,0.004134,0.006944,0.008279,0.005022,0.008480,0.012498,0.008997,0.010557,0.018041,0.015927,0.010936,0.010837,0.011168,0.018858,0.021903,0.014756,0.004424,0.006726,0.012529,0.013594,0.008105,0.006422,0.010737,0.014416,0.013769,0.003638,0.009818,0.014890,0.008634,0.003465,0.007258,0.013429,0.020615,0.019238,0.013497,0.019577,0.024312,0.019001,0.007369,0.006444,0.012786,0.011862,0.007776,0.002184,0.007204,0.013984,0.012301,0.006338,0.005362,0.007273,0.015160,0.013181,0.006283,0.024773,0.051703,0.129489,0.249679,0.342011],
	[0.533025,0.284498,0.122886,0.047498,0.018229,0.005804,0.003665,0.004055,0.003962,0.003820,0.003684,0.003574,0.003457,0.003364,0.003263,0.003182,0.003097,0.003024,0.002952,0.002886,0.002826,0.002763,0.002714,0.002655,0.002615,0.002558,0.002526,0.002470,0.002446,0.002391,0.002374,0.002320,0.002309,0.002255,0.002249,0.002196,0.002195,0.002142,0.002146,0.002092,0.002101,0.002046,0.002059,0.002004,0.002021,0.001966,0.001986,0.001930,0.001954,0.001898,0.001924,0.001868,0.001897,0.001840,0.001872,0.001815,0.001849,0.001791,0.001828,0.001770,0.001809,0.001751,0.001792,0.001733,0.001776,0.001717,0.001762,0.001703,0.001749,0.001690,0.001738,0.001679,0.001727,0.001669,0.001719,0.001661,0.001712,0.001653,0.001706,0.001648,0.001701,0.001643,0.001697,0.001640,0.001694,0.001638,0.001693,0.001638,0.001693,0.001638,0.001694,0.001640,0.001696,0.001643,0.001699,0.001648,0.001704,0.001653,0.001710,0.001660,0.001717,0.001669,0.001725,0.001679,0.001735,0.001690,0.001746,0.001703,0.001758,0.001717,0.001772,0.001733,0.001787,0.001750,0.001804,0.001770,0.001823,0.001791,0.001843,0.001814,0.001865,0.001839,0.001890,0.001867,0.001916,0.001897,0.001945,0.001930,0.001977,0.001965,0.002011,0.002003,0.002048,0.002045,0.002089,0.002091,0.002133,0.002140,0.002182,0.002194,0.002235,0.002253,0.002293,0.002318,0.002357,0.002389,0.002427,0.002468,0.002505,0.002554,0.002592,0.002651,0.002689,0.002758,0.002798,0.002879,0.002922,0.003016,0.003064,0.003172,0.003227,0.003350,0.003417,0.003556,0.003644,0.003799,0.003751,0.003788,0.008092,0.016572,0.034671,0.082171,0.150459,0.214187,0.298242,0.449419,0.620786,0.740525,0.793006,0.811419,0.831997,0.862081,0.885847,0.892807,0.891730,0.894610,0.901647,0.907988,0.913544,0.918786,0.916252,0.899437,0.878479,0.874631,0.898830,0.941336,0.983009,1.015106,1.044734,1.080852,1.122224,1.160868,1.191965,1.214560,1.226683,1.230168,1.236361,1.256159,1.284168,1.302165,1.301378,1.292202,1.286889,1.280924,1.258849,1.214483,1.157078,1.099687,1.050588,1.011745,0.977044,0.932269,0.863551,0.772361,0.675498,0.585433,0.498152,0.404519,0.305116,0.206667,0.108106,0.007754,0.116920,0.230756,0.332943,0.426094,0.511936,0.582942,0.636890,0.686593,0.744947,0.807818,0.862928,0.910492,0.961814,1.018125,1.065658,1.097028,1.123859,1.157872,1.191524,1.209140,1.201647,1.153236,1.028716,0.808554],
	[0.330501,0.241924,0.131355,0.058548,0.028115,0.012444,0.005930,0.006190,0.006194,0.005974,0.005779,0.005594,0.005434,0.005273,0.005137,0.004997,0.004879,0.004757,0.004653,0.004548,0.004454,0.004363,0.004278,0.004199,0.004121,0.004052,0.003980,0.003920,0.003853,0.003801,0.003738,0.003693,0.003633,0.003595,0.003538,0.003505,0.003451,0.003423,0.003371,0.003348,0.003298,0.003280,0.003231,0.003216,0.003169,0.003158,0.003112,0.003105,0.003059,0.003056,0.003011,0.003010,0.002967,0.002969,0.002926,0.002931,0.002889,0.002896,0.002855,0.002864,0.002823,0.002834,0.002795,0.002808,0.002769,0.002784,0.002746,0.002763,0.002725,0.002743,0.002707,0.002727,0.002691,0.002712,0.002677,0.002699,0.002665,0.002688,0.002655,0.002680,0.002647,0.002673,0.002641,0.002668,0.002637,0.002665,0.002635,0.002665,0.002635,0.002665,0.002637,0.002668,0.002641,0.002673,0.002647,0.002680,0.002655,0.002688,0.002665,0.002699,0.002677,0.002712,0.002691,0.002726,0.002707,0.002743,0.002726,0.002762,0.002747,0.002784,0.002770,0.002808,0.002796,0.002834,0.002824,0.002863,0.002856,0.002895,0.002890,0.002930,0.002928,0.002968,0.002968,0.003010,0.003013,0.003055,0.003061,0.003104,0.003113,0.003157,0.003170,0.003215,0.003232,0.003278,0.003300,0.003347,0.003373,0.003422,0.003453,0.003503,0.003540,0.003593,0.003635,0.003690,0.003740,0.003798,0.003855,0.003917,0.003982,0.004048,0.004123,0.004194,0.004280,0.004357,0.004455,0.004541,0.004653,0.004750,0.004878,0.004988,0.005134,0.005262,0.005429,0.005582,0.005770,0.005958,0.006221,0.006265,0.004898,0.012620,0.034437,0.073353,0.156889,0.282842,0.383189,0.383377,0.279787,0.146245,0.062781,0.034193,0.013932,0.005658,0.009328,0.009044,0.008668,0.007327,0.005934,0.014180,0.020996,0.017671,0.015899,0.023685,0.025282,0.023114,0.018343,0.016063,0.021558,0.018048,0.009508,0.013684,0.010122,0.007992,0.017520,0.014629,0.005596,0.008417,0.013955,0.020138,0.019706,0.016555,0.020761,0.019772,0.010373,0.002783,0.004982,0.002830,0.010501,0.019736,0.020454,0.016474,0.021219,0.022506,0.015318,0.019177,0.027151,0.020168,0.012984,0.024626,0.028480,0.035125,0.039098,0.026807,0.018350,0.030531,0.032178,0.025951,0.029271,0.040690,0.044468,0.035594,0.025984,0.026066,0.024322,0.023987,0.024614,0.019123,0.024784,0.036923,0.040013,0.030357,0.016832,0.018173,0.041399,0.125565,0.245374,0.333334]
],
"envelope_edge" : [
	[0.012146,0.011526,0.010466,0.009323,0.008324,0.007536,0.006926,0.006445,0.006049,0.005712,0.005418,0.005157,0.004923,0.004710,0.004516,0.004337,0.004171,0.004016,0.003872,0.003736,0.003608,0.003487,0.003372,0.003263,0.003159,0.003060,0.002965,0.002873,0.002785,0.002701,0.002619,0.002540,0.002464,0.002391,0.002319,0.002250,0.002182,0.002116,0.002053,0.001990,0.001930,0.001870,0.001812,0.001755,0.001700,0.001645,0.001592,0.001539,0.001488,0.001437,0.001387,0.001338,0.001290,0.001243,0.001196,0.001150,0.001104,0.001059,0.001015,0.000971,0.000927,0.000884,0.000842,0.000800,0.000758,0.000716,0.000676,0.000635,0.000594,0.000554,0.000514,0.000474,0.000435,0.000395,0.000356,0.000317,0.000279,0.000240,0.000201,0.000163,0.000125,0.000086,0.000048,0.000010,-0.000028,-0.000066,-0.000104,-0.000142,-0.000181,-0.000219,-0.000258,-0.000296,-0.000335,-0.000374,-0.000413,-0.000452,-0.000491,-0.000531,-0.000570,-0.000610,-0.000650,-0.000691,-0.000731,-0.000772,-0.000814,-0.000855,-0.000897,-0.000940,-0.000982,-0.001026,-0.001069,-0.001114,-0.001158,-0.001204,-0.001249,-0.001296,-0.001343,-0.001391,-0.001439,-0.001488,-0.001538,-0.001589,-0.001641,-0.001693,-0.001747,-0.001801,-0.001857,-0.001913,-0.001971,-0.002030,-0.002091,-0.002152,-0.002216,-0.002281,-0.002347,-0.002415,-0.002485,-0.002557,-0.002631,-0.002708,-0.002787,-0.002868,-0.002952,-0.003039,-0.003129,-0.003223,-0.003320,-0.003421,-0.003526,-0.003636,-0.003751,-0.003871,-0.003998,-0.004131,-0.004271,-0.004420,-0.004577,-0.004745,-0.004924,-0.005115,-0.005322,-0.005546,-0.005790,-0.006059,-0.006356,-0.006689,-0.007068,-0.007513,-0.008048,-0.008710,-0.009547,-0.010570,-0.011675,-0.012626,-0.013151,-0.013121,-0.012648,-0.011980,-0.011294,-0.010604,-0.009862,-0.009074,-0.008326,-0.007710,-0.007245,-0.006869,-0.006500,-0.006091,-0.005637,-0.005131,-0.004536,-0.003811,-0.002970,-0.002102,-0.001317,-0.000675,-0.000138,0.000393,0.001006,0.001705,0.002427,0.003124,0.003809,0.004513,0.005203,0.005772,0.006130,0.006304,0.006439,0.006659,0.006955,0.007200,0.007261,0.007085,0.006698,0.006137,0.005406,0.004511,0.003522,0.002585,0.001824,0.001280,0.000936,0.000736,0.000601,0.000471,0.000357,0.000308,0.000328,0.000343,0.000280,0.000152,0.000035,-0.000038,-0.000105,-0.000202,-0.000291,-0.000284,-0.000124,0.000156,0.000470,0.000725,0.000903,0.001094,0.001437,0.001992,0.002687,0.003396,0.004069,0.004781,0.005663,0.006808,0.008215,0.009757,0.011152,0.012033],
	[0.000000,0.000000,0.000000,0.000000,0.000000,0.000000,0.000000,0.000000,0.000000,0.000000,0.000000,0.000000,0.000000,0.000000,0.000000,0.000000,0.000000,0.000000,0.000000,0.000000,0.000000,0.000000,0.000000,0.000000,0.000000,0.000000,0.000000,0.000000,0.000000,0.000000,0.000000,0.000000,0.000000,0.000000,0.000000,0.000000,0.000000,0.000000,0.000000,0.000000,0.000000,0.000000,0.000000,0.000000,0.000000,0.000000,0.000000,0.000000,0.000000,0.000000,0.000000,0.000000,0.000000,0.000000,0.000000,0.000000,0.000000,0.000000,0.000000,0.000000,0.000000,0.000000,0.000000,0.000000,0.000000,0.000000,0.000000,0.000000,0.000000,0.000000,0.000000,0.000000,0.000000,0.000000,0.000000,0.000000,0.000000,0.000000,0.000000,0.000000,0.000000,0.000000,0.000000,0.000000,0.000000,0.000000,0.000000,0.000000,0.000000,0.000000,0.000000,0.000000,0.000000,0.000000,0.000000,0.000000,0.000000,0.000000,0.000000,0.000000,0.000000,0.000000,0.000000,0.000000,0.000000,0.000000,0.000000,0.000000,0.000000,0.000000,0.000000,0.000000,0.000000,0.000000,0.000000,0.000000,0.000000,0.000000,0.000000,0.000000,0.000000,0.000000,0.000000,0.000000,0.000000,0.000000,0.000000,0.000000,0.000000,0.000000,0.000000,0.000000,0.000000,0.000000,0.000000,0.000000,0.000000,0.000000,0.000000,0.000000,0.000000,0.000000,0.000000,0.000000,0.000000,0.000000,0.000000,0.000000,0.000000,0.000000,0.000000,0.000000,0.000000,0.000000,0.000000,0.000000,0.000000,0.000000,0.000000,0.000000,0.000000,0.000000,0.000000,0.000000,0.000000,0.000000,0.000000,0.000000,0.000000,0.000000,0.000000,0.000000,0.000000,0.000000,0.000000,0.000000,0.000000,0.000000,0.000000,0.000000,0.000000,0.000000,0.000000,0.000000,0.000000,0.000000,0.000000,0.000000,0.000000,0.000000,0.000000,0.000000,0.000000,0.000000,0.000000,0.000000,0.000000,0.000000,0.000000,0.000000,0.000000,0.000000,0.000000,0.000000,0.000000,0.000000,0.000000,0.000000,0.000000,0.000000,0.000000,0.000000,0.000000,0.000000,0.000000,0.000000,0.000000,0.000000,0.000000,0.000000,0.000000,0.000000,0.000000,0.000000,0.000000,0.000000,0.000000,0.000000,0.000000,0.000000,0.000000,0.000000,0.000000,0.000000,0.000000,0.000000,0.000000,0.000000,0.000000,0.000000,0.000000,0.000000,0.000000,0.000000,0.000000,0.000000,0.000000,0.000000,0.000000,0.000000,0.000000,0.000000,0.000000,0.000000,0.000000,0.000000],
	[0.000640,0.001494,0.001692,0.001432,0.001139,0.000924,0.000741,0.000618,0.000546,0.000487,0.000443,0.000405,0.000376,0.000348,0.000327,0.000306,0.000290,0.000273,0.000260,0.000247,0.000236,0.000225,0.000216,0.000206,0.000199,0.000190,0.000183,0.000176,0.000170,0.000164,0.000158,0.000152,0.000148,0.000142,0.000138,0.000133,0.000129,0.000125,0.000121,0.000117,0.000113,0.000109,0.000106,0.000102,0.000099,0.000096,0.000093,0.000090,0.000087,0.000084,0.000081,0.000078,0.000076,0.000073,0.000071,0.000068,0.000066,0.000063,0.000061,0.000058,0.000056,0.000054,0.000052,0.000049,0.000047,0.000045,0.000043,0.000041,0.000039,0.000037,0.000035,0.000032,0.000030,0.000028,0.000027,0.000024,0.000023,0.000021,0.000019,0.000017,0.000015,0.000013,0.000011,0.000009,0.000007,0.000005,0.000004,0.000002,0.000000,-0.000001,-0.000003,-0.000005,-0.000007,-0.000009,-0.000011,-0.000013,-0.000014,-0.000016,-0.000018,-0.000020,-0.000022,-0.000024,-0.000026,-0.000028,-0.000030,-0.000032,-0.000034,-0.000036,-0.000038,-0.000040,-0.000042,-0.000045,-0.000047,-0.000049,-0.000051,-0.000053,-0.000056,-0.000058,-0.000060,-0.000063,-0.000065,-0.000068,-0.000070,-0.000073,-0.000076,-0.000078,-0.000081,-0.000084,-0.000087,-0.000090,-0.000093,-0.000096,-0.000099,-0.000103,-0.000106,-0.000110,-0.000114,-0.000117,-0.000121,-0.000125,-0.000130,-0.000134,-0.000139,-0.000144,-0.000149,-0.000154,-0.000160,-0.000166,-0.000173,-0.000180,-0.000187,-0.000195,-0.000203,-0.000212,-0.000222,-0.000233,-0.000245,-0.000257,-0.000272,-0.000288,-0.000307,-0.000327,-0.000352,-0.000380,-0.000414,-0.000456,-0.000509,-0.000581,-0.000697,-0.000850,-0.001041,-0.001328,-0.001542,-0.001316,-0.000531,0.000503,0.001233,0.001359,0.001067,0.000807,0.000674,0.000520,0.000358,0.000323,0.000366,0.000398,0.000334,0.000235,0.000215,0.000197,0.000175,0.000161,0.000177,0.000121,0.000091,0.000119,0.000099,0.000097,0.000072,0.000038,0.000052,0.000032,-0.000008,0.000012,0.000017,-0.000028,-0.000014,0.000040,0.000024,0.000005,-0.000028,-0.000036,0.000030,0.000084,0.000046,-0.000029,-0.000027,0.000000,0.000013,-0.000041,-0.000056,-0.000052,0.000004,-0.000027,-0.000098,-0.000050,-0.000027,-0.000078,-0.000138,-0.000155,-0.000136,-0.000075,-0.000103,-0.000135,-0.000083,-0.000020,-0.000039,-0.000128,-0.000139,-0.000120,-0.000125,-0.000180,-0.000260,-0.000255,-0.000238,-0.000272,-0.000353,-0.000433,-0.000505,-0.000517,-0.000729,-0.000982,-0.001283,-0.001611,-0.001420,-0.000552],
	[0.010854,0.010258,0.009112,0.007985,0.007097,0.006427,0.005888,0.005488,0.005145,0.004866,0.004608,0.004392,0.004187,0.004012,0.003841,0.003694,0.003548,0.003423,0.003295,0.003186,0.003073,0.002975,0.002874,0.002786,0.002695,0.002615,0.002531,0.002458,0.002381,0.002314,0.002242,0.002180,0.002113,0.002054,0.001991,0.001937,0.001877,0.001826,0.001770,0.001721,0.001668,0.001621,0.001570,0.001526,0.001477,0.001435,0.001388,0.001347,0.001303,0.001263,0.001220,0.001182,0.001140,0.001103,0.001063,0.001027,0.000988,0.000953,0.000915,0.000880,0.000843,0.000810,0.000774,0.000741,0.000705,0.000673,0.000639,0.000607,0.000573,0.000542,0.000508,0.000477,0.000444,0.000414,0.000381,0.000351,0.000318,0.000288,0.000256,0.000227,0.000195,0.000165,0.000134,0.000104,0.000073,0.000043,0.000012,-0.000017,-0.000048,-0.000078,-0.000109,-0.000139,-0.000170,-0.000200,-0.000231,-0.000261,-0.000293,-0.000323,-0.000355,-0.000386,-0.000417,-0.000449,-0.000481,-0.000512,-0.000545,-0.000577,-0.000610,-0.000642,-0.000676,-0.000709,-0.000743,-0.000777,-0.000811,-0.000846,-0.000881,-0.000917,-0.000953,-0.000989,-0.001026,-0.001063,-0.001101,-0.001140,-0.001179,-0.001219,-0.001259,-0.001300,-0.001341,-0.001384,-0.001427,-0.001472,-0.001516,-0.001563,-0.001609,-0.001658,-0.001706,-0.001757,-0.001808,-0.001862,-0.001915,-0.001972,-0.002028,-0.002088,-0.002148,-0.002212,-0.002276,-0.002344,-0.002412,-0.002486,-0.002559,-0.002638,-0.002718,-0.002805,-0.002892,-0.002986,-0.003083,-0.003187,-0.003295,-0.003412,-0.003533,-0.003666,-0.003805,-0.003958,-0.004122,-0.004304,-0.004502,-0.004727,-0.004979,-0.005287,-0.005656,-0.006086,-0.006638,-0.007246,-0.007705,-0.008111,-0.008692,-0.009115,-0.008858,-0.008102,-0.007297,-0.006753,-0.006397,-0.006055,-0.005627,-0.005228,-0.004928,-0.004718,-0.004505,-0.004301,-0.004096,-0.003890,-0.003647,-0.003480,-0.003479,-0.003658,-0.003838,-0.003893,-0.003781,-0.003632,-0.003494,-0.003364,-0.003145,-0.002849,-0.002476,-0.002087,-0.001675,-0.001340,-0.001073,-0.000831,-0.000446,0.000057,0.000604,0.001055,0.001512,0.002026,0.002648,0.003201,0.003649,0.003925,0.004153,0.004342,0.004651,0.005018,0.005452,0.005695,0.005795,0.005690,0.005615,0.005362,0.005072,0.004416,0.003768,0.002095,0.000413,-0.000152,-0.000629,-0.000761,-0.000851,-0.000710,-0.000629,-0.000534,-0.000491,-0.000283,-0.000026,0.000285,0.000566,0.000993,0.001528,0.002138,0.002690,0.003330,0.004131,0.005164,0.006362,0.007800,0.009323,0.010524],
	[0.000728,0.001536,0.001713,0.001451,0.001167,0.000956,0.000777,0.000656,0.000584,0.000525,0.000481,0.000441,0.000412,0.000383,0.000361,0.000339,0.000323,0.000305,0.000291,0.000277,0.000266,0.000253,0.000244,0.000233,0.000225,0.000215,0.000208,0.000200,0.000194,0.000186,0.000180,0.000174,0.000168,0.000162,0.000158,0.000152,0.000147,0.000142,0.000138,0.000133,0.000129,0.000125,0.000121,0.000117,0.000114,0.000109,0.000106,0.000102,0.000099,0.000096,0.000093,0.000089,0.000086,0.000083,0.000080,0.000077,0.000074,0.000071,0.000069,0.000066,0.000063,0.000060,0.000058,0.000055,0.000053,0.000050,0.000048,0.000045,0.000043,0.000040,0.000038,0.000035,0.000033,0.000030,0.000028,0.000026,0.000024,0.000021,0.000019,0.000016,0.000014,0.000012,0.000010,0.000007,0.000005,0.000003,0.000001,-0.000001,-0.000003,-0.000005,-0.000007,-0.000010,-0.000012,-0.000014,-0.000017,-0.000019,-0.000021,-0.000024,-0.000026,-0.000028,-0.000031,-0.000033,-0.000035,-0.000038,-0.000040,-0.000043,-0.000045,-0.000048,-0.000050,-0.000053,-0.000055,-0.000058,-0.000061,-0.000063,-0.000066,-0.000069,-0.000072,-0.000075,-0.000078,-0.000080,-0.000084,-0.000087,-0.000090,-0.000093,-0.000096,-0.000099,-0.000103,-0.000106,-0.000110,-0.000114,-0.000118,-0.000121,-0.000126,-0.000130,-0.000134,-0.000138,-0.000143,-0.000148,-0.000153,-0.000158,-0.000163,-0.000169,-0.000175,-0.000181,-0.000187,-0.000194,-0.000201,-0.000209,-0.000217,-0.000225,-0.000235,-0.000244,-0.000255,-0.000266,-0.000279,-0.000291,-0.000307,-0.000322,-0.000341,-0.000360,-0.000384,-0.000409,-0.000440,-0.000474,-0.000518,-0.000569,-0.000637,-0.000718,-0.000858,-0.001084,-0.001336,-0.001640,-0.001905,-0.001687,-0.000737,0.000591,0.001561,0.001754,0.001400,0.001077,0.000864,0.000630,0.000493,0.000422,0.000350,0.000300,0.000213,0.000144,0.000162,0.000181,0.000123,0.000106,0.000145,0.000164,0.000168,0.000123,0.000119,0.000173,0.000130,0.000092,0.000111,0.000038,0.000032,0.000096,0.000055,-0.000014,-0.000034,-0.000023,0.000024,0.000007,0.000010,0.000062,0.000085,0.000017,-0.000030,-0.000074,-0.000146,-0.000121,-0.000078,-0.000083,-0.000114,-0.000058,-0.000079,-0.000136,-0.000108,-0.000045,-0.000141,-0.000187,-0.000163,-0.000160,-0.000073,-0.000014,-0.000117,-0.000165,-0.000098,-0.000116,-0.000180,-0.000174,-0.000082,-0.000019,-0.000054,-0.000100,-0.000114,-0.000158,-0.000167,-0.000220,-0.000327,-0.000340,-0.000300,-0.000290,-0.000445,-0.000718,-0.001134,-0.001492,-0.001281,-0.000425]
],
	"idxs" : [174,0,172,175,172]
,"hydrophone_pos" : [
	[0.000000,0.000000,0.000000],
	[0.000000,0.000000,0.000000],
	[0.500000,0.000000,0.000000],
	[0.250000,0.250000,0.354000],
	[0.250000,-0.250000,0.354000]
],
	"direction_of_arrival" : [0.544370,-0.816528,-0.192202]
,	"valid" : [0.000000,-0.000000,-0.000000,-0.000000,-0.000000]
}
dump = {
	"magnitude" : [0.000000,0.000005,0.000001,0.000003,0.000002,0.000001,0.000004,0.000001,0.000001,0.000000,0.000002,0.000003,0.000001,0.000000,0.000007,0.000001,0.000002,0.000000,0.000000,0.000000,0.000000,0.000000,0.000000,0.000000,0.000000,0.000000,0.000000,0.000000,0.000000,0.000000,0.000000,0.000000]
,	"raw_mv" : [
	[-4.959500,-5.722499,-8.392999,-7.248499,-6.867000,-5.722499,-4.959500,-7.630000,-9.537500,-9.156000,-8.392999,-8.011500,-5.722499,-5.722499,-5.341000,-3.815000,-4.959500,-7.248499,-8.392999,-7.630000,-4.959500,-4.196499,-7.248499,-8.011500,-7.248499,-8.011500,-9.537500,-9.156000,-9.156000,-7.248499,-7.248499,-8.392999,-9.156000,-6.867000,-3.433500,-3.815000,-5.722499,-6.104000,-5.722499,-6.485500,-6.485500,-5.341000,-5.722499,-5.722499,-5.722499,-5.722499,-4.959500,-8.774499,-11.444999,-10.300499,-8.011500,-5.722499,-4.578000,-7.630000,-9.537500,-10.300499,-9.156000,-8.774499,-8.774499,-10.300499,-9.537500,-6.485500,-6.867000,-8.774499,-7.630000,-7.248499,-7.248499,-5.722499,-4.578000,-5.722499,-6.485500,-7.248499,-8.011500,-9.156000,-7.248499,-4.196499,-4.196499,-3.433500,-5.722499,-8.774499,-10.300499,-8.392999,-6.104000,-4.196499,-3.433500,-4.196499,-6.485500,-8.774499,-8.392999,-8.774499,-6.485500,-7.630000,-8.392999,-6.867000,-7.630000,-8.774499,-9.537500,-8.774499,-6.867000,-6.867000,-5.722499,-6.104000,-6.485500,-6.867000,-9.537500,-9.156000,-6.867000,-6.104000,-5.722499,-5.341000,-7.630000,-8.011500,-6.485500,-4.578000,-3.052000,-3.815000,-8.011500,-10.300499,-9.156000,-7.248499,-4.578000,-3.052000,-6.104000,-8.392999,-5.722499,-4.959500,-7.248499,-8.392999,-8.392999,-5.341000,-4.959500,-6.867000,-8.011500,-6.485500,-7.248499,-10.300499,-9.537500,-6.104000,-3.433500,-5.722499,-8.392999,-9.156000,-8.011500,-6.867000,-8.774499,-7.248499,-6.104000,-6.104000,-6.485500,-5.722499,-4.578000,-7.248499,-6.867000,-7.248499,-6.867000,-5.341000,-3.815000,-4.578000,-3.815000,-5.722499,-6.485500,-3.433500,-3.815000,-6.485500,-7.630000,-6.867000,-4.959500,-6.485500,-8.392999,-7.630000,-6.104000,-5.722499,-8.392999,-9.537500,-8.011500,-8.774499,-8.392999,-6.867000,-4.959500,-4.196499,-6.485500,-8.392999,-6.485500,-3.052000,-4.196499,-9.156000,-11.063500,-10.300499,-8.392999,-7.248499,-8.774499,-8.774499,-6.867000,-6.104000,-7.248499,-11.063500,-8.774499,-5.722499,-4.959500,-6.485500,-6.867000,-4.196499,-1.526000,-3.052000,-5.341000,-7.630000,-8.392999,-8.392999,-7.630000,-7.248499,-8.774499,-8.774499,-7.630000,-8.011500,-7.630000,-7.630000,-9.156000,-9.919000,-7.248499,-5.722499,-6.485500,-6.485500,-5.722499,-4.959500,-3.815000,-4.578000,-5.341000,-5.722499,-4.959500,-6.104000,-3.052000,-0.381500,-1.526000,-2.670500,-4.196499,-7.630000,-9.919000,-9.919000,-9.919000,-9.919000,-8.011500,-7.630000,-7.248499,-5.722499,-8.011500,-12.208000,-12.971000,-10.300499,-8.774499,-9.537500,-6.867000,-4.196499,-4.578000,-4.196499,-3.433500,-4.578000],
	[0.000000,0.000000,0.000000,0.000000,0.000000,0.000000,0.000000,0.000000,0.000000,0.000000,0.000000,0.000000,0.000000,0.000000,0.000000,0.000000,0.000000,0.000000,0.000000,0.000000,0.000000,0.000000,0.000000,0.000000,0.000000,0.000000,0.000000,0.000000,0.000000,0.000000,0.000000,0.000000,0.000000,0.000000,0.000000,0.000000,0.000000,0.000000,0.000000,0.000000,0.000000,0.000000,0.000000,0.000000,0.000000,0.000000,0.000000,0.000000,0.000000,0.000000,0.000000,0.000000,0.000000,0.000000,0.000000,0.000000,0.000000,0.000000,0.000000,0.000000,0.000000,0.000000,0.000000,0.000000,0.000000,0.000000,0.000000,0.000000,0.000000,0.000000,0.000000,0.000000,0.000000,0.000000,0.000000,0.000000,0.000000,0.000000,0.000000,0.000000,0.000000,0.000000,0.000000,0.000000,0.000000,0.000000,0.000000,0.000000,0.000000,0.000000,0.000000,0.000000,0.000000,0.000000,0.000000,0.000000,0.000000,0.000000,0.000000,0.000000,0.000000,0.000000,0.000000,0.000000,0.000000,0.000000,0.000000,0.000000,0.000000,0.000000,0.000000,0.000000,0.000000,0.000000,0.000000,0.000000,0.000000,0.000000,0.000000,0.000000,0.000000,0.000000,0.000000,0.000000,0.000000,0.000000,0.000000,0.000000,0.000000,0.000000,0.000000,0.000000,0.000000,0.000000,0.000000,0.000000,0.000000,0.000000,0.000000,0.000000,0.000000,0.000000,0.000000,0.000000,0.000000,0.000000,0.000000,0.000000,0.000000,0.000000,0.000000,0.000000,0.000000,0.000000,0.000000,0.000000,0.000000,0.000000,0.000000,0.000000,0.000000,0.000000,0.000000,0.000000,0.000000,0.000000,0.000000,0.000000,0.000000,0.000000,0.000000,0.000000,0.000000,0.000000,0.000000,0.000000,0.000000,0.000000,0.000000,0.000000,0.000000,0.000000,0.000000,0.000000,0.000000,0.000000,0.000000,0.000000,0.000000,0.000000,0.000000,0.000000,0.000000,0.000000,0.000000,0.000000,0.000000,0.000000,0.000000,0.000000,0.000000,0.000000,0.000000,0.000000,0.000000,0.000000,0.000000,0.000000,0.000000,0.000000,0.000000,0.000000,0.000000,0.000000,0.000000,0.000000,0.000000,0.000000,0.000000,0.000000,0.000000,0.000000,0.000000,0.000000,0.000000,0.000000,0.000000,0.000000,0.000000,0.000000,0.000000,0.000000,0.000000,0.000000,0.000000,0.000000,0.000000,0.000000,0.000000,0.000000,0.000000,0.000000,0.000000,0.000000,0.000000,0.000000,0.000000,0.000000,0.000000,0.000000,0.000000,0.000000,0.000000,0.000000,0.000000,0.000000],
	[-6.561800,-6.561800,-6.561800,-6.485500,-6.561800,-6.485500,-6.638100,-6.714400,-6.714400,-6.638100,-6.714400,-6.638100,-6.638100,-6.561800,-6.638100,-6.714400,-6.561800,-6.638100,-6.409200,-6.561800,-6.485500,-6.561800,-6.638100,-6.561800,-6.485500,-6.638100,-6.714400,-6.638100,-6.561800,-6.561800,-6.485500,-6.485500,-6.485500,-6.485500,-6.561800,-6.409200,-6.409200,-6.409200,-6.561800,-6.561800,-6.561800,-6.561800,-6.485500,-6.638100,-6.561800,-6.561800,-6.561800,-6.485500,-6.485500,-6.409200,-6.561800,-6.409200,-6.332900,-6.409200,-6.409200,-6.638100,-6.485500,-6.485500,-6.638100,-6.714400,-6.485500,-6.561800,-6.561800,-6.790700,-6.561800,-6.561800,-6.561800,-6.561800,-6.485500,-6.485500,-6.485500,-6.485500,-6.332900,-6.256600,-6.256600,-6.180300,-6.180300,-6.256600,-6.180300,-6.104000,-6.027700,-6.180300,-6.180300,-6.027700,-6.104000,-5.951400,-6.180300,-6.027700,-6.180300,-6.104000,-6.027700,-6.332900,-6.256600,-6.409200,-6.409200,-6.332900,-6.485500,-6.409200,-6.332900,-6.485500,-6.485500,-6.485500,-6.409200,-6.485500,-6.485500,-6.485500,-6.485500,-6.485500,-6.485500,-6.485500,-6.485500,-6.409200,-6.485500,-6.409200,-6.485500,-6.561800,-6.561800,-6.638100,-6.561800,-6.485500,-6.409200,-6.409200,-6.561800,-6.561800,-6.485500,-6.561800,-6.561800,-6.561800,-6.714400,-6.638100,-6.485500,-6.561800,-6.485500,-6.485500,-6.561800,-6.409200,-6.409200,-6.638100,-6.485500,-6.561800,-6.561800,-6.638100,-6.714400,-6.485500,-6.485500,-6.485500,-6.485500,-6.332900,-6.485500,-6.561800,-6.561800,-6.561800,-6.561800,-6.485500,-6.485500,-6.332900,-6.561800,-6.485500,-6.409200,-6.485500,-6.561800,-6.714400,-6.638100,-6.638100,-6.485500,-6.485500,-6.561800,-6.714400,-6.561800,-6.485500,-6.561800,-6.485500,-6.561800,-6.638100,-6.561800,-6.638100,-6.638100,-6.561800,-6.638100,-6.409200,-6.561800,-6.561800,-6.561800,-6.485500,-6.638100,-6.638100,-6.714400,-6.638100,-6.561800,-6.561800,-6.561800,-6.638100,-6.485500,-6.561800,-6.638100,-6.561800,-6.561800,-6.638100,-6.638100,-6.638100,-6.561800,-6.485500,-6.332900,-6.561800,-6.638100,-6.638100,-6.638100,-6.561800,-6.638100,-6.561800,-6.638100,-6.561800,-6.485500,-6.561800,-6.714400,-6.561800,-6.561800,-6.561800,-6.561800,-6.409200,-6.561800,-6.256600,-6.256600,-6.332900,-6.256600,-6.256600,-6.104000,-6.104000,-6.104000,-6.104000,-6.027700,-6.104000,-6.104000,-6.104000,-5.951400,-6.027700,-6.180300,-6.027700,-6.180300,-6.409200,-6.409200,-6.409200,-6.409200,-6.256600,-6.256600,-6.332900,-6.485500,-6.485500,-6.485500,-6.561800,-6.485500,-6.409200,-6.485500,-6.561800,-6.561800,-6.409200],
	[-6.867000,-7.248499,-6.867000,-7.248499,-7.248499,-7.248499,-7.248499,-7.248499,-7.248499,-6.867000,-7.248499,-7.248499,-7.630000,-7.248499,-7.248499,-6.867000,-6.867000,-6.867000,-6.867000,-7.248499,-7.248499,-7.248499,-7.248499,-7.248499,-7.248499,-6.867000,-7.248499,-6.867000,-7.248499,-6.867000,-7.248499,-6.867000,-7.248499,-7.248499,-7.248499,-7.248499,-7.248499,-6.867000,-6.867000,-7.248499,-7.248499,-7.248499,-7.248499,-7.248499,-7.248499,-7.630000,-7.248499,-7.630000,-7.248499,-7.248499,-7.248499,-6.867000,-7.248499,-7.248499,-6.867000,-6.867000,-6.867000,-7.248499,-6.867000,-7.630000,-6.867000,-7.248499,-7.248499,-7.248499,-7.248499,-6.867000,-6.867000,-7.248499,-7.248499,-7.248499,-7.248499,-6.867000,-7.248499,-7.248499,-6.867000,-6.867000,-6.867000,-6.867000,-6.867000,-6.485500,-6.867000,-6.867000,-6.867000,-6.867000,-6.867000,-6.867000,-6.485500,-6.485500,-6.867000,-6.867000,-6.867000,-6.867000,-6.867000,-6.867000,-7.248499,-6.867000,-6.867000,-6.867000,-6.867000,-7.248499,-6.867000,-6.867000,-6.867000,-6.867000,-6.867000,-6.867000,-6.867000,-6.867000,-6.867000,-7.248499,-6.867000,-6.867000,-6.867000,-6.867000,-6.867000,-7.248499,-6.867000,-6.867000,-7.248499,-7.248499,-6.867000,-6.867000,-7.248499,-6.867000,-6.867000,-7.248499,-6.867000,-7.248499,-7.248499,-7.248499,-7.248499,-6.867000,-7.248499,-7.248499,-6.867000,-7.248499,-7.248499,-6.867000,-7.248499,-7.248499,-7.248499,-7.248499,-6.867000,-7.248499,-7.248499,-7.248499,-7.248499,-7.248499,-7.248499,-7.248499,-7.248499,-6.867000,-7.248499,-7.248499,-6.867000,-7.248499,-7.248499,-6.867000,-6.867000,-7.248499,-6.867000,-7.248499,-7.248499,-7.248499,-7.248499,-7.248499,-6.867000,-7.630000,-7.248499,-7.248499,-6.867000,-6.867000,-7.248499,-7.248499,-7.248499,-7.248499,-7.248499,-7.248499,-6.867000,-7.248499,-6.867000,-7.248499,-7.248499,-6.867000,-7.248499,-7.248499,-7.248499,-6.867000,-7.248499,-6.867000,-7.248499,-6.867000,-6.867000,-6.867000,-7.248499,-6.867000,-6.867000,-7.630000,-7.248499,-7.248499,-7.248499,-6.867000,-6.867000,-6.867000,-6.867000,-6.867000,-7.248499,-7.248499,-7.248499,-7.248499,-6.867000,-6.867000,-7.248499,-6.867000,-6.867000,-7.248499,-6.867000,-7.248499,-7.248499,-6.867000,-6.867000,-6.867000,-7.248499,-7.248499,-6.867000,-6.485500,-6.867000,-6.485500,-6.485500,-6.485500,-6.485500,-6.867000,-6.485500,-6.485500,-6.485500,-6.867000,-6.867000,-6.867000,-6.485500,-6.867000,-7.248499,-6.867000,-6.867000,-6.867000,-6.867000,-6.867000,-6.867000,-6.485500,-6.867000,-6.867000,-7.248499,-6.867000,-6.867000,-6.867000,-6.867000,-6.867000],
	[-6.867000,-6.867000,-7.248499,-7.248499,-7.248499,-7.248499,-7.248499,-7.248499,-7.248499,-7.248499,-7.248499,-7.248499,-7.248499,-7.248499,-6.867000,-7.248499,-7.248499,-7.248499,-6.867000,-6.867000,-7.248499,-7.630000,-7.248499,-6.867000,-6.867000,-7.248499,-7.248499,-7.248499,-6.867000,-6.867000,-7.248499,-7.248499,-7.248499,-7.248499,-7.248499,-7.630000,-7.248499,-6.867000,-7.248499,-7.248499,-6.867000,-6.867000,-6.867000,-6.867000,-7.248499,-7.248499,-6.867000,-6.867000,-7.248499,-7.248499,-7.248499,-7.248499,-7.248499,-7.248499,-7.248499,-6.867000,-7.248499,-7.248499,-7.248499,-7.248499,-6.867000,-7.248499,-7.248499,-7.248499,-6.867000,-6.867000,-7.248499,-7.630000,-7.248499,-7.248499,-6.867000,-7.248499,-7.248499,-6.867000,-7.248499,-6.867000,-6.867000,-6.867000,-6.867000,-6.485500,-6.867000,-6.867000,-6.867000,-6.867000,-6.867000,-6.867000,-6.485500,-6.485500,-6.485500,-6.485500,-6.485500,-6.867000,-7.248499,-6.867000,-7.248499,-6.867000,-6.485500,-7.248499,-7.248499,-6.867000,-7.248499,-7.248499,-6.867000,-7.248499,-7.248499,-7.248499,-6.867000,-6.867000,-7.248499,-6.867000,-6.867000,-6.867000,-6.867000,-6.867000,-6.867000,-6.867000,-7.248499,-7.248499,-7.248499,-7.248499,-7.248499,-6.867000,-7.248499,-6.867000,-6.867000,-7.248499,-7.630000,-7.248499,-7.248499,-6.867000,-7.248499,-7.248499,-7.248499,-7.248499,-6.867000,-7.248499,-7.248499,-7.248499,-7.248499,-7.248499,-7.248499,-7.248499,-7.248499,-7.248499,-7.248499,-7.248499,-6.867000,-7.248499,-7.248499,-7.248499,-7.248499,-6.867000,-7.248499,-7.248499,-7.248499,-7.248499,-6.867000,-7.248499,-6.867000,-7.248499,-6.867000,-7.248499,-7.248499,-7.248499,-7.248499,-6.867000,-6.867000,-7.248499,-7.248499,-7.248499,-6.867000,-7.248499,-7.248499,-7.248499,-7.248499,-7.248499,-7.248499,-7.248499,-7.248499,-7.248499,-7.248499,-7.248499,-7.248499,-7.248499,-6.867000,-6.867000,-7.248499,-6.867000,-7.248499,-7.248499,-7.630000,-7.248499,-6.867000,-7.248499,-6.867000,-7.248499,-6.867000,-7.248499,-6.867000,-7.248499,-7.248499,-7.248499,-6.867000,-7.248499,-6.867000,-7.248499,-7.248499,-7.248499,-7.248499,-7.248499,-7.248499,-6.867000,-6.867000,-7.248499,-7.248499,-6.867000,-7.248499,-7.248499,-7.248499,-7.248499,-6.867000,-6.867000,-7.248499,-7.248499,-6.867000,-6.485500,-6.867000,-6.867000,-6.867000,-6.867000,-6.867000,-6.867000,-6.867000,-6.485500,-6.485500,-6.867000,-6.867000,-6.867000,-6.867000,-6.867000,-7.248499,-7.248499,-6.867000,-6.867000,-6.867000,-7.248499,-7.248499,-6.867000,-6.867000,-7.248499,-6.867000,-7.248499,-7.248499,-7.630000,-7.248499,-7.248499]
],
"normalized" : [
	[0.932913,0.560038,-0.745025,-0.185712,0.000724,0.560038,0.932913,-0.372150,-1.304338,-1.117901,-0.745025,-0.558588,0.560038,0.560038,0.746475,1.492226,0.932913,-0.185712,-0.745025,-0.372150,0.932913,1.305788,-0.185712,-0.558588,-0.185712,-0.558588,-1.304338,-1.117901,-1.117901,-0.185712,-0.185712,-0.745025,-1.117901,0.000724,1.678664,1.492226,0.560038,0.373600,0.560038,0.187162,0.187162,0.746475,0.560038,0.560038,0.560038,0.560038,0.932913,-0.931463,-2.236527,-1.677214,-0.558588,0.560038,1.119351,-0.372150,-1.304338,-1.677214,-1.117901,-0.931463,-0.931463,-1.677214,-1.304338,0.187162,0.000724,-0.931463,-0.372150,-0.185712,-0.185712,0.560038,1.119351,0.560038,0.187162,-0.185712,-0.558588,-1.117901,-0.185712,1.305788,1.305788,1.678664,0.560038,-0.931463,-1.677214,-0.745025,0.373600,1.305788,1.678664,1.305788,0.187162,-0.931463,-0.745025,-0.931463,0.187162,-0.372150,-0.745025,0.000724,-0.372150,-0.931463,-1.304338,-0.931463,0.000724,0.000724,0.560038,0.373600,0.187162,0.000724,-1.304338,-1.117901,0.000724,0.373600,0.560038,0.746475,-0.372150,-0.558588,0.187162,1.119351,1.865101,1.492226,-0.558588,-1.677214,-1.117901,-0.185712,1.119351,1.865101,0.373600,-0.745025,0.560038,0.932913,-0.185712,-0.745025,-0.745025,0.746475,0.932913,0.000724,-0.558588,0.187162,-0.185712,-1.677214,-1.304338,0.373600,1.678664,0.560038,-0.745025,-1.117901,-0.558588,0.000724,-0.931463,-0.185712,0.373600,0.373600,0.187162,0.560038,1.119351,-0.185712,0.000724,-0.185712,0.000724,0.746475,1.492226,1.119351,1.492226,0.560038,0.187162,1.678664,1.492226,0.187162,-0.372150,0.000724,0.932913,0.187162,-0.745025,-0.372150,0.373600,0.560038,-0.745025,-1.304338,-0.558588,-0.931463,-0.745025,0.000724,0.932913,1.305788,0.187162,-0.745025,0.187162,1.865101,1.305788,-1.117901,-2.050089,-1.677214,-0.745025,-0.185712,-0.931463,-0.931463,0.000724,0.373600,-0.185712,-2.050089,-0.931463,0.560038,0.932913,0.187162,0.000724,1.305788,2.610852,1.865101,0.746475,-0.372150,-0.745025,-0.745025,-0.372150,-0.185712,-0.931463,-0.931463,-0.372150,-0.558588,-0.372150,-0.372150,-1.117901,-1.490776,-0.185712,0.560038,0.187162,0.187162,0.560038,0.932913,1.492226,1.119351,0.746475,0.560038,0.932913,0.373600,1.865101,3.170165,2.610852,2.051539,1.305788,-0.372150,-1.490776,-1.490776,-1.490776,-1.490776,-0.558588,-0.372150,-0.185712,0.560038,-0.558588,-2.609402,-2.982278,-1.677214,-0.931463,-1.304338,0.000724,1.305788,1.119351,1.305788,1.678664,1.119351],
	[0.000000,0.000000,0.000000,0.000000,0.000000,0.000000,0.000000,0.000000,0.000000,0.000000,0.000000,0.000000,0.000000,0.000000,0.000000,0.000000,0.000000,0.000000,0.000000,0.000000,0.000000,0.000000,0.000000,0.000000,0.000000,0.000000,0.000000,0.000000,0.000000,0.000000,0.000000,0.000000,0.000000,0.000000,0.000000,0.000000,0.000000,0.000000,0.000000,0.000000,0.000000,0.000000,0.000000,0.000000,0.000000,0.000000,0.000000,0.000000,0.000000,0.000000,0.000000,0.000000,0.000000,0.000000,0.000000,0.000000,0.000000,0.000000,0.000000,0.000000,0.000000,0.000000,0.000000,0.000000,0.000000,0.000000,0.000000,0.000000,0.000000,0.000000,0.000000,0.000000,0.000000,0.000000,0.000000,0.000000,0.000000,0.000000,0.000000,0.000000,0.000000,0.000000,0.000000,0.000000,0.000000,0.000000,0.000000,0.000000,0.000000,0.000000,0.000000,0.000000,0.000000,0.000000,0.000000,0.000000,0.000000,0.000000,0.000000,0.000000,0.000000,0.000000,0.000000,0.000000,0.000000,0.000000,0.000000,0.000000,0.000000,0.000000,0.000000,0.000000,0.000000,0.000000,0.000000,0.000000,0.000000,0.000000,0.000000,0.000000,0.000000,0.000000,0.000000,0.000000,0.000000,0.000000,0.000000,0.000000,0.000000,0.000000,0.000000,0.000000,0.000000,0.000000,0.000000,0.000000,0.000000,0.000000,0.000000,0.000000,0.000000,0.000000,0.000000,0.000000,0.000000,0.000000,0.000000,0.000000,0.000000,0.000000,0.000000,0.000000,0.000000,0.000000,0.000000,0.000000,0.000000,0.000000,0.000000,0.000000,0.000000,0.000000,0.000000,0.000000,0.000000,0.000000,0.000000,0.000000,0.000000,0.000000,0.000000,0.000000,0.000000,0.000000,0.000000,0.000000,0.000000,0.000000,0.000000,0.000000,0.000000,0.000000,0.000000,0.000000,0.000000,0.000000,0.000000,0.000000,0.000000,0.000000,0.000000,0.000000,0.000000,0.000000,0.000000,0.000000,0.000000,0.000000,0.000000,0.000000,0.000000,0.000000,0.000000,0.000000,0.000000,0.000000,0.000000,0.000000,0.000000,0.000000,0.000000,0.000000,0.000000,0.000000,0.000000,0.000000,0.000000,0.000000,0.000000,0.000000,0.000000,0.000000,0.000000,0.000000,0.000000,0.000000,0.000000,0.000000,0.000000,0.000000,0.000000,0.000000,0.000000,0.000000,0.000000,0.000000,0.000000,0.000000,0.000000,0.000000,0.000000,0.000000,0.000000,0.000000,0.000000,0.000000,0.000000,0.000000,0.000000,0.000000,0.000000,0.000000,0.000000,0.000000,0.000000,0.000000],
	[-0.519811,-0.519811,-0.519811,-0.064144,-0.519811,-0.064144,-0.975481,-1.431151,-1.431151,-0.975481,-1.431151,-0.975481,-0.975481,-0.519811,-0.975481,-1.431151,-0.519811,-0.975481,0.391525,-0.519811,-0.064144,-0.519811,-0.975481,-0.519811,-0.064144,-0.975481,-1.431151,-0.975481,-0.519811,-0.519811,-0.064144,-0.064144,-0.064144,-0.064144,-0.519811,0.391525,0.391525,0.391525,-0.519811,-0.519811,-0.519811,-0.519811,-0.064144,-0.975481,-0.519811,-0.519811,-0.519811,-0.064144,-0.064144,0.391525,-0.519811,0.391525,0.847195,0.391525,0.391525,-0.975481,-0.064144,-0.064144,-0.975481,-1.431151,-0.064144,-0.519811,-0.519811,-1.886821,-0.519811,-0.519811,-0.519811,-0.519811,-0.064144,-0.064144,-0.064144,-0.064144,0.847195,1.302862,1.302862,1.758532,1.758532,1.302862,1.758532,2.214202,2.669869,1.758532,1.758532,2.669869,2.214202,3.125539,1.758532,2.669869,1.758532,2.214202,2.669869,0.847195,1.302862,0.391525,0.391525,0.847195,-0.064144,0.391525,0.847195,-0.064144,-0.064144,-0.064144,0.391525,-0.064144,-0.064144,-0.064144,-0.064144,-0.064144,-0.064144,-0.064144,-0.064144,0.391525,-0.064144,0.391525,-0.064144,-0.519811,-0.519811,-0.975481,-0.519811,-0.064144,0.391525,0.391525,-0.519811,-0.519811,-0.064144,-0.519811,-0.519811,-0.519811,-1.431151,-0.975481,-0.064144,-0.519811,-0.064144,-0.064144,-0.519811,0.391525,0.391525,-0.975481,-0.064144,-0.519811,-0.519811,-0.975481,-1.431151,-0.064144,-0.064144,-0.064144,-0.064144,0.847195,-0.064144,-0.519811,-0.519811,-0.519811,-0.519811,-0.064144,-0.064144,0.847195,-0.519811,-0.064144,0.391525,-0.064144,-0.519811,-1.431151,-0.975481,-0.975481,-0.064144,-0.064144,-0.519811,-1.431151,-0.519811,-0.064144,-0.519811,-0.064144,-0.519811,-0.975481,-0.519811,-0.975481,-0.975481,-0.519811,-0.975481,0.391525,-0.519811,-0.519811,-0.519811,-0.064144,-0.975481,-0.975481,-1.431151,-0.975481,-0.519811,-0.519811,-0.519811,-0.975481,-0.064144,-0.519811,-0.975481,-0.519811,-0.519811,-0.975481,-0.975481,-0.975481,-0.519811,-0.064144,0.847195,-0.519811,-0.975481,-0.975481,-0.975481,-0.519811,-0.975481,-0.519811,-0.975481,-0.519811,-0.064144,-0.519811,-1.431151,-0.519811,-0.519811,-0.519811,-0.519811,0.391525,-0.519811,1.302862,1.302862,0.847195,1.302862,1.302862,2.214202,2.214202,2.214202,2.214202,2.669869,2.214202,2.214202,2.214202,3.125539,2.669869,1.758532,2.669869,1.758532,0.391525,0.391525,0.391525,0.391525,1.302862,1.302862,0.847195,-0.064144,-0.064144,-0.064144,-0.519811,-0.064144,0.391525,-0.064144,-0.519811,-0.519811,0.391525],
	[0.725701,-0.862217,0.725701,-0.862217,-0.862217,-0.862217,-0.862217,-0.862217,-0.862217,0.725701,-0.862217,-0.862217,-2.450138,-0.862217,-0.862217,0.725701,0.725701,0.725701,0.725701,-0.862217,-0.862217,-0.862217,-0.862217,-0.862217,-0.862217,0.725701,-0.862217,0.725701,-0.862217,0.725701,-0.862217,0.725701,-0.862217,-0.862217,-0.862217,-0.862217,-0.862217,0.725701,0.725701,-0.862217,-0.862217,-0.862217,-0.862217,-0.862217,-0.862217,-2.450138,-0.862217,-2.450138,-0.862217,-0.862217,-0.862217,0.725701,-0.862217,-0.862217,0.725701,0.725701,0.725701,-0.862217,0.725701,-2.450138,0.725701,-0.862217,-0.862217,-0.862217,-0.862217,0.725701,0.725701,-0.862217,-0.862217,-0.862217,-0.862217,0.725701,-0.862217,-0.862217,0.725701,0.725701,0.725701,0.725701,0.725701,2.313620,0.725701,0.725701,0.725701,0.725701,0.725701,0.725701,2.313620,2.313620,0.725701,0.725701,0.725701,0.725701,0.725701,0.725701,-0.862217,0.725701,0.725701,0.725701,0.725701,-0.862217,0.725701,0.725701,0.725701,0.725701,0.725701,0.725701,0.725701,0.725701,0.725701,-0.862217,0.725701,0.725701,0.725701,0.725701,0.725701,-0.862217,0.725701,0.725701,-0.862217,-0.862217,0.725701,0.725701,-0.862217,0.725701,0.725701,-0.862217,0.725701,-0.862217,-0.862217,-0.862217,-0.862217,0.725701,-0.862217,-0.862217,0.725701,-0.862217,-0.862217,0.725701,-0.862217,-0.862217,-0.862217,-0.862217,0.725701,-0.862217,-0.862217,-0.862217,-0.862217,-0.862217,-0.862217,-0.862217,-0.862217,0.725701,-0.862217,-0.862217,0.725701,-0.862217,-0.862217,0.725701,0.725701,-0.862217,0.725701,-0.862217,-0.862217,-0.862217,-0.862217,-0.862217,0.725701,-2.450138,-0.862217,-0.862217,0.725701,0.725701,-0.862217,-0.862217,-0.862217,-0.862217,-0.862217,-0.862217,0.725701,-0.862217,0.725701,-0.862217,-0.862217,0.725701,-0.862217,-0.862217,-0.862217,0.725701,-0.862217,0.725701,-0.862217,0.725701,0.725701,0.725701,-0.862217,0.725701,0.725701,-2.450138,-0.862217,-0.862217,-0.862217,0.725701,0.725701,0.725701,0.725701,0.725701,-0.862217,-0.862217,-0.862217,-0.862217,0.725701,0.725701,-0.862217,0.725701,0.725701,-0.862217,0.725701,-0.862217,-0.862217,0.725701,0.725701,0.725701,-0.862217,-0.862217,0.725701,2.313620,0.725701,2.313620,2.313620,2.313620,2.313620,0.725701,2.313620,2.313620,2.313620,0.725701,0.725701,0.725701,2.313620,0.725701,-0.862217,0.725701,0.725701,0.725701,0.725701,0.725701,0.725701,2.313620,0.725701,0.725701,-0.862217,0.725701,0.725701,0.725701,0.725701,0.725701],
	[0.966380,0.966380,-0.682933,-0.682933,-0.682933,-0.682933,-0.682933,-0.682933,-0.682933,-0.682933,-0.682933,-0.682933,-0.682933,-0.682933,0.966380,-0.682933,-0.682933,-0.682933,0.966380,0.966380,-0.682933,-2.332249,-0.682933,0.966380,0.966380,-0.682933,-0.682933,-0.682933,0.966380,0.966380,-0.682933,-0.682933,-0.682933,-0.682933,-0.682933,-2.332249,-0.682933,0.966380,-0.682933,-0.682933,0.966380,0.966380,0.966380,0.966380,-0.682933,-0.682933,0.966380,0.966380,-0.682933,-0.682933,-0.682933,-0.682933,-0.682933,-0.682933,-0.682933,0.966380,-0.682933,-0.682933,-0.682933,-0.682933,0.966380,-0.682933,-0.682933,-0.682933,0.966380,0.966380,-0.682933,-2.332249,-0.682933,-0.682933,0.966380,-0.682933,-0.682933,0.966380,-0.682933,0.966380,0.966380,0.966380,0.966380,2.615694,0.966380,0.966380,0.966380,0.966380,0.966380,0.966380,2.615694,2.615694,2.615694,2.615694,2.615694,0.966380,-0.682933,0.966380,-0.682933,0.966380,2.615694,-0.682933,-0.682933,0.966380,-0.682933,-0.682933,0.966380,-0.682933,-0.682933,-0.682933,0.966380,0.966380,-0.682933,0.966380,0.966380,0.966380,0.966380,0.966380,0.966380,0.966380,-0.682933,-0.682933,-0.682933,-0.682933,-0.682933,0.966380,-0.682933,0.966380,0.966380,-0.682933,-2.332249,-0.682933,-0.682933,0.966380,-0.682933,-0.682933,-0.682933,-0.682933,0.966380,-0.682933,-0.682933,-0.682933,-0.682933,-0.682933,-0.682933,-0.682933,-0.682933,-0.682933,-0.682933,-0.682933,0.966380,-0.682933,-0.682933,-0.682933,-0.682933,0.966380,-0.682933,-0.682933,-0.682933,-0.682933,0.966380,-0.682933,0.966380,-0.682933,0.966380,-0.682933,-0.682933,-0.682933,-0.682933,0.966380,0.966380,-0.682933,-0.682933,-0.682933,0.966380,-0.682933,-0.682933,-0.682933,-0.682933,-0.682933,-0.682933,-0.682933,-0.682933,-0.682933,-0.682933,-0.682933,-0.682933,-0.682933,0.966380,0.966380,-0.682933,0.966380,-0.682933,-0.682933,-2.332249,-0.682933,0.966380,-0.682933,0.966380,-0.682933,0.966380,-0.682933,0.966380,-0.682933,-0.682933,-0.682933,0.966380,-0.682933,0.966380,-0.682933,-0.682933,-0.682933,-0.682933,-0.682933,-0.682933,0.966380,0.966380,-0.682933,-0.682933,0.966380,-0.682933,-0.682933,-0.682933,-0.682933,0.966380,0.966380,-0.682933,-0.682933,0.966380,2.615694,0.966380,0.966380,0.966380,0.966380,0.966380,0.966380,0.966380,2.615694,2.615694,0.966380,0.966380,0.966380,0.966380,0.966380,-0.682933,-0.682933,0.966380,0.966380,0.966380,-0.682933,-0.682933,0.966380,0.966380,-0.682933,0.966380,-0.682933,-0.682933,-2.332249,-0.682933,-0.682933]
],
"cwt" : [
	[0.111207,0.194215,0.224763,0.208200,0.209644,0.268396,0.330973,0.341667,0.280833,0.168133,0.075907,0.096356,0.091749,0.062477,0.157487,0.265393,0.331836,0.364537,0.393268,0.429532,0.453971,0.438039,0.370174,0.273726,0.204895,0.192099,0.192588,0.194454,0.217027,0.254817,0.303037,0.367131,0.436743,0.480982,0.468874,0.393047,0.275000,0.152219,0.069617,0.074383,0.099604,0.105052,0.097517,0.106233,0.167547,0.285115,0.415180,0.495030,0.491048,0.430406,0.387245,0.399373,0.419398,0.401641,0.346596,0.282801,0.239940,0.236146,0.277097,0.341337,0.384587,0.376910,0.322071,0.237871,0.130601,0.014150,0.114307,0.188588,0.197117,0.141106,0.038705,0.087776,0.212956,0.302556,0.320150,0.260533,0.203239,0.266745,0.365133,0.412887,0.395806,0.328506,0.245283,0.201040,0.223769,0.262590,0.269119,0.242254,0.220202,0.217694,0.207736,0.186549,0.177667,0.193795,0.219249,0.235094,0.231124,0.196501,0.130190,0.058255,0.018754,0.051977,0.143831,0.249063,0.316892,0.312193,0.235624,0.140149,0.151308,0.232687,0.287011,0.302216,0.305537,0.346098,0.428518,0.498369,0.506691,0.447131,0.372781,0.377689,0.461512,0.534556,0.551738,0.523737,0.483968,0.452360,0.431593,0.425193,0.430415,0.428563,0.401939,0.352759,0.315712,0.346661,0.440596,0.538332,0.601840,0.620610,0.595909,0.536148,0.457027,0.371629,0.286598,0.223903,0.209969,0.210195,0.184993,0.151055,0.158806,0.200432,0.217991,0.183457,0.111024,0.084616,0.140396,0.163895,0.135296,0.135424,0.218259,0.308948,0.384087,0.438427,0.456897,0.439651,0.409638,0.389628,0.385029,0.385315,0.381096,0.376997,0.379435,0.376170,0.338414,0.249763,0.142232,0.134831,0.216903,0.295835,0.370677,0.444394,0.513746,0.581881,0.649415,0.698656,0.700105,0.639874,0.539200,0.440293,0.368755,0.327513,0.321404,0.348799,0.399871,0.468989,0.541311,0.586583,0.580508,0.530414,0.474225,0.451722,0.470074,0.493496,0.477232,0.407349,0.308735,0.222877,0.179567,0.174816,0.182602,0.189734,0.184926,0.151310,0.087332,0.038100,0.114671,0.215873,0.307420,0.358707,0.349105,0.289002,0.217531,0.170493,0.155063,0.163498,0.171280,0.149395,0.086037,0.026413,0.157668,0.295898,0.380304,0.355883,0.220164,0.090191,0.199032,0.267920,0.226444,0.110160,0.028014,0.079347,0.045313,0.074364,0.243903,0.415977,0.541733,0.582510,0.522037,0.379650,0.240091,0.242623,0.288689,0.248457,0.135798,0.047788,0.062207,0.048368],
	[0.000000,0.000000,0.000000,0.000000,0.000000,0.000000,0.000000,0.000000,0.000000,0.000000,0.000000,0.000000,0.000000,0.000000,0.000000,0.000000,0.000000,0.000000,0.000000,0.000000,0.000000,0.000000,0.000000,0.000000,0.000000,0.000000,0.000000,0.000000,0.000000,0.000000,0.000000,0.000000,0.000000,0.000000,0.000000,0.000000,0.000000,0.000000,0.000000,0.000000,0.000000,0.000000,0.000000,0.000000,0.000000,0.000000,0.000000,0.000000,0.000000,0.000000,0.000000,0.000000,0.000000,0.000000,0.000000,0.000000,0.000000,0.000000,0.000000,0.000000,0.000000,0.000000,0.000000,0.000000,0.000000,0.000000,0.000000,0.000000,0.000000,0.000000,0.000000,0.000000,0.000000,0.000000,0.000000,0.000000,0.000000,0.000000,0.000000,0.000000,0.000000,0.000000,0.000000,0.000000,0.000000,0.000000,0.000000,0.000000,0.000000,0.000000,0.000000,0.000000,0.000000,0.000000,0.000000,0.000000,0.000000,0.000000,0.000000,0.000000,0.000000,0.000000,0.000000,0.000000,0.000000,0.000000,0.000000,0.000000,0.000000,0.000000,0.000000,0.000000,0.000000,0.000000,0.000000,0.000000,0.000000,0.000000,0.000000,0.000000,0.000000,0.000000,0.000000,0.000000,0.000000,0.000000,0.000000,0.000000,0.000000,0.000000,0.000000,0.000000,0.000000,0.000000,0.000000,0.000000,0.000000,0.000000,0.000000,0.000000,0.000000,0.000000,0.000000,0.000000,0.000000,0.000000,0.000000,0.000000,0.000000,0.000000,0.000000,0.000000,0.000000,0.000000,0.000000,0.000000,0.000000,0.000000,0.000000,0.000000,0.000000,0.000000,0.000000,0.000000,0.000000,0.000000,0.000000,0.000000,0.000000,0.000000,0.000000,0.000000,0.000000,0.000000,0.000000,0.000000,0.000000,0.000000,0.000000,0.000000,0.000000,0.000000,0.000000,0.000000,0.000000,0.000000,0.000000,0.000000,0.000000,0.000000,0.000000,0.000000,0.000000,0.000000,0.000000,0.000000,0.000000,0.000000,0.000000,0.000000,0.000000,0.000000,0.000000,0.000000,0.000000,0.000000,0.000000,0.000000,0.000000,0.000000,0.000000,0.000000,0.000000,0.000000,0.000000,0.000000,0.000000,0.000000,0.000000,0.000000,0.000000,0.000000,0.000000,0.000000,0.000000,0.000000,0.000000,0.000000,0.000000,0.000000,0.000000,0.000000,0.000000,0.000000,0.000000,0.000000,0.000000,0.000000,0.000000,0.000000,0.000000,0.000000,0.000000,0.000000,0.000000,0.000000,0.000000,0.000000,0.000000,0.000000,0.000000,0.000000,0.000000,0.000000,0.000000,0.000000],
	[0.190619,0.155141,0.103788,0.052646,0.067395,0.136701,0.185837,0.183505,0.134113,0.079817,0.078809,0.103762,0.126030,0.147992,0.160378,0.146096,0.118112,0.111570,0.100874,0.061029,0.070006,0.141038,0.200525,0.239307,0.264298,0.270741,0.242486,0.175197,0.087885,0.012476,0.032140,0.054710,0.083392,0.124562,0.166462,0.193807,0.200077,0.187452,0.157717,0.120733,0.102270,0.107246,0.114085,0.106248,0.070436,0.012584,0.046994,0.092381,0.127033,0.160338,0.197554,0.221852,0.221369,0.222221,0.242162,0.258679,0.270437,0.298075,0.330855,0.341342,0.329204,0.317463,0.315992,0.302450,0.250573,0.172408,0.117297,0.105155,0.102261,0.106465,0.133824,0.162128,0.150252,0.082444,0.014523,0.093249,0.136605,0.169434,0.212570,0.249284,0.255098,0.229317,0.196145,0.164786,0.138118,0.112998,0.073350,0.062304,0.113078,0.191324,0.229203,0.182911,0.099523,0.073457,0.079268,0.099190,0.131126,0.163850,0.191814,0.194553,0.169958,0.138300,0.113911,0.090321,0.059497,0.029974,0.014942,0.016272,0.029018,0.040733,0.040357,0.020107,0.021709,0.066349,0.082943,0.063870,0.069548,0.114654,0.149580,0.177685,0.207919,0.224419,0.207129,0.157658,0.095918,0.033111,0.070106,0.161393,0.219409,0.212803,0.149104,0.067722,0.047353,0.104484,0.168441,0.221078,0.238048,0.212198,0.172183,0.158734,0.184548,0.232318,0.259494,0.237595,0.183186,0.155092,0.186701,0.221488,0.213656,0.158287,0.079138,0.009798,0.056014,0.116019,0.175223,0.213862,0.225475,0.227003,0.229291,0.225142,0.210639,0.185231,0.164864,0.182522,0.228689,0.273679,0.299820,0.290722,0.236194,0.145686,0.048325,0.047776,0.084451,0.073655,0.042102,0.044790,0.050657,0.084126,0.142355,0.178409,0.182006,0.169868,0.161571,0.158715,0.149953,0.140337,0.144495,0.148920,0.141698,0.134057,0.137114,0.147298,0.154083,0.154387,0.147284,0.133845,0.121724,0.107544,0.089307,0.113496,0.193164,0.273979,0.313489,0.294625,0.230916,0.156680,0.098508,0.058879,0.044013,0.072308,0.132524,0.193842,0.236061,0.254800,0.241794,0.187487,0.111030,0.062072,0.031771,0.079818,0.187962,0.246482,0.227870,0.177658,0.148255,0.146345,0.145732,0.116306,0.076257,0.093048,0.128405,0.145512,0.168750,0.214516,0.240914,0.206801,0.178452,0.251545,0.302414,0.257175,0.144390,0.070308,0.142980,0.211127,0.239625,0.222974,0.161190,0.071829,0.062410,0.131816,0.180902,0.212846,0.230221,0.230456,0.219126,0.207545],
	[0.173892,0.153621,0.152685,0.173675,0.144550,0.078507,0.100690,0.196153,0.280610,0.330994,0.345084,0.334924,0.302011,0.243842,0.188349,0.144800,0.096463,0.137690,0.218382,0.236008,0.183487,0.109379,0.100278,0.152942,0.178331,0.150853,0.091691,0.037548,0.011171,0.036921,0.088671,0.146325,0.162923,0.101682,0.029071,0.187424,0.327581,0.411684,0.415735,0.343095,0.229392,0.129780,0.105410,0.143687,0.166615,0.124212,0.036669,0.072462,0.065474,0.074252,0.201935,0.309239,0.380842,0.416376,0.400391,0.324622,0.191649,0.050927,0.168256,0.268945,0.294843,0.279211,0.258293,0.277352,0.351950,0.412969,0.406712,0.332650,0.242143,0.233502,0.294783,0.346040,0.381089,0.389421,0.346062,0.271354,0.224027,0.239859,0.290988,0.312199,0.269537,0.186480,0.116822,0.129477,0.224275,0.341606,0.422680,0.421614,0.339354,0.222628,0.130754,0.126421,0.199288,0.273618,0.306552,0.288453,0.250053,0.250729,0.289507,0.305972,0.271471,0.195725,0.108722,0.040920,0.006988,0.040254,0.106475,0.195681,0.271156,0.295393,0.253453,0.152555,0.049493,0.157561,0.269356,0.342149,0.402667,0.463584,0.500577,0.494511,0.448397,0.377394,0.306855,0.256333,0.198959,0.117828,0.122271,0.185796,0.215061,0.244661,0.285006,0.304186,0.293230,0.268760,0.258808,0.271102,0.291115,0.304102,0.290214,0.256281,0.253974,0.288512,0.305168,0.273170,0.197541,0.111133,0.054791,0.055373,0.111480,0.194312,0.263924,0.293713,0.289308,0.280035,0.300880,0.355562,0.398821,0.381985,0.290067,0.161461,0.115048,0.145311,0.116421,0.091264,0.198406,0.325169,0.424468,0.469447,0.453851,0.424842,0.422077,0.406183,0.337524,0.229456,0.125599,0.098914,0.148554,0.167155,0.121408,0.076797,0.156413,0.245440,0.303227,0.335839,0.351413,0.340449,0.289372,0.206554,0.134261,0.134609,0.206505,0.288736,0.341412,0.364282,0.399596,0.475981,0.534169,0.487317,0.313307,0.079410,0.114013,0.181951,0.129080,0.044916,0.143879,0.218522,0.211121,0.153076,0.192926,0.305526,0.364820,0.351040,0.307187,0.261394,0.186380,0.066897,0.124554,0.279647,0.381327,0.415635,0.425788,0.463442,0.525628,0.562020,0.519524,0.392529,0.262642,0.227585,0.234967,0.258466,0.302538,0.343745,0.376434,0.391054,0.389374,0.393265,0.423357,0.483136,0.545294,0.559513,0.497586,0.379529,0.250439,0.154647,0.138509,0.199594,0.283260,0.343700,0.363953,0.360053,0.336564,0.280821,0.195005,0.101425,0.078726,0.143419],
	[0.384238,0.406256,0.346386,0.233984,0.122934,0.050412,0.019642,0.009476,0.009318,0.016677,0.046364,0.114083,0.208511,0.299970,0.366028,0.407911,0.445127,0.500885,0.581232,0.667468,0.733041,0.757773,0.732851,0.664224,0.572456,0.488952,0.447884,0.456390,0.473419,0.450737,0.378414,0.293700,0.254868,0.298822,0.410793,0.523794,0.570806,0.543396,0.488370,0.428785,0.333888,0.211133,0.211958,0.346300,0.461379,0.521161,0.525295,0.473946,0.372777,0.248137,0.143775,0.099607,0.130398,0.208812,0.284830,0.317829,0.298926,0.260788,0.266159,0.319551,0.371246,0.407697,0.444532,0.498474,0.566048,0.617960,0.620861,0.565408,0.484245,0.424054,0.380837,0.323498,0.236674,0.124822,0.099071,0.149478,0.150777,0.184331,0.272139,0.315315,0.277523,0.192569,0.120613,0.121528,0.186176,0.248380,0.250368,0.165765,0.084585,0.232445,0.367538,0.379048,0.236745,0.078166,0.328673,0.555436,0.663007,0.621297,0.468931,0.313462,0.263357,0.296944,0.350252,0.398151,0.430143,0.448129,0.445359,0.412882,0.359201,0.292978,0.212170,0.132418,0.093161,0.122679,0.196728,0.254504,0.241400,0.147327,0.011876,0.101988,0.144396,0.133024,0.218779,0.394802,0.542546,0.597688,0.555589,0.467680,0.398933,0.357565,0.308512,0.257033,0.256266,0.298087,0.317826,0.283676,0.203508,0.112130,0.046212,0.018445,0.013083,0.017603,0.046697,0.112945,0.203334,0.282842,0.317781,0.299886,0.260493,0.259981,0.300298,0.322637,0.298444,0.247693,0.217900,0.205794,0.167671,0.111932,0.084814,0.111121,0.162977,0.190660,0.189507,0.239050,0.349734,0.441709,0.475778,0.463031,0.434561,0.405248,0.365562,0.300144,0.208441,0.113781,0.046405,0.016886,0.008501,0.004252,0.008912,0.019229,0.049648,0.121498,0.227597,0.324573,0.356166,0.300644,0.219664,0.243084,0.342369,0.442308,0.505380,0.480922,0.361007,0.206361,0.087673,0.023585,0.039498,0.111000,0.202070,0.279595,0.307873,0.266835,0.161459,0.039553,0.111760,0.168791,0.153204,0.104179,0.129454,0.243255,0.371263,0.464041,0.496338,0.474586,0.424676,0.367960,0.304071,0.240746,0.256842,0.368710,0.483161,0.564164,0.620664,0.653923,0.638982,0.551173,0.404245,0.252534,0.149232,0.113765,0.144971,0.235307,0.353893,0.440724,0.444384,0.369697,0.279398,0.244050,0.289226,0.378602,0.450457,0.471441,0.456153,0.447985,0.471535,0.501121,0.497412,0.440275,0.330719,0.217777,0.219120,0.290603,0.327187,0.314280,0.285598,0.314291]
],
"envelope_edge" : [
	[-0.000828,-0.000769,-0.000491,-0.000337,-0.000635,-0.000749,-0.000414,0.000302,0.000901,0.001063,0.000386,-0.000282,-0.000386,-0.001139,-0.001917,-0.001874,-0.001584,-0.001250,-0.001049,-0.000718,-0.000208,0.000471,0.000978,0.001069,0.000650,0.000210,-0.000071,-0.000366,-0.000691,-0.000893,-0.001026,-0.000987,-0.000664,0.000032,0.000888,0.001629,0.001924,0.001712,0.000945,0.000172,-0.000173,-0.000401,-0.000736,-0.001321,-0.001973,-0.002317,-0.002032,-0.001220,-0.000316,0.000143,0.000095,0.000020,0.000312,0.000740,0.001027,0.000964,0.000653,0.000188,-0.000118,-0.000097,0.000390,0.000968,0.001520,0.001689,0.001734,0.000659,-0.000417,-0.000113,0.000118,0.000509,-0.000177,-0.001284,-0.001576,-0.001152,-0.000518,-0.000132,-0.000617,-0.001210,-0.001031,-0.000382,0.000322,0.000761,0.000730,0.000267,-0.000136,-0.000115,0.000130,0.000266,0.000169,0.000101,0.000117,0.000039,-0.000185,-0.000373,-0.000385,-0.000230,0.000018,0.000272,0.000309,-0.000037,-0.000786,-0.001646,-0.002144,-0.002107,-0.001565,-0.000889,-0.000491,-0.000927,-0.001825,-0.002158,-0.002043,-0.001909,-0.002028,-0.002309,-0.002308,-0.001814,-0.001093,-0.000612,-0.000801,-0.001426,-0.001645,-0.001247,-0.000629,-0.000160,0.000045,0.000086,0.000046,-0.000020,-0.000000,0.000149,0.000313,0.000256,-0.000204,-0.000865,-0.001152,-0.000896,-0.000267,0.000501,0.001260,0.001848,0.002210,0.002326,0.002208,0.001786,0.001359,0.001199,0.001134,0.000809,0.000353,0.000195,0.000411,0.000632,0.000462,-0.000281,-0.000715,-0.000646,-0.000804,-0.001477,-0.002010,-0.002029,-0.001821,-0.001389,-0.000865,-0.000438,-0.000253,-0.000230,-0.000237,-0.000180,-0.000105,-0.000054,0.000032,0.000275,0.000603,0.000732,0.000135,-0.001025,-0.001724,-0.001990,-0.002103,-0.002070,-0.001906,-0.001640,-0.001172,-0.000440,0.000498,0.001326,0.001771,0.001740,0.001437,0.000966,0.000454,0.000000,-0.000273,-0.000351,-0.000079,0.000489,0.001182,0.001628,0.001726,0.001563,0.001552,0.001867,0.002468,0.002939,0.003075,0.002753,0.002277,0.001838,0.001641,0.001519,0.001600,0.001605,0.001462,0.000568,-0.000281,-0.000462,-0.000223,0.000384,0.001080,0.001504,0.001549,0.001268,0.000988,0.000743,0.000809,0.000842,0.000829,-0.000235,-0.001170,-0.000925,-0.000111,0.000977,0.001541,0.000612,-0.000284,0.000411,0.000946,0.001164,0.000168,-0.000360,-0.000666,-0.001864,-0.002525,-0.002209,-0.001284,0.000053,0.001290,0.001972,0.001577,0.000856,0.001063,0.001589,0.001721,0.000952,0.000348,-0.000136],
	[0.000000,0.000000,0.000000,0.000000,0.000000,0.000000,0.000000,0.000000,0.000000,0.000000,0.000000,0.000000,0.000000,0.000000,0.000000,0.000000,0.000000,0.000000,0.000000,0.000000,0.000000,0.000000,0.000000,0.000000,0.000000,0.000000,0.000000,0.000000,0.000000,0.000000,0.000000,0.000000,0.000000,0.000000,0.000000,0.000000,0.000000,0.000000,0.000000,0.000000,0.000000,0.000000,0.000000,0.000000,0.000000,0.000000,0.000000,0.000000,0.000000,0.000000,0.000000,0.000000,0.000000,0.000000,0.000000,0.000000,0.000000,0.000000,0.000000,0.000000,0.000000,0.000000,0.000000,0.000000,0.000000,0.000000,0.000000,0.000000,0.000000,0.000000,0.000000,0.000000,0.000000,0.000000,0.000000,0.000000,0.000000,0.000000,0.000000,0.000000,0.000000,0.000000,0.000000,0.000000,0.000000,0.000000,0.000000,0.000000,0.000000,0.000000,0.000000,0.000000,0.000000,0.000000,0.000000,0.000000,0.000000,0.000000,0.000000,0.000000,0.000000,0.000000,0.000000,0.000000,0.000000,0.000000,0.000000,0.000000,0.000000,0.000000,0.000000,0.000000,0.000000,0.000000,0.000000,0.000000,0.000000,0.000000,0.000000,0.000000,0.000000,0.000000,0.000000,0.000000,0.000000,0.000000,0.000000,0.000000,0.000000,0.000000,0.000000,0.000000,0.000000,0.000000,0.000000,0.000000,0.000000,0.000000,0.000000,0.000000,0.000000,0.000000,0.000000,0.000000,0.000000,0.000000,0.000000,0.000000,0.000000,0.000000,0.000000,0.000000,0.000000,0.000000,0.000000,0.000000,0.000000,0.000000,0.000000,0.000000,0.000000,0.000000,0.000000,0.000000,0.000000,0.000000,0.000000,0.000000,0.000000,0.000000,0.000000,0.000000,0.000000,0.000000,0.000000,0.000000,0.000000,0.000000,0.000000,0.000000,0.000000,0.000000,0.000000,0.000000,0.000000,0.000000,0.000000,0.000000,0.000000,0.000000,0.000000,0.000000,0.000000,0.000000,0.000000,0.000000,0.000000,0.000000,0.000000,0.000000,0.000000,0.000000,0.000000,0.000000,0.000000,0.000000,0.000000,0.000000,0.000000,0.000000,0.000000,0.000000,0.000000,0.000000,0.000000,0.000000,0.000000,0.000000,0.000000,0.000000,0.000000,0.000000,0.000000,0.000000,0.000000,0.000000,0.000000,0.000000,0.000000,0.000000,0.000000,0.000000,0.000000,0.000000,0.000000,0.000000,0.000000,0.000000,0.000000,0.000000,0.000000,0.000000,0.000000,0.000000,0.000000,0.000000,0.000000,0.000000,0.000000,0.000000,0.000000,0.000000,0.000000,0.000000,0.000000,0.000000],
	[0.000729,0.000865,0.000856,0.000465,-0.000150,-0.000349,-0.000048,0.000386,0.000638,0.000412,0.000012,-0.000163,-0.000204,-0.000159,0.000020,0.000213,0.000203,0.000081,0.000121,-0.000093,-0.000671,-0.000945,-0.000786,-0.000533,-0.000158,0.000283,0.000819,0.001121,0.001151,0.000551,-0.000072,-0.000303,-0.000565,-0.000654,-0.000592,-0.000347,-0.000072,0.000190,0.000353,0.000322,0.000128,-0.000023,-0.000003,0.000063,0.000158,-0.000286,-0.000915,-0.001040,-0.001147,-0.001145,-0.001116,-0.000884,-0.000752,-0.000750,-0.000782,-0.000663,-0.000645,-0.000579,-0.000364,0.000031,0.000310,0.000511,0.000708,0.001111,0.001453,0.001518,0.001155,0.000838,0.000590,0.000385,0.000195,0.000387,0.000658,0.000853,0.000083,-0.000529,-0.000421,-0.000502,-0.000381,-0.000115,0.000339,0.000645,0.000805,0.000834,0.000805,0.000762,0.000586,0.000078,-0.000332,-0.000257,0.000332,0.000917,0.000872,0.000445,0.000170,-0.000063,-0.000136,-0.000094,0.000134,0.000467,0.000736,0.000819,0.000836,0.000841,0.000808,0.000631,0.000383,0.000128,-0.000028,-0.000087,-0.000068,-0.000175,-0.000534,-0.000690,-0.000510,-0.000548,-0.000854,-0.001016,-0.000920,-0.000842,-0.000627,-0.000288,0.000152,0.000365,0.000383,-0.000137,-0.000892,-0.000999,-0.000563,0.000027,0.000364,0.000143,-0.000564,-0.001033,-0.001069,-0.000848,-0.000414,-0.000099,-0.000091,-0.000355,-0.000570,-0.000528,-0.000133,0.000273,0.000387,0.000060,-0.000133,0.000067,0.000521,0.000779,0.000765,0.000056,-0.000703,-0.000890,-0.000919,-0.000652,-0.000435,-0.000253,-0.000138,0.000042,0.000151,0.000201,-0.000012,-0.000275,-0.000351,-0.000113,0.000301,0.000894,0.001361,0.001600,0.001166,0.000477,0.000350,0.000456,0.000240,-0.000074,-0.000335,-0.000673,-0.000701,-0.000456,-0.000183,-0.000053,-0.000023,0.000008,0.000050,-0.000002,-0.000063,-0.000026,0.000006,-0.000050,-0.000135,-0.000158,-0.000112,-0.000046,0.000013,0.000017,-0.000043,-0.000129,-0.000406,-0.000897,-0.001112,-0.000817,-0.000182,0.000501,0.000926,0.000984,0.000775,0.000426,-0.000074,-0.000570,-0.000816,-0.000733,-0.000443,-0.000023,0.000444,0.000818,0.000768,0.000426,-0.000141,-0.000875,-0.000940,-0.000370,0.000197,0.000363,0.000239,0.000134,0.000191,0.000271,-0.000018,-0.000456,-0.000557,-0.000593,-0.000695,-0.000660,-0.000280,0.000010,-0.000309,-0.000519,0.000152,0.000842,0.001042,0.000203,-0.000432,-0.000263,0.000125,0.000595,0.000889,0.000624,-0.000185,-0.000531,-0.000447,-0.000285,-0.000034,0.000212,0.000407,0.000542],
	[0.000697,0.000739,0.000517,0.000552,0.000747,0.000375,-0.000477,-0.000797,-0.000628,-0.000163,0.000311,0.000785,0.001161,0.001408,0.001308,0.001205,0.000715,0.000091,0.000164,0.000721,0.001090,0.000932,0.000342,0.000189,0.000461,0.000812,0.000820,0.000566,-0.000020,-0.000526,-0.000861,-0.000763,-0.000475,-0.000185,-0.001245,-0.002183,-0.001708,-0.000960,0.000148,0.000904,0.001224,0.000836,0.000193,-0.000132,0.000041,0.000334,-0.000127,-0.000819,-0.000879,-0.001805,-0.002214,-0.001996,-0.001421,-0.000778,0.000100,0.000635,0.000967,-0.000245,-0.001449,-0.001163,-0.000844,-0.000583,-0.000740,-0.001047,-0.001144,-0.000611,0.000080,0.000561,0.000305,-0.000355,-0.000652,-0.000501,-0.000212,0.000299,0.000755,0.000833,0.000439,0.000021,-0.000015,0.000405,0.000811,0.000835,0.000246,-0.000637,-0.001195,-0.001084,-0.000392,0.000578,0.001257,0.001356,0.000780,-0.000079,-0.000569,-0.000458,-0.000065,0.000321,0.000323,0.000114,0.000146,0.000590,0.001052,0.001324,0.001150,0.000705,-0.000079,-0.000812,-0.001303,-0.001416,-0.001122,-0.000485,0.000003,0.000209,-0.000848,-0.001988,-0.001934,-0.001812,-0.001510,-0.001154,-0.000453,0.000234,0.000883,0.001197,0.001286,0.001177,0.001185,0.000702,-0.000132,-0.000455,-0.000454,-0.000569,-0.000463,-0.000211,0.000051,0.000080,-0.000024,-0.000138,-0.000081,0.000086,0.000344,0.000328,0.000121,0.000111,0.000497,0.000925,0.001154,0.000908,0.000302,-0.000496,-0.001087,-0.001328,-0.001131,-0.000806,-0.000547,-0.000579,-0.000693,-0.000628,-0.000076,0.000655,0.001246,0.001031,0.000240,-0.000164,-0.000236,-0.001139,-0.001910,-0.001909,-0.001432,-0.000677,-0.000008,0.000282,0.000569,0.001078,0.001615,0.001729,0.001311,0.000440,0.000060,0.000146,0.000197,-0.000553,-0.001266,-0.001259,-0.001011,-0.000674,-0.000278,0.000172,0.000563,0.000578,0.000089,-0.000757,-0.001258,-0.001327,-0.001042,-0.000889,-0.000793,-0.000581,0.000451,0.001630,0.002654,0.001755,0.000352,0.000415,0.000697,-0.000133,-0.000998,-0.000673,-0.000370,-0.000564,-0.001366,-0.001352,-0.000774,-0.000151,0.000134,0.000272,0.000376,-0.000401,-0.001886,-0.002183,-0.001834,-0.001311,-0.001158,-0.001040,-0.000723,0.000120,0.001059,0.001644,0.001243,0.000551,0.000067,-0.000290,-0.000510,-0.000488,-0.000385,-0.000169,-0.000086,-0.000115,-0.000230,-0.000113,0.000383,0.001294,0.002158,0.002640,0.002506,0.001860,0.000908,0.000274,0.000136,0.000449,0.000863,0.001283,0.001685,0.002063,0.002159,0.001792,0.000925,0.000522],
	[0.000037,0.000760,0.001479,0.001758,0.001490,0.000892,0.000243,-0.000331,-0.000884,-0.001467,-0.002146,-0.002755,-0.003095,-0.003099,-0.002925,-0.002765,-0.002737,-0.002767,-0.002661,-0.002248,-0.001535,-0.000633,0.000262,0.000955,0.001281,0.001203,0.000865,0.000644,0.000790,0.001154,0.001332,0.001016,0.000242,-0.000591,-0.000958,-0.000597,0.000226,0.000965,0.001385,0.001663,0.001829,0.001236,-0.000086,-0.000690,-0.000370,0.000302,0.001114,0.001856,0.002324,0.002286,0.001713,0.000792,-0.000079,-0.000546,-0.000513,-0.000196,0.000046,-0.000119,-0.000596,-0.000882,-0.000876,-0.000811,-0.000782,-0.000713,-0.000400,0.000253,0.001117,0.001859,0.002205,0.002268,0.002385,0.002550,0.002630,0.002177,0.001181,0.000750,0.000556,0.000040,0.000012,0.000568,0.001135,0.001242,0.000769,0.000028,-0.000369,-0.000210,0.000243,0.000442,-0.000609,-0.001667,-0.000976,-0.000125,0.000642,-0.001171,-0.002785,-0.001948,-0.000592,0.001079,0.001839,0.001634,0.000734,0.000227,0.000008,0.000163,0.000385,0.000792,0.001209,0.001698,0.001964,0.002178,0.002102,0.001771,0.001003,0.000361,0.000033,0.000423,0.000878,0.001332,0.000339,-0.000754,-0.000637,-0.001210,-0.002033,-0.002233,-0.001408,-0.000207,0.000913,0.001426,0.001542,0.001568,0.001642,0.001403,0.001023,0.000967,0.001370,0.001851,0.002122,0.001957,0.001482,0.000894,0.000389,-0.000140,-0.000705,-0.001174,-0.001295,-0.001020,-0.000485,-0.000044,0.000022,-0.000205,-0.000181,0.000184,0.000599,0.000716,0.000603,0.000598,0.000662,0.000424,-0.000127,-0.000686,-0.000913,-0.000898,-0.001097,-0.001598,-0.001664,-0.001144,-0.000380,0.000259,0.000718,0.001092,0.001505,0.001863,0.002017,0.001798,0.001311,0.000742,0.000291,-0.000139,-0.000559,-0.001018,-0.001558,-0.002053,-0.002177,-0.001773,-0.001000,-0.000432,-0.000685,-0.001425,-0.001609,-0.001251,-0.000328,0.000812,0.001672,0.001709,0.001190,0.000262,-0.000666,-0.001303,-0.001428,-0.001171,-0.000491,0.000064,0.000424,-0.000459,-0.001426,-0.001277,-0.001196,-0.001554,-0.002493,-0.003004,-0.002930,-0.002316,-0.001553,-0.000870,-0.000496,-0.000336,-0.000413,-0.000911,-0.001861,-0.002373,-0.002223,-0.001742,-0.001125,-0.000298,0.000709,0.001656,0.002099,0.001855,0.001068,0.000083,-0.000863,-0.001496,-0.001560,-0.000991,-0.000176,0.000313,0.000128,-0.000545,-0.001198,-0.001374,-0.001054,-0.000565,-0.000266,-0.000226,-0.000161,0.000193,0.000794,0.001379,0.001634,0.001096,0.000162,-0.000114,0.000096,0.000323,0.000177,-0.000144]
],
	"idxs" : [14,0,21,35,13]
,"hydrophone_pos" : [
	[0.000000,0.000000,0.000000],
	[0.000000,0.000000,0.000000],
	[0.500000,0.000000,0.000000],
	[0.250000,0.250000,0.354000],
	[0.250000,-0.250000,0.354000]
],
	"direction_of_arrival" : [-0.281762,-0.885470,-0.369529]
,	"valid" : [0.000000,-0.000000,-0.000000,-0.000000,-0.000000]
}
dump = {
	"magnitude" : [0.000000,0.154651,0.015111,0.159306,0.022427,0.157866,0.028930,0.197662,0.045846,0.426965,0.238447,0.580392,0.339648,6.472042,41.503238,55.289382,21.988735,1.606084,0.788589,0.079876,0.145589,0.015958,0.099865,0.060259,0.016040,0.039522,0.028320,0.073855,0.075986,0.016395,0.007460,0.029266]
,	"raw_mv" : [
	[0.000000,0.000000,0.000000,0.000000,0.000000,0.000000,0.000000,0.000000,0.000000,0.000000,0.000000,0.000000,0.000000,0.000000,0.000000,0.000000,0.000000,0.000000,0.000000,0.000000,0.000000,0.000000,0.000000,0.000000,0.000000,0.000000,0.000000,0.000000,0.000000,0.000000,0.000000,0.000000,0.000000,0.000000,0.000000,0.000000,0.000000,0.000000,0.000000,0.000000,0.000000,0.000000,0.000000,0.000000,0.000000,0.000000,0.000000,0.000000,0.000000,0.000000,0.000000,0.000000,0.000000,0.000000,0.000000,0.000000,0.000000,0.000000,0.000000,0.000000,0.000000,0.000000,0.000000,0.000000,0.000000,0.000000,0.000000,0.000000,0.000000,0.000000,0.000000,0.000000,0.000000,0.000000,0.000000,0.000000,0.000000,0.000000,0.000000,0.000000,0.000000,0.000000,0.000000,0.000000,0.000000,0.000000,0.000000,0.000000,0.000000,0.000000,0.000000,0.000000,0.000000,0.000000,0.000000,0.000000,0.000000,0.000000,0.000000,0.000000,0.000000,0.000000,0.000000,0.000000,0.000000,0.000000,0.000000,0.000000,0.000000,0.000000,0.000000,0.000000,0.000000,0.000000,0.000000,0.000000,0.000000,0.000000,0.000000,0.000000,0.000000,0.000000,0.000000,0.000000,0.000000,0.000000,0.000000,0.000000,0.000000,0.000000,0.000000,0.000000,0.000000,0.000000,0.000000,0.000000,0.000000,0.000000,0.000000,0.000000,0.000000,0.000000,0.000000,0.000000,0.000000,0.000000,0.000000,0.000000,0.000000,0.000000,0.000000,0.000000,0.000000,0.000000,0.000000,0.000000,0.000000,0.000000,0.000000,0.000000,139.628997,1905.211059,3618.145996,-262.090515,-4841.616699,-994.570495,5081.580078,2576.269531,-4203.367187,-4737.848632,3726.491943,6031.896484,-2707.886962,-7187.078613,954.894531,7939.778320,936.582519,-7686.843750,-3465.164550,7631.144531,4298.742187,-5947.203613,-5463.843261,4455.919921,6038.382324,-3313.327636,-5544.721191,1620.230468,4730.600097,-246.067504,-3773.798095,-316.645019,2236.353027,661.520996,-678.688537,-1129.621459,-615.359497,560.041992,1780.078979,78.207504,-2561.009521,-1121.991577,3037.121582,2208.503417,-2738.025634,-3229.397460,2361.485107,3433.118652,-1431.006469,-4405.943359,642.064514,4824.067382,636.341979,-4897.697265,-2435.114501,4449.434570,4096.928710,-3336.217529,-4779.432128,1620.612060,5242.573242,-740.491516,-5420.352050,-717.983032,5968.567382,1894.529052,-5696.558105,-3521.245117,5216.630859,4481.862304,-4145.760742,-4763.409179,2388.189941,5785.829101,-2041.788085,-5087.684082,642.827514,4655.062988,462.378021,-4277.377929,-1360.810546,3665.452148,1942.979492,-2676.222656,-2385.137939,1789.234985,2583.136474,-1056.755004,-2382.849121,3.433500,2317.230957,365.095520,-1421.468994,-1044.928466,270.101989,1649.987548],
	[0.000000,0.000000,0.000000,0.000000,0.000000,0.000000,0.000000,0.000000,0.000000,0.000000,0.000000,0.000000,0.000000,0.000000,0.000000,0.000000,0.000000,0.000000,0.000000,0.000000,0.000000,0.000000,0.000000,0.000000,0.000000,0.000000,0.000000,0.000000,0.000000,0.000000,0.000000,0.000000,0.000000,0.000000,0.000000,0.000000,0.000000,0.000000,0.000000,0.000000,0.000000,0.000000,0.000000,0.000000,0.000000,0.000000,0.000000,0.000000,0.000000,0.000000,0.000000,0.000000,0.000000,0.000000,0.000000,0.000000,0.000000,0.000000,0.000000,0.000000,0.000000,0.000000,0.000000,0.000000,0.000000,0.000000,0.000000,0.000000,0.000000,0.000000,0.000000,0.000000,0.000000,0.000000,0.000000,0.000000,0.000000,0.000000,0.000000,0.000000,0.000000,0.000000,0.000000,0.000000,0.000000,0.000000,0.000000,0.000000,0.000000,0.000000,0.000000,0.000000,0.000000,0.000000,0.000000,0.000000,0.000000,0.000000,0.000000,0.000000,0.000000,0.000000,0.000000,0.000000,0.000000,0.000000,0.000000,0.000000,0.000000,0.000000,0.000000,0.000000,0.000000,0.000000,0.000000,0.000000,0.000000,0.000000,0.000000,0.000000,0.000000,0.000000,0.000000,0.000000,0.000000,0.000000,0.000000,0.000000,0.000000,0.000000,0.000000,0.000000,0.000000,0.000000,0.000000,0.000000,0.000000,0.000000,0.000000,0.000000,0.000000,0.000000,0.000000,0.000000,0.000000,0.000000,0.000000,0.000000,0.000000,0.000000,0.000000,0.000000,0.000000,0.000000,0.000000,0.000000,0.000000,0.000000,0.000000,0.000000,0.000000,0.000000,0.000000,0.000000,0.000000,0.000000,0.000000,0.000000,0.000000,0.000000,0.000000,0.000000,0.000000,0.000000,0.000000,0.000000,0.000000,0.000000,0.000000,0.000000,0.000000,0.000000,0.000000,0.000000,0.000000,0.000000,0.000000,0.000000,0.000000,0.000000,0.000000,0.000000,0.000000,0.000000,0.000000,0.000000,0.000000,0.000000,0.000000,0.000000,0.000000,0.000000,0.000000,0.000000,0.000000,0.000000,0.000000,0.000000,0.000000,0.000000,0.000000,0.000000,0.000000,0.000000,0.000000,0.000000,0.000000,0.000000,0.000000,0.000000,0.000000,0.000000,0.000000,0.000000,0.000000,0.000000,0.000000,0.000000,0.000000,0.000000,0.000000,0.000000,0.000000,0.000000,0.000000,0.000000,0.000000,0.000000,0.000000,0.000000,0.000000,0.000000,0.000000,0.000000,0.000000,0.000000,0.000000,0.000000,0.000000,0.000000,0.000000,0.000000,0.000000,0.000000,0.000000,0.000000],
	[0.000000,0.000000,0.000000,0.000000,0.000000,0.000000,0.000000,0.000000,0.000000,0.000000,0.000000,0.000000,0.000000,0.000000,0.000000,0.000000,0.000000,0.000000,0.000000,0.000000,0.000000,0.000000,0.000000,0.000000,0.000000,0.000000,0.000000,0.000000,0.000000,0.000000,0.000000,0.000000,0.000000,0.000000,0.000000,0.000000,0.000000,0.000000,0.000000,0.000000,0.000000,0.000000,0.000000,0.000000,0.000000,0.000000,0.000000,0.000000,0.000000,0.000000,0.000000,0.000000,0.000000,0.000000,0.000000,0.000000,0.000000,0.000000,0.000000,0.000000,0.000000,0.000000,0.000000,0.000000,0.000000,0.000000,0.000000,0.000000,0.000000,0.000000,0.000000,0.000000,0.000000,0.000000,0.000000,0.000000,0.000000,0.000000,0.000000,0.000000,0.000000,0.000000,0.000000,0.000000,0.000000,0.000000,0.000000,0.000000,0.000000,0.000000,0.000000,0.000000,0.000000,0.000000,0.000000,0.000000,0.000000,0.000000,0.000000,0.000000,0.000000,0.000000,0.000000,0.000000,0.000000,0.000000,0.000000,0.000000,0.000000,0.000000,0.000000,0.000000,0.000000,0.000000,0.000000,0.000000,0.000000,0.000000,0.000000,0.000000,0.000000,0.000000,0.000000,0.000000,0.000000,0.000000,0.000000,0.000000,0.000000,0.000000,0.000000,0.000000,0.000000,0.000000,0.000000,0.000000,0.000000,0.000000,0.000000,0.000000,0.000000,0.000000,0.000000,0.000000,0.000000,0.000000,0.000000,0.000000,0.000000,0.000000,0.000000,0.000000,0.000000,0.000000,0.000000,0.000000,0.000000,0.000000,0.000000,0.000000,-1.449700,-6.485500,-6.485500,-6.485500,-6.409200,-6.485500,-6.485500,-6.485500,-6.409200,-6.409200,-6.485500,-6.561800,-6.485500,-6.409200,-6.409200,-6.561800,-6.485500,-6.485500,-6.561800,-6.714400,-6.638100,-6.638100,-6.638100,-6.714400,-6.561800,-6.485500,-6.561800,-6.714400,-6.714400,-6.638100,-6.485500,-6.638100,-6.714400,-6.714400,-6.714400,-6.561800,-6.485500,-6.638100,-6.638100,-6.561800,-6.638100,-6.561800,-6.561800,-6.790700,-6.485500,-6.409200,-6.638100,-6.638100,-6.638100,-6.561800,-6.561800,-6.561800,-6.485500,-6.485500,-6.638100,-6.485500,-6.561800,-6.561800,-6.485500,-6.561800,-6.714400,-6.714400,-6.561800,-6.485500,-6.638100,-6.561800,-6.409200,-6.332900,-6.561800,-6.714400,-6.561800,-6.638100,-6.638100,-6.714400,-6.714400,-6.638100,-6.561800,-6.714400,-6.638100,-6.561800,-6.409200,-6.409200,-6.332900,-6.332900,-6.180300,-6.180300,-6.180300,-6.180300,-6.027700,-6.104000,-6.027700,-6.180300,-6.027700,-5.798800,-5.341000,-5.417300],
	[0.000000,0.000000,0.000000,0.000000,0.000000,0.000000,0.000000,0.000000,0.000000,0.000000,0.000000,0.000000,0.000000,0.000000,0.000000,0.000000,0.000000,0.000000,0.000000,0.000000,0.000000,0.000000,0.000000,0.000000,0.000000,0.000000,0.000000,0.000000,0.000000,0.000000,0.000000,0.000000,0.000000,0.000000,0.000000,0.000000,0.000000,0.000000,0.000000,0.000000,0.000000,0.000000,0.000000,0.000000,0.000000,0.000000,0.000000,0.000000,0.000000,0.000000,0.000000,0.000000,0.000000,0.000000,0.000000,0.000000,0.000000,0.000000,0.000000,0.000000,0.000000,0.000000,0.000000,0.000000,0.000000,0.000000,0.000000,0.000000,0.000000,0.000000,0.000000,0.000000,0.000000,0.000000,0.000000,0.000000,0.000000,0.000000,0.000000,0.000000,0.000000,0.000000,0.000000,0.000000,0.000000,0.000000,0.000000,0.000000,0.000000,0.000000,0.000000,0.000000,0.000000,0.000000,0.000000,0.000000,0.000000,0.000000,0.000000,0.000000,0.000000,0.000000,0.000000,0.000000,0.000000,0.000000,0.000000,0.000000,0.000000,0.000000,0.000000,0.000000,0.000000,0.000000,0.000000,0.000000,0.000000,0.000000,0.000000,0.000000,0.000000,0.000000,0.000000,0.000000,0.000000,0.000000,0.000000,0.000000,0.000000,0.000000,0.000000,0.000000,0.000000,0.000000,0.000000,0.000000,0.000000,0.000000,0.000000,0.000000,0.000000,0.000000,0.000000,0.000000,0.000000,0.000000,0.000000,0.000000,0.000000,0.000000,0.000000,0.000000,0.000000,0.000000,0.000000,0.000000,0.000000,0.000000,0.000000,0.000000,-7.248499,-68.288497,-58.750999,28.993999,62.566001,-3.815000,-97.282501,-24.797500,54.936000,45.017002,-51.884002,-78.207504,21.364000,71.722000,-8.011500,-90.034004,-42.346500,69.432998,51.121002,-58.750999,-83.166999,27.468000,63.710502,-14.496999,-74.392501,-15.260000,43.872501,22.508501,-47.687500,-38.913002,9.537500,27.086500,-3.815000,-43.872501,-16.404500,14.496999,12.971000,-17.167499,-21.745500,-8.774499,-8.392999,-6.485500,26.704999,-14.496999,-51.502502,-27.086500,56.843502,37.005500,-86.982002,-62.566001,70.195999,78.970504,-74.392501,-123.224502,38.150001,126.658004,-24.034500,-152.600006,-15.260000,129.328506,40.057498,-131.236007,-85.456001,101.479003,84.311500,-86.219001,-116.738998,40.820499,123.224502,-35.479499,-133.525009,-24.034500,127.039505,32.427501,-120.935501,-75.918502,82.022499,99.190002,-83.548500,-119.027999,35.479499,126.276504,-34.334999,-140.010498,-11.826499,129.328506,16.785999,-148.785003,-26.704999,116.738998,39.294502,-129.710006,-61.040000,105.675498,49.976501,-95.756500],
	[0.000000,0.000000,0.000000,0.000000,0.000000,0.000000,0.000000,0.000000,0.000000,0.000000,0.000000,0.000000,0.000000,0.000000,0.000000,0.000000,0.000000,0.000000,0.000000,0.000000,0.000000,0.000000,0.000000,0.000000,0.000000,0.000000,0.000000,0.000000,0.000000,0.000000,0.000000,0.000000,0.000000,0.000000,0.000000,0.000000,0.000000,0.000000,0.000000,0.000000,0.000000,0.000000,0.000000,0.000000,0.000000,0.000000,0.000000,0.000000,0.000000,0.000000,0.000000,0.000000,0.000000,0.000000,0.000000,0.000000,0.000000,0.000000,0.000000,0.000000,0.000000,0.000000,0.000000,0.000000,0.000000,0.000000,0.000000,0.000000,0.000000,0.000000,0.000000,0.000000,0.000000,0.000000,0.000000,0.000000,0.000000,0.000000,0.000000,0.000000,0.000000,0.000000,0.000000,0.000000,0.000000,0.000000,0.000000,0.000000,0.000000,0.000000,0.000000,0.000000,0.000000,0.000000,0.000000,0.000000,0.000000,0.000000,0.000000,0.000000,0.000000,0.000000,0.000000,0.000000,0.000000,0.000000,0.000000,0.000000,0.000000,0.000000,0.000000,0.000000,0.000000,0.000000,0.000000,0.000000,0.000000,0.000000,0.000000,0.000000,0.000000,0.000000,0.000000,0.000000,0.000000,0.000000,0.000000,0.000000,0.000000,0.000000,0.000000,0.000000,0.000000,0.000000,0.000000,0.000000,0.000000,0.000000,0.000000,0.000000,0.000000,0.000000,0.000000,0.000000,0.000000,0.000000,0.000000,0.000000,0.000000,0.000000,0.000000,0.000000,0.000000,0.000000,0.000000,0.000000,0.000000,0.000000,0.000000,0.000000,1.907500,-7.248499,-7.248499,-7.248499,-6.867000,-7.248499,-7.248499,-7.248499,-6.867000,-6.867000,-7.248499,-7.248499,-6.867000,-6.867000,-7.248499,-7.630000,-7.248499,-6.867000,-6.867000,-7.630000,-7.248499,-6.867000,-7.248499,-7.248499,-7.248499,-7.248499,-6.867000,-7.248499,-7.248499,-7.248499,-7.248499,-7.248499,-7.248499,-7.248499,-7.248499,-7.248499,-6.867000,-6.867000,-6.867000,-6.867000,-7.248499,-7.248499,-7.248499,-7.248499,-6.867000,-7.248499,-7.248499,-7.248499,-7.248499,-6.867000,-7.248499,-7.248499,-6.867000,-6.867000,-7.248499,-7.248499,-7.248499,-7.248499,-6.867000,-6.867000,-7.248499,-7.248499,-7.248499,-6.867000,-7.248499,-7.248499,-6.867000,-7.248499,-7.248499,-7.248499,-7.248499,-6.867000,-7.248499,-7.248499,-7.248499,-7.248499,-6.867000,-7.248499,-7.248499,-7.248499,-7.248499,-6.867000,-6.867000,-6.867000,-6.485500,-6.867000,-6.867000,-6.867000,-6.867000,-6.485500,-6.485500,-6.485500,-6.485500,-6.867000,-6.485500,-6.104000]
],
"normalized" : [
	[-0.005019,-0.005019,-0.005019,-0.005019,-0.005019,-0.005019,-0.005019,-0.005019,-0.005019,-0.005019,-0.005019,-0.005019,-0.005019,-0.005019,-0.005019,-0.005019,-0.005019,-0.005019,-0.005019,-0.005019,-0.005019,-0.005019,-0.005019,-0.005019,-0.005019,-0.005019,-0.005019,-0.005019,-0.005019,-0.005019,-0.005019,-0.005019,-0.005019,-0.005019,-0.005019,-0.005019,-0.005019,-0.005019,-0.005019,-0.005019,-0.005019,-0.005019,-0.005019,-0.005019,-0.005019,-0.005019,-0.005019,-0.005019,-0.005019,-0.005019,-0.005019,-0.005019,-0.005019,-0.005019,-0.005019,-0.005019,-0.005019,-0.005019,-0.005019,-0.005019,-0.005019,-0.005019,-0.005019,-0.005019,-0.005019,-0.005019,-0.005019,-0.005019,-0.005019,-0.005019,-0.005019,-0.005019,-0.005019,-0.005019,-0.005019,-0.005019,-0.005019,-0.005019,-0.005019,-0.005019,-0.005019,-0.005019,-0.005019,-0.005019,-0.005019,-0.005019,-0.005019,-0.005019,-0.005019,-0.005019,-0.005019,-0.005019,-0.005019,-0.005019,-0.005019,-0.005019,-0.005019,-0.005019,-0.005019,-0.005019,-0.005019,-0.005019,-0.005019,-0.005019,-0.005019,-0.005019,-0.005019,-0.005019,-0.005019,-0.005019,-0.005019,-0.005019,-0.005019,-0.005019,-0.005019,-0.005019,-0.005019,-0.005019,-0.005019,-0.005019,-0.005019,-0.005019,-0.005019,-0.005019,-0.005019,-0.005019,-0.005019,-0.005019,-0.005019,-0.005019,-0.005019,-0.005019,-0.005019,-0.005019,-0.005019,-0.005019,-0.005019,-0.005019,-0.005019,-0.005019,-0.005019,-0.005019,-0.005019,-0.005019,-0.005019,-0.005019,-0.005019,-0.005019,-0.005019,-0.005019,-0.005019,-0.005019,-0.005019,-0.005019,-0.005019,-0.005019,-0.005019,-0.005019,-0.005019,-0.005019,0.058062,0.855725,1.629601,-0.123427,-2.192384,-0.454350,2.290758,1.158898,-1.904034,-2.145504,1.678550,2.720096,-1.228399,-3.252027,0.426387,3.582047,0.418113,-3.477813,-1.570525,3.442610,1.937084,-2.691871,-2.473497,2.008094,2.723026,-1.501928,-2.510036,0.726975,2.132190,-0.116188,-1.709961,-0.148074,1.005329,0.293845,-0.311639,-0.515364,-0.283028,0.247998,0.799192,0.030313,-1.162042,-0.511917,1.367104,0.992747,-1.242015,-1.464009,1.061862,1.546009,-0.651525,-1.995554,0.285055,2.174417,0.282470,-2.217721,-1.105165,2.005164,1.845908,-1.512269,-2.164291,0.727147,2.363492,-0.339561,-2.453848,-0.329392,2.691484,0.850899,-2.578634,-1.595861,2.351772,2.019815,-1.878008,-2.157052,1.073927,2.608926,-0.927466,-2.303554,0.285400,2.098064,0.203875,-1.937470,-0.619811,1.650974,0.872788,-1.214094,-1.082586,0.803328,1.162001,-0.482444,-1.081552,-0.003467,1.041869,0.159925,-0.647216,-0.477101,0.117008,0.740419],
	[0.000000,0.000000,0.000000,0.000000,0.000000,0.000000,0.000000,0.000000,0.000000,0.000000,0.000000,0.000000,0.000000,0.000000,0.000000,0.000000,0.000000,0.000000,0.000000,0.000000,0.000000,0.000000,0.000000,0.000000,0.000000,0.000000,0.000000,0.000000,0.000000,0.000000,0.000000,0.000000,0.000000,0.000000,0.000000,0.000000,0.000000,0.000000,0.000000,0.000000,0.000000,0.000000,0.000000,0.000000,0.000000,0.000000,0.000000,0.000000,0.000000,0.000000,0.000000,0.000000,0.000000,0.000000,0.000000,0.000000,0.000000,0.000000,0.000000,0.000000,0.000000,0.000000,0.000000,0.000000,0.000000,0.000000,0.000000,0.000000,0.000000,0.000000,0.000000,0.000000,0.000000,0.000000,0.000000,0.000000,0.000000,0.000000,0.000000,0.000000,0.000000,0.000000,0.000000,0.000000,0.000000,0.000000,0.000000,0.000000,0.000000,0.000000,0.000000,0.000000,0.000000,0.000000,0.000000,0.000000,0.000000,0.000000,0.000000,0.000000,0.000000,0.000000,0.000000,0.000000,0.000000,0.000000,0.000000,0.000000,0.000000,0.000000,0.000000,0.000000,0.000000,0.000000,0.000000,0.000000,0.000000,0.000000,0.000000,0.000000,0.000000,0.000000,0.000000,0.000000,0.000000,0.000000,0.000000,0.000000,0.000000,0.000000,0.000000,0.000000,0.000000,0.000000,0.000000,0.000000,0.000000,0.000000,0.000000,0.000000,0.000000,0.000000,0.000000,0.000000,0.000000,0.000000,0.000000,0.000000,0.000000,0.000000,0.000000,0.000000,0.000000,0.000000,0.000000,0.000000,0.000000,0.000000,0.000000,0.000000,0.000000,0.000000,0.000000,0.000000,0.000000,0.000000,0.000000,0.000000,0.000000,0.000000,0.000000,0.000000,0.000000,0.000000,0.000000,0.000000,0.000000,0.000000,0.000000,0.000000,0.000000,0.000000,0.000000,0.000000,0.000000,0.000000,0.000000,0.000000,0.000000,0.000000,0.000000,0.000000,0.000000,0.000000,0.000000,0.000000,0.000000,0.000000,0.000000,0.000000,0.000000,0.000000,0.000000,0.000000,0.000000,0.000000,0.000000,0.000000,0.000000,0.000000,0.000000,0.000000,0.000000,0.000000,0.000000,0.000000,0.000000,0.000000,0.000000,0.000000,0.000000,0.000000,0.000000,0.000000,0.000000,0.000000,0.000000,0.000000,0.000000,0.000000,0.000000,0.000000,0.000000,0.000000,0.000000,0.000000,0.000000,0.000000,0.000000,0.000000,0.000000,0.000000,0.000000,0.000000,0.000000,0.000000,0.000000,0.000000,0.000000,0.000000,0.000000,0.000000,0.000000,0.000000,0.000000,0.000000],
	[0.769856,0.769856,0.769856,0.769856,0.769856,0.769856,0.769856,0.769856,0.769856,0.769856,0.769856,0.769856,0.769856,0.769856,0.769856,0.769856,0.769856,0.769856,0.769856,0.769856,0.769856,0.769856,0.769856,0.769856,0.769856,0.769856,0.769856,0.769856,0.769856,0.769856,0.769856,0.769856,0.769856,0.769856,0.769856,0.769856,0.769856,0.769856,0.769856,0.769856,0.769856,0.769856,0.769856,0.769856,0.769856,0.769856,0.769856,0.769856,0.769856,0.769856,0.769856,0.769856,0.769856,0.769856,0.769856,0.769856,0.769856,0.769856,0.769856,0.769856,0.769856,0.769856,0.769856,0.769856,0.769856,0.769856,0.769856,0.769856,0.769856,0.769856,0.769856,0.769856,0.769856,0.769856,0.769856,0.769856,0.769856,0.769856,0.769856,0.769856,0.769856,0.769856,0.769856,0.769856,0.769856,0.769856,0.769856,0.769856,0.769856,0.769856,0.769856,0.769856,0.769856,0.769856,0.769856,0.769856,0.769856,0.769856,0.769856,0.769856,0.769856,0.769856,0.769856,0.769856,0.769856,0.769856,0.769856,0.769856,0.769856,0.769856,0.769856,0.769856,0.769856,0.769856,0.769856,0.769856,0.769856,0.769856,0.769856,0.769856,0.769856,0.769856,0.769856,0.769856,0.769856,0.769856,0.769856,0.769856,0.769856,0.769856,0.769856,0.769856,0.769856,0.769856,0.769856,0.769856,0.769856,0.769856,0.769856,0.769856,0.769856,0.769856,0.769856,0.769856,0.769856,0.769856,0.769856,0.769856,0.769856,0.769856,0.769856,0.769856,0.769856,0.769856,0.769856,0.769856,0.769856,0.769856,0.769856,0.769856,0.307333,-1.299322,-1.299322,-1.299322,-1.274979,-1.299322,-1.299322,-1.299322,-1.274979,-1.274979,-1.299322,-1.323665,-1.299322,-1.274979,-1.274979,-1.323665,-1.299322,-1.299322,-1.323665,-1.372352,-1.348009,-1.348009,-1.348009,-1.372352,-1.323665,-1.299322,-1.323665,-1.372352,-1.372352,-1.348009,-1.299322,-1.348009,-1.372352,-1.372352,-1.372352,-1.323665,-1.299322,-1.348009,-1.348009,-1.323665,-1.348009,-1.323665,-1.323665,-1.396695,-1.299322,-1.274979,-1.348009,-1.348009,-1.348009,-1.323665,-1.323665,-1.323665,-1.299322,-1.299322,-1.348009,-1.299322,-1.323665,-1.323665,-1.299322,-1.323665,-1.372352,-1.372352,-1.323665,-1.299322,-1.348009,-1.323665,-1.274979,-1.250636,-1.323665,-1.372352,-1.323665,-1.348009,-1.348009,-1.372352,-1.372352,-1.348009,-1.323665,-1.372352,-1.348009,-1.323665,-1.274979,-1.274979,-1.250636,-1.250636,-1.201949,-1.201949,-1.201949,-1.201949,-1.153263,-1.177606,-1.153263,-1.201949,-1.153263,-1.080233,-0.934173,-0.958516],
	[0.064715,0.064715,0.064715,0.064715,0.064715,0.064715,0.064715,0.064715,0.064715,0.064715,0.064715,0.064715,0.064715,0.064715,0.064715,0.064715,0.064715,0.064715,0.064715,0.064715,0.064715,0.064715,0.064715,0.064715,0.064715,0.064715,0.064715,0.064715,0.064715,0.064715,0.064715,0.064715,0.064715,0.064715,0.064715,0.064715,0.064715,0.064715,0.064715,0.064715,0.064715,0.064715,0.064715,0.064715,0.064715,0.064715,0.064715,0.064715,0.064715,0.064715,0.064715,0.064715,0.064715,0.064715,0.064715,0.064715,0.064715,0.064715,0.064715,0.064715,0.064715,0.064715,0.064715,0.064715,0.064715,0.064715,0.064715,0.064715,0.064715,0.064715,0.064715,0.064715,0.064715,0.064715,0.064715,0.064715,0.064715,0.064715,0.064715,0.064715,0.064715,0.064715,0.064715,0.064715,0.064715,0.064715,0.064715,0.064715,0.064715,0.064715,0.064715,0.064715,0.064715,0.064715,0.064715,0.064715,0.064715,0.064715,0.064715,0.064715,0.064715,0.064715,0.064715,0.064715,0.064715,0.064715,0.064715,0.064715,0.064715,0.064715,0.064715,0.064715,0.064715,0.064715,0.064715,0.064715,0.064715,0.064715,0.064715,0.064715,0.064715,0.064715,0.064715,0.064715,0.064715,0.064715,0.064715,0.064715,0.064715,0.064715,0.064715,0.064715,0.064715,0.064715,0.064715,0.064715,0.064715,0.064715,0.064715,0.064715,0.064715,0.064715,0.064715,0.064715,0.064715,0.064715,0.064715,0.064715,0.064715,0.064715,0.064715,0.064715,0.064715,0.064715,0.064715,0.064715,0.064715,0.064715,0.064715,0.064715,-0.097206,-1.460759,-1.247704,0.712403,1.462357,-0.020506,-2.108447,-0.489227,1.291913,1.070335,-1.094304,-1.682336,0.541959,1.666890,-0.114250,-1.946525,-0.881249,1.615757,1.206691,-1.247704,-1.793125,0.678314,1.487923,-0.259128,-1.597114,-0.276172,1.044769,0.567525,-1.000560,-0.804549,0.277770,0.669792,-0.020506,-0.915338,-0.301739,0.388559,0.354470,-0.318783,-0.421050,-0.131295,-0.122773,-0.080162,0.661269,-0.259128,-1.085782,-0.540361,1.334524,0.891369,-1.878347,-1.332926,1.632801,1.828812,-1.597114,-2.687957,0.916936,2.894088,-0.472183,-3.344167,-0.276172,2.953743,0.959547,-2.866923,-1.844258,2.331622,1.948123,-1.861303,-2.543079,0.976591,2.817388,-0.727849,-2.918056,-0.472183,2.902610,0.789103,-2.636823,-1.631203,1.896989,2.280489,-1.801647,-2.594212,0.857280,2.885565,-0.702283,-3.062933,-0.199472,2.953743,0.439692,-3.258944,-0.531838,2.672510,0.942502,-2.832834,-1.298837,2.425366,1.181124,-2.074358],
	[0.763388,0.763388,0.763388,0.763388,0.763388,0.763388,0.763388,0.763388,0.763388,0.763388,0.763388,0.763388,0.763388,0.763388,0.763388,0.763388,0.763388,0.763388,0.763388,0.763388,0.763388,0.763388,0.763388,0.763388,0.763388,0.763388,0.763388,0.763388,0.763388,0.763388,0.763388,0.763388,0.763388,0.763388,0.763388,0.763388,0.763388,0.763388,0.763388,0.763388,0.763388,0.763388,0.763388,0.763388,0.763388,0.763388,0.763388,0.763388,0.763388,0.763388,0.763388,0.763388,0.763388,0.763388,0.763388,0.763388,0.763388,0.763388,0.763388,0.763388,0.763388,0.763388,0.763388,0.763388,0.763388,0.763388,0.763388,0.763388,0.763388,0.763388,0.763388,0.763388,0.763388,0.763388,0.763388,0.763388,0.763388,0.763388,0.763388,0.763388,0.763388,0.763388,0.763388,0.763388,0.763388,0.763388,0.763388,0.763388,0.763388,0.763388,0.763388,0.763388,0.763388,0.763388,0.763388,0.763388,0.763388,0.763388,0.763388,0.763388,0.763388,0.763388,0.763388,0.763388,0.763388,0.763388,0.763388,0.763388,0.763388,0.763388,0.763388,0.763388,0.763388,0.763388,0.763388,0.763388,0.763388,0.763388,0.763388,0.763388,0.763388,0.763388,0.763388,0.763388,0.763388,0.763388,0.763388,0.763388,0.763388,0.763388,0.763388,0.763388,0.763388,0.763388,0.763388,0.763388,0.763388,0.763388,0.763388,0.763388,0.763388,0.763388,0.763388,0.763388,0.763388,0.763388,0.763388,0.763388,0.763388,0.763388,0.763388,0.763388,0.763388,0.763388,0.763388,0.763388,0.763388,0.763388,0.763388,0.763388,1.319844,-1.351145,-1.351145,-1.351145,-1.239854,-1.351145,-1.351145,-1.351145,-1.239854,-1.239854,-1.351145,-1.351145,-1.239854,-1.239854,-1.351145,-1.462437,-1.351145,-1.239854,-1.239854,-1.462437,-1.351145,-1.239854,-1.351145,-1.351145,-1.351145,-1.351145,-1.239854,-1.351145,-1.351145,-1.351145,-1.351145,-1.351145,-1.351145,-1.351145,-1.351145,-1.351145,-1.239854,-1.239854,-1.239854,-1.239854,-1.351145,-1.351145,-1.351145,-1.351145,-1.239854,-1.351145,-1.351145,-1.351145,-1.351145,-1.239854,-1.351145,-1.351145,-1.239854,-1.239854,-1.351145,-1.351145,-1.351145,-1.351145,-1.239854,-1.239854,-1.351145,-1.351145,-1.351145,-1.239854,-1.351145,-1.351145,-1.239854,-1.351145,-1.351145,-1.351145,-1.351145,-1.239854,-1.351145,-1.351145,-1.351145,-1.351145,-1.239854,-1.351145,-1.351145,-1.351145,-1.351145,-1.239854,-1.239854,-1.239854,-1.128563,-1.239854,-1.239854,-1.239854,-1.239854,-1.128563,-1.128563,-1.128563,-1.128563,-1.239854,-1.128563,-1.017271]
],
"cwt" : [
	[0.169478,0.107755,0.056612,0.024162,0.008399,0.002401,0.000496,0.000030,0.000056,0.000056,0.000046,0.000047,0.000043,0.000041,0.000039,0.000036,0.000036,0.000033,0.000033,0.000030,0.000031,0.000029,0.000029,0.000027,0.000027,0.000026,0.000026,0.000025,0.000024,0.000024,0.000023,0.000024,0.000023,0.000023,0.000022,0.000023,0.000021,0.000022,0.000021,0.000022,0.000020,0.000022,0.000020,0.000022,0.000019,0.000021,0.000019,0.000021,0.000019,0.000021,0.000019,0.000021,0.000019,0.000021,0.000018,0.000021,0.000018,0.000021,0.000018,0.000021,0.000018,0.000022,0.000018,0.000021,0.000019,0.000022,0.000019,0.000022,0.000019,0.000022,0.000019,0.000022,0.000019,0.000022,0.000019,0.000023,0.000020,0.000023,0.000020,0.000023,0.000020,0.000023,0.000020,0.000024,0.000021,0.000024,0.000021,0.000025,0.000022,0.000025,0.000022,0.000026,0.000022,0.000026,0.000023,0.000027,0.000024,0.000027,0.000024,0.000028,0.000025,0.000029,0.000026,0.000029,0.000027,0.000030,0.000028,0.000031,0.000029,0.000032,0.000030,0.000033,0.000031,0.000034,0.000032,0.000036,0.000033,0.000037,0.000035,0.000039,0.000037,0.000041,0.000039,0.000042,0.000041,0.000045,0.000043,0.000047,0.000046,0.000050,0.000049,0.000053,0.000052,0.000057,0.000056,0.000061,0.000060,0.000066,0.000066,0.000071,0.000072,0.000078,0.000079,0.000086,0.000088,0.000096,0.000099,0.000108,0.000112,0.000123,0.000129,0.000143,0.000149,0.000055,0.000598,0.002953,0.010435,0.031512,0.080428,0.172172,0.312766,0.491373,0.681887,0.854819,0.991352,1.089941,1.162863,1.227266,1.296005,1.372301,1.451364,1.526553,1.593901,1.652427,1.702535,1.745333,1.782063,1.811469,1.827668,1.823294,1.796071,1.751115,1.695573,1.631354,1.554158,1.459224,1.346822,1.222204,1.091179,0.956187,0.816505,0.671905,0.526113,0.387910,0.272179,0.206188,0.219393,0.290682,0.383034,0.479607,0.573188,0.659426,0.735122,0.797988,0.846847,0.882694,0.909989,0.935776,0.965813,1.000995,1.038053,1.073749,1.107701,1.140979,1.172674,1.198688,1.214479,1.219227,1.217366,1.216133,1.221875,1.238209,1.265823,1.302281,1.342349,1.379956,1.410073,1.428404,1.431000,1.416997,1.391587,1.363007,1.334563,1.301308,1.256287,1.198920,1.136341,1.077385,1.026046,0.980244,0.935337,0.888092,0.838392,0.788400,0.740264,0.694410,0.649983,0.606347,0.563070,0.518254,0.468640,0.413609,0.358930,0.312567,0.272797,0.227271],
	[0.000000,0.000000,0.000000,0.000000,0.000000,0.000000,0.000000,0.000000,0.000000,0.000000,0.000000,0.000000,0.000000,0.000000,0.000000,0.000000,0.000000,0.000000,0.000000,0.000000,0.000000,0.000000,0.000000,0.000000,0.000000,0.000000,0.000000,0.000000,0.000000,0.000000,0.000000,0.000000,0.000000,0.000000,0.000000,0.000000,0.000000,0.000000,0.000000,0.000000,0.000000,0.000000,0.000000,0.000000,0.000000,0.000000,0.000000,0.000000,0.000000,0.000000,0.000000,0.000000,0.000000,0.000000,0.000000,0.000000,0.000000,0.000000,0.000000,0.000000,0.000000,0.000000,0.000000,0.000000,0.000000,0.000000,0.000000,0.000000,0.000000,0.000000,0.000000,0.000000,0.000000,0.000000,0.000000,0.000000,0.000000,0.000000,0.000000,0.000000,0.000000,0.000000,0.000000,0.000000,0.000000,0.000000,0.000000,0.000000,0.000000,0.000000,0.000000,0.000000,0.000000,0.000000,0.000000,0.000000,0.000000,0.000000,0.000000,0.000000,0.000000,0.000000,0.000000,0.000000,0.000000,0.000000,0.000000,0.000000,0.000000,0.000000,0.000000,0.000000,0.000000,0.000000,0.000000,0.000000,0.000000,0.000000,0.000000,0.000000,0.000000,0.000000,0.000000,0.000000,0.000000,0.000000,0.000000,0.000000,0.000000,0.000000,0.000000,0.000000,0.000000,0.000000,0.000000,0.000000,0.000000,0.000000,0.000000,0.000000,0.000000,0.000000,0.000000,0.000000,0.000000,0.000000,0.000000,0.000000,0.000000,0.000000,0.000000,0.000000,0.000000,0.000000,0.000000,0.000000,0.000000,0.000000,0.000000,0.000000,0.000000,0.000000,0.000000,0.000000,0.000000,0.000000,0.000000,0.000000,0.000000,0.000000,0.000000,0.000000,0.000000,0.000000,0.000000,0.000000,0.000000,0.000000,0.000000,0.000000,0.000000,0.000000,0.000000,0.000000,0.000000,0.000000,0.000000,0.000000,0.000000,0.000000,0.000000,0.000000,0.000000,0.000000,0.000000,0.000000,0.000000,0.000000,0.000000,0.000000,0.000000,0.000000,0.000000,0.000000,0.000000,0.000000,0.000000,0.000000,0.000000,0.000000,0.000000,0.000000,0.000000,0.000000,0.000000,0.000000,0.000000,0.000000,0.000000,0.000000,0.000000,0.000000,0.000000,0.000000,0.000000,0.000000,0.000000,0.000000,0.000000,0.000000,0.000000,0.000000,0.000000,0.000000,0.000000,0.000000,0.000000,0.000000,0.000000,0.000000,0.000000,0.000000,0.000000,0.000000,0.000000,0.000000,0.000000,0.000000,0.000000,0.000000,0.000000,0.000000,0.000000,0.000000,0.000000,0.000000],
	[0.261887,0.194902,0.105411,0.046840,0.023994,0.011510,0.006129,0.006282,0.006264,0.006060,0.005879,0.005706,0.005557,0.005406,0.005278,0.005147,0.005037,0.004923,0.004825,0.004726,0.004638,0.004552,0.004472,0.004397,0.004324,0.004258,0.004191,0.004134,0.004071,0.004022,0.003963,0.003920,0.003865,0.003827,0.003775,0.003743,0.003693,0.003666,0.003619,0.003596,0.003550,0.003532,0.003488,0.003473,0.003431,0.003420,0.003378,0.003371,0.003331,0.003326,0.003287,0.003285,0.003247,0.003248,0.003211,0.003214,0.003178,0.003184,0.003149,0.003157,0.003123,0.003132,0.003099,0.003111,0.003079,0.003092,0.003061,0.003076,0.003046,0.003062,0.003033,0.003051,0.003023,0.003042,0.003015,0.003036,0.003010,0.003032,0.003007,0.003030,0.003006,0.003031,0.003008,0.003034,0.003012,0.003039,0.003019,0.003047,0.003028,0.003057,0.003039,0.003070,0.003053,0.003085,0.003070,0.003102,0.003089,0.003123,0.003111,0.003146,0.003136,0.003172,0.003164,0.003201,0.003195,0.003233,0.003229,0.003269,0.003267,0.003308,0.003309,0.003351,0.003355,0.003398,0.003405,0.003450,0.003460,0.003506,0.003519,0.003568,0.003585,0.003635,0.003656,0.003709,0.003734,0.003789,0.003819,0.003878,0.003913,0.003975,0.004016,0.004082,0.004130,0.004200,0.004256,0.004331,0.004396,0.004477,0.004552,0.004641,0.004727,0.004825,0.004924,0.005035,0.005149,0.005274,0.005407,0.005550,0.005705,0.005870,0.006051,0.006251,0.006414,0.006344,0.007626,0.014516,0.025737,0.053551,0.121670,0.214611,0.280251,0.272674,0.196823,0.105104,0.048438,0.029483,0.019453,0.010886,0.001649,0.009620,0.017505,0.018323,0.011491,0.005819,0.014539,0.017007,0.009572,0.006402,0.015946,0.017402,0.009587,0.003877,0.014330,0.017845,0.013372,0.010567,0.017291,0.022046,0.020971,0.014485,0.010330,0.014592,0.015735,0.014961,0.014517,0.009988,0.010065,0.014965,0.012216,0.006052,0.005338,0.004383,0.017569,0.025512,0.021742,0.016965,0.020142,0.018772,0.011020,0.001290,0.007071,0.008935,0.003054,0.007698,0.011485,0.005967,0.006389,0.010227,0.006878,0.012221,0.021271,0.022840,0.015735,0.011738,0.020725,0.025058,0.021231,0.017664,0.022293,0.023323,0.015115,0.003928,0.006888,0.013167,0.016124,0.011571,0.005162,0.014189,0.018429,0.014506,0.005995,0.003242,0.010408,0.013261,0.008992,0.001237,0.011472,0.014993,0.011193,0.003586,0.009364,0.022424,0.030884,0.079589,0.174304,0.254115],
	[0.577228,0.346552,0.174207,0.072018,0.024935,0.007369,0.001360,0.000297,0.000547,0.000516,0.000505,0.000475,0.000478,0.000446,0.000454,0.000422,0.000432,0.000403,0.000412,0.000386,0.000394,0.000372,0.000379,0.000359,0.000365,0.000349,0.000352,0.000339,0.000341,0.000331,0.000331,0.000323,0.000322,0.000316,0.000313,0.000310,0.000306,0.000305,0.000299,0.000300,0.000293,0.000295,0.000287,0.000291,0.000282,0.000287,0.000277,0.000284,0.000272,0.000281,0.000268,0.000278,0.000265,0.000276,0.000261,0.000274,0.000259,0.000272,0.000256,0.000270,0.000254,0.000268,0.000251,0.000267,0.000250,0.000266,0.000248,0.000265,0.000247,0.000265,0.000246,0.000264,0.000245,0.000264,0.000244,0.000264,0.000244,0.000264,0.000244,0.000265,0.000244,0.000265,0.000244,0.000266,0.000245,0.000267,0.000246,0.000268,0.000247,0.000269,0.000248,0.000271,0.000249,0.000272,0.000251,0.000274,0.000253,0.000277,0.000255,0.000279,0.000258,0.000282,0.000261,0.000285,0.000264,0.000288,0.000268,0.000292,0.000272,0.000296,0.000276,0.000301,0.000281,0.000305,0.000286,0.000311,0.000292,0.000316,0.000298,0.000323,0.000305,0.000330,0.000312,0.000337,0.000321,0.000346,0.000330,0.000355,0.000340,0.000366,0.000351,0.000377,0.000364,0.000391,0.000377,0.000405,0.000393,0.000422,0.000411,0.000441,0.000431,0.000462,0.000454,0.000487,0.000481,0.000517,0.000513,0.000551,0.000550,0.000593,0.000594,0.000645,0.000636,0.000489,0.001309,0.005681,0.017720,0.049403,0.117069,0.227860,0.368577,0.510503,0.628969,0.718000,0.783922,0.829110,0.849778,0.848074,0.838004,0.835444,0.844893,0.859968,0.874391,0.887851,0.902809,0.919424,0.934431,0.943720,0.944375,0.934061,0.910655,0.874186,0.828063,0.776989,0.724433,0.672696,0.623392,0.575945,0.527711,0.478779,0.435174,0.403031,0.379967,0.356803,0.326830,0.289251,0.244616,0.190122,0.120218,0.031248,0.075686,0.192238,0.310721,0.427001,0.542725,0.661042,0.780574,0.895055,0.998431,1.089760,1.173465,1.254258,1.332068,1.402753,1.462564,1.509835,1.543087,1.560698,1.564006,1.558757,1.550996,1.541703,1.527253,1.505638,1.481017,1.461365,1.451853,1.451012,1.453565,1.455804,1.456880,1.455780,1.449884,1.438389,1.425955,1.420419,1.425719,1.438454,1.452511,1.465117,1.477229,1.489810,1.502032,1.513024,1.522898,1.530698,1.532879,1.525579,1.508663,1.486396,1.461249,1.425447,1.359639,1.241988,1.061983,0.829958],
	[0.278368,0.204055,0.109958,0.048918,0.024700,0.011637,0.006087,0.006273,0.006251,0.006054,0.005862,0.005698,0.005538,0.005396,0.005258,0.005136,0.005014,0.004910,0.004801,0.004712,0.004614,0.004538,0.004447,0.004382,0.004298,0.004244,0.004165,0.004119,0.004045,0.004007,0.003936,0.003905,0.003837,0.003812,0.003747,0.003728,0.003665,0.003651,0.003590,0.003581,0.003521,0.003517,0.003459,0.003458,0.003401,0.003404,0.003349,0.003355,0.003301,0.003311,0.003257,0.003270,0.003217,0.003233,0.003181,0.003199,0.003148,0.003168,0.003118,0.003141,0.003092,0.003116,0.003068,0.003095,0.003047,0.003076,0.003029,0.003060,0.003014,0.003046,0.003001,0.003034,0.002991,0.003025,0.002983,0.003019,0.002977,0.003014,0.002974,0.003012,0.002973,0.003013,0.002975,0.003015,0.002979,0.003020,0.002985,0.003027,0.002994,0.003037,0.003005,0.003049,0.003019,0.003063,0.003035,0.003080,0.003054,0.003100,0.003076,0.003122,0.003100,0.003147,0.003128,0.003175,0.003159,0.003206,0.003193,0.003241,0.003230,0.003278,0.003271,0.003320,0.003316,0.003366,0.003366,0.003416,0.003420,0.003471,0.003479,0.003530,0.003543,0.003596,0.003613,0.003667,0.003690,0.003745,0.003774,0.003831,0.003867,0.003925,0.003968,0.004029,0.004080,0.004144,0.004203,0.004271,0.004340,0.004412,0.004493,0.004570,0.004663,0.004749,0.004856,0.004951,0.005074,0.005182,0.005323,0.005448,0.005610,0.005758,0.005941,0.006124,0.006403,0.006480,0.004494,0.013029,0.038163,0.081193,0.168404,0.299877,0.407938,0.416330,0.319354,0.187445,0.096496,0.060921,0.045892,0.033491,0.027595,0.037913,0.046918,0.043586,0.037444,0.044654,0.056919,0.060874,0.055464,0.052209,0.059104,0.060782,0.047317,0.032531,0.030323,0.027369,0.022687,0.017811,0.016306,0.021597,0.019370,0.009002,0.002830,0.005405,0.002917,0.009061,0.018011,0.019449,0.012391,0.004796,0.005021,0.013106,0.018761,0.018262,0.018908,0.018357,0.016138,0.020211,0.022617,0.022705,0.020306,0.020237,0.031352,0.036564,0.030831,0.026057,0.025008,0.018880,0.018866,0.025715,0.026277,0.027366,0.033114,0.034723,0.027698,0.018996,0.024673,0.026455,0.017849,0.017238,0.021759,0.023524,0.022203,0.016470,0.017606,0.021584,0.023731,0.022714,0.016023,0.015826,0.018673,0.019684,0.019725,0.009455,0.007805,0.017301,0.013501,0.013193,0.017627,0.019678,0.022402,0.017141,0.009084,0.018438,0.046252,0.112259,0.206967,0.279513]
],
"envelope_edge" : [
	[0.007514,0.007254,0.006852,0.006393,0.005961,0.005595,0.005292,0.005033,0.004808,0.004608,0.004425,0.004257,0.004101,0.003956,0.003819,0.003691,0.003568,0.003453,0.003342,0.003237,0.003136,0.003039,0.002946,0.002856,0.002769,0.002686,0.002605,0.002526,0.002450,0.002376,0.002304,0.002234,0.002166,0.002099,0.002034,0.001971,0.001908,0.001847,0.001788,0.001729,0.001672,0.001615,0.001560,0.001505,0.001452,0.001399,0.001347,0.001295,0.001245,0.001195,0.001145,0.001097,0.001049,0.001001,0.000954,0.000907,0.000861,0.000815,0.000769,0.000724,0.000679,0.000635,0.000591,0.000547,0.000503,0.000460,0.000417,0.000373,0.000331,0.000288,0.000245,0.000203,0.000160,0.000118,0.000076,0.000033,-0.000008,-0.000050,-0.000092,-0.000135,-0.000177,-0.000219,-0.000262,-0.000305,-0.000347,-0.000390,-0.000433,-0.000476,-0.000520,-0.000563,-0.000607,-0.000651,-0.000696,-0.000741,-0.000786,-0.000831,-0.000877,-0.000923,-0.000970,-0.001017,-0.001064,-0.001112,-0.001161,-0.001210,-0.001260,-0.001310,-0.001362,-0.001413,-0.001466,-0.001519,-0.001573,-0.001629,-0.001685,-0.001742,-0.001800,-0.001859,-0.001919,-0.001981,-0.002043,-0.002108,-0.002173,-0.002241,-0.002309,-0.002380,-0.002452,-0.002527,-0.002603,-0.002682,-0.002763,-0.002847,-0.002933,-0.003023,-0.003115,-0.003211,-0.003311,-0.003415,-0.003523,-0.003635,-0.003753,-0.003877,-0.004006,-0.004143,-0.004287,-0.004440,-0.004602,-0.004775,-0.004959,-0.005159,-0.005373,-0.005608,-0.005864,-0.006148,-0.006465,-0.006828,-0.007253,-0.007762,-0.008390,-0.009173,-0.010100,-0.011076,-0.011918,-0.012425,-0.012483,-0.012132,-0.011532,-0.010879,-0.010309,-0.009855,-0.009466,-0.009053,-0.008556,-0.007966,-0.007302,-0.006586,-0.005833,-0.005048,-0.004220,-0.003324,-0.002344,-0.001311,-0.000297,0.000637,0.001495,0.002310,0.003100,0.003829,0.004441,0.004892,0.005180,0.005316,0.005300,0.005092,0.004643,0.003891,0.002801,0.001376,-0.000096,-0.001245,-0.002030,-0.002530,-0.002812,-0.002917,-0.002888,-0.002763,-0.002589,-0.002414,-0.002282,-0.002203,-0.002151,-0.002080,-0.001963,-0.001805,-0.001620,-0.001405,-0.001144,-0.000827,-0.000484,-0.000166,0.000078,0.000238,0.000337,0.000416,0.000523,0.000708,0.000999,0.001404,0.001909,0.002496,0.003125,0.003739,0.004285,0.004763,0.005226,0.005711,0.006193,0.006605,0.006900,0.007091,0.007232,0.007371,0.007522,0.007670,0.007792,0.007875,0.007928,0.007964,0.007993,0.008018,0.008042,0.008074,0.008099,0.008077,0.007973,0.007821,0.007703,0.007633],
	[0.000000,0.000000,0.000000,0.000000,0.000000,0.000000,0.000000,0.000000,0.000000,0.000000,0.000000,0.000000,0.000000,0.000000,0.000000,0.000000,0.000000,0.000000,0.000000,0.000000,0.000000,0.000000,0.000000,0.000000,0.000000,0.000000,0.000000,0.000000,0.000000,0.000000,0.000000,0.000000,0.000000,0.000000,0.000000,0.000000,0.000000,0.000000,0.000000,0.000000,0.000000,0.000000,0.000000,0.000000,0.000000,0.000000,0.000000,0.000000,0.000000,0.000000,0.000000,0.000000,0.000000,0.000000,0.000000,0.000000,0.000000,0.000000,0.000000,0.000000,0.000000,0.000000,0.000000,0.000000,0.000000,0.000000,0.000000,0.000000,0.000000,0.000000,0.000000,0.000000,0.000000,0.000000,0.000000,0.000000,0.000000,0.000000,0.000000,0.000000,0.000000,0.000000,0.000000,0.000000,0.000000,0.000000,0.000000,0.000000,0.000000,0.000000,0.000000,0.000000,0.000000,0.000000,0.000000,0.000000,0.000000,0.000000,0.000000,0.000000,0.000000,0.000000,0.000000,0.000000,0.000000,0.000000,0.000000,0.000000,0.000000,0.000000,0.000000,0.000000,0.000000,0.000000,0.000000,0.000000,0.000000,0.000000,0.000000,0.000000,0.000000,0.000000,0.000000,0.000000,0.000000,0.000000,0.000000,0.000000,0.000000,0.000000,0.000000,0.000000,0.000000,0.000000,0.000000,0.000000,0.000000,0.000000,0.000000,0.000000,0.000000,0.000000,0.000000,0.000000,0.000000,0.000000,0.000000,0.000000,0.000000,0.000000,0.000000,0.000000,0.000000,0.000000,0.000000,0.000000,0.000000,0.000000,0.000000,0.000000,0.000000,0.000000,0.000000,0.000000,0.000000,0.000000,0.000000,0.000000,0.000000,0.000000,0.000000,0.000000,0.000000,0.000000,0.000000,0.000000,0.000000,0.000000,0.000000,0.000000,0.000000,0.000000,0.000000,0.000000,0.000000,0.000000,0.000000,0.000000,0.000000,0.000000,0.000000,0.000000,0.000000,0.000000,0.000000,0.000000,0.000000,0.000000,0.000000,0.000000,0.000000,0.000000,0.000000,0.000000,0.000000,0.000000,0.000000,0.000000,0.000000,0.000000,0.000000,0.000000,0.000000,0.000000,0.000000,0.000000,0.000000,0.000000,0.000000,0.000000,0.000000,0.000000,0.000000,0.000000,0.000000,0.000000,0.000000,0.000000,0.000000,0.000000,0.000000,0.000000,0.000000,0.000000,0.000000,0.000000,0.000000,0.000000,0.000000,0.000000,0.000000,0.000000,0.000000,0.000000,0.000000,0.000000,0.000000,0.000000,0.000000,0.000000,0.000000,0.000000,0.000000,0.000000,0.000000,0.000000],
	[0.000417,0.001115,0.001277,0.001073,0.000848,0.000697,0.000555,0.000467,0.000410,0.000369,0.000334,0.000308,0.000283,0.000265,0.000247,0.000234,0.000219,0.000209,0.000197,0.000188,0.000178,0.000172,0.000163,0.000157,0.000149,0.000145,0.000138,0.000134,0.000127,0.000124,0.000118,0.000115,0.000110,0.000107,0.000102,0.000099,0.000095,0.000092,0.000088,0.000086,0.000082,0.000080,0.000076,0.000074,0.000070,0.000069,0.000065,0.000063,0.000060,0.000058,0.000055,0.000054,0.000051,0.000049,0.000046,0.000045,0.000042,0.000040,0.000038,0.000036,0.000034,0.000032,0.000030,0.000028,0.000026,0.000024,0.000022,0.000020,0.000018,0.000016,0.000014,0.000013,0.000010,0.000009,0.000007,0.000005,0.000003,0.000001,-0.000000,-0.000001,-0.000003,-0.000005,-0.000007,-0.000009,-0.000011,-0.000013,-0.000014,-0.000016,-0.000018,-0.000020,-0.000022,-0.000024,-0.000026,-0.000028,-0.000030,-0.000032,-0.000034,-0.000036,-0.000038,-0.000040,-0.000042,-0.000044,-0.000046,-0.000049,-0.000051,-0.000053,-0.000055,-0.000058,-0.000060,-0.000063,-0.000065,-0.000068,-0.000070,-0.000073,-0.000075,-0.000078,-0.000081,-0.000084,-0.000087,-0.000090,-0.000093,-0.000097,-0.000100,-0.000104,-0.000107,-0.000111,-0.000115,-0.000119,-0.000123,-0.000128,-0.000132,-0.000138,-0.000142,-0.000149,-0.000154,-0.000161,-0.000167,-0.000175,-0.000182,-0.000191,-0.000199,-0.000210,-0.000219,-0.000232,-0.000244,-0.000260,-0.000276,-0.000296,-0.000317,-0.000344,-0.000374,-0.000413,-0.000461,-0.000528,-0.000633,-0.000771,-0.000942,-0.001211,-0.001402,-0.001180,-0.000452,0.000481,0.001124,0.001232,0.000984,0.000753,0.000618,0.000521,0.000383,0.000245,0.000244,0.000254,0.000272,0.000179,0.000136,0.000174,0.000188,0.000102,0.000080,0.000131,0.000153,0.000067,0.000020,0.000071,0.000087,0.000043,0.000011,0.000049,0.000094,0.000113,0.000067,0.000041,0.000062,0.000062,0.000078,0.000072,0.000032,0.000034,0.000079,0.000049,0.000020,-0.000049,-0.000091,-0.000014,0.000048,0.000039,0.000040,0.000089,0.000118,0.000063,-0.000006,0.000034,0.000003,-0.000042,-0.000012,-0.000004,-0.000059,-0.000050,-0.000068,-0.000123,-0.000100,-0.000037,-0.000005,-0.000068,-0.000096,-0.000041,-0.000002,-0.000023,-0.000030,0.000026,0.000072,0.000021,-0.000066,-0.000070,-0.000049,-0.000011,-0.000075,-0.000123,-0.000071,-0.000036,-0.000043,-0.000129,-0.000163,-0.000148,-0.000124,-0.000208,-0.000287,-0.000260,-0.000277,-0.000362,-0.000542,-0.000639,-0.000850,-0.001172,-0.001137,-0.000508],
	[0.013893,0.013247,0.012152,0.010930,0.009835,0.008965,0.008278,0.007724,0.007267,0.006878,0.006534,0.006228,0.005951,0.005701,0.005469,0.005257,0.005058,0.004874,0.004700,0.004539,0.004385,0.004241,0.004102,0.003972,0.003847,0.003729,0.003614,0.003505,0.003400,0.003300,0.003202,0.003109,0.003017,0.002930,0.002845,0.002763,0.002683,0.002606,0.002530,0.002457,0.002385,0.002316,0.002247,0.002181,0.002115,0.002052,0.001989,0.001929,0.001868,0.001810,0.001752,0.001696,0.001640,0.001585,0.001531,0.001478,0.001425,0.001374,0.001323,0.001273,0.001223,0.001174,0.001126,0.001078,0.001030,0.000983,0.000937,0.000891,0.000845,0.000799,0.000754,0.000710,0.000665,0.000621,0.000577,0.000534,0.000490,0.000447,0.000404,0.000361,0.000318,0.000275,0.000233,0.000190,0.000148,0.000105,0.000063,0.000020,-0.000021,-0.000064,-0.000106,-0.000149,-0.000191,-0.000234,-0.000277,-0.000320,-0.000363,-0.000407,-0.000450,-0.000494,-0.000538,-0.000583,-0.000627,-0.000673,-0.000718,-0.000764,-0.000810,-0.000857,-0.000904,-0.000952,-0.001000,-0.001049,-0.001098,-0.001148,-0.001198,-0.001251,-0.001302,-0.001356,-0.001409,-0.001465,-0.001520,-0.001577,-0.001635,-0.001695,-0.001754,-0.001817,-0.001879,-0.001945,-0.002011,-0.002080,-0.002149,-0.002222,-0.002296,-0.002374,-0.002452,-0.002535,-0.002620,-0.002709,-0.002801,-0.002898,-0.002998,-0.003105,-0.003215,-0.003333,-0.003456,-0.003590,-0.003730,-0.003884,-0.004046,-0.004227,-0.004422,-0.004644,-0.004890,-0.005180,-0.005528,-0.005961,-0.006501,-0.007180,-0.007913,-0.008524,-0.008805,-0.008690,-0.008273,-0.007725,-0.007125,-0.006493,-0.005865,-0.005352,-0.005013,-0.004815,-0.004642,-0.004439,-0.004201,-0.003966,-0.003715,-0.003437,-0.003093,-0.002703,-0.002264,-0.001811,-0.001354,-0.000954,-0.000625,-0.000399,-0.000247,-0.000181,-0.000160,-0.000193,-0.000248,-0.000393,-0.000606,-0.000884,-0.001107,-0.001308,-0.001462,-0.001697,-0.001940,-0.002353,-0.002831,-0.004046,-0.005714,-0.006738,-0.007414,-0.007849,-0.008179,-0.008354,-0.008400,-0.008267,-0.008030,-0.007712,-0.007383,-0.007000,-0.006558,-0.006019,-0.005421,-0.004765,-0.004089,-0.003407,-0.002783,-0.002230,-0.001752,-0.001293,-0.000862,-0.000477,-0.000194,0.000003,0.000152,0.000324,0.000531,0.000773,0.001029,0.001308,0.001590,0.001846,0.002030,0.002160,0.002284,0.002467,0.002709,0.002995,0.003302,0.003646,0.004027,0.004454,0.004925,0.005463,0.006071,0.006742,0.007434,0.008152,0.008943,0.009897,0.011029,0.012237,0.013283,0.013901],
	[0.000610,0.001298,0.001443,0.001213,0.000973,0.000803,0.000652,0.000553,0.000491,0.000443,0.000405,0.000373,0.000347,0.000324,0.000304,0.000287,0.000271,0.000257,0.000245,0.000233,0.000222,0.000212,0.000203,0.000195,0.000187,0.000179,0.000172,0.000165,0.000159,0.000153,0.000147,0.000142,0.000136,0.000131,0.000126,0.000122,0.000117,0.000113,0.000108,0.000104,0.000100,0.000096,0.000092,0.000088,0.000085,0.000081,0.000078,0.000074,0.000071,0.000067,0.000064,0.000061,0.000058,0.000055,0.000052,0.000049,0.000045,0.000043,0.000040,0.000037,0.000034,0.000031,0.000028,0.000025,0.000022,0.000020,0.000017,0.000014,0.000011,0.000009,0.000006,0.000003,0.000001,-0.000001,-0.000004,-0.000007,-0.000009,-0.000012,-0.000015,-0.000017,-0.000020,-0.000023,-0.000026,-0.000028,-0.000031,-0.000034,-0.000037,-0.000039,-0.000042,-0.000045,-0.000048,-0.000051,-0.000054,-0.000057,-0.000060,-0.000063,-0.000066,-0.000069,-0.000072,-0.000075,-0.000079,-0.000082,-0.000085,-0.000089,-0.000092,-0.000096,-0.000099,-0.000103,-0.000107,-0.000110,-0.000114,-0.000118,-0.000122,-0.000127,-0.000131,-0.000135,-0.000140,-0.000144,-0.000149,-0.000154,-0.000159,-0.000165,-0.000170,-0.000176,-0.000182,-0.000188,-0.000195,-0.000201,-0.000208,-0.000215,-0.000223,-0.000231,-0.000240,-0.000249,-0.000259,-0.000269,-0.000280,-0.000291,-0.000304,-0.000317,-0.000333,-0.000348,-0.000366,-0.000385,-0.000407,-0.000430,-0.000458,-0.000487,-0.000524,-0.000564,-0.000615,-0.000673,-0.000751,-0.000843,-0.001000,-0.001259,-0.001540,-0.001859,-0.002138,-0.001937,-0.000986,0.000370,0.001400,0.001681,0.001395,0.001044,0.000825,0.000659,0.000460,0.000317,0.000312,0.000326,0.000256,0.000163,0.000173,0.000245,0.000292,0.000265,0.000272,0.000375,0.000460,0.000421,0.000367,0.000366,0.000346,0.000322,0.000261,0.000253,0.000298,0.000299,0.000217,0.000172,0.000129,0.000057,0.000073,0.000126,0.000157,0.000110,0.000031,-0.000011,0.000014,0.000028,0.000026,0.000035,0.000011,-0.000014,0.000003,0.000009,0.000012,-0.000044,-0.000058,0.000020,0.000076,0.000065,0.000071,0.000061,-0.000004,-0.000013,0.000008,-0.000010,0.000003,0.000062,0.000114,0.000069,0.000021,0.000078,0.000076,0.000017,0.000005,0.000020,0.000045,0.000032,-0.000017,-0.000019,-0.000009,0.000026,0.000017,-0.000031,-0.000040,-0.000040,-0.000013,-0.000015,-0.000128,-0.000141,-0.000132,-0.000199,-0.000233,-0.000261,-0.000283,-0.000302,-0.000461,-0.000708,-0.000993,-0.001221,-0.001049,-0.000349]
],
	"idxs" : [162,0,158,160,158]
,"hydrophone_pos" : [
	[0.000000,0.000000,0.000000],
	[0.000000,0.000000,0.000000],
	[0.500000,0.000000,0.000000],
	[0.250000,0.250000,0.354000],
	[0.250000,-0.250000,0.354000]
],
	"direction_of_arrival" : [0.852904,-0.426430,0.301181]
,	"valid" : [0.000000,-0.000000,-0.000000,-0.000000,-0.000000]
}
dump = {
	"magnitude" : [0.000000,2.416852,0.379729,0.022967,0.219072,0.378512,0.100210,0.365422,0.504065,0.402574,0.007937,0.277490,1.036540,0.844085,0.528314,35.869136,39.896614,4.037669,0.468348,0.753206,0.371529,0.008728,1.520821,0.181776,0.030848,0.052149,0.104128,0.004770,0.024782,0.003335,0.083729,0.359427]
,	"raw_mv" : [
	[-9.919000,-8.392999,-5.722499,-6.485500,-6.104000,-4.196499,-4.578000,-6.867000,-9.156000,-7.630000,-4.959500,-4.196499,-8.011500,-10.300499,-9.156000,-8.774499,-7.248499,-6.867000,-8.011500,-6.867000,-8.011500,-10.682000,-10.682000,-8.011500,-7.630000,-5.722499,-5.341000,-7.630000,-8.392999,-7.248499,-6.867000,-6.104000,-5.722499,-6.104000,-4.959500,-4.196499,-6.104000,-7.630000,-6.867000,-6.485500,-4.578000,-3.052000,-3.815000,-4.578000,-4.959500,-3.433500,-1.526000,-0.381500,-2.289000,-3.433500,-0.763000,0.381500,-3.433500,-6.104000,-6.485500,-8.011500,-10.300499,-9.537500,-7.630000,-9.537500,-9.537500,-8.011500,-7.630000,-8.011500,-8.774499,-10.300499,-9.919000,-10.300499,-10.300499,-9.919000,-7.248499,-6.867000,-7.630000,-9.156000,-8.392999,-6.485500,-7.630000,-7.630000,-8.011500,-6.485500,-6.104000,-8.774499,-8.774499,-6.104000,-6.104000,-6.485500,-7.630000,-7.630000,-5.341000,-5.341000,-5.722499,-5.722499,-7.248499,-9.537500,-9.156000,-7.630000,-5.722499,-4.196499,-6.104000,-10.682000,-9.537500,-8.774499,-6.104000,-3.433500,-6.104000,-8.774499,-7.630000,-5.341000,-5.341000,-7.248499,-7.630000,-4.959500,-4.578000,-5.722499,-8.392999,-9.537500,-9.537500,-8.392999,-7.630000,-6.867000,-4.959500,-5.341000,-6.867000,-6.104000,-5.722499,-4.959500,-6.867000,-6.485500,-7.248499,-7.248499,-8.011500,-8.011500,-8.774499,-6.485500,-2.289000,-4.578000,-4.196499,-2.289000,-6.104000,-4.578000,-12.589500,-7.630000,65.999504,416.216491,-763.763000,-35.097999,25.560501,170.149002,477.256500,-496.331512,-972.443542,1430.243530,1221.562988,-1591.999511,-1456.567016,739.346984,1812.888061,-128.565506,-2656.766113,-131.236007,4143.853027,-907.588501,-2958.532470,-298.333007,3251.906005,218.218002,-3096.635498,-2599.159423,4429.214843,1719.420532,-5409.288574,-2773.123535,5790.788574,1409.642578,-4882.055664,-4732.125976,2415.657959,1817.466064,-4480.335937,-4398.694824,3220.241455,1745.362548,-5126.215820,-5428.363769,2477.460937,3766.931152,-3079.468017,-5407.380859,1827.385009,3528.493652,-3858.109619,-5788.880859,2580.847656,4468.127929,-2179.509521,-5699.609863,1632.057006,4687.872070,-2412.224609,-5704.569824,1565.676025,5915.539062,382.644500,-6524.794433,-46.924499,2961.584472,516.932495,599.718017,-2307.312011,-1859.049560,3290.056152,2449.992919,-1986.852050,-1836.922485,2066.204101,4986.586425,-143.825500,-3721.532470,-508.921020,6339.385742,2042.169555,-3365.211669,-1100.245971,5402.421386,1747.270019,-2574.743652,-959.472534,5477.195800,2245.890625,-2841.793457,-3089.386962,4055.344970,4092.732177,-2531.252441,-2929.538574,2935.642578,3078.705078,-2134.874023,-2148.607910,3699.405517,3031.398925,-3315.235107,-2718.569091,3901.218994,2652.187988,-4832.842285,-3210.704101,5795.748046,2702.927490,-6002.902832,-4867.558593,4123.251953,993.807495,-7753.224609,-8553.611328,2351.947509],
	[0.000000,0.000000,0.000000,0.000000,0.000000,0.000000,0.000000,0.000000,0.000000,0.000000,0.000000,0.000000,0.000000,0.000000,0.000000,0.000000,0.000000,0.000000,0.000000,0.000000,0.000000,0.000000,0.000000,0.000000,0.000000,0.000000,0.000000,0.000000,0.000000,0.000000,0.000000,0.000000,0.000000,0.000000,0.000000,0.000000,0.000000,0.000000,0.000000,0.000000,0.000000,0.000000,0.000000,0.000000,0.000000,0.000000,0.000000,0.000000,0.000000,0.000000,0.000000,0.000000,0.000000,0.000000,0.000000,0.000000,0.000000,0.000000,0.000000,0.000000,0.000000,0.000000,0.000000,0.000000,0.000000,0.000000,0.000000,0.000000,0.000000,0.000000,0.000000,0.000000,0.000000,0.000000,0.000000,0.000000,0.000000,0.000000,0.000000,0.000000,0.000000,0.000000,0.000000,0.000000,0.000000,0.000000,0.000000,0.000000,0.000000,0.000000,0.000000,0.000000,0.000000,0.000000,0.000000,0.000000,0.000000,0.000000,0.000000,0.000000,0.000000,0.000000,0.000000,0.000000,0.000000,0.000000,0.000000,0.000000,0.000000,0.000000,0.000000,0.000000,0.000000,0.000000,0.000000,0.000000,0.000000,0.000000,0.000000,0.000000,0.000000,0.000000,0.000000,0.000000,0.000000,0.000000,0.000000,0.000000,0.000000,0.000000,0.000000,0.000000,0.000000,0.000000,0.000000,0.000000,0.000000,0.000000,0.000000,0.000000,0.000000,0.000000,0.000000,0.000000,0.000000,0.000000,0.000000,0.000000,0.000000,0.000000,0.000000,0.000000,0.000000,0.000000,0.000000,0.000000,0.000000,0.000000,0.000000,0.000000,0.000000,0.000000,0.000000,0.000000,0.000000,0.000000,0.000000,0.000000,0.000000,0.000000,0.000000,0.000000,0.000000,0.000000,0.000000,0.000000,0.000000,0.000000,0.000000,0.000000,0.000000,0.000000,0.000000,0.000000,0.000000,0.000000,0.000000,0.000000,0.000000,0.000000,0.000000,0.000000,0.000000,0.000000,0.000000,0.000000,0.000000,0.000000,0.000000,0.000000,0.000000,0.000000,0.000000,0.000000,0.000000,0.000000,0.000000,0.000000,0.000000,0.000000,0.000000,0.000000,0.000000,0.000000,0.000000,0.000000,0.000000,0.000000,0.000000,0.000000,0.000000,0.000000,0.000000,0.000000,0.000000,0.000000,0.000000,0.000000,0.000000,0.000000,0.000000,0.000000,0.000000,0.000000,0.000000,0.000000,0.000000,0.000000,0.000000,0.000000,0.000000,0.000000,0.000000,0.000000,0.000000,0.000000,0.000000,0.000000,0.000000,0.000000,0.000000,0.000000,0.000000,0.000000,0.000000,0.000000],
	[-6.561800,-6.561800,-6.485500,-6.409200,-6.561800,-6.561800,-6.714400,-6.561800,-6.561800,-6.485500,-6.561800,-6.485500,-6.409200,-6.714400,-6.485500,-6.638100,-6.561800,-6.485500,-6.561800,-6.638100,-6.561800,-6.561800,-6.638100,-6.485500,-6.638100,-6.714400,-6.638100,-6.638100,-6.485500,-6.638100,-6.561800,-6.485500,-6.485500,-6.485500,-6.485500,-6.485500,-6.409200,-6.409200,-6.332900,-6.256600,-6.332900,-6.180300,-6.256600,-6.104000,-5.951400,-6.027700,-6.027700,-6.180300,-6.104000,-6.104000,-6.180300,-6.104000,-6.027700,-6.180300,-6.180300,-6.409200,-6.256600,-6.332900,-6.256600,-6.256600,-6.409200,-6.409200,-6.409200,-6.332900,-6.409200,-6.561800,-6.485500,-6.561800,-6.409200,-6.561800,-6.485500,-6.485500,-6.485500,-6.409200,-6.485500,-6.485500,-6.485500,-6.561800,-6.485500,-6.485500,-6.561800,-6.638100,-6.638100,-6.561800,-6.561800,-6.561800,-6.561800,-6.409200,-6.561800,-6.561800,-6.485500,-6.561800,-6.638100,-6.409200,-6.561800,-6.638100,-6.638100,-6.561800,-6.485500,-6.561800,-6.485500,-6.485500,-6.638100,-6.485500,-6.485500,-6.638100,-6.485500,-6.561800,-6.561800,-6.561800,-6.561800,-6.561800,-6.561800,-6.561800,-6.561800,-6.409200,-6.485500,-6.561800,-6.638100,-6.638100,-6.638100,-6.638100,-6.638100,-6.638100,-6.638100,-6.561800,-6.561800,-6.485500,-6.561800,-6.714400,-6.638100,-6.561800,-6.638100,-6.485500,-6.561800,-6.485500,-6.485500,-6.485500,-6.561800,-6.714400,-6.409200,-6.638100,-6.714400,-6.409200,-6.409200,-6.409200,-6.714400,-6.485500,-6.638100,-6.561800,-6.485500,-6.561800,-6.485500,-6.485500,-6.485500,-6.561800,-6.714400,-6.638100,-6.409200,-6.485500,-6.561800,-6.485500,-6.485500,-6.561800,-6.638100,-6.638100,-6.561800,-6.561800,-6.561800,-6.638100,-6.561800,-6.638100,-6.638100,-6.485500,-6.714400,-6.638100,-6.790700,-6.485500,-6.638100,-6.561800,-6.561800,-6.409200,-6.561800,-6.409200,-6.332900,-6.409200,-6.256600,-6.256600,-6.256600,-6.180300,-6.104000,-5.951400,-6.104000,-6.180300,-6.027700,-6.027700,-5.951400,-6.104000,-6.104000,-6.027700,-6.104000,-6.332900,-6.485500,-6.256600,-6.332900,-6.332900,-6.638100,-6.638100,-6.561800,-6.332900,-6.561800,-6.561800,-6.409200,-6.332900,-6.332900,-6.561800,-6.485500,-6.485500,-6.638100,-6.638100,-6.714400,-6.561800,-6.409200,-6.485500,-6.638100,-6.485500,-6.485500,-6.638100,-6.485500,-6.714400,-6.561800,-6.561800,-6.561800,-6.790700,-6.485500,-6.561800,-6.638100,-6.561800,-6.638100,-6.561800,-6.638100,-6.561800,-6.409200,-6.714400,-6.561800,-6.638100,-6.561800,-6.561800,-6.638100,-6.561800,-6.485500,-6.638100,-6.485500,-6.485500,-6.485500,-6.485500],
	[-7.248499,-6.867000,-7.248499,-6.867000,-7.248499,-7.248499,-6.867000,-6.867000,-7.248499,-7.248499,-7.248499,-7.248499,-7.248499,-7.248499,-7.248499,-7.248499,-7.248499,-7.248499,-7.248499,-7.248499,-7.248499,-7.248499,-7.248499,-7.248499,-6.867000,-6.867000,-7.248499,-7.248499,-7.630000,-7.248499,-7.248499,-7.248499,-7.630000,-7.248499,-7.248499,-6.867000,-6.867000,-7.248499,-7.248499,-6.867000,-6.867000,-7.248499,-6.867000,-6.867000,-6.867000,-7.248499,-6.867000,-6.867000,-6.867000,-6.867000,-6.867000,-6.867000,-6.867000,-6.867000,-7.248499,-7.248499,-7.248499,-6.867000,-7.248499,-6.867000,-7.248499,-7.248499,-6.867000,-6.867000,-7.248499,-6.867000,-7.248499,-6.867000,-6.867000,-6.867000,-7.248499,-6.867000,-6.867000,-6.867000,-7.248499,-6.867000,-7.248499,-6.867000,-7.248499,-7.248499,-7.248499,-7.248499,-7.248499,-7.248499,-7.248499,-7.248499,-6.867000,-7.248499,-7.248499,-6.867000,-7.248499,-7.248499,-6.867000,-7.248499,-6.867000,-7.248499,-7.248499,-7.630000,-6.867000,-6.867000,-6.867000,-7.248499,-7.248499,-7.248499,-7.248499,-7.630000,-7.248499,-6.867000,-7.248499,-6.867000,-7.248499,-6.867000,-7.248499,-7.248499,-7.248499,-7.248499,-6.867000,-6.867000,-6.867000,-7.248499,-6.867000,-6.485500,-6.867000,-6.867000,-7.248499,-7.248499,-7.248499,-6.867000,-7.248499,-7.248499,-7.248499,-7.248499,-7.248499,-7.248499,-7.248499,-7.248499,-6.867000,-7.630000,-7.630000,-5.341000,-7.248499,-6.867000,-10.300499,-14.496999,12.589500,-4.196499,-44.635501,14.496999,31.664501,-53.791500,-1.144500,12.589500,-83.166999,-28.231000,147.640502,125.513504,-198.380004,-284.980499,193.802001,284.217498,-163.663497,-290.321502,112.161003,307.870513,-84.311500,-370.054992,29.375499,410.875518,-20.219499,-437.580505,-52.265499,403.245513,75.537002,-363.951019,-167.478500,395.615509,203.721008,-368.528991,-360.899017,324.274993,367.384490,-230.044509,-439.106506,228.518508,405.153015,-151.455505,-475.730499,82.785499,366.239990,123.224502,-414.690521,-201.432006,336.864501,255.223510,-326.182495,-188.460998,154.889007,264.379516,-170.912002,-313.974517,106.056999,355.939514,-137.339996,-297.570007,98.427001,299.096008,-158.704010,-329.997497,122.843002,354.795013,-94.611999,-373.869995,63.710502,327.708496,-43.872501,-395.615509,53.791500,396.760009,-13.352499,-476.493499,16.404500,426.516998,51.502502,-518.458496,-40.820499,453.985015,104.912498,-513.499023,-77.826004,429.569000,178.923507,-520.366027,-194.946502,449.025512,272.009490,-501.672515,-260.564514,415.834991,323.130493,-415.072021,-363.951019,313.974517,443.684509,-311.304016,-508.539520,313.974517,503.580017,-321.604492,-576.828002,274.679992,625.660034,-165.570999,-763.763000,146.496002,700.434021,-24.416000],
	[-7.248499,-7.248499,-6.867000,-6.867000,-7.248499,-7.248499,-7.248499,-7.248499,-7.248499,-7.248499,-7.248499,-7.248499,-7.248499,-6.867000,-7.630000,-6.867000,-6.867000,-6.867000,-7.630000,-7.248499,-7.248499,-7.248499,-7.248499,-7.248499,-7.248499,-6.867000,-7.248499,-7.248499,-7.248499,-7.248499,-6.867000,-7.248499,-7.248499,-7.248499,-7.248499,-7.248499,-6.867000,-6.867000,-6.867000,-6.867000,-6.867000,-7.248499,-6.867000,-6.867000,-6.485500,-7.248499,-6.485500,-6.867000,-6.485500,-6.485500,-6.867000,-6.867000,-6.867000,-6.485500,-6.867000,-7.248499,-6.867000,-6.867000,-6.867000,-6.867000,-6.867000,-7.248499,-7.248499,-6.867000,-6.867000,-6.867000,-6.867000,-6.867000,-6.867000,-6.867000,-7.248499,-6.867000,-7.248499,-7.248499,-7.248499,-7.248499,-7.248499,-7.248499,-7.248499,-7.248499,-6.867000,-7.248499,-7.248499,-7.248499,-6.867000,-6.485500,-6.867000,-7.248499,-7.248499,-7.248499,-6.867000,-7.248499,-6.867000,-7.248499,-6.867000,-7.248499,-7.248499,-7.248499,-6.867000,-7.248499,-7.248499,-7.248499,-7.248499,-7.248499,-6.867000,-7.248499,-7.248499,-7.248499,-7.248499,-7.248499,-7.248499,-7.248499,-7.248499,-7.248499,-7.248499,-7.248499,-7.248499,-7.248499,-7.248499,-7.248499,-7.248499,-7.248499,-7.248499,-7.630000,-7.248499,-7.248499,-6.867000,-7.248499,-7.248499,-7.630000,-6.867000,-7.248499,-7.248499,-7.248499,-7.248499,-6.867000,-6.867000,-7.630000,-7.248499,-7.248499,-7.248499,-7.248499,-7.248499,-7.248499,-7.248499,-7.248499,-7.248499,-7.248499,-7.248499,-7.248499,-7.248499,-7.248499,-7.248499,-7.248499,-7.248499,-7.248499,-7.248499,-7.248499,-7.248499,-7.248499,-7.248499,-6.867000,-6.867000,-7.248499,-7.630000,-7.248499,-7.248499,-6.867000,-6.867000,-7.248499,-7.248499,-7.248499,-7.248499,-7.248499,-7.248499,-7.248499,-7.248499,-7.248499,-6.867000,-7.248499,-7.248499,-7.248499,-6.867000,-7.248499,-7.248499,-6.867000,-6.867000,-6.867000,-6.485500,-6.867000,-6.867000,-6.867000,-6.867000,-6.867000,-6.485500,-6.485500,-6.867000,-6.867000,-6.867000,-6.485500,-6.867000,-6.867000,-6.867000,-6.867000,-6.867000,-6.867000,-6.867000,-7.248499,-6.867000,-6.867000,-6.867000,-7.248499,-6.867000,-7.248499,-6.867000,-7.248499,-7.248499,-7.248499,-7.248499,-7.248499,-7.248499,-6.867000,-7.248499,-7.248499,-7.248499,-7.248499,-7.248499,-7.248499,-7.248499,-7.248499,-7.248499,-7.248499,-7.248499,-7.630000,-7.248499,-6.867000,-6.867000,-7.248499,-7.248499,-7.248499,-7.248499,-6.867000,-7.248499,-7.248499,-7.248499,-7.248499,-7.248499,-7.630000,-7.248499,-6.867000,-6.867000,-7.248499,-7.248499,-6.867000,-6.867000,-7.248499]
],
"normalized" : [
	[0.032334,0.033004,0.034177,0.033842,0.034009,0.034847,0.034679,0.033674,0.032669,0.033339,0.034512,0.034847,0.033171,0.032166,0.032669,0.032836,0.033507,0.033674,0.033171,0.033674,0.033171,0.031999,0.031999,0.033171,0.033339,0.034177,0.034344,0.033339,0.033004,0.033507,0.033674,0.034009,0.034177,0.034009,0.034512,0.034847,0.034009,0.033339,0.033674,0.033842,0.034679,0.035349,0.035014,0.034679,0.034512,0.035182,0.036019,0.036522,0.035684,0.035182,0.036354,0.036857,0.035182,0.034009,0.033842,0.033171,0.032166,0.032501,0.033339,0.032501,0.032501,0.033171,0.033339,0.033171,0.032836,0.032166,0.032334,0.032166,0.032166,0.032334,0.033507,0.033674,0.033339,0.032669,0.033004,0.033842,0.033339,0.033339,0.033171,0.033842,0.034009,0.032836,0.032836,0.034009,0.034009,0.033842,0.033339,0.033339,0.034344,0.034344,0.034177,0.034177,0.033507,0.032501,0.032669,0.033339,0.034177,0.034847,0.034009,0.031999,0.032501,0.032836,0.034009,0.035182,0.034009,0.032836,0.033339,0.034344,0.034344,0.033507,0.033339,0.034512,0.034679,0.034177,0.033004,0.032501,0.032501,0.033004,0.033339,0.033674,0.034512,0.034344,0.033674,0.034009,0.034177,0.034512,0.033674,0.033842,0.033507,0.033507,0.033171,0.033171,0.032836,0.033842,0.035684,0.034679,0.034847,0.035684,0.034009,0.034679,0.031161,0.033339,0.065671,0.219459,-0.298695,0.021277,0.047914,0.111406,0.246264,-0.181260,-0.390331,0.664742,0.573105,-0.662392,-0.602921,0.361353,0.832769,-0.019766,-1.129955,-0.020938,1.856348,-0.361852,-1.262467,-0.094314,1.464674,0.132514,-1.323112,-1.104659,1.981657,0.791726,-2.338649,-1.181050,2.579555,0.655695,-2.107130,-2.041292,1.097459,0.834780,-1.930725,-1.894875,1.450770,0.803117,-2.214346,-2.347026,1.124598,1.690833,-1.315573,-2.337811,0.839135,1.586130,-1.657492,-2.505337,1.169998,1.998745,-0.920381,-2.466136,0.753362,2.095239,-1.022571,-2.468314,0.724213,2.634335,0.204717,-2.828493,0.016084,1.337188,0.263686,0.300039,-0.976502,-0.779660,1.481427,1.112536,-0.835781,-0.769943,0.944006,2.226411,-0.026467,-1.597518,-0.186788,2.820456,0.933452,-1.441049,-0.446452,2.409014,0.803955,-1.093937,-0.384635,2.441849,1.022910,-1.211205,-1.319929,1.817482,1.833900,-1.074839,-1.249736,1.325796,1.388618,-0.900781,-0.906811,1.661181,1.367845,-1.419103,-1.157094,1.749802,1.201325,-2.085519,-1.373202,2.581733,1.223605,-2.599319,-2.100764,1.847302,0.473093,-3.367924,-3.719392,1.069482],
	[0.000000,0.000000,0.000000,0.000000,0.000000,0.000000,0.000000,0.000000,0.000000,0.000000,0.000000,0.000000,0.000000,0.000000,0.000000,0.000000,0.000000,0.000000,0.000000,0.000000,0.000000,0.000000,0.000000,0.000000,0.000000,0.000000,0.000000,0.000000,0.000000,0.000000,0.000000,0.000000,0.000000,0.000000,0.000000,0.000000,0.000000,0.000000,0.000000,0.000000,0.000000,0.000000,0.000000,0.000000,0.000000,0.000000,0.000000,0.000000,0.000000,0.000000,0.000000,0.000000,0.000000,0.000000,0.000000,0.000000,0.000000,0.000000,0.000000,0.000000,0.000000,0.000000,0.000000,0.000000,0.000000,0.000000,0.000000,0.000000,0.000000,0.000000,0.000000,0.000000,0.000000,0.000000,0.000000,0.000000,0.000000,0.000000,0.000000,0.000000,0.000000,0.000000,0.000000,0.000000,0.000000,0.000000,0.000000,0.000000,0.000000,0.000000,0.000000,0.000000,0.000000,0.000000,0.000000,0.000000,0.000000,0.000000,0.000000,0.000000,0.000000,0.000000,0.000000,0.000000,0.000000,0.000000,0.000000,0.000000,0.000000,0.000000,0.000000,0.000000,0.000000,0.000000,0.000000,0.000000,0.000000,0.000000,0.000000,0.000000,0.000000,0.000000,0.000000,0.000000,0.000000,0.000000,0.000000,0.000000,0.000000,0.000000,0.000000,0.000000,0.000000,0.000000,0.000000,0.000000,0.000000,0.000000,0.000000,0.000000,0.000000,0.000000,0.000000,0.000000,0.000000,0.000000,0.000000,0.000000,0.000000,0.000000,0.000000,0.000000,0.000000,0.000000,0.000000,0.000000,0.000000,0.000000,0.000000,0.000000,0.000000,0.000000,0.000000,0.000000,0.000000,0.000000,0.000000,0.000000,0.000000,0.000000,0.000000,0.000000,0.000000,0.000000,0.000000,0.000000,0.000000,0.000000,0.000000,0.000000,0.000000,0.000000,0.000000,0.000000,0.000000,0.000000,0.000000,0.000000,0.000000,0.000000,0.000000,0.000000,0.000000,0.000000,0.000000,0.000000,0.000000,0.000000,0.000000,0.000000,0.000000,0.000000,0.000000,0.000000,0.000000,0.000000,0.000000,0.000000,0.000000,0.000000,0.000000,0.000000,0.000000,0.000000,0.000000,0.000000,0.000000,0.000000,0.000000,0.000000,0.000000,0.000000,0.000000,0.000000,0.000000,0.000000,0.000000,0.000000,0.000000,0.000000,0.000000,0.000000,0.000000,0.000000,0.000000,0.000000,0.000000,0.000000,0.000000,0.000000,0.000000,0.000000,0.000000,0.000000,0.000000,0.000000,0.000000,0.000000,0.000000,0.000000,0.000000,0.000000,0.000000,0.000000,0.000000,0.000000],
	[-0.454410,-0.454410,-0.000042,0.454328,-0.454410,-0.454410,-1.363151,-0.454410,-0.454410,-0.000042,-0.454410,-0.000042,0.454328,-1.363151,-0.000042,-0.908781,-0.454410,-0.000042,-0.454410,-0.908781,-0.454410,-0.454410,-0.908781,-0.000042,-0.908781,-1.363151,-0.908781,-0.908781,-0.000042,-0.908781,-0.454410,-0.000042,-0.000042,-0.000042,-0.000042,-0.000042,0.454328,0.454328,0.908698,1.363066,0.908698,1.817437,1.363066,2.271807,3.180546,2.726175,2.726175,1.817437,2.271807,2.271807,1.817437,2.271807,2.726175,1.817437,1.817437,0.454328,1.363066,0.908698,1.363066,1.363066,0.454328,0.454328,0.454328,0.908698,0.454328,-0.454410,-0.000042,-0.454410,0.454328,-0.454410,-0.000042,-0.000042,-0.000042,0.454328,-0.000042,-0.000042,-0.000042,-0.454410,-0.000042,-0.000042,-0.454410,-0.908781,-0.908781,-0.454410,-0.454410,-0.454410,-0.454410,0.454328,-0.454410,-0.454410,-0.000042,-0.454410,-0.908781,0.454328,-0.454410,-0.908781,-0.908781,-0.454410,-0.000042,-0.454410,-0.000042,-0.000042,-0.908781,-0.000042,-0.000042,-0.908781,-0.000042,-0.454410,-0.454410,-0.454410,-0.454410,-0.454410,-0.454410,-0.454410,-0.454410,0.454328,-0.000042,-0.454410,-0.908781,-0.908781,-0.908781,-0.908781,-0.908781,-0.908781,-0.908781,-0.454410,-0.454410,-0.000042,-0.454410,-1.363151,-0.908781,-0.454410,-0.908781,-0.000042,-0.454410,-0.000042,-0.000042,-0.000042,-0.454410,-1.363151,0.454328,-0.908781,-1.363151,0.454328,0.454328,0.454328,-1.363151,-0.000042,-0.908781,-0.454410,-0.000042,-0.454410,-0.000042,-0.000042,-0.000042,-0.454410,-1.363151,-0.908781,0.454328,-0.000042,-0.454410,-0.000042,-0.000042,-0.454410,-0.908781,-0.908781,-0.454410,-0.454410,-0.454410,-0.908781,-0.454410,-0.908781,-0.908781,-0.000042,-1.363151,-0.908781,-1.817522,-0.000042,-0.908781,-0.454410,-0.454410,0.454328,-0.454410,0.454328,0.908698,0.454328,1.363066,1.363066,1.363066,1.817437,2.271807,3.180546,2.271807,1.817437,2.726175,2.726175,3.180546,2.271807,2.271807,2.726175,2.271807,0.908698,-0.000042,1.363066,0.908698,0.908698,-0.908781,-0.908781,-0.454410,0.908698,-0.454410,-0.454410,0.454328,0.908698,0.908698,-0.454410,-0.000042,-0.000042,-0.908781,-0.908781,-1.363151,-0.454410,0.454328,-0.000042,-0.908781,-0.000042,-0.000042,-0.908781,-0.000042,-1.363151,-0.454410,-0.454410,-0.454410,-1.817522,-0.000042,-0.454410,-0.908781,-0.454410,-0.908781,-0.454410,-0.908781,-0.454410,0.454328,-1.363151,-0.454410,-0.908781,-0.454410,-0.454410,-0.908781,-0.454410,-0.000042,-0.908781,-0.000042,-0.000042,-0.000042,-0.000042],
	[-0.008092,-0.006233,-0.008092,-0.006233,-0.008092,-0.008092,-0.006233,-0.006233,-0.008092,-0.008092,-0.008092,-0.008092,-0.008092,-0.008092,-0.008092,-0.008092,-0.008092,-0.008092,-0.008092,-0.008092,-0.008092,-0.008092,-0.008092,-0.008092,-0.006233,-0.006233,-0.008092,-0.008092,-0.009952,-0.008092,-0.008092,-0.008092,-0.009952,-0.008092,-0.008092,-0.006233,-0.006233,-0.008092,-0.008092,-0.006233,-0.006233,-0.008092,-0.006233,-0.006233,-0.006233,-0.008092,-0.006233,-0.006233,-0.006233,-0.006233,-0.006233,-0.006233,-0.006233,-0.006233,-0.008092,-0.008092,-0.008092,-0.006233,-0.008092,-0.006233,-0.008092,-0.008092,-0.006233,-0.006233,-0.008092,-0.006233,-0.008092,-0.006233,-0.006233,-0.006233,-0.008092,-0.006233,-0.006233,-0.006233,-0.008092,-0.006233,-0.008092,-0.006233,-0.008092,-0.008092,-0.008092,-0.008092,-0.008092,-0.008092,-0.008092,-0.008092,-0.006233,-0.008092,-0.008092,-0.006233,-0.008092,-0.008092,-0.006233,-0.008092,-0.006233,-0.008092,-0.008092,-0.009952,-0.006233,-0.006233,-0.006233,-0.008092,-0.008092,-0.008092,-0.008092,-0.009952,-0.008092,-0.006233,-0.008092,-0.006233,-0.008092,-0.006233,-0.008092,-0.008092,-0.008092,-0.008092,-0.006233,-0.006233,-0.006233,-0.008092,-0.006233,-0.004373,-0.006233,-0.006233,-0.008092,-0.008092,-0.008092,-0.006233,-0.008092,-0.008092,-0.008092,-0.008092,-0.008092,-0.008092,-0.008092,-0.008092,-0.006233,-0.009952,-0.009952,0.001205,-0.008092,-0.006233,-0.022971,-0.043428,0.088615,0.006785,-0.190351,0.097914,0.181604,-0.234986,0.021663,0.088615,-0.378189,-0.110380,0.746977,0.639110,-0.939842,-1.362012,0.972010,1.412778,-0.770602,-1.388049,0.574018,1.528085,-0.383768,-1.776743,0.170445,2.030225,-0.071325,-2.105924,-0.227546,1.993029,0.395479,-1.746986,-0.789200,1.955834,1.020365,-1.769304,-1.732108,1.608055,1.818210,-1.094204,-2.113363,1.141250,2.002328,-0.711089,-2.291902,0.430815,1.812631,0.627951,-1.994337,-0.954720,1.669428,1.271435,-1.562868,-0.891488,0.782313,1.316070,-0.805938,-1.503355,0.544261,1.762417,-0.642277,-1.423385,0.507066,1.485310,-0.746425,-1.581466,0.626091,1.756837,-0.433982,-1.795341,0.337826,1.624793,-0.186631,-1.901348,0.289471,1.961413,-0.037849,-2.295621,0.107213,2.106476,0.278313,-2.500197,-0.171753,2.240380,0.538682,-2.476020,-0.352152,2.121354,0.899479,-2.509496,-0.923104,2.216203,1.353265,-2.418367,-1.242986,2.054402,1.602476,-1.996197,-1.746986,1.557841,2.190166,-1.490337,-2.451843,1.557841,2.482152,-1.540551,-2.784743,1.366284,3.077281,-0.779901,-3.696035,0.741398,3.441798,-0.091783],
	[-0.601247,-0.601247,1.036148,1.036148,-0.601247,-0.601247,-0.601247,-0.601247,-0.601247,-0.601247,-0.601247,-0.601247,-0.601247,1.036148,-2.238645,1.036148,1.036148,1.036148,-2.238645,-0.601247,-0.601247,-0.601247,-0.601247,-0.601247,-0.601247,1.036148,-0.601247,-0.601247,-0.601247,-0.601247,1.036148,-0.601247,-0.601247,-0.601247,-0.601247,-0.601247,1.036148,1.036148,1.036148,1.036148,1.036148,-0.601247,1.036148,1.036148,2.673544,-0.601247,2.673544,1.036148,2.673544,2.673544,1.036148,1.036148,1.036148,2.673544,1.036148,-0.601247,1.036148,1.036148,1.036148,1.036148,1.036148,-0.601247,-0.601247,1.036148,1.036148,1.036148,1.036148,1.036148,1.036148,1.036148,-0.601247,1.036148,-0.601247,-0.601247,-0.601247,-0.601247,-0.601247,-0.601247,-0.601247,-0.601247,1.036148,-0.601247,-0.601247,-0.601247,1.036148,2.673544,1.036148,-0.601247,-0.601247,-0.601247,1.036148,-0.601247,1.036148,-0.601247,1.036148,-0.601247,-0.601247,-0.601247,1.036148,-0.601247,-0.601247,-0.601247,-0.601247,-0.601247,1.036148,-0.601247,-0.601247,-0.601247,-0.601247,-0.601247,-0.601247,-0.601247,-0.601247,-0.601247,-0.601247,-0.601247,-0.601247,-0.601247,-0.601247,-0.601247,-0.601247,-0.601247,-0.601247,-2.238645,-0.601247,-0.601247,1.036148,-0.601247,-0.601247,-2.238645,1.036148,-0.601247,-0.601247,-0.601247,-0.601247,1.036148,1.036148,-2.238645,-0.601247,-0.601247,-0.601247,-0.601247,-0.601247,-0.601247,-0.601247,-0.601247,-0.601247,-0.601247,-0.601247,-0.601247,-0.601247,-0.601247,-0.601247,-0.601247,-0.601247,-0.601247,-0.601247,-0.601247,-0.601247,-0.601247,-0.601247,1.036148,1.036148,-0.601247,-2.238645,-0.601247,-0.601247,1.036148,1.036148,-0.601247,-0.601247,-0.601247,-0.601247,-0.601247,-0.601247,-0.601247,-0.601247,-0.601247,1.036148,-0.601247,-0.601247,-0.601247,1.036148,-0.601247,-0.601247,1.036148,1.036148,1.036148,2.673544,1.036148,1.036148,1.036148,1.036148,1.036148,2.673544,2.673544,1.036148,1.036148,1.036148,2.673544,1.036148,1.036148,1.036148,1.036148,1.036148,1.036148,1.036148,-0.601247,1.036148,1.036148,1.036148,-0.601247,1.036148,-0.601247,1.036148,-0.601247,-0.601247,-0.601247,-0.601247,-0.601247,-0.601247,1.036148,-0.601247,-0.601247,-0.601247,-0.601247,-0.601247,-0.601247,-0.601247,-0.601247,-0.601247,-0.601247,-0.601247,-2.238645,-0.601247,1.036148,1.036148,-0.601247,-0.601247,-0.601247,-0.601247,1.036148,-0.601247,-0.601247,-0.601247,-0.601247,-0.601247,-2.238645,-0.601247,1.036148,1.036148,-0.601247,-0.601247,1.036148,1.036148,-0.601247]
],
"cwt" : [
	[0.641895,0.348439,0.155547,0.057979,0.017630,0.003289,0.000619,0.000420,0.000182,0.000912,0.000979,0.000721,0.000358,0.000377,0.000427,0.000577,0.000443,0.000302,0.000278,0.000508,0.000391,0.000108,0.000271,0.000461,0.000336,0.000460,0.000407,0.000049,0.000119,0.000362,0.000289,0.000264,0.000153,0.000225,0.000350,0.000391,0.000265,0.000081,0.000115,0.000277,0.000330,0.000382,0.000312,0.000059,0.000091,0.000371,0.000471,0.000445,0.000327,0.000370,0.000562,0.000599,0.000418,0.000138,0.000244,0.000199,0.000119,0.000341,0.000387,0.000178,0.000078,0.000286,0.000302,0.000216,0.000170,0.000047,0.000157,0.000150,0.000083,0.000221,0.000357,0.000391,0.000330,0.000145,0.000224,0.000345,0.000313,0.000093,0.000142,0.000379,0.000454,0.000269,0.000203,0.000382,0.000415,0.000278,0.000164,0.000172,0.000273,0.000223,0.000176,0.000267,0.000349,0.000196,0.000102,0.000237,0.000398,0.000566,0.000604,0.000373,0.000197,0.000278,0.000451,0.000623,0.000632,0.000386,0.000305,0.000493,0.000552,0.000348,0.000177,0.000366,0.000492,0.000424,0.000334,0.000099,0.000080,0.000163,0.000156,0.000139,0.000353,0.000363,0.000257,0.000055,0.000275,0.000321,0.000284,0.000117,0.000215,0.000214,0.000349,0.000316,0.000189,0.000307,0.000551,0.000422,0.000223,0.000760,0.003132,0.008620,0.019138,0.035930,0.056373,0.072516,0.075847,0.065924,0.061434,0.090809,0.145118,0.209121,0.275056,0.334546,0.378178,0.402984,0.417653,0.438024,0.476917,0.536445,0.607229,0.673026,0.717614,0.733955,0.730669,0.727073,0.741088,0.782209,0.850879,0.939952,1.037384,1.128550,1.199976,1.243513,1.255226,1.233993,1.186212,1.128089,1.080160,1.057847,1.061959,1.082400,1.112206,1.148376,1.182401,1.201679,1.200326,1.184380,1.165916,1.154448,1.156522,1.176823,1.210225,1.238946,1.247810,1.238783,1.225538,1.217804,1.217307,1.225891,1.246401,1.273585,1.292103,1.282874,1.226111,1.103496,0.909619,0.670624,0.459991,0.396375,0.488503,0.607122,0.687092,0.725616,0.748685,0.782392,0.834060,0.895411,0.958077,1.017783,1.065449,1.087217,1.078180,1.048897,1.014153,0.981459,0.955680,0.946062,0.957735,0.981832,1.004698,1.021876,1.034598,1.038154,1.022468,0.984371,0.934268,0.888188,0.857334,0.848193,0.864616,0.901275,0.942740,0.978743,1.015991,1.068317,1.138430,1.217147,1.294552,1.360583,1.401847,1.413496,1.413483,1.427333,1.445361,1.408965,1.255157,0.976802],
	[0.000000,0.000000,0.000000,0.000000,0.000000,0.000000,0.000000,0.000000,0.000000,0.000000,0.000000,0.000000,0.000000,0.000000,0.000000,0.000000,0.000000,0.000000,0.000000,0.000000,0.000000,0.000000,0.000000,0.000000,0.000000,0.000000,0.000000,0.000000,0.000000,0.000000,0.000000,0.000000,0.000000,0.000000,0.000000,0.000000,0.000000,0.000000,0.000000,0.000000,0.000000,0.000000,0.000000,0.000000,0.000000,0.000000,0.000000,0.000000,0.000000,0.000000,0.000000,0.000000,0.000000,0.000000,0.000000,0.000000,0.000000,0.000000,0.000000,0.000000,0.000000,0.000000,0.000000,0.000000,0.000000,0.000000,0.000000,0.000000,0.000000,0.000000,0.000000,0.000000,0.000000,0.000000,0.000000,0.000000,0.000000,0.000000,0.000000,0.000000,0.000000,0.000000,0.000000,0.000000,0.000000,0.000000,0.000000,0.000000,0.000000,0.000000,0.000000,0.000000,0.000000,0.000000,0.000000,0.000000,0.000000,0.000000,0.000000,0.000000,0.000000,0.000000,0.000000,0.000000,0.000000,0.000000,0.000000,0.000000,0.000000,0.000000,0.000000,0.000000,0.000000,0.000000,0.000000,0.000000,0.000000,0.000000,0.000000,0.000000,0.000000,0.000000,0.000000,0.000000,0.000000,0.000000,0.000000,0.000000,0.000000,0.000000,0.000000,0.000000,0.000000,0.000000,0.000000,0.000000,0.000000,0.000000,0.000000,0.000000,0.000000,0.000000,0.000000,0.000000,0.000000,0.000000,0.000000,0.000000,0.000000,0.000000,0.000000,0.000000,0.000000,0.000000,0.000000,0.000000,0.000000,0.000000,0.000000,0.000000,0.000000,0.000000,0.000000,0.000000,0.000000,0.000000,0.000000,0.000000,0.000000,0.000000,0.000000,0.000000,0.000000,0.000000,0.000000,0.000000,0.000000,0.000000,0.000000,0.000000,0.000000,0.000000,0.000000,0.000000,0.000000,0.000000,0.000000,0.000000,0.000000,0.000000,0.000000,0.000000,0.000000,0.000000,0.000000,0.000000,0.000000,0.000000,0.000000,0.000000,0.000000,0.000000,0.000000,0.000000,0.000000,0.000000,0.000000,0.000000,0.000000,0.000000,0.000000,0.000000,0.000000,0.000000,0.000000,0.000000,0.000000,0.000000,0.000000,0.000000,0.000000,0.000000,0.000000,0.000000,0.000000,0.000000,0.000000,0.000000,0.000000,0.000000,0.000000,0.000000,0.000000,0.000000,0.000000,0.000000,0.000000,0.000000,0.000000,0.000000,0.000000,0.000000,0.000000,0.000000,0.000000,0.000000,0.000000,0.000000,0.000000,0.000000,0.000000,0.000000,0.000000,0.000000,0.000000,0.000000],
	[0.149484,0.186209,0.204767,0.201052,0.186485,0.182953,0.185634,0.170373,0.135006,0.103297,0.121276,0.172439,0.196237,0.161519,0.074942,0.044054,0.120962,0.160745,0.163544,0.133178,0.072055,0.029480,0.101079,0.166013,0.205354,0.210753,0.194751,0.177688,0.162895,0.159283,0.156367,0.128849,0.086802,0.058264,0.049923,0.040555,0.016504,0.047857,0.072294,0.055196,0.025575,0.054891,0.136935,0.216354,0.240576,0.213340,0.171759,0.130814,0.103907,0.097956,0.122907,0.172913,0.198815,0.194349,0.182391,0.155271,0.110647,0.091256,0.134350,0.181636,0.195492,0.189226,0.192412,0.208233,0.209969,0.181549,0.142157,0.116683,0.104546,0.090461,0.063961,0.041746,0.052124,0.063322,0.046434,0.020863,0.061129,0.100144,0.131394,0.158329,0.172585,0.168206,0.145752,0.115312,0.101019,0.119891,0.150365,0.164318,0.147160,0.111656,0.116634,0.169521,0.221169,0.257201,0.269741,0.252180,0.211661,0.157109,0.090052,0.035174,0.083630,0.135865,0.157240,0.154387,0.141867,0.119918,0.091649,0.070408,0.052315,0.031640,0.019651,0.029713,0.065719,0.119032,0.170491,0.199431,0.194648,0.160560,0.112867,0.066927,0.033342,0.020439,0.028851,0.045364,0.056383,0.077193,0.128679,0.190283,0.230670,0.223614,0.162611,0.074448,0.011449,0.017823,0.026666,0.077381,0.138437,0.200067,0.246180,0.267977,0.297694,0.364879,0.429185,0.448149,0.420128,0.353947,0.249839,0.120834,0.006598,0.056167,0.063190,0.065668,0.095448,0.138671,0.203221,0.283646,0.349230,0.368293,0.331565,0.260978,0.197916,0.172074,0.172417,0.174638,0.168770,0.152798,0.129016,0.102748,0.074424,0.034878,0.031996,0.100739,0.157585,0.194777,0.220538,0.238541,0.236012,0.198130,0.153170,0.143979,0.136842,0.114177,0.119795,0.123757,0.078819,0.055866,0.090621,0.100572,0.126439,0.191599,0.264606,0.303582,0.291891,0.260854,0.240971,0.231118,0.221823,0.209670,0.240536,0.325763,0.401738,0.426304,0.404568,0.374207,0.366464,0.388497,0.420134,0.432912,0.421202,0.399192,0.379631,0.363241,0.348712,0.334263,0.303885,0.244242,0.187167,0.177745,0.188960,0.216135,0.273296,0.324197,0.337628,0.310084,0.254041,0.190471,0.127880,0.060453,0.078728,0.151475,0.203278,0.245594,0.282924,0.292164,0.259732,0.199949,0.133091,0.074098,0.052643,0.095480,0.164024,0.221896,0.244037,0.221035,0.165325,0.114169,0.097994,0.108770,0.125329,0.127764,0.124438,0.132015,0.129298,0.102140,0.081172,0.105795],
	[0.544619,0.278466,0.116702,0.040205,0.011585,0.002726,0.000694,0.000656,0.000607,0.000363,0.000129,0.000190,0.000161,0.000185,0.000128,0.000165,0.000113,0.000152,0.000105,0.000119,0.000051,0.000257,0.000342,0.000330,0.000384,0.000465,0.000417,0.000458,0.000450,0.000347,0.000395,0.000521,0.000469,0.000352,0.000367,0.000442,0.000577,0.000680,0.000609,0.000488,0.000493,0.000499,0.000433,0.000425,0.000460,0.000437,0.000321,0.000209,0.000144,0.000115,0.000093,0.000087,0.000189,0.000351,0.000417,0.000396,0.000298,0.000156,0.000065,0.000241,0.000401,0.000448,0.000424,0.000383,0.000253,0.000136,0.000223,0.000281,0.000370,0.000476,0.000481,0.000406,0.000375,0.000371,0.000275,0.000141,0.000119,0.000171,0.000222,0.000210,0.000119,0.000025,0.000043,0.000164,0.000258,0.000278,0.000315,0.000373,0.000335,0.000284,0.000316,0.000272,0.000142,0.000027,0.000199,0.000426,0.000605,0.000699,0.000692,0.000600,0.000503,0.000440,0.000343,0.000291,0.000426,0.000559,0.000537,0.000381,0.000241,0.000177,0.000155,0.000163,0.000198,0.000226,0.000253,0.000320,0.000405,0.000469,0.000556,0.000652,0.000662,0.000546,0.000387,0.000305,0.000326,0.000404,0.000428,0.000375,0.000321,0.000263,0.000157,0.000041,0.000048,0.000197,0.000383,0.000612,0.001041,0.001620,0.002155,0.003101,0.006005,0.011881,0.020811,0.032311,0.045462,0.058741,0.069511,0.073989,0.069056,0.059998,0.076343,0.134240,0.217301,0.315287,0.423117,0.534355,0.637784,0.720010,0.772389,0.796362,0.802584,0.804797,0.813585,0.833913,0.865761,0.905286,0.946071,0.981133,1.004981,1.014877,1.011989,1.002459,0.996024,1.001153,1.020421,1.050402,1.084839,1.117049,1.141204,1.154500,1.158592,1.157470,1.153743,1.147116,1.135050,1.114252,1.083785,1.049258,1.022173,1.010463,1.009407,1.004943,0.984511,0.944070,0.889787,0.836385,0.800744,0.791595,0.803807,0.823535,0.837629,0.839175,0.829200,0.815858,0.809814,0.817203,0.835914,0.858586,0.878319,0.890992,0.894882,0.891844,0.888431,0.892748,0.909270,0.937166,0.972494,1.010362,1.045876,1.075976,1.101299,1.124578,1.146603,1.165105,1.177749,1.184643,1.187817,1.190272,1.196065,1.209024,1.229463,1.253034,1.274111,1.289499,1.298369,1.300576,1.296928,1.290360,1.285148,1.284991,1.292698,1.310527,1.338671,1.373779,1.410954,1.447783,1.485686,1.527145,1.572673,1.620320,1.663359,1.682271,1.639594,1.493317,1.229295,0.886447],
	[0.443249,0.453867,0.469736,0.442928,0.357242,0.236827,0.123412,0.045971,0.008201,0.040908,0.106046,0.192073,0.288607,0.408999,0.551621,0.670736,0.725236,0.702549,0.602694,0.443867,0.278778,0.171209,0.156055,0.214902,0.285027,0.316325,0.296520,0.257237,0.259267,0.298931,0.309866,0.260794,0.153925,0.008416,0.140616,0.234522,0.234643,0.141214,0.011254,0.163418,0.287983,0.374858,0.427310,0.438566,0.399500,0.322500,0.221267,0.164405,0.276185,0.388396,0.434016,0.459712,0.510759,0.568092,0.575908,0.505421,0.371192,0.198779,0.006937,0.183262,0.337999,0.424767,0.426907,0.354753,0.243479,0.141551,0.091952,0.111315,0.161847,0.182064,0.158723,0.160101,0.181819,0.156137,0.096003,0.051774,0.057322,0.117268,0.208067,0.297331,0.363775,0.408121,0.454693,0.532844,0.624837,0.668448,0.625245,0.520740,0.410364,0.312271,0.215345,0.131317,0.093715,0.126429,0.210700,0.298235,0.353396,0.369516,0.348451,0.280843,0.161856,0.045112,0.155987,0.261140,0.305224,0.279920,0.201314,0.110141,0.046007,0.018406,0.008448,0.002946,0.003154,0.002617,0.003263,0.002608,0.002549,0.003502,0.019471,0.051821,0.111163,0.199595,0.292124,0.350763,0.367071,0.373086,0.400250,0.448783,0.494858,0.504832,0.461933,0.384237,0.317948,0.337838,0.457947,0.585948,0.638401,0.580539,0.434584,0.265094,0.133650,0.058449,0.021396,0.003621,0.002321,0.002581,0.003099,0.002495,0.003108,0.002582,0.003167,0.002694,0.003250,0.002626,0.003368,0.008101,0.020312,0.051496,0.125092,0.246511,0.391515,0.520076,0.596361,0.594803,0.508156,0.381195,0.332620,0.381319,0.399342,0.340455,0.233179,0.123828,0.044772,0.002775,0.040598,0.109700,0.207049,0.298683,0.356817,0.384847,0.397289,0.397026,0.389188,0.383872,0.350102,0.233522,0.047245,0.159297,0.260203,0.240926,0.134231,0.016889,0.180193,0.337562,0.447038,0.480472,0.456256,0.423006,0.403209,0.371633,0.298066,0.193814,0.094953,0.024203,0.097195,0.203922,0.295950,0.351061,0.370478,0.355879,0.299838,0.211850,0.134038,0.121258,0.164375,0.188074,0.152317,0.084006,0.101960,0.195052,0.275804,0.309583,0.280474,0.201285,0.110743,0.046068,0.016877,0.005612,0.020066,0.057336,0.128521,0.247649,0.400776,0.540180,0.614901,0.602581,0.512945,0.375574,0.247032,0.223787,0.283013,0.316427,0.297360,0.253142,0.237381,0.294851,0.418002,0.550272,0.634862,0.654779,0.632613,0.601191,0.577360,0.554023,0.516586,0.469867]
],
"envelope_edge" : [
	[0.013627,0.012859,0.011518,0.010160,0.009048,0.008188,0.007525,0.007010,0.006578,0.006211,0.005894,0.005610,0.005353,0.005118,0.004903,0.004707,0.004525,0.004354,0.004193,0.004043,0.003903,0.003768,0.003638,0.003518,0.003402,0.003291,0.003187,0.003084,0.002983,0.002889,0.002799,0.002710,0.002624,0.002540,0.002460,0.002383,0.002307,0.002232,0.002158,0.002088,0.002019,0.001952,0.001887,0.001822,0.001756,0.001694,0.001634,0.001575,0.001516,0.001457,0.001400,0.001345,0.001291,0.001236,0.001180,0.001128,0.001073,0.001021,0.000971,0.000920,0.000868,0.000817,0.000768,0.000719,0.000670,0.000620,0.000571,0.000523,0.000475,0.000426,0.000379,0.000333,0.000287,0.000239,0.000191,0.000145,0.000099,0.000052,0.000003,-0.000042,-0.000087,-0.000133,-0.000182,-0.000229,-0.000274,-0.000321,-0.000369,-0.000417,-0.000465,-0.000512,-0.000561,-0.000610,-0.000658,-0.000706,-0.000757,-0.000808,-0.000859,-0.000909,-0.000958,-0.001008,-0.001062,-0.001116,-0.001170,-0.001223,-0.001276,-0.001331,-0.001389,-0.001447,-0.001503,-0.001562,-0.001623,-0.001686,-0.001747,-0.001810,-0.001874,-0.001940,-0.002010,-0.002080,-0.002151,-0.002225,-0.002300,-0.002376,-0.002454,-0.002538,-0.002623,-0.002710,-0.002800,-0.002894,-0.002994,-0.003096,-0.003203,-0.003314,-0.003434,-0.003561,-0.003695,-0.003837,-0.003996,-0.004176,-0.004379,-0.004602,-0.004839,-0.005059,-0.005229,-0.005330,-0.005426,-0.005629,-0.006064,-0.006593,-0.006997,-0.007254,-0.007362,-0.007333,-0.007215,-0.007119,-0.007141,-0.007304,-0.007529,-0.007692,-0.007689,-0.007489,-0.007153,-0.006829,-0.006665,-0.006722,-0.006945,-0.007224,-0.007435,-0.007474,-0.007277,-0.006832,-0.006183,-0.005414,-0.004609,-0.003875,-0.003332,-0.003064,-0.003059,-0.003208,-0.003357,-0.003428,-0.003411,-0.003285,-0.003014,-0.002633,-0.002246,-0.001958,-0.001801,-0.001751,-0.001760,-0.001750,-0.001603,-0.001277,-0.000865,-0.000510,-0.000261,-0.000079,0.000087,0.000263,0.000514,0.000937,0.001599,0.002482,0.003507,0.004482,0.005079,0.004893,0.003621,0.001630,0.000151,-0.000393,-0.000467,-0.000455,-0.000580,-0.000792,-0.000963,-0.000994,-0.000883,-0.000618,-0.000185,0.000366,0.000888,0.001264,0.001473,0.001552,0.001508,0.001375,0.001258,0.001265,0.001394,0.001591,0.001844,0.002177,0.002547,0.002839,0.002943,0.002846,0.002598,0.002265,0.001937,0.001725,0.001664,0.001672,0.001654,0.001638,0.001740,0.002039,0.002552,0.003286,0.004192,0.005125,0.005969,0.006857,0.008128,0.009923,0.011886,0.013307],
	[0.000000,0.000000,0.000000,0.000000,0.000000,0.000000,0.000000,0.000000,0.000000,0.000000,0.000000,0.000000,0.000000,0.000000,0.000000,0.000000,0.000000,0.000000,0.000000,0.000000,0.000000,0.000000,0.000000,0.000000,0.000000,0.000000,0.000000,0.000000,0.000000,0.000000,0.000000,0.000000,0.000000,0.000000,0.000000,0.000000,0.000000,0.000000,0.000000,0.000000,0.000000,0.000000,0.000000,0.000000,0.000000,0.000000,0.000000,0.000000,0.000000,0.000000,0.000000,0.000000,0.000000,0.000000,0.000000,0.000000,0.000000,0.000000,0.000000,0.000000,0.000000,0.000000,0.000000,0.000000,0.000000,0.000000,0.000000,0.000000,0.000000,0.000000,0.000000,0.000000,0.000000,0.000000,0.000000,0.000000,0.000000,0.000000,0.000000,0.000000,0.000000,0.000000,0.000000,0.000000,0.000000,0.000000,0.000000,0.000000,0.000000,0.000000,0.000000,0.000000,0.000000,0.000000,0.000000,0.000000,0.000000,0.000000,0.000000,0.000000,0.000000,0.000000,0.000000,0.000000,0.000000,0.000000,0.000000,0.000000,0.000000,0.000000,0.000000,0.000000,0.000000,0.000000,0.000000,0.000000,0.000000,0.000000,0.000000,0.000000,0.000000,0.000000,0.000000,0.000000,0.000000,0.000000,0.000000,0.000000,0.000000,0.000000,0.000000,0.000000,0.000000,0.000000,0.000000,0.000000,0.000000,0.000000,0.000000,0.000000,0.000000,0.000000,0.000000,0.000000,0.000000,0.000000,0.000000,0.000000,0.000000,0.000000,0.000000,0.000000,0.000000,0.000000,0.000000,0.000000,0.000000,0.000000,0.000000,0.000000,0.000000,0.000000,0.000000,0.000000,0.000000,0.000000,0.000000,0.000000,0.000000,0.000000,0.000000,0.000000,0.000000,0.000000,0.000000,0.000000,0.000000,0.000000,0.000000,0.000000,0.000000,0.000000,0.000000,0.000000,0.000000,0.000000,0.000000,0.000000,0.000000,0.000000,0.000000,0.000000,0.000000,0.000000,0.000000,0.000000,0.000000,0.000000,0.000000,0.000000,0.000000,0.000000,0.000000,0.000000,0.000000,0.000000,0.000000,0.000000,0.000000,0.000000,0.000000,0.000000,0.000000,0.000000,0.000000,0.000000,0.000000,0.000000,0.000000,0.000000,0.000000,0.000000,0.000000,0.000000,0.000000,0.000000,0.000000,0.000000,0.000000,0.000000,0.000000,0.000000,0.000000,0.000000,0.000000,0.000000,0.000000,0.000000,0.000000,0.000000,0.000000,0.000000,0.000000,0.000000,0.000000,0.000000,0.000000,0.000000,0.000000,0.000000,0.000000,0.000000,0.000000,0.000000,0.000000,0.000000],
	[-0.000225,-0.000120,0.000126,0.000340,0.000447,0.000443,0.000566,0.000721,0.000779,0.000513,0.000162,0.000146,0.000548,0.000969,0.000966,0.000191,-0.000134,0.000135,0.000434,0.000679,0.000671,0.000015,-0.000540,-0.000404,-0.000157,0.000237,0.000425,0.000561,0.000569,0.000612,0.000734,0.000935,0.000889,0.000720,0.000492,0.000441,0.000126,-0.000192,-0.000114,-0.000049,-0.000362,-0.000923,-0.001135,-0.000836,-0.000232,0.000202,0.000386,0.000351,0.000152,-0.000140,-0.000424,-0.000439,-0.000152,0.000083,0.000265,0.000405,0.000341,-0.000090,-0.000414,-0.000312,-0.000064,0.000062,0.000084,0.000205,0.000498,0.000752,0.000803,0.000701,0.000636,0.000614,0.000571,0.000309,0.000078,0.000044,0.000071,-0.000295,-0.000680,-0.000693,-0.000682,-0.000534,-0.000336,-0.000094,0.000041,0.000014,-0.000229,-0.000441,-0.000440,-0.000254,-0.000077,-0.000197,-0.000609,-0.000802,-0.000669,-0.000364,0.000073,0.000494,0.000816,0.000946,0.000901,0.000308,-0.000269,-0.000198,-0.000013,0.000219,0.000336,0.000464,0.000432,0.000356,0.000231,0.000077,-0.000236,-0.000575,-0.000882,-0.000956,-0.000807,-0.000419,-0.000015,0.000310,0.000396,0.000320,0.000049,-0.000265,-0.000585,-0.000753,-0.000936,-0.001168,-0.001364,-0.001198,-0.000786,-0.000163,0.000221,0.000248,-0.000342,-0.000866,-0.001336,-0.001779,-0.001945,-0.001933,-0.001745,-0.001572,-0.001601,-0.001470,-0.000948,-0.000132,0.000601,0.001294,0.001626,0.001670,0.000709,-0.000111,-0.000184,-0.000646,-0.000957,-0.001283,-0.001424,-0.001342,-0.000829,-0.000141,0.000522,0.000804,0.000729,0.000459,0.000328,0.000308,0.000378,0.000424,0.000441,0.000364,0.000256,-0.000043,-0.000693,-0.001105,-0.001039,-0.000919,-0.000705,-0.000463,-0.000086,0.000168,0.000115,-0.000075,-0.000051,-0.000184,-0.000356,-0.000277,-0.000279,-0.000803,-0.001113,-0.001269,-0.001634,-0.001849,-0.001692,-0.001231,-0.000799,-0.000660,-0.000691,-0.000772,-0.000858,-0.001126,-0.001591,-0.001752,-0.001388,-0.000815,-0.000389,-0.000287,-0.000366,-0.000411,-0.000224,0.000123,0.000461,0.000672,0.000811,0.000921,0.001038,0.001194,0.001421,0.001503,0.001206,0.000764,0.000480,0.000186,0.000118,0.000407,0.000921,0.001384,0.001682,0.001696,0.001589,0.001052,0.000229,-0.000067,-0.000025,0.000098,0.000399,0.000884,0.001338,0.001569,0.001525,0.001193,0.000574,0.000032,-0.000098,0.000123,0.000583,0.001022,0.001218,0.001043,0.000730,0.000502,0.000455,0.000483,0.000440,0.000412,0.000509,0.000502,0.000206,-0.000147],
	[0.014985,0.013791,0.012271,0.010865,0.009748,0.008896,0.008229,0.007692,0.007241,0.006851,0.006504,0.006195,0.005916,0.005662,0.005428,0.005213,0.005012,0.004825,0.004650,0.004485,0.004328,0.004180,0.004041,0.003908,0.003781,0.003660,0.003544,0.003433,0.003326,0.003222,0.003122,0.003026,0.002934,0.002843,0.002755,0.002669,0.002587,0.002507,0.002430,0.002354,0.002279,0.002206,0.002135,0.002065,0.001997,0.001931,0.001866,0.001801,0.001737,0.001675,0.001613,0.001552,0.001492,0.001433,0.001377,0.001320,0.001265,0.001209,0.001153,0.001097,0.001044,0.000992,0.000940,0.000888,0.000837,0.000784,0.000732,0.000682,0.000631,0.000582,0.000533,0.000484,0.000434,0.000386,0.000337,0.000288,0.000238,0.000189,0.000141,0.000093,0.000044,-0.000004,-0.000053,-0.000103,-0.000151,-0.000199,-0.000248,-0.000297,-0.000345,-0.000395,-0.000444,-0.000493,-0.000543,-0.000595,-0.000647,-0.000698,-0.000749,-0.000799,-0.000850,-0.000902,-0.000954,-0.001008,-0.001062,-0.001118,-0.001174,-0.001229,-0.001285,-0.001342,-0.001401,-0.001461,-0.001522,-0.001584,-0.001647,-0.001710,-0.001775,-0.001842,-0.001909,-0.001978,-0.002048,-0.002120,-0.002192,-0.002267,-0.002345,-0.002426,-0.002510,-0.002595,-0.002682,-0.002773,-0.002868,-0.002966,-0.003069,-0.003177,-0.003290,-0.003409,-0.003534,-0.003667,-0.003808,-0.003958,-0.004120,-0.004302,-0.004505,-0.004721,-0.004940,-0.005153,-0.005356,-0.005544,-0.005718,-0.005901,-0.006151,-0.006596,-0.007271,-0.007939,-0.008449,-0.008796,-0.008959,-0.008910,-0.008630,-0.008163,-0.007613,-0.007111,-0.006746,-0.006537,-0.006443,-0.006398,-0.006339,-0.006213,-0.005994,-0.005688,-0.005326,-0.004961,-0.004652,-0.004451,-0.004366,-0.004353,-0.004340,-0.004265,-0.004094,-0.003826,-0.003484,-0.003111,-0.002751,-0.002418,-0.002101,-0.001781,-0.001454,-0.001138,-0.000880,-0.000735,-0.000700,-0.000690,-0.000597,-0.000383,-0.000107,0.000124,0.000203,0.000075,-0.000219,-0.000556,-0.000803,-0.000904,-0.000883,-0.000816,-0.000790,-0.000860,-0.001018,-0.001199,-0.001328,-0.001371,-0.001340,-0.001268,-0.001196,-0.001177,-0.001243,-0.001381,-0.001539,-0.001662,-0.001716,-0.001687,-0.001584,-0.001435,-0.001271,-0.001101,-0.000909,-0.000688,-0.000456,-0.000237,-0.000053,0.000086,0.000183,0.000265,0.000378,0.000557,0.000801,0.001085,0.001385,0.001680,0.001946,0.002160,0.002318,0.002431,0.002519,0.002611,0.002749,0.002971,0.003283,0.003670,0.004122,0.004659,0.005326,0.006186,0.007331,0.008866,0.010794,0.012861,0.014551,0.015327],
	[0.001019,0.001004,0.001319,0.001915,0.002375,0.002449,0.001996,0.001265,0.000258,-0.000724,-0.001435,-0.001946,-0.002260,-0.002413,-0.002116,-0.001248,-0.000004,0.001309,0.002420,0.002984,0.002789,0.001964,0.000982,0.000358,0.000322,0.000624,0.000931,0.000857,0.000598,0.000592,0.001071,0.001452,0.001750,0.000614,-0.000691,-0.000114,0.000211,0.000764,-0.000597,-0.001825,-0.001655,-0.001370,-0.000766,-0.000132,0.000481,0.000756,0.000593,-0.000457,-0.001364,-0.001118,-0.000786,-0.000508,-0.000370,0.000316,0.001180,0.002267,0.002649,0.002870,0.001104,-0.000651,-0.000289,0.000273,0.001328,0.001939,0.002239,0.001834,0.001199,0.000501,0.000342,0.000449,0.000499,0.000214,0.000305,0.000470,0.000370,-0.000216,-0.000945,-0.001637,-0.001940,-0.001959,-0.001718,-0.001539,-0.001413,-0.001273,-0.000623,0.000455,0.001650,0.002361,0.002657,0.002645,0.002485,0.001922,0.001134,0.000278,-0.000101,-0.000059,0.000423,0.000918,0.001571,0.001974,0.002194,0.001074,0.000025,0.000320,0.000885,0.001627,0.001997,0.001981,0.001584,0.001170,0.000816,0.000532,0.000264,0.000043,-0.000191,-0.000419,-0.000690,-0.001027,-0.001453,-0.001886,-0.002318,-0.002532,-0.002388,-0.001957,-0.001581,-0.001435,-0.001404,-0.001233,-0.000790,-0.000128,0.000456,0.000658,0.000284,-0.000453,-0.000730,-0.000089,0.001198,0.002579,0.003477,0.003623,0.003197,0.002575,0.002016,0.001523,0.001136,0.000852,0.000612,0.000395,0.000192,-0.000002,-0.000198,-0.000397,-0.000611,-0.000843,-0.001129,-0.001474,-0.001906,-0.002465,-0.003060,-0.003416,-0.003290,-0.002627,-0.001550,-0.000327,0.000638,0.000811,0.000300,0.000191,0.000789,0.001407,0.001666,0.001387,0.000803,-0.000112,-0.001014,-0.001578,-0.001885,-0.001710,-0.001352,-0.000919,-0.000575,-0.000183,0.000072,0.000490,0.000975,0.001598,0.000575,-0.000875,-0.000303,0.000106,0.000476,-0.000978,-0.002277,-0.002095,-0.001507,-0.000589,0.000045,0.000408,0.000705,0.001129,0.001533,0.001521,0.001149,0.000098,-0.000988,-0.001237,-0.001102,-0.000608,-0.000093,0.000500,0.000949,0.001091,0.000700,0.000084,-0.000209,-0.000028,0.000176,-0.000182,-0.001013,-0.001311,-0.001044,-0.000428,0.000199,0.000548,0.000422,-0.000040,-0.000616,-0.001208,-0.001873,-0.002505,-0.003170,-0.003619,-0.003606,-0.002920,-0.001793,-0.000549,0.000372,0.000742,0.000263,-0.000647,-0.001064,-0.000915,-0.000782,-0.000979,-0.001632,-0.002375,-0.002747,-0.002448,-0.001693,-0.000835,-0.000206,0.000196,0.000469,0.000777,0.001038,0.001139]
],
	"idxs" : [150,0,136,154,159]
,"hydrophone_pos" : [
	[0.000000,0.000000,0.000000],
	[0.000000,0.000000,0.000000],
	[0.500000,0.000000,0.000000],
	[0.250000,0.250000,0.354000],
	[0.250000,-0.250000,0.354000]
],
	"direction_of_arrival" : [0.579037,0.206799,-0.788638]
,	"valid" : [0.000000,-0.000000,-0.000000,-0.000000,-0.000000]
}
dump = {
	"magnitude" : [0.000000,0.000002,0.000003,0.000000,0.000003,0.000000,0.000000,0.000005,0.000007,0.000001,0.000000,0.000002,0.000001,0.000001,0.000006,0.000004,0.000003,0.000000,0.000000,0.000000,0.000000,0.000000,0.000000,0.000000,0.000000,0.000000,0.000000,0.000000,0.000000,0.000000,0.000000,0.000000]
,	"raw_mv" : [
	[-8.392999,-6.867000,-6.867000,-6.485500,-4.959500,-6.485500,-9.156000,-7.630000,-5.341000,-5.341000,-6.104000,-5.341000,-4.578000,-6.485500,-6.104000,-6.104000,-8.011500,-8.392999,-6.104000,-4.196499,-3.052000,-4.959500,-8.011500,-7.630000,-7.248499,-6.867000,-6.485500,-6.104000,-5.341000,-6.485500,-6.867000,-6.485500,-8.011500,-8.774499,-7.630000,-7.248499,-6.485500,-7.248499,-6.104000,-3.433500,-2.289000,-4.196499,-8.774499,-11.063500,-9.156000,-6.485500,-5.722499,-2.670500,-2.670500,-5.722499,-6.485500,-7.630000,-6.867000,-5.722499,-4.578000,-4.196499,-4.196499,-2.289000,-2.670500,-5.341000,-3.815000,-2.289000,-4.578000,-4.578000,-6.485500,-8.774499,-10.682000,-10.300499,-8.392999,-6.104000,-5.722499,-4.959500,-6.104000,-8.774499,-10.300499,-10.682000,-9.156000,-6.485500,-7.248499,-7.630000,-9.156000,-9.919000,-9.919000,-9.919000,-9.156000,-7.630000,-8.392999,-11.063500,-9.156000,-8.011500,-8.774499,-9.537500,-10.300499,-8.392999,-5.722499,-6.485500,-9.156000,-11.063500,-10.682000,-9.156000,-9.156000,-9.156000,-4.959500,-4.196499,-4.959500,-7.630000,-6.104000,-6.104000,-7.630000,-4.578000,-4.196499,-6.867000,-7.248499,-8.774499,-9.919000,-7.630000,-7.630000,-7.248499,-5.341000,-2.670500,-3.433500,-6.485500,-8.011500,-7.248499,-8.392999,-9.537500,-8.774499,-6.867000,-4.959500,-7.248499,-8.392999,-8.774499,-8.392999,-6.485500,-3.052000,-3.433500,-7.630000,-9.537500,-8.011500,-6.104000,-7.248499,-7.248499,-6.867000,-5.341000,-5.341000,-6.867000,-6.485500,-4.959500,-4.959500,-7.248499,-4.578000,-3.815000,-6.867000,-9.919000,-9.919000,-8.011500,-5.722499,-8.392999,-9.156000,-8.774499,-7.630000,-7.248499,-7.248499,-6.104000,-6.485500,-6.867000,-7.248499,-6.867000,-8.774499,-11.444999,-8.774499,-4.578000,-4.196499,-7.248499,-7.630000,-5.341000,-6.867000,-9.537500,-6.867000,-4.196499,-1.907500,-2.289000,-7.248499,-7.630000,-5.341000,-5.722499,-8.011500,-9.156000,-6.485500,-3.433500,-5.722499,-7.248499,-5.722499,-4.578000,-6.867000,-6.485500,-4.959500,-3.433500,-3.815000,-6.104000,-6.867000,-5.722499,-5.341000,-4.959500,-4.578000,-4.196499,-4.578000,-7.248499,-8.774499,-8.011500,-6.867000,-8.774499,-10.300499,-11.063500,-9.919000,-8.392999,-6.867000,-7.248499,-5.722499,-7.248499,-7.630000,-7.630000,-7.248499,-6.867000,-6.485500,-5.722499,-8.392999,-9.537500,-4.959500,-4.196499,-8.011500,-9.537500,-9.156000,-7.630000,-6.485500,-4.959500,-5.341000,-8.774499,-9.537500,-8.392999,-8.392999,-6.867000,-5.341000,-7.630000,-9.919000,-8.392999,-7.248499,-7.630000,-10.300499,-9.537500,-6.485500,-4.578000,-4.196499,-5.341000,-8.011500,-9.537500],
	[0.000000,0.000000,0.000000,0.000000,0.000000,0.000000,0.000000,0.000000,0.000000,0.000000,0.000000,0.000000,0.000000,0.000000,0.000000,0.000000,0.000000,0.000000,0.000000,0.000000,0.000000,0.000000,0.000000,0.000000,0.000000,0.000000,0.000000,0.000000,0.000000,0.000000,0.000000,0.000000,0.000000,0.000000,0.000000,0.000000,0.000000,0.000000,0.000000,0.000000,0.000000,0.000000,0.000000,0.000000,0.000000,0.000000,0.000000,0.000000,0.000000,0.000000,0.000000,0.000000,0.000000,0.000000,0.000000,0.000000,0.000000,0.000000,0.000000,0.000000,0.000000,0.000000,0.000000,0.000000,0.000000,0.000000,0.000000,0.000000,0.000000,0.000000,0.000000,0.000000,0.000000,0.000000,0.000000,0.000000,0.000000,0.000000,0.000000,0.000000,0.000000,0.000000,0.000000,0.000000,0.000000,0.000000,0.000000,0.000000,0.000000,0.000000,0.000000,0.000000,0.000000,0.000000,0.000000,0.000000,0.000000,0.000000,0.000000,0.000000,0.000000,0.000000,0.000000,0.000000,0.000000,0.000000,0.000000,0.000000,0.000000,0.000000,0.000000,0.000000,0.000000,0.000000,0.000000,0.000000,0.000000,0.000000,0.000000,0.000000,0.000000,0.000000,0.000000,0.000000,0.000000,0.000000,0.000000,0.000000,0.000000,0.000000,0.000000,0.000000,0.000000,0.000000,0.000000,0.000000,0.000000,0.000000,0.000000,0.000000,0.000000,0.000000,0.000000,0.000000,0.000000,0.000000,0.000000,0.000000,0.000000,0.000000,0.000000,0.000000,0.000000,0.000000,0.000000,0.000000,0.000000,0.000000,0.000000,0.000000,0.000000,0.000000,0.000000,0.000000,0.000000,0.000000,0.000000,0.000000,0.000000,0.000000,0.000000,0.000000,0.000000,0.000000,0.000000,0.000000,0.000000,0.000000,0.000000,0.000000,0.000000,0.000000,0.000000,0.000000,0.000000,0.000000,0.000000,0.000000,0.000000,0.000000,0.000000,0.000000,0.000000,0.000000,0.000000,0.000000,0.000000,0.000000,0.000000,0.000000,0.000000,0.000000,0.000000,0.000000,0.000000,0.000000,0.000000,0.000000,0.000000,0.000000,0.000000,0.000000,0.000000,0.000000,0.000000,0.000000,0.000000,0.000000,0.000000,0.000000,0.000000,0.000000,0.000000,0.000000,0.000000,0.000000,0.000000,0.000000,0.000000,0.000000,0.000000,0.000000,0.000000,0.000000,0.000000,0.000000,0.000000,0.000000,0.000000,0.000000,0.000000,0.000000,0.000000,0.000000,0.000000,0.000000,0.000000,0.000000,0.000000,0.000000,0.000000,0.000000,0.000000,0.000000,0.000000,0.000000],
	[-6.561800,-6.485500,-6.714400,-6.561800,-6.561800,-6.561800,-6.561800,-6.638100,-6.485500,-6.561800,-6.561800,-6.638100,-6.561800,-6.561800,-6.485500,-6.561800,-6.638100,-6.638100,-6.485500,-6.485500,-6.638100,-6.485500,-6.485500,-6.485500,-6.561800,-6.638100,-6.485500,-6.638100,-6.638100,-6.409200,-6.485500,-6.409200,-6.561800,-6.561800,-6.485500,-6.485500,-6.485500,-6.485500,-6.409200,-6.485500,-6.561800,-6.561800,-6.485500,-6.638100,-6.409200,-6.332900,-6.409200,-6.409200,-6.409200,-6.409200,-6.104000,-6.027700,-6.180300,-6.104000,-6.104000,-6.027700,-6.104000,-6.027700,-6.104000,-6.027700,-6.027700,-6.104000,-6.104000,-6.180300,-6.409200,-6.332900,-6.332900,-6.332900,-6.409200,-6.409200,-6.409200,-6.485500,-6.332900,-6.485500,-6.485500,-6.409200,-6.256600,-6.485500,-6.485500,-6.485500,-6.485500,-6.409200,-6.485500,-6.638100,-6.561800,-6.485500,-6.485500,-6.485500,-6.485500,-6.485500,-6.485500,-6.409200,-6.561800,-6.485500,-6.638100,-6.485500,-6.485500,-6.561800,-6.561800,-6.714400,-6.561800,-6.561800,-6.561800,-6.561800,-6.561800,-6.485500,-6.561800,-6.485500,-6.485500,-6.485500,-6.638100,-6.638100,-6.485500,-6.485500,-6.485500,-6.561800,-6.561800,-6.561800,-6.561800,-6.561800,-6.485500,-6.485500,-6.332900,-6.561800,-6.714400,-6.409200,-6.485500,-6.638100,-6.638100,-6.638100,-6.561800,-6.561800,-6.638100,-6.638100,-6.714400,-6.561800,-6.485500,-6.638100,-6.638100,-6.638100,-6.485500,-6.714400,-6.485500,-6.485500,-6.638100,-6.638100,-6.485500,-6.485500,-6.409200,-6.561800,-6.561800,-6.561800,-6.561800,-6.714400,-6.638100,-6.561800,-6.485500,-6.638100,-6.561800,-6.561800,-6.638100,-6.561800,-6.638100,-6.561800,-6.409200,-6.409200,-5.951400,-5.569900,-5.722500,-6.332900,-6.867000,-7.019600,-6.867000,-6.638100,-6.638100,-6.714400,-6.638100,-6.638100,-6.561800,-6.790700,-6.714400,-6.561800,-6.485500,-6.638100,-6.638100,-6.561800,-6.561800,-6.638100,-6.714400,-6.409200,-6.561800,-6.409200,-6.561800,-6.409200,-6.256600,-6.332900,-6.332900,-6.332900,-6.180300,-6.104000,-6.104000,-6.104000,-6.104000,-6.027700,-6.104000,-6.027700,-6.027700,-6.027700,-6.104000,-5.951400,-6.256600,-6.256600,-6.485500,-6.332900,-6.332900,-6.332900,-6.485500,-6.485500,-6.485500,-6.409200,-6.409200,-6.485500,-6.409200,-6.485500,-6.485500,-6.561800,-6.485500,-6.409200,-6.485500,-6.485500,-6.485500,-6.485500,-6.485500,-6.332900,-6.409200,-6.561800,-6.561800,-6.561800,-6.638100,-6.409200,-6.638100,-6.561800,-6.714400,-6.561800,-6.485500,-6.561800,-6.485500,-6.409200,-6.561800,-6.485500,-6.485500,-6.485500,-6.561800,-6.561800,-6.485500,-6.561800],
	[-7.248499,-7.248499,-6.867000,-7.248499,-6.867000,-7.248499,-7.248499,-7.248499,-7.248499,-6.867000,-6.867000,-7.248499,-6.867000,-6.867000,-6.867000,-7.248499,-6.867000,-6.867000,-6.867000,-7.248499,-7.248499,-7.248499,-7.248499,-7.248499,-7.630000,-7.248499,-7.248499,-7.248499,-7.248499,-7.248499,-7.248499,-6.867000,-7.248499,-7.248499,-7.248499,-7.248499,-7.248499,-7.248499,-6.867000,-6.867000,-6.867000,-7.248499,-7.248499,-7.248499,-7.248499,-6.867000,-7.248499,-6.867000,-6.867000,-6.867000,-6.485500,-6.867000,-6.485500,-6.485500,-6.867000,-6.867000,-6.867000,-6.485500,-6.485500,-6.867000,-6.485500,-6.867000,-6.867000,-6.867000,-6.867000,-6.485500,-6.867000,-7.248499,-6.867000,-6.867000,-6.867000,-6.867000,-6.867000,-6.867000,-6.867000,-7.248499,-6.867000,-6.867000,-6.867000,-7.248499,-6.867000,-6.867000,-6.867000,-7.248499,-7.248499,-6.867000,-6.867000,-6.867000,-7.248499,-7.248499,-7.248499,-6.867000,-6.867000,-6.867000,-7.248499,-6.867000,-7.248499,-7.248499,-6.867000,-6.867000,-6.867000,-7.248499,-7.248499,-7.630000,-7.248499,-7.248499,-7.248499,-7.248499,-7.248499,-7.630000,-7.248499,-7.248499,-7.248499,-7.248499,-7.630000,-7.248499,-7.248499,-6.867000,-6.867000,-7.248499,-7.248499,-7.248499,-6.867000,-7.248499,-7.248499,-7.248499,-6.867000,-6.867000,-7.248499,-7.248499,-7.248499,-7.248499,-6.867000,-7.248499,-7.248499,-7.248499,-7.248499,-7.248499,-7.248499,-7.248499,-6.867000,-6.867000,-7.248499,-6.867000,-6.867000,-7.248499,-7.248499,-7.248499,-7.248499,-7.248499,-7.248499,-7.248499,-6.867000,-6.867000,-7.248499,-7.248499,-6.867000,-6.867000,-6.867000,-7.248499,-7.248499,-7.248499,-6.867000,-7.248499,-7.248499,-7.248499,-7.248499,-7.248499,-6.867000,-6.867000,-7.248499,-7.248499,-6.867000,-6.867000,-7.248499,-7.248499,-6.867000,-6.867000,-7.248499,-7.248499,-6.867000,-7.248499,-6.867000,-6.867000,-7.248499,-6.867000,-6.867000,-7.248499,-7.248499,-7.248499,-6.867000,-7.248499,-6.867000,-7.248499,-6.867000,-6.867000,-6.485500,-6.867000,-6.867000,-6.485500,-6.867000,-6.867000,-6.867000,-6.867000,-6.485500,-6.867000,-6.867000,-6.485500,-6.485500,-6.867000,-6.867000,-6.485500,-7.248499,-6.867000,-6.867000,-6.867000,-6.867000,-6.867000,-6.867000,-7.248499,-7.248499,-7.248499,-7.248499,-6.867000,-6.867000,-6.867000,-7.248499,-7.248499,-7.248499,-7.248499,-6.867000,-7.248499,-6.867000,-7.248499,-7.248499,-7.248499,-6.867000,-6.867000,-7.248499,-7.248499,-7.248499,-7.248499,-7.248499,-7.248499,-7.248499,-7.248499,-6.867000,-7.248499,-7.248499,-7.248499,-7.248499,-6.867000,-7.248499,-7.248499,-6.867000,-7.248499],
	[-7.248499,-7.248499,-7.248499,-6.867000,-7.248499,-7.248499,-7.248499,-7.248499,-6.867000,-7.248499,-7.248499,-7.248499,-6.867000,-6.867000,-7.248499,-7.248499,-6.867000,-6.867000,-7.248499,-7.248499,-6.867000,-6.867000,-7.248499,-7.248499,-7.248499,-7.248499,-6.867000,-7.248499,-7.248499,-7.248499,-7.248499,-7.248499,-7.248499,-7.248499,-7.248499,-7.248499,-6.867000,-7.248499,-7.248499,-7.248499,-7.248499,-7.248499,-7.248499,-6.867000,-7.248499,-6.867000,-7.248499,-6.867000,-6.485500,-6.867000,-6.867000,-6.867000,-6.485500,-6.867000,-6.485500,-6.867000,-6.867000,-6.485500,-6.867000,-6.867000,-6.485500,-6.867000,-6.867000,-6.867000,-6.867000,-6.867000,-6.867000,-6.867000,-6.867000,-6.867000,-6.867000,-6.867000,-6.867000,-6.867000,-6.867000,-7.248499,-6.867000,-7.248499,-7.248499,-6.867000,-6.867000,-6.867000,-6.867000,-7.248499,-7.248499,-7.248499,-7.248499,-7.248499,-7.248499,-7.248499,-6.867000,-7.248499,-7.248499,-7.248499,-7.248499,-7.248499,-7.248499,-7.248499,-7.248499,-6.867000,-7.248499,-6.867000,-7.248499,-7.248499,-7.248499,-7.248499,-7.248499,-6.867000,-7.248499,-7.248499,-7.248499,-7.248499,-7.248499,-7.248499,-7.248499,-7.248499,-6.867000,-6.867000,-6.867000,-7.248499,-7.248499,-6.867000,-7.248499,-7.248499,-7.248499,-7.248499,-7.248499,-6.867000,-7.248499,-7.248499,-7.248499,-6.867000,-7.248499,-7.248499,-7.248499,-6.867000,-7.248499,-7.248499,-7.248499,-6.867000,-7.248499,-7.248499,-7.248499,-7.248499,-6.867000,-7.248499,-6.867000,-7.248499,-7.248499,-7.248499,-7.248499,-7.248499,-7.630000,-7.248499,-7.248499,-7.248499,-7.248499,-7.248499,-7.248499,-7.248499,-7.248499,-7.248499,-7.248499,-7.248499,-7.248499,-7.630000,-7.248499,-6.867000,-6.867000,-7.248499,-7.248499,-7.248499,-7.248499,-6.867000,-7.248499,-7.248499,-7.248499,-6.867000,-7.248499,-7.630000,-7.248499,-7.248499,-7.248499,-7.248499,-7.248499,-6.867000,-7.248499,-7.630000,-7.630000,-7.248499,-7.248499,-6.867000,-6.867000,-6.867000,-7.248499,-6.867000,-6.867000,-6.867000,-6.867000,-6.485500,-6.485500,-6.867000,-6.867000,-6.485500,-6.867000,-6.867000,-6.867000,-6.867000,-6.485500,-6.485500,-6.867000,-6.867000,-6.867000,-6.867000,-6.867000,-7.248499,-6.867000,-6.867000,-6.867000,-6.867000,-7.630000,-7.248499,-6.867000,-6.867000,-6.867000,-6.867000,-6.867000,-6.867000,-6.867000,-7.248499,-6.867000,-6.867000,-7.248499,-7.248499,-7.248499,-6.867000,-7.248499,-7.248499,-7.248499,-7.248499,-6.867000,-7.248499,-7.248499,-7.248499,-7.248499,-6.867000,-7.248499,-7.248499,-6.867000,-7.248499,-7.248499,-7.248499,-7.248499,-7.248499,-7.248499,-6.867000]
],
"normalized" : [
	[-0.740790,0.014001,0.014001,0.202699,0.957492,0.202699,-1.118187,-0.363394,0.768794,0.768794,0.391397,0.768794,1.146190,0.202699,0.391397,0.391397,-0.552092,-0.740790,0.391397,1.334888,1.900983,0.957492,-0.552092,-0.363394,-0.174696,0.014001,0.202699,0.391397,0.768794,0.202699,0.014001,0.202699,-0.552092,-0.929488,-0.363394,-0.174696,0.202699,-0.174696,0.391397,1.712284,2.278379,1.334888,-0.929488,-2.061677,-1.118187,0.202699,0.580096,2.089681,2.089681,0.580096,0.202699,-0.363394,0.014001,0.580096,1.146190,1.334888,1.334888,2.278379,2.089681,0.768794,1.523586,2.278379,1.146190,1.146190,0.202699,-0.929488,-1.872979,-1.684281,-0.740790,0.391397,0.580096,0.957492,0.391397,-0.929488,-1.684281,-1.872979,-1.118187,0.202699,-0.174696,-0.363394,-1.118187,-1.495583,-1.495583,-1.495583,-1.118187,-0.363394,-0.740790,-2.061677,-1.118187,-0.552092,-0.929488,-1.306885,-1.684281,-0.740790,0.580096,0.202699,-1.118187,-2.061677,-1.872979,-1.118187,-1.118187,-1.118187,0.957492,1.334888,0.957492,-0.363394,0.391397,0.391397,-0.363394,1.146190,1.334888,0.014001,-0.174696,-0.929488,-1.495583,-0.363394,-0.363394,-0.174696,0.768794,2.089681,1.712284,0.202699,-0.552092,-0.174696,-0.740790,-1.306885,-0.929488,0.014001,0.957492,-0.174696,-0.740790,-0.929488,-0.740790,0.202699,1.900983,1.712284,-0.363394,-1.306885,-0.552092,0.391397,-0.174696,-0.174696,0.014001,0.768794,0.768794,0.014001,0.202699,0.957492,0.957492,-0.174696,1.146190,1.523586,0.014001,-1.495583,-1.495583,-0.552092,0.580096,-0.740790,-1.118187,-0.929488,-0.363394,-0.174696,-0.174696,0.391397,0.202699,0.014001,-0.174696,0.014001,-0.929488,-2.250375,-0.929488,1.146190,1.334888,-0.174696,-0.363394,0.768794,0.014001,-1.306885,0.014001,1.334888,2.467077,2.278379,-0.174696,-0.363394,0.768794,0.580096,-0.552092,-1.118187,0.202699,1.712284,0.580096,-0.174696,0.580096,1.146190,0.014001,0.202699,0.957492,1.712284,1.523586,0.391397,0.014001,0.580096,0.768794,0.957492,1.146190,1.334888,1.146190,-0.174696,-0.929488,-0.552092,0.014001,-0.929488,-1.684281,-2.061677,-1.495583,-0.740790,0.014001,-0.174696,0.580096,-0.174696,-0.363394,-0.363394,-0.174696,0.014001,0.202699,0.580096,-0.740790,-1.306885,0.957492,1.334888,-0.552092,-1.306885,-1.118187,-0.363394,0.202699,0.957492,0.768794,-0.929488,-1.306885,-0.740790,-0.740790,0.014001,0.768794,-0.363394,-1.495583,-0.740790,-0.174696,-0.363394,-1.684281,-1.306885,0.202699,1.146190,1.334888,0.768794,-0.552092,-1.306885],
	[0.000000,0.000000,0.000000,0.000000,0.000000,0.000000,0.000000,0.000000,0.000000,0.000000,0.000000,0.000000,0.000000,0.000000,0.000000,0.000000,0.000000,0.000000,0.000000,0.000000,0.000000,0.000000,0.000000,0.000000,0.000000,0.000000,0.000000,0.000000,0.000000,0.000000,0.000000,0.000000,0.000000,0.000000,0.000000,0.000000,0.000000,0.000000,0.000000,0.000000,0.000000,0.000000,0.000000,0.000000,0.000000,0.000000,0.000000,0.000000,0.000000,0.000000,0.000000,0.000000,0.000000,0.000000,0.000000,0.000000,0.000000,0.000000,0.000000,0.000000,0.000000,0.000000,0.000000,0.000000,0.000000,0.000000,0.000000,0.000000,0.000000,0.000000,0.000000,0.000000,0.000000,0.000000,0.000000,0.000000,0.000000,0.000000,0.000000,0.000000,0.000000,0.000000,0.000000,0.000000,0.000000,0.000000,0.000000,0.000000,0.000000,0.000000,0.000000,0.000000,0.000000,0.000000,0.000000,0.000000,0.000000,0.000000,0.000000,0.000000,0.000000,0.000000,0.000000,0.000000,0.000000,0.000000,0.000000,0.000000,0.000000,0.000000,0.000000,0.000000,0.000000,0.000000,0.000000,0.000000,0.000000,0.000000,0.000000,0.000000,0.000000,0.000000,0.000000,0.000000,0.000000,0.000000,0.000000,0.000000,0.000000,0.000000,0.000000,0.000000,0.000000,0.000000,0.000000,0.000000,0.000000,0.000000,0.000000,0.000000,0.000000,0.000000,0.000000,0.000000,0.000000,0.000000,0.000000,0.000000,0.000000,0.000000,0.000000,0.000000,0.000000,0.000000,0.000000,0.000000,0.000000,0.000000,0.000000,0.000000,0.000000,0.000000,0.000000,0.000000,0.000000,0.000000,0.000000,0.000000,0.000000,0.000000,0.000000,0.000000,0.000000,0.000000,0.000000,0.000000,0.000000,0.000000,0.000000,0.000000,0.000000,0.000000,0.000000,0.000000,0.000000,0.000000,0.000000,0.000000,0.000000,0.000000,0.000000,0.000000,0.000000,0.000000,0.000000,0.000000,0.000000,0.000000,0.000000,0.000000,0.000000,0.000000,0.000000,0.000000,0.000000,0.000000,0.000000,0.000000,0.000000,0.000000,0.000000,0.000000,0.000000,0.000000,0.000000,0.000000,0.000000,0.000000,0.000000,0.000000,0.000000,0.000000,0.000000,0.000000,0.000000,0.000000,0.000000,0.000000,0.000000,0.000000,0.000000,0.000000,0.000000,0.000000,0.000000,0.000000,0.000000,0.000000,0.000000,0.000000,0.000000,0.000000,0.000000,0.000000,0.000000,0.000000,0.000000,0.000000,0.000000,0.000000,0.000000,0.000000,0.000000,0.000000,0.000000,0.000000],
	[-0.489307,-0.083956,-1.300012,-0.489307,-0.489307,-0.489307,-0.489307,-0.894659,-0.083956,-0.489307,-0.489307,-0.894659,-0.489307,-0.489307,-0.083956,-0.489307,-0.894659,-0.894659,-0.083956,-0.083956,-0.894659,-0.083956,-0.083956,-0.083956,-0.489307,-0.894659,-0.083956,-0.894659,-0.894659,0.321395,-0.083956,0.321395,-0.489307,-0.489307,-0.083956,-0.083956,-0.083956,-0.083956,0.321395,-0.083956,-0.489307,-0.489307,-0.083956,-0.894659,0.321395,0.726748,0.321395,0.321395,0.321395,0.321395,1.942804,2.348154,1.537451,1.942804,1.942804,2.348154,1.942804,2.348154,1.942804,2.348154,2.348154,1.942804,1.942804,1.537451,0.321395,0.726748,0.726748,0.726748,0.321395,0.321395,0.321395,-0.083956,0.726748,-0.083956,-0.083956,0.321395,1.132098,-0.083956,-0.083956,-0.083956,-0.083956,0.321395,-0.083956,-0.894659,-0.489307,-0.083956,-0.083956,-0.083956,-0.083956,-0.083956,-0.083956,0.321395,-0.489307,-0.083956,-0.894659,-0.083956,-0.083956,-0.489307,-0.489307,-1.300012,-0.489307,-0.489307,-0.489307,-0.489307,-0.489307,-0.083956,-0.489307,-0.083956,-0.083956,-0.083956,-0.894659,-0.894659,-0.083956,-0.083956,-0.083956,-0.489307,-0.489307,-0.489307,-0.489307,-0.489307,-0.083956,-0.083956,0.726748,-0.489307,-1.300012,0.321395,-0.083956,-0.894659,-0.894659,-0.894659,-0.489307,-0.489307,-0.894659,-0.894659,-1.300012,-0.489307,-0.083956,-0.894659,-0.894659,-0.894659,-0.083956,-1.300012,-0.083956,-0.083956,-0.894659,-0.894659,-0.083956,-0.083956,0.321395,-0.489307,-0.489307,-0.489307,-0.489307,-1.300012,-0.894659,-0.489307,-0.083956,-0.894659,-0.489307,-0.489307,-0.894659,-0.489307,-0.894659,-0.489307,0.321395,0.321395,2.753507,4.780268,3.969563,0.726748,-2.110715,-2.921421,-2.110715,-0.894659,-0.894659,-1.300012,-0.894659,-0.894659,-0.489307,-1.705365,-1.300012,-0.489307,-0.083956,-0.894659,-0.894659,-0.489307,-0.489307,-0.894659,-1.300012,0.321395,-0.489307,0.321395,-0.489307,0.321395,1.132098,0.726748,0.726748,0.726748,1.537451,1.942804,1.942804,1.942804,1.942804,2.348154,1.942804,2.348154,2.348154,2.348154,1.942804,2.753507,1.132098,1.132098,-0.083956,0.726748,0.726748,0.726748,-0.083956,-0.083956,-0.083956,0.321395,0.321395,-0.083956,0.321395,-0.083956,-0.083956,-0.489307,-0.083956,0.321395,-0.083956,-0.083956,-0.083956,-0.083956,-0.083956,0.726748,0.321395,-0.489307,-0.489307,-0.489307,-0.894659,0.321395,-0.894659,-0.489307,-1.300012,-0.489307,-0.083956,-0.489307,-0.083956,0.321395,-0.489307,-0.083956,-0.083956,-0.083956,-0.489307,-0.489307,-0.083956,-0.489307],
	[-0.820840,-0.820840,0.795531,-0.820840,0.795531,-0.820840,-0.820840,-0.820840,-0.820840,0.795531,0.795531,-0.820840,0.795531,0.795531,0.795531,-0.820840,0.795531,0.795531,0.795531,-0.820840,-0.820840,-0.820840,-0.820840,-0.820840,-2.437214,-0.820840,-0.820840,-0.820840,-0.820840,-0.820840,-0.820840,0.795531,-0.820840,-0.820840,-0.820840,-0.820840,-0.820840,-0.820840,0.795531,0.795531,0.795531,-0.820840,-0.820840,-0.820840,-0.820840,0.795531,-0.820840,0.795531,0.795531,0.795531,2.411904,0.795531,2.411904,2.411904,0.795531,0.795531,0.795531,2.411904,2.411904,0.795531,2.411904,0.795531,0.795531,0.795531,0.795531,2.411904,0.795531,-0.820840,0.795531,0.795531,0.795531,0.795531,0.795531,0.795531,0.795531,-0.820840,0.795531,0.795531,0.795531,-0.820840,0.795531,0.795531,0.795531,-0.820840,-0.820840,0.795531,0.795531,0.795531,-0.820840,-0.820840,-0.820840,0.795531,0.795531,0.795531,-0.820840,0.795531,-0.820840,-0.820840,0.795531,0.795531,0.795531,-0.820840,-0.820840,-2.437214,-0.820840,-0.820840,-0.820840,-0.820840,-0.820840,-2.437214,-0.820840,-0.820840,-0.820840,-0.820840,-2.437214,-0.820840,-0.820840,0.795531,0.795531,-0.820840,-0.820840,-0.820840,0.795531,-0.820840,-0.820840,-0.820840,0.795531,0.795531,-0.820840,-0.820840,-0.820840,-0.820840,0.795531,-0.820840,-0.820840,-0.820840,-0.820840,-0.820840,-0.820840,-0.820840,0.795531,0.795531,-0.820840,0.795531,0.795531,-0.820840,-0.820840,-0.820840,-0.820840,-0.820840,-0.820840,-0.820840,0.795531,0.795531,-0.820840,-0.820840,0.795531,0.795531,0.795531,-0.820840,-0.820840,-0.820840,0.795531,-0.820840,-0.820840,-0.820840,-0.820840,-0.820840,0.795531,0.795531,-0.820840,-0.820840,0.795531,0.795531,-0.820840,-0.820840,0.795531,0.795531,-0.820840,-0.820840,0.795531,-0.820840,0.795531,0.795531,-0.820840,0.795531,0.795531,-0.820840,-0.820840,-0.820840,0.795531,-0.820840,0.795531,-0.820840,0.795531,0.795531,2.411904,0.795531,0.795531,2.411904,0.795531,0.795531,0.795531,0.795531,2.411904,0.795531,0.795531,2.411904,2.411904,0.795531,0.795531,2.411904,-0.820840,0.795531,0.795531,0.795531,0.795531,0.795531,0.795531,-0.820840,-0.820840,-0.820840,-0.820840,0.795531,0.795531,0.795531,-0.820840,-0.820840,-0.820840,-0.820840,0.795531,-0.820840,0.795531,-0.820840,-0.820840,-0.820840,0.795531,0.795531,-0.820840,-0.820840,-0.820840,-0.820840,-0.820840,-0.820840,-0.820840,-0.820840,0.795531,-0.820840,-0.820840,-0.820840,-0.820840,0.795531,-0.820840,-0.820840,0.795531,-0.820840],
	[-0.700486,-0.700486,-0.700486,0.944633,-0.700486,-0.700486,-0.700486,-0.700486,0.944633,-0.700486,-0.700486,-0.700486,0.944633,0.944633,-0.700486,-0.700486,0.944633,0.944633,-0.700486,-0.700486,0.944633,0.944633,-0.700486,-0.700486,-0.700486,-0.700486,0.944633,-0.700486,-0.700486,-0.700486,-0.700486,-0.700486,-0.700486,-0.700486,-0.700486,-0.700486,0.944633,-0.700486,-0.700486,-0.700486,-0.700486,-0.700486,-0.700486,0.944633,-0.700486,0.944633,-0.700486,0.944633,2.589752,0.944633,0.944633,0.944633,2.589752,0.944633,2.589752,0.944633,0.944633,2.589752,0.944633,0.944633,2.589752,0.944633,0.944633,0.944633,0.944633,0.944633,0.944633,0.944633,0.944633,0.944633,0.944633,0.944633,0.944633,0.944633,0.944633,-0.700486,0.944633,-0.700486,-0.700486,0.944633,0.944633,0.944633,0.944633,-0.700486,-0.700486,-0.700486,-0.700486,-0.700486,-0.700486,-0.700486,0.944633,-0.700486,-0.700486,-0.700486,-0.700486,-0.700486,-0.700486,-0.700486,-0.700486,0.944633,-0.700486,0.944633,-0.700486,-0.700486,-0.700486,-0.700486,-0.700486,0.944633,-0.700486,-0.700486,-0.700486,-0.700486,-0.700486,-0.700486,-0.700486,-0.700486,0.944633,0.944633,0.944633,-0.700486,-0.700486,0.944633,-0.700486,-0.700486,-0.700486,-0.700486,-0.700486,0.944633,-0.700486,-0.700486,-0.700486,0.944633,-0.700486,-0.700486,-0.700486,0.944633,-0.700486,-0.700486,-0.700486,0.944633,-0.700486,-0.700486,-0.700486,-0.700486,0.944633,-0.700486,0.944633,-0.700486,-0.700486,-0.700486,-0.700486,-0.700486,-2.345607,-0.700486,-0.700486,-0.700486,-0.700486,-0.700486,-0.700486,-0.700486,-0.700486,-0.700486,-0.700486,-0.700486,-0.700486,-2.345607,-0.700486,0.944633,0.944633,-0.700486,-0.700486,-0.700486,-0.700486,0.944633,-0.700486,-0.700486,-0.700486,0.944633,-0.700486,-2.345607,-0.700486,-0.700486,-0.700486,-0.700486,-0.700486,0.944633,-0.700486,-2.345607,-2.345607,-0.700486,-0.700486,0.944633,0.944633,0.944633,-0.700486,0.944633,0.944633,0.944633,0.944633,2.589752,2.589752,0.944633,0.944633,2.589752,0.944633,0.944633,0.944633,0.944633,2.589752,2.589752,0.944633,0.944633,0.944633,0.944633,0.944633,-0.700486,0.944633,0.944633,0.944633,0.944633,-2.345607,-0.700486,0.944633,0.944633,0.944633,0.944633,0.944633,0.944633,0.944633,-0.700486,0.944633,0.944633,-0.700486,-0.700486,-0.700486,0.944633,-0.700486,-0.700486,-0.700486,-0.700486,0.944633,-0.700486,-0.700486,-0.700486,-0.700486,0.944633,-0.700486,-0.700486,0.944633,-0.700486,-0.700486,-0.700486,-0.700486,-0.700486,-0.700486,0.944633]
],
"cwt" : [
	[0.264901,0.151532,0.078624,0.196891,0.324169,0.410119,0.441389,0.414483,0.337898,0.237856,0.162480,0.148035,0.140333,0.102445,0.118032,0.213432,0.300608,0.349213,0.369264,0.390118,0.414428,0.407270,0.344724,0.240539,0.129503,0.041767,0.050662,0.096996,0.112665,0.089390,0.073020,0.127450,0.181376,0.196689,0.181904,0.168758,0.191243,0.262971,0.360392,0.455140,0.536162,0.592952,0.599437,0.525933,0.362928,0.152547,0.166547,0.315585,0.360592,0.303260,0.209136,0.156044,0.153018,0.147920,0.119979,0.109145,0.189184,0.286138,0.332923,0.328811,0.305524,0.249458,0.127684,0.045594,0.186920,0.273439,0.304276,0.292600,0.239647,0.151976,0.102213,0.178629,0.252857,0.282383,0.295392,0.316528,0.321857,0.286871,0.221345,0.158486,0.116498,0.073205,0.068581,0.151256,0.239818,0.311686,0.359973,0.372450,0.346599,0.307180,0.289707,0.314966,0.374159,0.432559,0.461740,0.456323,0.423510,0.365687,0.277688,0.192067,0.240358,0.367910,0.446299,0.445034,0.377409,0.264536,0.138047,0.130977,0.250520,0.329609,0.315143,0.214514,0.123446,0.172029,0.206039,0.165769,0.153255,0.262296,0.384432,0.457839,0.459360,0.389107,0.277546,0.200353,0.228353,0.296300,0.350914,0.378716,0.366023,0.305349,0.215417,0.190282,0.308572,0.464000,0.583922,0.636786,0.618361,0.544378,0.439747,0.334231,0.259249,0.230491,0.235074,0.249232,0.257330,0.260962,0.268577,0.279336,0.300308,0.360194,0.453381,0.528906,0.554240,0.540030,0.513166,0.482279,0.440647,0.382995,0.308005,0.220580,0.129900,0.052284,0.057535,0.091106,0.097271,0.107747,0.186316,0.327700,0.488161,0.619175,0.683762,0.671735,0.599076,0.500151,0.424908,0.419457,0.469388,0.513873,0.524966,0.538359,0.587949,0.630255,0.615759,0.557526,0.507187,0.498342,0.524940,0.560414,0.573608,0.543698,0.476029,0.400403,0.347695,0.326226,0.325737,0.333559,0.342773,0.350671,0.345428,0.311378,0.247696,0.167375,0.085104,0.043719,0.118647,0.216731,0.302501,0.349255,0.351966,0.333710,0.320643,0.309406,0.286073,0.254313,0.216223,0.156017,0.067969,0.045775,0.113801,0.138088,0.116922,0.066764,0.040853,0.128111,0.251915,0.390391,0.521629,0.620971,0.666061,0.642598,0.551942,0.414404,0.264334,0.167100,0.219294,0.324851,0.385505,0.363651,0.257991,0.116804,0.150603,0.291657,0.394221,0.441465,0.441799,0.421430,0.413545,0.432538,0.456363,0.446997,0.390217,0.317804,0.290579,0.318984,0.347246,0.333410],
	[0.000000,0.000000,0.000000,0.000000,0.000000,0.000000,0.000000,0.000000,0.000000,0.000000,0.000000,0.000000,0.000000,0.000000,0.000000,0.000000,0.000000,0.000000,0.000000,0.000000,0.000000,0.000000,0.000000,0.000000,0.000000,0.000000,0.000000,0.000000,0.000000,0.000000,0.000000,0.000000,0.000000,0.000000,0.000000,0.000000,0.000000,0.000000,0.000000,0.000000,0.000000,0.000000,0.000000,0.000000,0.000000,0.000000,0.000000,0.000000,0.000000,0.000000,0.000000,0.000000,0.000000,0.000000,0.000000,0.000000,0.000000,0.000000,0.000000,0.000000,0.000000,0.000000,0.000000,0.000000,0.000000,0.000000,0.000000,0.000000,0.000000,0.000000,0.000000,0.000000,0.000000,0.000000,0.000000,0.000000,0.000000,0.000000,0.000000,0.000000,0.000000,0.000000,0.000000,0.000000,0.000000,0.000000,0.000000,0.000000,0.000000,0.000000,0.000000,0.000000,0.000000,0.000000,0.000000,0.000000,0.000000,0.000000,0.000000,0.000000,0.000000,0.000000,0.000000,0.000000,0.000000,0.000000,0.000000,0.000000,0.000000,0.000000,0.000000,0.000000,0.000000,0.000000,0.000000,0.000000,0.000000,0.000000,0.000000,0.000000,0.000000,0.000000,0.000000,0.000000,0.000000,0.000000,0.000000,0.000000,0.000000,0.000000,0.000000,0.000000,0.000000,0.000000,0.000000,0.000000,0.000000,0.000000,0.000000,0.000000,0.000000,0.000000,0.000000,0.000000,0.000000,0.000000,0.000000,0.000000,0.000000,0.000000,0.000000,0.000000,0.000000,0.000000,0.000000,0.000000,0.000000,0.000000,0.000000,0.000000,0.000000,0.000000,0.000000,0.000000,0.000000,0.000000,0.000000,0.000000,0.000000,0.000000,0.000000,0.000000,0.000000,0.000000,0.000000,0.000000,0.000000,0.000000,0.000000,0.000000,0.000000,0.000000,0.000000,0.000000,0.000000,0.000000,0.000000,0.000000,0.000000,0.000000,0.000000,0.000000,0.000000,0.000000,0.000000,0.000000,0.000000,0.000000,0.000000,0.000000,0.000000,0.000000,0.000000,0.000000,0.000000,0.000000,0.000000,0.000000,0.000000,0.000000,0.000000,0.000000,0.000000,0.000000,0.000000,0.000000,0.000000,0.000000,0.000000,0.000000,0.000000,0.000000,0.000000,0.000000,0.000000,0.000000,0.000000,0.000000,0.000000,0.000000,0.000000,0.000000,0.000000,0.000000,0.000000,0.000000,0.000000,0.000000,0.000000,0.000000,0.000000,0.000000,0.000000,0.000000,0.000000,0.000000,0.000000,0.000000,0.000000,0.000000,0.000000,0.000000,0.000000,0.000000,0.000000,0.000000],
	[0.068602,0.127721,0.159820,0.151513,0.123099,0.106067,0.110450,0.121379,0.124606,0.119938,0.111525,0.102611,0.101106,0.116830,0.147628,0.184356,0.216571,0.231950,0.224918,0.206995,0.193518,0.181558,0.167089,0.156431,0.145506,0.126091,0.131052,0.182033,0.217902,0.205043,0.168629,0.152347,0.153912,0.143499,0.111931,0.075997,0.072753,0.101959,0.127688,0.132972,0.108720,0.063727,0.104095,0.190614,0.230072,0.204006,0.145298,0.126683,0.201257,0.297460,0.339592,0.299929,0.214984,0.147689,0.111369,0.075796,0.040649,0.027773,0.041601,0.066005,0.050154,0.026606,0.128715,0.199124,0.207789,0.174095,0.134812,0.098866,0.055332,0.020252,0.053804,0.094163,0.144184,0.196755,0.239255,0.266542,0.266987,0.228299,0.163830,0.119668,0.134661,0.182088,0.220275,0.222640,0.186986,0.132388,0.080144,0.043398,0.036587,0.053338,0.073868,0.086388,0.090310,0.106565,0.130626,0.140643,0.134860,0.130965,0.146751,0.157935,0.140203,0.105814,0.078263,0.062712,0.050775,0.045692,0.065941,0.105353,0.152503,0.198427,0.227477,0.225396,0.194341,0.151557,0.112772,0.079705,0.046239,0.019937,0.034658,0.069667,0.135422,0.229471,0.321949,0.379551,0.389148,0.363381,0.317394,0.255265,0.189241,0.141547,0.117402,0.107298,0.116092,0.155239,0.204100,0.233326,0.236562,0.221941,0.192138,0.148536,0.124495,0.160786,0.212773,0.247087,0.256368,0.236479,0.197675,0.167255,0.155534,0.143290,0.125557,0.129206,0.165691,0.203689,0.217141,0.200848,0.164199,0.119926,0.075758,0.042852,0.026393,0.033151,0.042760,0.037705,0.216702,0.475059,0.718172,0.867106,0.898349,0.836051,0.723271,0.598306,0.475989,0.357577,0.258152,0.198927,0.182056,0.200222,0.246783,0.298885,0.323941,0.310084,0.273348,0.236693,0.209798,0.196118,0.207202,0.236804,0.245742,0.212273,0.167924,0.161772,0.198622,0.234300,0.231051,0.200694,0.180397,0.179297,0.174169,0.145132,0.097934,0.058740,0.055141,0.049045,0.030930,0.058032,0.067958,0.062108,0.130615,0.201072,0.223277,0.218737,0.215613,0.211644,0.203953,0.190568,0.169247,0.144613,0.124318,0.107002,0.083799,0.057049,0.058470,0.086315,0.114621,0.134789,0.139057,0.124144,0.089603,0.037242,0.032247,0.102684,0.169172,0.213180,0.211862,0.155994,0.075177,0.079098,0.132429,0.161531,0.169811,0.173509,0.178492,0.161082,0.113882,0.081684,0.102058,0.122209,0.121447,0.112358,0.109396,0.111210,0.106653,0.087179,0.054424,0.026477],
	[0.341160,0.275679,0.161287,0.034128,0.106964,0.168741,0.184326,0.235374,0.329517,0.390956,0.398591,0.388973,0.391637,0.398489,0.399605,0.398654,0.397223,0.386210,0.356695,0.306461,0.248533,0.217447,0.239269,0.293485,0.319446,0.279830,0.199198,0.135144,0.139204,0.207870,0.279052,0.305072,0.273070,0.198247,0.118041,0.116384,0.199808,0.282240,0.327477,0.334428,0.311371,0.256940,0.193182,0.180486,0.189389,0.161711,0.134035,0.105758,0.061522,0.095793,0.108976,0.171144,0.306969,0.397419,0.417857,0.414859,0.419625,0.397409,0.302222,0.167476,0.144891,0.196615,0.224993,0.286539,0.402183,0.513427,0.553597,0.500724,0.384256,0.251917,0.144483,0.095507,0.126013,0.209027,0.295240,0.352862,0.382426,0.397254,0.403387,0.405258,0.412461,0.431792,0.460375,0.480535,0.470679,0.431221,0.386675,0.359290,0.347231,0.344415,0.351034,0.356405,0.337827,0.270228,0.163270,0.169827,0.295345,0.377369,0.385047,0.335220,0.260127,0.220489,0.260994,0.294032,0.251506,0.143922,0.031941,0.147329,0.262651,0.314027,0.292709,0.244475,0.240061,0.283870,0.309900,0.301082,0.325082,0.394247,0.440234,0.443098,0.427683,0.414927,0.410146,0.415346,0.431637,0.455180,0.465831,0.432136,0.342806,0.240758,0.224488,0.279131,0.306143,0.276918,0.205113,0.128835,0.096381,0.137012,0.232646,0.331721,0.382095,0.373863,0.357971,0.375201,0.381503,0.330493,0.233348,0.139515,0.100313,0.140267,0.243884,0.367006,0.465307,0.517849,0.526486,0.499384,0.448164,0.397618,0.373423,0.376166,0.385997,0.381327,0.347215,0.273590,0.152432,0.011092,0.190263,0.349861,0.463109,0.525577,0.553267,0.564263,0.566889,0.565571,0.564675,0.562387,0.548829,0.510830,0.433399,0.303635,0.129717,0.064497,0.191945,0.263666,0.317048,0.377984,0.419726,0.419755,0.379624,0.304964,0.206761,0.120090,0.115894,0.198607,0.291397,0.354406,0.366371,0.338810,0.325782,0.328038,0.299334,0.257245,0.262049,0.316610,0.370388,0.411293,0.461067,0.498790,0.474209,0.387916,0.331198,0.357733,0.365801,0.305698,0.205058,0.104490,0.096421,0.181139,0.238864,0.221162,0.143426,0.145629,0.241186,0.307345,0.328828,0.314028,0.259308,0.187371,0.165156,0.163657,0.105620,0.030320,0.164043,0.289352,0.378641,0.436463,0.462255,0.438449,0.355172,0.234629,0.122165,0.054970,0.053414,0.113292,0.200868,0.276933,0.310502,0.294849,0.259219,0.260054,0.295286,0.315341,0.315048,0.320482,0.341007,0.357017],
	[0.390093,0.399124,0.391906,0.365616,0.316696,0.265547,0.265754,0.318133,0.370237,0.406211,0.438764,0.479759,0.522949,0.553246,0.567803,0.574255,0.577192,0.576556,0.572665,0.563274,0.535849,0.470760,0.362112,0.249879,0.229112,0.284393,0.312007,0.280502,0.202938,0.112504,0.042183,0.006833,0.041470,0.110441,0.203102,0.281944,0.310010,0.276789,0.197028,0.102755,0.084122,0.154120,0.191236,0.173416,0.155984,0.226941,0.367778,0.487454,0.517247,0.465559,0.386731,0.301097,0.188974,0.097667,0.161904,0.229968,0.267799,0.282854,0.278241,0.293858,0.312342,0.276417,0.192486,0.108871,0.053213,0.020688,0.003395,0.003827,0.005070,0.009877,0.017722,0.039378,0.092330,0.151995,0.165281,0.123095,0.169742,0.287242,0.341376,0.298187,0.193878,0.159028,0.225567,0.243969,0.191294,0.121074,0.094379,0.132200,0.207697,0.279184,0.310984,0.282861,0.203539,0.113344,0.056226,0.053630,0.098773,0.154013,0.169751,0.116125,0.031064,0.111640,0.154568,0.108052,0.043836,0.161432,0.264249,0.306376,0.280340,0.203215,0.113737,0.053269,0.051952,0.110532,0.200131,0.287175,0.349431,0.394361,0.429698,0.436904,0.407248,0.355055,0.278632,0.162638,0.051127,0.163008,0.280898,0.354811,0.390508,0.403147,0.406221,0.407425,0.408303,0.407908,0.407163,0.407522,0.407489,0.403622,0.392185,0.365447,0.314673,0.251668,0.212777,0.187224,0.119779,0.027405,0.121385,0.187988,0.200489,0.202300,0.238106,0.296617,0.322505,0.282021,0.195989,0.110911,0.052671,0.019506,0.004025,0.003068,0.019464,0.058383,0.130673,0.248364,0.401199,0.542881,0.619131,0.605785,0.514375,0.376321,0.248620,0.230913,0.303311,0.366099,0.406391,0.447049,0.501559,0.556896,0.576472,0.526005,0.412499,0.296262,0.252633,0.307847,0.422124,0.536317,0.598120,0.568439,0.433649,0.229411,0.116273,0.239937,0.332717,0.364548,0.353141,0.307111,0.252423,0.274208,0.380538,0.476023,0.502019,0.466273,0.419002,0.374948,0.307597,0.233285,0.241438,0.344028,0.432957,0.440154,0.368931,0.279534,0.237119,0.257568,0.302472,0.323882,0.310299,0.322248,0.444360,0.610328,0.699669,0.656543,0.504894,0.317745,0.170326,0.107098,0.132832,0.212693,0.295496,0.357540,0.409031,0.445640,0.449946,0.429902,0.402921,0.369125,0.318811,0.265753,0.260192,0.298882,0.321705,0.301690,0.263462,0.264125,0.300164,0.321413,0.319313,0.315060,0.309186,0.272466,0.191979,0.096889,0.100182,0.200686,0.295308,0.358710]
],
"envelope_edge" : [
	[0.001649,0.001515,0.000277,-0.000774,-0.000688,-0.000226,0.000557,0.001272,0.001796,0.001830,0.001420,0.000912,0.000732,0.000323,-0.000469,-0.000927,-0.000767,-0.000429,-0.000089,0.000151,0.000600,0.001237,0.001884,0.002136,0.001989,0.001265,0.000417,0.000112,0.000107,0.000020,-0.000490,-0.000954,-0.000910,-0.000773,-0.000755,-0.001075,-0.001552,-0.001979,-0.002023,-0.001783,-0.001215,-0.000424,0.000702,0.001749,0.002495,0.001762,0.000140,-0.000048,0.000744,0.001346,0.001384,0.000924,0.000586,0.000420,0.000217,-0.000444,-0.000989,-0.000865,-0.000322,0.000151,0.000572,0.000933,0.000980,-0.000310,-0.001179,-0.000728,-0.000365,0.000189,0.000448,0.000428,-0.000445,-0.001075,-0.000996,-0.000736,-0.000593,-0.000387,-0.000007,0.000402,0.000540,0.000370,0.000041,-0.000396,-0.001257,-0.001886,-0.001978,-0.001815,-0.001444,-0.000989,-0.000658,-0.000646,-0.000916,-0.001239,-0.001327,-0.001068,-0.000583,-0.000072,0.000370,0.000674,0.000728,0.000047,-0.000971,-0.001071,-0.000436,0.000419,0.001049,0.001314,0.000756,-0.000437,-0.000926,-0.000398,0.000281,0.000626,-0.000094,-0.000781,-0.000668,-0.000747,-0.001528,-0.002169,-0.001928,-0.001258,-0.000360,0.000269,0.000372,-0.000311,-0.001051,-0.001287,-0.001146,-0.000814,-0.000390,-0.000160,-0.000470,-0.001571,-0.002469,-0.002448,-0.001785,-0.000761,0.000256,0.001032,0.001407,0.001339,0.000913,0.000381,-0.000029,-0.000267,-0.000412,-0.000579,-0.000773,-0.000991,-0.001307,-0.001638,-0.001604,-0.001117,-0.000437,0.000122,0.000535,0.000878,0.001217,0.001477,0.001636,0.001552,0.001242,0.000457,-0.000467,-0.000960,-0.001376,-0.002110,-0.002987,-0.003473,-0.003361,-0.002647,-0.001592,-0.000533,0.000200,0.000414,0.000070,-0.000495,-0.000766,-0.000639,-0.000462,-0.000486,-0.000403,0.000093,0.000731,0.001067,0.000996,0.000770,0.000695,0.000909,0.001395,0.001940,0.002290,0.002289,0.002041,0.001733,0.001522,0.001415,0.001422,0.001523,0.001780,0.002055,0.002224,0.002092,0.001645,0.000616,-0.000294,-0.000532,-0.000396,0.000060,0.000477,0.000735,0.000852,0.001027,0.001192,0.001314,0.001395,0.001452,0.001089,0.000177,-0.000277,-0.000152,-0.000175,-0.000440,-0.001393,-0.002344,-0.002751,-0.002794,-0.002341,-0.001523,-0.000396,0.000746,0.001704,0.002135,0.001957,0.000919,-0.000126,-0.000283,0.000232,0.000907,0.001309,0.000563,-0.000889,-0.001316,-0.001033,-0.000485,-0.000036,0.000208,0.000207,0.000277,0.000561,0.001076,0.001426,0.001382,0.000950,0.000757,0.000929,0.001378],
	[0.000000,0.000000,0.000000,0.000000,0.000000,0.000000,0.000000,0.000000,0.000000,0.000000,0.000000,0.000000,0.000000,0.000000,0.000000,0.000000,0.000000,0.000000,0.000000,0.000000,0.000000,0.000000,0.000000,0.000000,0.000000,0.000000,0.000000,0.000000,0.000000,0.000000,0.000000,0.000000,0.000000,0.000000,0.000000,0.000000,0.000000,0.000000,0.000000,0.000000,0.000000,0.000000,0.000000,0.000000,0.000000,0.000000,0.000000,0.000000,0.000000,0.000000,0.000000,0.000000,0.000000,0.000000,0.000000,0.000000,0.000000,0.000000,0.000000,0.000000,0.000000,0.000000,0.000000,0.000000,0.000000,0.000000,0.000000,0.000000,0.000000,0.000000,0.000000,0.000000,0.000000,0.000000,0.000000,0.000000,0.000000,0.000000,0.000000,0.000000,0.000000,0.000000,0.000000,0.000000,0.000000,0.000000,0.000000,0.000000,0.000000,0.000000,0.000000,0.000000,0.000000,0.000000,0.000000,0.000000,0.000000,0.000000,0.000000,0.000000,0.000000,0.000000,0.000000,0.000000,0.000000,0.000000,0.000000,0.000000,0.000000,0.000000,0.000000,0.000000,0.000000,0.000000,0.000000,0.000000,0.000000,0.000000,0.000000,0.000000,0.000000,0.000000,0.000000,0.000000,0.000000,0.000000,0.000000,0.000000,0.000000,0.000000,0.000000,0.000000,0.000000,0.000000,0.000000,0.000000,0.000000,0.000000,0.000000,0.000000,0.000000,0.000000,0.000000,0.000000,0.000000,0.000000,0.000000,0.000000,0.000000,0.000000,0.000000,0.000000,0.000000,0.000000,0.000000,0.000000,0.000000,0.000000,0.000000,0.000000,0.000000,0.000000,0.000000,0.000000,0.000000,0.000000,0.000000,0.000000,0.000000,0.000000,0.000000,0.000000,0.000000,0.000000,0.000000,0.000000,0.000000,0.000000,0.000000,0.000000,0.000000,0.000000,0.000000,0.000000,0.000000,0.000000,0.000000,0.000000,0.000000,0.000000,0.000000,0.000000,0.000000,0.000000,0.000000,0.000000,0.000000,0.000000,0.000000,0.000000,0.000000,0.000000,0.000000,0.000000,0.000000,0.000000,0.000000,0.000000,0.000000,0.000000,0.000000,0.000000,0.000000,0.000000,0.000000,0.000000,0.000000,0.000000,0.000000,0.000000,0.000000,0.000000,0.000000,0.000000,0.000000,0.000000,0.000000,0.000000,0.000000,0.000000,0.000000,0.000000,0.000000,0.000000,0.000000,0.000000,0.000000,0.000000,0.000000,0.000000,0.000000,0.000000,0.000000,0.000000,0.000000,0.000000,0.000000,0.000000,0.000000,0.000000,0.000000,0.000000,0.000000,0.000000,0.000000,0.000000],
	[-0.000583,-0.000570,-0.000295,0.000010,0.000080,-0.000038,-0.000173,-0.000192,-0.000155,-0.000132,-0.000158,-0.000252,-0.000431,-0.000632,-0.000747,-0.000729,-0.000557,-0.000281,-0.000015,0.000119,0.000177,0.000224,0.000240,0.000207,0.000196,0.000077,-0.000237,-0.000353,-0.000029,0.000330,0.000440,0.000331,0.000345,0.000447,0.000509,0.000298,-0.000051,-0.000270,-0.000207,-0.000090,0.000056,-0.000293,-0.000887,-0.000875,-0.000377,0.000056,0.000059,-0.000488,-0.000897,-0.000616,0.000179,0.000964,0.001303,0.001194,0.001056,0.000919,0.000678,0.000284,-0.000001,-0.000118,-0.000034,-0.000649,-0.001055,-0.000594,-0.000088,0.000276,0.000356,0.000348,0.000220,-0.000269,-0.000786,-0.000972,-0.001121,-0.001014,-0.000795,-0.000404,0.000051,0.000472,0.000540,0.000215,-0.000201,-0.000274,-0.000029,0.000407,0.000747,0.000872,0.000746,0.000449,0.000061,-0.000194,-0.000316,-0.000335,-0.000408,-0.000512,-0.000488,-0.000353,-0.000272,-0.000313,-0.000328,-0.000138,0.000077,0.000122,-0.000002,-0.000172,-0.000365,-0.000657,-0.000982,-0.001176,-0.001213,-0.001057,-0.000715,-0.000306,-0.000001,0.000100,0.000052,-0.000087,-0.000301,-0.000752,-0.001280,-0.001716,-0.002110,-0.002199,-0.001895,-0.001260,-0.000565,0.000015,0.000431,0.000672,0.000643,0.000400,0.000092,-0.000221,-0.000584,-0.000844,-0.000824,-0.000586,-0.000315,-0.000097,0.000034,-0.000033,-0.000443,-0.000831,-0.000828,-0.000610,-0.000272,0.000019,0.000137,0.000026,-0.000088,-0.000171,-0.000336,-0.000663,-0.000839,-0.000754,-0.000472,-0.000227,-0.000084,-0.000150,-0.000348,-0.000773,-0.001243,-0.001867,-0.002295,-0.003459,-0.004828,-0.004982,-0.004147,-0.002447,-0.000646,0.000926,0.001955,0.002566,0.002813,0.002796,0.002419,0.001857,0.001253,0.000770,0.000485,0.000561,0.000885,0.001245,0.001411,0.001401,0.001265,0.001062,0.000842,0.000851,0.001110,0.001326,0.001186,0.000826,0.000636,0.000820,0.001138,0.001280,0.001223,0.001209,0.001342,0.001499,0.001485,0.001213,0.000908,0.000800,0.000486,0.000165,0.000156,-0.000222,-0.000581,-0.000352,0.000030,0.000284,0.000424,0.000580,0.000718,0.000866,0.000966,0.000993,0.000952,0.000916,0.000857,0.000647,0.000296,0.000104,0.000084,0.000195,0.000372,0.000545,0.000624,0.000407,-0.000247,-0.000611,-0.000499,-0.000122,0.000407,0.000794,0.000564,-0.000063,-0.000199,-0.000064,0.000102,0.000197,0.000384,0.000628,0.000708,0.000389,0.000138,0.000175,0.000271,0.000274,0.000243,0.000238,0.000320,0.000354,0.000299,-0.000128],
	[0.000801,0.001170,0.001341,0.000328,-0.000816,-0.000838,-0.001115,-0.001463,-0.001533,-0.001034,-0.000624,-0.000376,-0.000301,-0.000107,0.000045,0.000246,0.000427,0.000721,0.000963,0.001135,0.000989,0.000603,0.000171,0.000168,0.000567,0.001042,0.001070,0.000613,-0.000114,-0.000484,-0.000342,0.000164,0.000619,0.000796,0.000355,-0.000487,-0.000980,-0.000838,-0.000449,0.000039,0.000431,0.000719,0.000556,0.000232,0.000186,0.000257,0.000047,-0.000047,-0.000603,-0.001169,-0.001519,-0.002238,-0.002332,-0.001750,-0.001111,-0.000724,-0.000320,0.000272,0.000778,0.000393,-0.000624,-0.001105,-0.001412,-0.001858,-0.001941,-0.001339,-0.000263,0.000783,0.001364,0.001349,0.000789,-0.000133,-0.001064,-0.001586,-0.001649,-0.001431,-0.001185,-0.000967,-0.000803,-0.000697,-0.000669,-0.000619,-0.000463,-0.000105,0.000325,0.000636,0.000683,0.000604,0.000505,0.000451,0.000446,0.000625,0.000909,0.001178,0.000723,-0.000408,-0.000804,-0.000296,0.000330,0.000816,0.000809,0.000379,0.000020,0.000403,0.000787,0.000949,-0.000226,-0.001423,-0.001257,-0.000850,-0.000361,-0.000476,-0.000839,-0.001077,-0.000907,-0.000971,-0.001248,-0.001293,-0.000877,-0.000502,-0.000248,-0.000182,-0.000125,-0.000131,-0.000036,0.000155,0.000631,0.001177,0.001544,0.001202,0.000490,0.000217,0.000520,0.000849,0.000953,0.000543,-0.000216,-0.001056,-0.001457,-0.001340,-0.000796,-0.000385,-0.000265,-0.000190,0.000268,0.000717,0.000843,0.000332,-0.000543,-0.001534,-0.002102,-0.002190,-0.001730,-0.001125,-0.000415,0.000088,0.000460,0.000423,0.000335,0.000173,0.000344,0.000498,0.000924,0.000973,0.001038,-0.000675,-0.002331,-0.002224,-0.001974,-0.001324,-0.000882,-0.000398,-0.000070,0.000290,0.000583,0.000982,0.001442,0.002002,0.002526,0.002818,0.002329,0.000684,-0.000268,-0.000208,-0.000316,-0.000109,0.000292,0.000894,0.001361,0.001687,0.001595,0.000985,-0.000041,-0.000671,-0.000734,-0.000390,0.000068,0.000306,0.000265,0.000366,0.000491,0.000271,-0.000229,-0.000500,-0.000452,-0.000315,-0.000075,0.000509,0.001258,0.001607,0.001305,0.001157,0.001607,0.002048,0.002130,0.001569,0.000572,0.000104,0.000369,0.000766,0.000622,-0.000227,-0.000498,-0.000194,0.000291,0.000725,0.001092,0.000933,0.000614,0.000472,0.000536,-0.000576,-0.001641,-0.001488,-0.001179,-0.000541,0.000149,0.001016,0.001641,0.001854,0.001466,0.000721,-0.000189,-0.000859,-0.001121,-0.000931,-0.000511,-0.000149,-0.000153,-0.000415,-0.000465,-0.000297,-0.000159,-0.000147,-0.000017,0.000274],
	[-0.000662,-0.000331,-0.000024,0.000220,0.000304,0.000000,-0.000573,-0.000928,-0.000956,-0.000901,-0.000858,-0.000784,-0.000563,-0.000230,0.000127,0.000450,0.000773,0.001100,0.001461,0.001880,0.002410,0.002929,0.003185,0.002779,0.001990,0.001715,0.002045,0.002468,0.002688,0.002478,0.001962,0.001140,0.000332,-0.000161,-0.000318,0.000021,0.000625,0.001209,0.001463,0.001137,0.000266,-0.000160,-0.000022,-0.000005,-0.000495,-0.001201,-0.001275,-0.000559,0.000573,0.001444,0.001950,0.002174,0.002162,0.001246,0.000374,0.000383,0.000501,0.000786,0.000903,0.001015,0.001404,0.002004,0.002263,0.002146,0.001776,0.001409,0.000990,0.000654,0.000361,0.000079,-0.000229,-0.000597,-0.000875,-0.000800,-0.000465,-0.000592,-0.001232,-0.001089,-0.000293,0.000531,0.000634,0.000016,-0.000188,0.000325,0.000612,0.000471,-0.000138,-0.000641,-0.000849,-0.000531,0.000032,0.000733,0.001056,0.000989,0.000431,-0.000118,-0.000580,-0.000461,-0.000190,0.000246,-0.000445,-0.001035,-0.000698,-0.000432,-0.001196,-0.001967,-0.001539,-0.000953,-0.000218,0.000075,-0.000036,-0.000663,-0.001440,-0.002119,-0.002401,-0.002334,-0.002036,-0.001692,-0.001237,-0.000634,-0.000113,0.000308,0.000518,0.000513,-0.000711,-0.001989,-0.001950,-0.001757,-0.001311,-0.001068,-0.000777,-0.000654,-0.000442,-0.000339,-0.000149,-0.000046,0.000184,0.000362,0.000684,0.000939,0.001239,0.001167,0.001049,0.000918,0.001027,0.000063,-0.000843,-0.000668,-0.000596,-0.000654,-0.000855,-0.000654,-0.000102,0.000529,0.000766,0.000599,0.000161,-0.000331,-0.000875,-0.001431,-0.002048,-0.002677,-0.003318,-0.003768,-0.003770,-0.003104,-0.001969,-0.000732,0.000166,0.000485,-0.000065,-0.001088,-0.001642,-0.001668,-0.001623,-0.001569,-0.001427,-0.000971,-0.000220,0.000597,0.000956,0.000608,-0.000308,-0.001123,-0.001420,-0.000995,-0.000068,0.001137,0.001972,0.001895,0.000296,-0.000819,-0.000612,-0.000322,0.000039,0.000120,-0.000227,-0.001020,-0.001306,-0.000896,-0.000130,0.000416,0.000673,0.000814,0.000871,0.000396,-0.000472,-0.000874,-0.000431,0.000318,0.000819,0.000681,0.000131,-0.000410,-0.000583,-0.000540,-0.000628,-0.001237,-0.001742,-0.001271,0.000092,0.001631,0.002635,0.002735,0.002045,0.000941,-0.000086,-0.000689,-0.000819,-0.000726,-0.000513,-0.000132,0.000325,0.000665,0.000899,0.001079,0.001159,0.000916,0.000459,0.000276,0.000461,0.000664,0.000554,0.000207,0.000106,0.000261,0.000424,0.000518,0.000721,0.000985,0.001058,0.000458,-0.000667,-0.001294,-0.001291,-0.001025]
],
	"idxs" : [132,0,165,52,164]
,"hydrophone_pos" : [
	[0.000000,0.000000,0.000000],
	[0.000000,0.000000,0.000000],
	[0.500000,0.000000,0.000000],
	[0.250000,0.250000,0.354000],
	[0.250000,-0.250000,0.354000]
],
	"direction_of_arrival" : [-0.253804,0.861405,0.439959]
,	"valid" : [0.000000,-0.000000,-0.000000,-0.000000,-0.000000]
}
