dump = {
	"magnitude" : [0.000000,0.000228,0.000403,0.000970,0.002275,0.004417,0.016379,0.019090,0.009626,0.052805,0.036813,0.096392,0.138098,0.378819,1.916172,38.722801,9.117727,1.669222,0.471764,0.469464,0.203561,0.143652,0.098545,0.068594,0.023904,0.001276,0.007183,0.009747,0.024685,0.035457,0.068775,0.008219]
,	"raw_mv" : [
	[-8.774499,-14.115500,-14.878500,-12.589500,-9.919000,-11.826499,-12.589500,-14.115500,-12.589500,-7.630000,-10.300499,-14.496999,-13.734000,-11.826499,-8.774499,-6.867000,-9.537500,-14.496999,-11.826499,-10.682000,-9.156000,-8.774499,-10.682000,-12.589500,-9.537500,-7.248499,-10.682000,-12.589500,-9.537500,-6.104000,-5.341000,-4.196499,-7.630000,-9.919000,-9.156000,-6.867000,-6.867000,-7.248499,-9.919000,-12.589500,-4.578000,-2.670500,-7.630000,-8.774499,-8.392999,-5.722499,-4.578000,-4.196499,-8.011500,-8.774499,-8.774499,-10.682000,-9.919000,-8.774499,-12.208000,-12.589500,-7.248499,-6.867000,-10.300499,-13.352499,-12.208000,-12.208000,-8.774499,-12.208000,-14.115500,-9.156000,-5.341000,-7.630000,-8.011500,-10.300499,-12.208000,-9.919000,-8.774499,-11.063500,-11.826499,-6.485500,-4.196499,-7.248499,-6.485500,-9.537500,-6.867000,-1.526000,0.000000,-1.907500,-1.144500,0.763000,-1.144500,1.144500,2.289000,0.000000,-1.526000,-2.289000,-3.815000,-0.381500,2.289000,1.907500,3.815000,4.196499,0.763000,-0.763000,3.815000,12.208000,-11.826499,-45.398502,43.491001,83.930000,-45.017002,-63.710502,11.444999,13.734000,18.312000,-8.011500,-20.600999,31.664501,25.560501,-65.236503,-48.832000,47.305999,-34.334999,-122.461502,41.965000,94.230499,81.640998,126.658004,-80.877998,-201.813507,-308.252014,-246.830505,1031.194458,122.461502,-521.129028,-1402.394042,-199.143005,2850.568115,818.699035,-2857.816650,-1026.234985,1781.986572,1403.920043,-2013.557006,-1422.613525,2004.019531,2049.417968,-1891.858520,-2433.969970,1313.123046,2731.921630,-900.340026,-2892.532959,683.266540,2707.505615,-349.072509,-3000.879150,259.420013,2966.162597,257.512512,-3053.144531,-475.348999,2513.703613,1027.379516,-2609.841552,-1249.412475,2310.745605,1886.135986,-2342.791503,-2086.041992,1886.135986,2327.150146,-1642.739013,-2506.455078,1310.833984,2747.181640,-972.825012,-3096.254150,548.215515,3007.364501,33.190502,-3067.641601,-298.333007,2849.423584,865.623535,-3080.230957,-1165.482543,2815.088623,1712.935058,-2771.597656,-1950.228027,2290.907470,2453.426513,-2066.204101,-2729.250976,1623.282470,2993.249023,-1276.117553,-3071.456542,865.623535,3041.699462,-339.535003,-3291.582031,58.369499,3227.489990,425.372497,-3253.050537,-727.520507,2903.215087,1334.487060,-2935.260986,-1453.133544,2543.842041,1860.957031,-2520.188964,-2018.516479,2089.093994,2573.980468,-1923.523071,-2765.875000,1447.411010,2856.672119,-1057.136474,-2955.480468,708.827026,3006.601562,-394.852508,-3062.682128,24.034500,2929.538574,587.891479,-3045.133056,-810.687500,2707.124023,1239.112060,-2732.302978,-1346.695068,2361.485107,1888.806518,-2402.305419,-1998.678588,2006.308471,2422.906494,-1905.592529,-2498.824951,1492.427978,2783.805419,-1259.713012,-2866.209472,854.559997,2913.896972,-410.494018,-2944.798584,62.184501,2904.359619,360.899017,-2961.203125,-582.932006,2753.285644,1108.639038],
	[0.000000,0.000000,0.000000,0.000000,0.000000,0.000000,0.000000,0.000000,0.000000,0.000000,0.000000,0.000000,0.000000,0.000000,0.000000,0.000000,0.000000,0.000000,0.000000,0.000000,0.000000,0.000000,0.000000,0.000000,0.000000,0.000000,0.000000,0.000000,0.000000,0.000000,0.000000,0.000000,0.000000,0.000000,0.000000,0.000000,0.000000,0.000000,0.000000,0.000000,0.000000,0.000000,0.000000,0.000000,0.000000,0.000000,0.000000,0.000000,0.000000,0.000000,0.000000,0.000000,0.000000,0.000000,0.000000,0.000000,0.000000,0.000000,0.000000,0.000000,0.000000,0.000000,0.000000,0.000000,0.000000,0.000000,0.000000,0.000000,0.000000,0.000000,0.000000,0.000000,0.000000,0.000000,0.000000,0.000000,0.000000,0.000000,0.000000,0.000000,0.000000,0.000000,0.000000,0.000000,0.000000,0.000000,0.000000,0.000000,0.000000,0.000000,0.000000,0.000000,0.000000,0.000000,0.000000,0.000000,0.000000,0.000000,0.000000,0.000000,0.000000,0.000000,0.000000,0.000000,0.000000,0.000000,0.000000,0.000000,0.000000,0.000000,0.000000,0.000000,0.000000,0.000000,0.000000,0.000000,0.000000,0.000000,0.000000,0.000000,0.000000,0.000000,0.000000,0.000000,0.000000,0.000000,0.000000,0.000000,0.000000,0.000000,0.000000,0.000000,0.000000,0.000000,0.000000,0.000000,0.000000,0.000000,0.000000,0.000000,0.000000,0.000000,0.000000,0.000000,0.000000,0.000000,0.000000,0.000000,0.000000,0.000000,0.000000,0.000000,0.000000,0.000000,0.000000,0.000000,0.000000,0.000000,0.000000,0.000000,0.000000,0.000000,0.000000,0.000000,0.000000,0.000000,0.000000,0.000000,0.000000,0.000000,0.000000,0.000000,0.000000,0.000000,0.000000,0.000000,0.000000,0.000000,0.000000,0.000000,0.000000,0.000000,0.000000,0.000000,0.000000,0.000000,0.000000,0.000000,0.000000,0.000000,0.000000,0.000000,0.000000,0.000000,0.000000,0.000000,0.000000,0.000000,0.000000,0.000000,0.000000,0.000000,0.000000,0.000000,0.000000,0.000000,0.000000,0.000000,0.000000,0.000000,0.000000,0.000000,0.000000,0.000000,0.000000,0.000000,0.000000,0.000000,0.000000,0.000000,0.000000,0.000000,0.000000,0.000000,0.000000,0.000000,0.000000,0.000000,0.000000,0.000000,0.000000,0.000000,0.000000,0.000000,0.000000,0.000000,0.000000,0.000000,0.000000,0.000000,0.000000,0.000000,0.000000,0.000000,0.000000,0.000000,0.000000,0.000000,0.000000,0.000000,0.000000,0.000000,0.000000,0.000000,0.000000,0.000000],
	[-6.638100,-6.561800,-6.638100,-6.867000,-6.638100,-6.714400,-6.714400,-6.485500,-6.561800,-6.638100,-6.485500,-6.638100,-6.714400,-6.714400,-6.714400,-6.790700,-6.561800,-6.638100,-6.714400,-6.714400,-6.409200,-6.638100,-6.714400,-6.638100,-6.714400,-6.561800,-6.561800,-6.638100,-6.714400,-6.561800,-6.561800,-6.790700,-6.485500,-6.485500,-6.867000,-6.714400,-6.714400,-6.714400,-6.561800,-6.638100,-6.561800,-6.485500,-6.638100,-6.714400,-6.714400,-6.638100,-6.714400,-6.561800,-6.561800,-6.790700,-6.790700,-6.485500,-6.714400,-6.638100,-6.561800,-6.561800,-6.714400,-6.561800,-6.561800,-6.638100,-6.638100,-6.638100,-6.790700,-6.485500,-6.561800,-6.638100,-6.714400,-6.638100,-6.714400,-6.561800,-6.561800,-6.714400,-6.638100,-6.714400,-6.638100,-6.638100,-6.561800,-6.714400,-6.638100,-6.485500,-6.638100,-6.714400,-6.714400,-6.561800,-6.638100,-6.485500,-6.638100,-6.790700,-6.638100,-6.638100,-6.638100,-6.714400,-6.561800,-6.714400,-6.561800,-6.638100,-6.561800,-6.790700,-6.714400,-6.561800,-6.561800,-6.561800,-6.485500,-6.409200,-6.409200,-6.332900,-6.409200,-6.256600,-6.180300,-6.256600,-6.104000,-6.104000,-6.256600,-6.180300,-6.332900,-6.104000,-6.027700,-6.104000,-6.256600,-6.104000,-6.104000,-6.332900,-6.409200,-6.485500,-6.561800,-6.485500,-6.409200,-6.485500,-6.561800,-6.561800,-6.561800,-6.485500,-6.409200,-6.561800,-6.638100,-6.485500,-6.561800,-6.638100,-6.714400,-6.638100,-6.485500,-6.638100,-6.638100,-6.714400,-6.561800,-6.867000,-6.561800,-6.714400,-6.561800,-6.638100,-6.638100,-6.714400,-6.561800,-6.638100,-6.714400,-6.714400,-6.714400,-6.638100,-6.638100,-6.714400,-6.561800,-6.561800,-6.714400,-6.638100,-6.561800,-6.561800,-6.714400,-6.638100,-6.638100,-6.638100,-6.638100,-6.714400,-6.561800,-6.638100,-6.638100,-6.790700,-6.714400,-6.638100,-6.561800,-6.561800,-6.561800,-6.714400,-6.638100,-6.638100,-6.714400,-6.561800,-6.485500,-6.714400,-6.561800,-6.561800,-6.714400,-6.638100,-6.485500,-6.561800,-6.714400,-6.638100,-6.714400,-6.561800,-6.638100,-6.714400,-6.714400,-6.714400,-6.714400,-6.714400,-6.790700,-6.790700,-6.561800,-6.714400,-6.561800,-6.714400,-6.714400,-6.638100,-6.485500,-6.638100,-6.638100,-6.790700,-6.714400,-6.714400,-6.714400,-6.638100,-6.714400,-6.561800,-6.561800,-6.714400,-6.790700,-6.790700,-6.714400,-6.485500,-6.638100,-6.638100,-6.638100,-6.638100,-6.638100,-6.561800,-6.714400,-6.638100,-6.561800,-6.714400,-6.638100,-6.638100,-6.485500,-6.561800,-6.256600,-6.485500,-6.256600,-6.256600,-6.180300,-6.256600,-6.180300,-6.256600,-6.332900,-6.180300,-6.180300,-6.104000,-6.180300,-6.180300],
	[-7.248499,-7.248499,-7.248499,-7.248499,-7.248499,-7.248499,-7.248499,-6.867000,-7.248499,-7.248499,-7.248499,-7.248499,-7.248499,-7.248499,-6.867000,-7.248499,-6.485500,-6.867000,-7.248499,-7.248499,-7.248499,-7.248499,-6.867000,-7.248499,-7.248499,-7.248499,-7.248499,-7.630000,-7.630000,-7.248499,-7.630000,-7.248499,-6.867000,-7.248499,-7.630000,-7.630000,-7.630000,-7.630000,-7.630000,-7.630000,-7.248499,-7.248499,-7.630000,-7.630000,-7.630000,-7.248499,-7.248499,-7.248499,-7.630000,-7.248499,-7.248499,-7.248499,-7.630000,-7.630000,-7.630000,-7.630000,-7.248499,-7.248499,-7.630000,-7.248499,-7.248499,-6.867000,-7.248499,-7.248499,-7.248499,-7.248499,-7.248499,-6.867000,-7.248499,-6.867000,-6.867000,-7.248499,-6.867000,-6.867000,-7.248499,-7.248499,-6.867000,-7.248499,-6.867000,-6.867000,-6.867000,-6.867000,-6.867000,-7.248499,-7.248499,-6.867000,-7.248499,-6.867000,-6.867000,-7.248499,-7.248499,-6.867000,-7.248499,-7.630000,-7.248499,-7.248499,-7.248499,-7.248499,-6.867000,-7.630000,-7.248499,-7.248499,-7.248499,-7.248499,-6.867000,-6.485500,-6.867000,-7.630000,-7.248499,-6.867000,-6.104000,-6.867000,-7.248499,-6.867000,-6.485500,-6.867000,-6.867000,-7.248499,-7.248499,-6.867000,-6.485500,-6.104000,-7.248499,-7.630000,-7.248499,-6.104000,-6.485500,-7.630000,-8.011500,-7.630000,-6.867000,-6.867000,-6.485500,-6.104000,-6.485500,-9.156000,-10.300499,-6.485500,-3.433500,-6.485500,-10.300499,-8.392999,-5.341000,-5.341000,-9.537500,-10.300499,-5.341000,-3.815000,-9.537500,-11.826499,-1.907500,-3.815000,-7.248499,-13.352499,-14.496999,-7.630000,5.341000,-3.433500,-17.167499,-15.260000,3.433500,1.144500,-16.023000,-14.878500,-6.485500,4.196499,-6.104000,-13.734000,-18.312000,8.392999,-3.815000,-16.404500,-16.785999,9.537500,-2.289000,-13.352499,-23.652999,0.381500,10.682000,-6.867000,-26.704999,-11.444999,9.156000,1.144500,-21.364000,-19.456501,9.537500,4.959500,-17.930500,-27.849500,4.959500,6.867000,-6.104000,-30.138500,-0.381500,5.341000,-5.341000,-25.560501,-5.722499,2.670500,2.289000,-21.745500,-14.115500,-1.526000,6.867000,-16.404500,-17.930500,-4.196499,3.433500,-7.248499,-19.456501,-5.341000,4.196499,-11.826499,-17.548999,-3.433500,0.000000,-5.341000,-19.456501,-4.578000,-1.526000,-2.670500,-16.023000,-13.352499,-0.763000,0.000000,-12.208000,-12.971000,-5.341000,1.144500,-12.208000,-14.115500,-4.196499,3.815000,-11.063500,-17.167499,-3.815000,2.289000,-8.011500,-16.023000,-6.867000,1.144500,-4.959500,-15.260000,-7.248499,-1.907500,-2.289000,-12.971000,-8.774499,-5.341000,-2.289000,-11.826499,-10.300499,-3.052000,1.907500,-12.589500],
	[-6.867000,-6.867000,-7.630000,-7.248499,-7.248499,-7.248499,-7.248499,-7.248499,-7.248499,-7.248499,-7.248499,-7.630000,-7.630000,-7.248499,-7.248499,-7.630000,-7.248499,-7.248499,-7.248499,-7.248499,-7.248499,-7.248499,-7.248499,-7.248499,-7.248499,-6.867000,-7.248499,-7.248499,-7.248499,-7.248499,-7.248499,-7.248499,-7.248499,-7.248499,-7.248499,-7.248499,-7.248499,-6.867000,-7.248499,-7.248499,-7.248499,-7.248499,-7.248499,-7.248499,-7.248499,-7.630000,-7.248499,-7.248499,-7.630000,-7.248499,-7.248499,-7.248499,-7.248499,-7.248499,-7.248499,-7.248499,-7.248499,-7.248499,-7.248499,-7.630000,-7.248499,-7.248499,-6.867000,-7.248499,-7.248499,-7.248499,-7.248499,-7.248499,-7.630000,-7.248499,-6.867000,-7.248499,-7.248499,-7.630000,-7.630000,-7.248499,-6.867000,-7.248499,-7.248499,-7.248499,-7.630000,-7.248499,-7.248499,-7.630000,-7.248499,-7.248499,-7.248499,-7.248499,-7.630000,-7.248499,-7.630000,-6.867000,-7.248499,-7.630000,-7.248499,-7.248499,-7.248499,-7.248499,-7.248499,-7.248499,-7.248499,-7.248499,-7.248499,-7.248499,-7.248499,-6.867000,-7.248499,-6.867000,-7.248499,-7.248499,-6.867000,-6.867000,-6.867000,-6.867000,-6.867000,-6.867000,-6.867000,-6.867000,-6.867000,-6.867000,-6.867000,-6.867000,-6.867000,-7.248499,-7.248499,-7.248499,-6.867000,-6.867000,-7.248499,-7.248499,-6.867000,-6.867000,-6.867000,-7.248499,-7.248499,-7.248499,-6.867000,-7.248499,-7.248499,-7.248499,-6.867000,-7.630000,-7.248499,-6.867000,-7.248499,-7.248499,-7.248499,-6.867000,-7.630000,-7.248499,-7.630000,-6.867000,-7.248499,-7.248499,-7.248499,-7.248499,-7.248499,-7.630000,-7.630000,-7.248499,-7.248499,-7.248499,-7.248499,-7.630000,-7.248499,-7.248499,-7.248499,-7.248499,-6.867000,-7.248499,-7.248499,-7.630000,-6.867000,-6.867000,-7.248499,-7.248499,-6.867000,-7.248499,-7.248499,-7.248499,-7.248499,-7.248499,-7.248499,-7.248499,-7.630000,-7.248499,-7.630000,-7.248499,-7.248499,-7.248499,-7.248499,-7.248499,-7.248499,-7.248499,-7.248499,-7.248499,-7.248499,-7.248499,-7.248499,-7.248499,-7.630000,-7.248499,-7.248499,-7.248499,-7.630000,-7.248499,-7.248499,-7.248499,-7.248499,-7.630000,-7.248499,-6.867000,-7.248499,-7.248499,-7.248499,-7.248499,-7.248499,-7.248499,-7.248499,-6.867000,-7.248499,-7.248499,-7.630000,-7.630000,-7.248499,-7.248499,-6.867000,-7.248499,-7.248499,-7.248499,-7.630000,-7.248499,-7.248499,-7.248499,-7.248499,-7.248499,-7.248499,-7.248499,-7.248499,-7.248499,-7.248499,-7.248499,-6.867000,-6.867000,-6.867000,-7.248499,-7.248499,-6.867000,-6.867000,-6.867000,-6.867000,-6.867000,-6.485500,-6.867000,-6.867000,-7.248499]
],
"normalized" : [
	[-0.006437,-0.010020,-0.010532,-0.008996,-0.007205,-0.008485,-0.008996,-0.010020,-0.008996,-0.005669,-0.007461,-0.010276,-0.009764,-0.008485,-0.006437,-0.005157,-0.006949,-0.010276,-0.008485,-0.007717,-0.006693,-0.006437,-0.007717,-0.008996,-0.006949,-0.005413,-0.007717,-0.008996,-0.006949,-0.004645,-0.004133,-0.003365,-0.005669,-0.007205,-0.006693,-0.005157,-0.005157,-0.005413,-0.007205,-0.008996,-0.003621,-0.002341,-0.005669,-0.006437,-0.006181,-0.004389,-0.003621,-0.003365,-0.005925,-0.006437,-0.006437,-0.007717,-0.007205,-0.006437,-0.008740,-0.008996,-0.005413,-0.005157,-0.007461,-0.009508,-0.008740,-0.008740,-0.006437,-0.008740,-0.010020,-0.006693,-0.004133,-0.005669,-0.005925,-0.007461,-0.008740,-0.007205,-0.006437,-0.007973,-0.008485,-0.004901,-0.003365,-0.005413,-0.004901,-0.006949,-0.005157,-0.001573,-0.000549,-0.001829,-0.001317,-0.000037,-0.001317,0.000217,0.000985,-0.000549,-0.001573,-0.002085,-0.003109,-0.000805,0.000985,0.000729,0.002009,0.002265,-0.000037,-0.001061,0.002009,0.007641,-0.008485,-0.031010,0.028630,0.055763,-0.030754,-0.043297,0.007129,0.008665,0.011736,-0.005925,-0.014372,0.020695,0.016600,-0.044320,-0.033314,0.031190,-0.023587,-0.082716,0.027606,0.062674,0.054227,0.084432,-0.054815,-0.135958,-0.207374,-0.166162,0.691338,0.081616,-0.350205,-0.941497,-0.134166,1.912062,0.548763,-1.918025,-0.689110,1.195088,0.941421,-1.351562,-0.955064,1.344063,1.374524,-1.269908,-1.633642,0.880500,1.832455,-0.604640,-1.941319,0.457893,1.816073,-0.234763,-2.014014,0.173510,1.989621,0.172230,-2.049082,-0.319489,1.686040,0.688778,-1.751644,-0.838853,1.549864,1.264968,-1.572465,-1.400197,1.264968,1.560870,-1.102759,-1.682276,0.878965,1.842694,-0.653274,-2.078007,0.367279,2.017266,0.021719,-2.058809,-0.200718,1.911294,0.580247,-2.067256,-0.782540,1.888257,1.148758,-1.860176,-1.309071,1.536553,1.645597,-1.386886,-1.831763,1.088604,2.007795,-0.856771,-2.061369,0.580247,2.040303,-0.228363,-2.209064,0.038613,2.164961,0.284857,-2.183211,-0.488685,1.947386,0.894835,-1.969987,-0.975541,1.706262,1.248074,-1.691491,-1.354890,1.401145,1.726483,-1.291153,-1.856336,0.970602,1.916157,-0.709844,-1.983554,0.475043,2.016754,-0.265479,-2.055481,0.015576,1.965048,0.393900,-2.043707,-0.544487,1.815817,0.830842,-1.833811,-0.904126,1.583908,1.266760,-1.612396,-1.341579,1.345599,1.625119,-1.279123,-1.677157,1.000807,1.867267,-0.845764,-1.923656,0.572824,1.954553,-0.275974,-1.976387,0.041173,1.948154,0.241598,-1.987393,-0.391673,1.846789,0.743300],
	[0.000000,0.000000,0.000000,0.000000,0.000000,0.000000,0.000000,0.000000,0.000000,0.000000,0.000000,0.000000,0.000000,0.000000,0.000000,0.000000,0.000000,0.000000,0.000000,0.000000,0.000000,0.000000,0.000000,0.000000,0.000000,0.000000,0.000000,0.000000,0.000000,0.000000,0.000000,0.000000,0.000000,0.000000,0.000000,0.000000,0.000000,0.000000,0.000000,0.000000,0.000000,0.000000,0.000000,0.000000,0.000000,0.000000,0.000000,0.000000,0.000000,0.000000,0.000000,0.000000,0.000000,0.000000,0.000000,0.000000,0.000000,0.000000,0.000000,0.000000,0.000000,0.000000,0.000000,0.000000,0.000000,0.000000,0.000000,0.000000,0.000000,0.000000,0.000000,0.000000,0.000000,0.000000,0.000000,0.000000,0.000000,0.000000,0.000000,0.000000,0.000000,0.000000,0.000000,0.000000,0.000000,0.000000,0.000000,0.000000,0.000000,0.000000,0.000000,0.000000,0.000000,0.000000,0.000000,0.000000,0.000000,0.000000,0.000000,0.000000,0.000000,0.000000,0.000000,0.000000,0.000000,0.000000,0.000000,0.000000,0.000000,0.000000,0.000000,0.000000,0.000000,0.000000,0.000000,0.000000,0.000000,0.000000,0.000000,0.000000,0.000000,0.000000,0.000000,0.000000,0.000000,0.000000,0.000000,0.000000,0.000000,0.000000,0.000000,0.000000,0.000000,0.000000,0.000000,0.000000,0.000000,0.000000,0.000000,0.000000,0.000000,0.000000,0.000000,0.000000,0.000000,0.000000,0.000000,0.000000,0.000000,0.000000,0.000000,0.000000,0.000000,0.000000,0.000000,0.000000,0.000000,0.000000,0.000000,0.000000,0.000000,0.000000,0.000000,0.000000,0.000000,0.000000,0.000000,0.000000,0.000000,0.000000,0.000000,0.000000,0.000000,0.000000,0.000000,0.000000,0.000000,0.000000,0.000000,0.000000,0.000000,0.000000,0.000000,0.000000,0.000000,0.000000,0.000000,0.000000,0.000000,0.000000,0.000000,0.000000,0.000000,0.000000,0.000000,0.000000,0.000000,0.000000,0.000000,0.000000,0.000000,0.000000,0.000000,0.000000,0.000000,0.000000,0.000000,0.000000,0.000000,0.000000,0.000000,0.000000,0.000000,0.000000,0.000000,0.000000,0.000000,0.000000,0.000000,0.000000,0.000000,0.000000,0.000000,0.000000,0.000000,0.000000,0.000000,0.000000,0.000000,0.000000,0.000000,0.000000,0.000000,0.000000,0.000000,0.000000,0.000000,0.000000,0.000000,0.000000,0.000000,0.000000,0.000000,0.000000,0.000000,0.000000,0.000000,0.000000,0.000000,0.000000,0.000000,0.000000,0.000000,0.000000,0.000000,0.000000],
	[-0.344168,0.119458,-0.344168,-1.735043,-0.344168,-0.807794,-0.807794,0.583081,0.119458,-0.344168,0.583081,-0.344168,-0.807794,-0.807794,-0.807794,-1.271420,0.119458,-0.344168,-0.807794,-0.807794,1.046707,-0.344168,-0.807794,-0.344168,-0.807794,0.119458,0.119458,-0.344168,-0.807794,0.119458,0.119458,-1.271420,0.583081,0.583081,-1.735043,-0.807794,-0.807794,-0.807794,0.119458,-0.344168,0.119458,0.583081,-0.344168,-0.807794,-0.807794,-0.344168,-0.807794,0.119458,0.119458,-1.271420,-1.271420,0.583081,-0.807794,-0.344168,0.119458,0.119458,-0.807794,0.119458,0.119458,-0.344168,-0.344168,-0.344168,-1.271420,0.583081,0.119458,-0.344168,-0.807794,-0.344168,-0.807794,0.119458,0.119458,-0.807794,-0.344168,-0.807794,-0.344168,-0.344168,0.119458,-0.807794,-0.344168,0.583081,-0.344168,-0.807794,-0.807794,0.119458,-0.344168,0.583081,-0.344168,-1.271420,-0.344168,-0.344168,-0.344168,-0.807794,0.119458,-0.807794,0.119458,-0.344168,0.119458,-1.271420,-0.807794,0.119458,0.119458,0.119458,0.583081,1.046707,1.046707,1.510333,1.046707,1.973956,2.437582,1.973956,2.901208,2.901208,1.973956,2.437582,1.510333,2.901208,3.364831,2.901208,1.973956,2.901208,2.901208,1.510333,1.046707,0.583081,0.119458,0.583081,1.046707,0.583081,0.119458,0.119458,0.119458,0.583081,1.046707,0.119458,-0.344168,0.583081,0.119458,-0.344168,-0.807794,-0.344168,0.583081,-0.344168,-0.344168,-0.807794,0.119458,-1.735043,0.119458,-0.807794,0.119458,-0.344168,-0.344168,-0.807794,0.119458,-0.344168,-0.807794,-0.807794,-0.807794,-0.344168,-0.344168,-0.807794,0.119458,0.119458,-0.807794,-0.344168,0.119458,0.119458,-0.807794,-0.344168,-0.344168,-0.344168,-0.344168,-0.807794,0.119458,-0.344168,-0.344168,-1.271420,-0.807794,-0.344168,0.119458,0.119458,0.119458,-0.807794,-0.344168,-0.344168,-0.807794,0.119458,0.583081,-0.807794,0.119458,0.119458,-0.807794,-0.344168,0.583081,0.119458,-0.807794,-0.344168,-0.807794,0.119458,-0.344168,-0.807794,-0.807794,-0.807794,-0.807794,-0.807794,-1.271420,-1.271420,0.119458,-0.807794,0.119458,-0.807794,-0.807794,-0.344168,0.583081,-0.344168,-0.344168,-1.271420,-0.807794,-0.807794,-0.807794,-0.344168,-0.807794,0.119458,0.119458,-0.807794,-1.271420,-1.271420,-0.807794,0.583081,-0.344168,-0.344168,-0.344168,-0.344168,-0.344168,0.119458,-0.807794,-0.344168,0.119458,-0.807794,-0.344168,-0.344168,0.583081,0.119458,1.973956,0.583081,1.973956,1.973956,2.437582,1.973956,2.437582,1.973956,1.510333,2.437582,2.437582,2.901208,2.437582,2.437582],
	[-0.013288,-0.013288,-0.013288,-0.013288,-0.013288,-0.013288,-0.013288,0.050893,-0.013288,-0.013288,-0.013288,-0.013288,-0.013288,-0.013288,0.050893,-0.013288,0.115075,0.050893,-0.013288,-0.013288,-0.013288,-0.013288,0.050893,-0.013288,-0.013288,-0.013288,-0.013288,-0.077470,-0.077470,-0.013288,-0.077470,-0.013288,0.050893,-0.013288,-0.077470,-0.077470,-0.077470,-0.077470,-0.077470,-0.077470,-0.013288,-0.013288,-0.077470,-0.077470,-0.077470,-0.013288,-0.013288,-0.013288,-0.077470,-0.013288,-0.013288,-0.013288,-0.077470,-0.077470,-0.077470,-0.077470,-0.013288,-0.013288,-0.077470,-0.013288,-0.013288,0.050893,-0.013288,-0.013288,-0.013288,-0.013288,-0.013288,0.050893,-0.013288,0.050893,0.050893,-0.013288,0.050893,0.050893,-0.013288,-0.013288,0.050893,-0.013288,0.050893,0.050893,0.050893,0.050893,0.050893,-0.013288,-0.013288,0.050893,-0.013288,0.050893,0.050893,-0.013288,-0.013288,0.050893,-0.013288,-0.077470,-0.013288,-0.013288,-0.013288,-0.013288,0.050893,-0.077470,-0.013288,-0.013288,-0.013288,-0.013288,0.050893,0.115075,0.050893,-0.077470,-0.013288,0.050893,0.179257,0.050893,-0.013288,0.050893,0.115075,0.050893,0.050893,-0.013288,-0.013288,0.050893,0.115075,0.179257,-0.013288,-0.077470,-0.013288,0.179257,0.115075,-0.077470,-0.141652,-0.077470,0.050893,0.050893,0.115075,0.179257,0.115075,-0.334198,-0.526744,0.115075,0.628531,0.115075,-0.526744,-0.205834,0.307621,0.307621,-0.398380,-0.526744,0.307621,0.564349,-0.398380,-0.783472,0.885259,0.564349,-0.013288,-1.040200,-1.232746,-0.077470,2.104717,0.628531,-1.682020,-1.361110,1.783807,1.398715,-1.489474,-1.296928,0.115075,1.912171,0.179257,-1.104382,-1.874566,2.618173,0.564349,-1.553656,-1.617838,2.810719,0.821077,-1.040200,-2.773114,1.270351,3.003265,0.050893,-3.286570,-0.719290,2.746537,1.398715,-2.388022,-2.067112,2.810719,2.040535,-1.810384,-3.479116,2.040535,2.361445,0.179257,-3.864208,1.141987,2.104717,0.307621,-3.094024,0.243439,1.655443,1.591261,-2.452204,-1.168564,0.949441,2.361445,-1.553656,-1.810384,0.500167,1.783807,-0.013288,-2.067112,0.307621,1.912171,-0.783472,-1.746202,0.628531,1.206169,0.307621,-2.067112,0.435985,0.949441,0.756895,-1.489474,-1.040200,1.077805,1.206169,-0.847654,-0.976018,0.307621,1.398715,-0.847654,-1.168564,0.500167,1.847989,-0.655108,-1.682020,0.564349,1.591261,-0.141652,-1.489474,0.050893,1.398715,0.371803,-1.361110,-0.013288,0.885259,0.821077,-0.976018,-0.270016,0.307621,0.821077,-0.783472,-0.526744,0.692713,1.527079,-0.911836],
	[1.614001,1.614001,-1.917450,-0.151723,-0.151723,-0.151723,-0.151723,-0.151723,-0.151723,-0.151723,-0.151723,-1.917450,-1.917450,-0.151723,-0.151723,-1.917450,-0.151723,-0.151723,-0.151723,-0.151723,-0.151723,-0.151723,-0.151723,-0.151723,-0.151723,1.614001,-0.151723,-0.151723,-0.151723,-0.151723,-0.151723,-0.151723,-0.151723,-0.151723,-0.151723,-0.151723,-0.151723,1.614001,-0.151723,-0.151723,-0.151723,-0.151723,-0.151723,-0.151723,-0.151723,-1.917450,-0.151723,-0.151723,-1.917450,-0.151723,-0.151723,-0.151723,-0.151723,-0.151723,-0.151723,-0.151723,-0.151723,-0.151723,-0.151723,-1.917450,-0.151723,-0.151723,1.614001,-0.151723,-0.151723,-0.151723,-0.151723,-0.151723,-1.917450,-0.151723,1.614001,-0.151723,-0.151723,-1.917450,-1.917450,-0.151723,1.614001,-0.151723,-0.151723,-0.151723,-1.917450,-0.151723,-0.151723,-1.917450,-0.151723,-0.151723,-0.151723,-0.151723,-1.917450,-0.151723,-1.917450,1.614001,-0.151723,-1.917450,-0.151723,-0.151723,-0.151723,-0.151723,-0.151723,-0.151723,-0.151723,-0.151723,-0.151723,-0.151723,-0.151723,1.614001,-0.151723,1.614001,-0.151723,-0.151723,1.614001,1.614001,1.614001,1.614001,1.614001,1.614001,1.614001,1.614001,1.614001,1.614001,1.614001,1.614001,1.614001,-0.151723,-0.151723,-0.151723,1.614001,1.614001,-0.151723,-0.151723,1.614001,1.614001,1.614001,-0.151723,-0.151723,-0.151723,1.614001,-0.151723,-0.151723,-0.151723,1.614001,-1.917450,-0.151723,1.614001,-0.151723,-0.151723,-0.151723,1.614001,-1.917450,-0.151723,-1.917450,1.614001,-0.151723,-0.151723,-0.151723,-0.151723,-0.151723,-1.917450,-1.917450,-0.151723,-0.151723,-0.151723,-0.151723,-1.917450,-0.151723,-0.151723,-0.151723,-0.151723,1.614001,-0.151723,-0.151723,-1.917450,1.614001,1.614001,-0.151723,-0.151723,1.614001,-0.151723,-0.151723,-0.151723,-0.151723,-0.151723,-0.151723,-0.151723,-1.917450,-0.151723,-1.917450,-0.151723,-0.151723,-0.151723,-0.151723,-0.151723,-0.151723,-0.151723,-0.151723,-0.151723,-0.151723,-0.151723,-0.151723,-0.151723,-1.917450,-0.151723,-0.151723,-0.151723,-1.917450,-0.151723,-0.151723,-0.151723,-0.151723,-1.917450,-0.151723,1.614001,-0.151723,-0.151723,-0.151723,-0.151723,-0.151723,-0.151723,-0.151723,1.614001,-0.151723,-0.151723,-1.917450,-1.917450,-0.151723,-0.151723,1.614001,-0.151723,-0.151723,-0.151723,-1.917450,-0.151723,-0.151723,-0.151723,-0.151723,-0.151723,-0.151723,-0.151723,-0.151723,-0.151723,-0.151723,-0.151723,1.614001,1.614001,1.614001,-0.151723,-0.151723,1.614001,1.614001,1.614001,1.614001,1.614001,3.379726,1.614001,1.614001,-0.151723]
],
"cwt" : [
	[0.338664,0.186024,0.085511,0.032639,0.010326,0.002545,0.000485,0.000775,0.000839,0.000888,0.001044,0.001038,0.000814,0.000593,0.000649,0.000869,0.001006,0.000932,0.000664,0.000383,0.000353,0.000553,0.000726,0.000778,0.000782,0.000869,0.000949,0.000890,0.000707,0.000487,0.000427,0.000574,0.000681,0.000665,0.000559,0.000450,0.000513,0.000795,0.001103,0.001285,0.001332,0.001270,0.001086,0.000829,0.000614,0.000495,0.000499,0.000539,0.000446,0.000200,0.000081,0.000238,0.000350,0.000590,0.000844,0.000966,0.000988,0.000967,0.000876,0.000734,0.000647,0.000641,0.000748,0.000951,0.001074,0.000994,0.000771,0.000524,0.000376,0.000469,0.000584,0.000590,0.000640,0.000809,0.000934,0.000885,0.000706,0.000547,0.000563,0.000745,0.000898,0.000869,0.000677,0.000444,0.000247,0.000117,0.000231,0.000376,0.000416,0.000358,0.000284,0.000360,0.000494,0.000467,0.000248,0.000086,0.000473,0.000952,0.001627,0.002810,0.004939,0.008260,0.012572,0.017199,0.021091,0.023074,0.022371,0.019188,0.014804,0.010986,0.009123,0.009388,0.011144,0.013784,0.016453,0.018422,0.020027,0.022434,0.025311,0.025894,0.021566,0.013039,0.010740,0.022006,0.042685,0.080382,0.133180,0.189449,0.240978,0.297672,0.385627,0.514440,0.659569,0.783056,0.857644,0.878954,0.864277,0.840223,0.827838,0.835086,0.858779,0.890691,0.922557,0.948486,0.966151,0.976591,0.981741,0.982295,0.978927,0.974549,0.973437,0.977787,0.985912,0.993636,0.996589,0.991707,0.978748,0.961551,0.946688,0.939511,0.941480,0.950904,0.964621,0.978426,0.987878,0.990786,0.988850,0.986070,0.985845,0.989892,0.998568,1.010527,1.022281,1.029803,1.031262,1.027894,1.022555,1.018412,1.018540,1.024964,1.037100,1.051780,1.065421,1.075990,1.083023,1.086952,1.089128,1.091591,1.095587,1.100349,1.103876,1.104563,1.101724,1.095433,1.087075,1.079739,1.076670,1.078691,1.083594,1.088070,1.089709,1.087577,1.082190,1.075366,1.069106,1.063978,1.059156,1.054274,1.050442,1.049188,1.051190,1.056335,1.063825,1.071345,1.075200,1.072789,1.064870,1.054695,1.045251,1.037811,1.032330,1.028046,1.023967,1.019796,1.016412,1.014632,1.013602,1.011373,1.007023,1.001461,0.996363,0.993167,0.992945,0.996162,1.002064,1.008879,1.015075,1.020155,1.024163,1.027005,1.028565,1.028995,1.028331,1.025936,1.020954,1.013537,1.005276,0.998045,0.992595,0.988243,0.982376,0.967495,0.927906,0.843590,0.704407,0.524155],
	[0.000000,0.000000,0.000000,0.000000,0.000000,0.000000,0.000000,0.000000,0.000000,0.000000,0.000000,0.000000,0.000000,0.000000,0.000000,0.000000,0.000000,0.000000,0.000000,0.000000,0.000000,0.000000,0.000000,0.000000,0.000000,0.000000,0.000000,0.000000,0.000000,0.000000,0.000000,0.000000,0.000000,0.000000,0.000000,0.000000,0.000000,0.000000,0.000000,0.000000,0.000000,0.000000,0.000000,0.000000,0.000000,0.000000,0.000000,0.000000,0.000000,0.000000,0.000000,0.000000,0.000000,0.000000,0.000000,0.000000,0.000000,0.000000,0.000000,0.000000,0.000000,0.000000,0.000000,0.000000,0.000000,0.000000,0.000000,0.000000,0.000000,0.000000,0.000000,0.000000,0.000000,0.000000,0.000000,0.000000,0.000000,0.000000,0.000000,0.000000,0.000000,0.000000,0.000000,0.000000,0.000000,0.000000,0.000000,0.000000,0.000000,0.000000,0.000000,0.000000,0.000000,0.000000,0.000000,0.000000,0.000000,0.000000,0.000000,0.000000,0.000000,0.000000,0.000000,0.000000,0.000000,0.000000,0.000000,0.000000,0.000000,0.000000,0.000000,0.000000,0.000000,0.000000,0.000000,0.000000,0.000000,0.000000,0.000000,0.000000,0.000000,0.000000,0.000000,0.000000,0.000000,0.000000,0.000000,0.000000,0.000000,0.000000,0.000000,0.000000,0.000000,0.000000,0.000000,0.000000,0.000000,0.000000,0.000000,0.000000,0.000000,0.000000,0.000000,0.000000,0.000000,0.000000,0.000000,0.000000,0.000000,0.000000,0.000000,0.000000,0.000000,0.000000,0.000000,0.000000,0.000000,0.000000,0.000000,0.000000,0.000000,0.000000,0.000000,0.000000,0.000000,0.000000,0.000000,0.000000,0.000000,0.000000,0.000000,0.000000,0.000000,0.000000,0.000000,0.000000,0.000000,0.000000,0.000000,0.000000,0.000000,0.000000,0.000000,0.000000,0.000000,0.000000,0.000000,0.000000,0.000000,0.000000,0.000000,0.000000,0.000000,0.000000,0.000000,0.000000,0.000000,0.000000,0.000000,0.000000,0.000000,0.000000,0.000000,0.000000,0.000000,0.000000,0.000000,0.000000,0.000000,0.000000,0.000000,0.000000,0.000000,0.000000,0.000000,0.000000,0.000000,0.000000,0.000000,0.000000,0.000000,0.000000,0.000000,0.000000,0.000000,0.000000,0.000000,0.000000,0.000000,0.000000,0.000000,0.000000,0.000000,0.000000,0.000000,0.000000,0.000000,0.000000,0.000000,0.000000,0.000000,0.000000,0.000000,0.000000,0.000000,0.000000,0.000000,0.000000,0.000000,0.000000,0.000000,0.000000,0.000000,0.000000,0.000000,0.000000],
	[0.281186,0.120154,0.105863,0.154023,0.089857,0.075468,0.168183,0.196357,0.159008,0.123628,0.154385,0.170404,0.117107,0.009154,0.115272,0.208746,0.266480,0.310134,0.354199,0.386324,0.382614,0.326489,0.224679,0.127002,0.131057,0.188251,0.226975,0.241874,0.239175,0.238402,0.273414,0.349916,0.429341,0.458406,0.400073,0.265453,0.118849,0.050591,0.044822,0.077331,0.159911,0.221953,0.233012,0.188559,0.096699,0.026486,0.157390,0.275630,0.364228,0.403144,0.376502,0.298186,0.221643,0.195640,0.199987,0.202500,0.197084,0.177498,0.132341,0.058623,0.074492,0.187591,0.277226,0.311829,0.286566,0.215789,0.122964,0.072466,0.130430,0.178601,0.179791,0.137734,0.074608,0.054747,0.100951,0.144913,0.186358,0.235033,0.280795,0.305416,0.300752,0.264320,0.195508,0.119929,0.141233,0.228842,0.286428,0.287979,0.240491,0.172716,0.116031,0.073291,0.029790,0.061423,0.123286,0.182708,0.242634,0.287551,0.285102,0.225255,0.148061,0.114740,0.109321,0.093602,0.084889,0.095383,0.127400,0.138839,0.089218,0.085285,0.164081,0.183002,0.159246,0.179651,0.257000,0.335878,0.365382,0.335147,0.300698,0.314300,0.313755,0.237619,0.118077,0.096317,0.161093,0.197502,0.203741,0.181868,0.142567,0.126304,0.163031,0.221604,0.266427,0.275679,0.258300,0.249165,0.258551,0.271603,0.280817,0.279295,0.261322,0.222020,0.160907,0.111518,0.132331,0.154610,0.127289,0.077909,0.078105,0.119756,0.152514,0.170413,0.180269,0.179271,0.160715,0.137451,0.124698,0.119770,0.133537,0.170621,0.210628,0.238564,0.250295,0.249183,0.240236,0.221201,0.186270,0.141564,0.107940,0.102055,0.119779,0.144314,0.165394,0.183803,0.201681,0.209546,0.191765,0.151861,0.125235,0.137688,0.149793,0.122495,0.060293,0.091555,0.179551,0.229164,0.224447,0.184631,0.166364,0.208546,0.267492,0.305658,0.310041,0.276718,0.216136,0.163975,0.154451,0.166214,0.164573,0.138604,0.101255,0.081432,0.099083,0.148652,0.197179,0.202469,0.153153,0.094882,0.122699,0.195538,0.251362,0.270176,0.250565,0.208725,0.169558,0.137454,0.095537,0.052725,0.040965,0.079546,0.153475,0.221991,0.257188,0.258549,0.256554,0.280791,0.302870,0.280650,0.214573,0.133126,0.065423,0.060149,0.093821,0.121319,0.143828,0.155153,0.157555,0.157912,0.135742,0.072810,0.042694,0.108670,0.121882,0.117878,0.145849,0.139520,0.073638,0.024565,0.107306,0.151764,0.161184,0.139025,0.082708,0.128324,0.267064,0.342471],
	[0.287175,0.168180,0.081682,0.032378,0.009421,0.006188,0.010500,0.012175,0.010850,0.007558,0.003935,0.002899,0.003693,0.001784,0.004713,0.012993,0.019918,0.021502,0.017014,0.010268,0.007963,0.010410,0.012084,0.011359,0.009445,0.010045,0.012815,0.013528,0.009956,0.006856,0.013666,0.021141,0.024818,0.023672,0.018450,0.011755,0.006770,0.006404,0.010028,0.014208,0.017136,0.018050,0.017167,0.015738,0.014980,0.014899,0.015271,0.015850,0.016120,0.015766,0.014881,0.013278,0.010191,0.006435,0.007888,0.012581,0.015438,0.016354,0.016447,0.015948,0.015135,0.013717,0.010769,0.006310,0.001778,0.004109,0.005889,0.004380,0.004557,0.008165,0.010341,0.012075,0.014604,0.016231,0.015323,0.011687,0.006619,0.004437,0.005665,0.003994,0.001201,0.007298,0.011922,0.013206,0.010503,0.004649,0.004597,0.011360,0.015835,0.017809,0.019172,0.021090,0.021941,0.019650,0.014062,0.007165,0.005991,0.011278,0.015005,0.015394,0.012640,0.010158,0.013526,0.020956,0.029186,0.036054,0.040170,0.041989,0.043228,0.044689,0.044996,0.042510,0.037504,0.031170,0.023856,0.016347,0.012676,0.015999,0.022340,0.030655,0.040968,0.050774,0.057707,0.062113,0.065358,0.067045,0.065361,0.059391,0.049579,0.036148,0.019282,0.016578,0.046918,0.088899,0.137525,0.186623,0.228619,0.257552,0.271088,0.270792,0.261951,0.252767,0.251195,0.260661,0.279142,0.302871,0.330045,0.360221,0.390028,0.409635,0.407372,0.386909,0.386561,0.455630,0.586795,0.733502,0.859158,0.948850,1.004425,1.031129,1.027846,0.991962,0.931849,0.870234,0.832587,0.835142,0.882151,0.960951,1.044033,1.108692,1.151396,1.181072,1.203412,1.218294,1.234202,1.273041,1.344752,1.428060,1.493425,1.529741,1.541210,1.536325,1.528744,1.534548,1.559015,1.593908,1.629669,1.660920,1.679275,1.673769,1.645352,1.608920,1.572881,1.529315,1.470512,1.401888,1.334320,1.273449,1.222274,1.186960,1.170069,1.163724,1.159138,1.154241,1.144661,1.119332,1.074610,1.024995,0.989875,0.973003,0.964272,0.954520,0.939065,0.913735,0.877565,0.839145,0.810794,0.792890,0.773909,0.748924,0.729624,0.730662,0.748112,0.761460,0.755190,0.730545,0.700994,0.681466,0.680156,0.697348,0.729114,0.770093,0.813493,0.850017,0.869832,0.868222,0.848572,0.819143,0.787467,0.757706,0.730638,0.703566,0.672167,0.635086,0.595559,0.557169,0.519866,0.483581,0.454627,0.443620,0.456666,0.489248,0.524719,0.537002,0.501144,0.410658],
	[0.572764,0.630404,0.590859,0.451040,0.281991,0.149937,0.076330,0.070985,0.135967,0.254319,0.393816,0.500823,0.535179,0.503100,0.447473,0.390652,0.314605,0.215529,0.121260,0.058459,0.035894,0.057299,0.121092,0.214252,0.301143,0.337187,0.301538,0.214291,0.119729,0.052654,0.020065,0.010897,0.019277,0.052875,0.120523,0.214133,0.300692,0.337090,0.300910,0.209412,0.103258,0.027223,0.102504,0.205875,0.295709,0.336879,0.334517,0.335000,0.337112,0.296052,0.210352,0.118692,0.052783,0.016275,0.016221,0.053262,0.120859,0.217432,0.315616,0.379453,0.401107,0.401729,0.384285,0.335368,0.274905,0.255950,0.316760,0.438489,0.555823,0.599737,0.539587,0.418059,0.380782,0.495114,0.611208,0.628201,0.521472,0.315002,0.091434,0.176447,0.290649,0.324802,0.337128,0.347781,0.321412,0.262497,0.222130,0.211576,0.215118,0.299839,0.453912,0.574729,0.607412,0.548068,0.418766,0.263978,0.135608,0.058929,0.021890,0.006522,0.018974,0.045825,0.098841,0.162879,0.186631,0.133568,0.088247,0.205342,0.325951,0.384535,0.352962,0.248194,0.128648,0.048777,0.022257,0.014002,0.009222,0.013659,0.020592,0.044569,0.115819,0.218438,0.311968,0.374196,0.424676,0.486776,0.548530,0.583128,0.579068,0.542994,0.488516,0.437046,0.411859,0.412598,0.422933,0.432551,0.435872,0.428702,0.423790,0.457144,0.534913,0.605631,0.622972,0.582966,0.514623,0.464008,0.462772,0.483969,0.482141,0.467551,0.464671,0.442969,0.374914,0.291282,0.257065,0.304879,0.399744,0.470423,0.460606,0.368380,0.257776,0.241458,0.305872,0.335729,0.291453,0.215995,0.228916,0.331567,0.434805,0.528452,0.629064,0.717497,0.745343,0.687273,0.572421,0.464059,0.390080,0.314304,0.212288,0.104348,0.025589,0.083522,0.155348,0.182968,0.129271,0.038219,0.129201,0.182355,0.160350,0.101497,0.048250,0.017544,0.004939,0.000668,0.005269,0.019384,0.053653,0.120772,0.218601,0.319874,0.390011,0.418693,0.423946,0.420397,0.397470,0.344400,0.295319,0.326907,0.441432,0.557973,0.604040,0.550413,0.421078,0.271754,0.156180,0.108273,0.137765,0.218483,0.300047,0.334334,0.322953,0.335672,0.382157,0.383072,0.334924,0.307716,0.280887,0.177816,0.032593,0.184536,0.286949,0.284338,0.207409,0.117007,0.053861,0.019969,0.004493,0.019635,0.051514,0.116262,0.211921,0.307550,0.376131,0.425883,0.471456,0.497278,0.478094,0.407317,0.313771,0.253656,0.266749,0.336634,0.402393,0.434958,0.457145,0.498129]
],
"envelope_edge" : [
	[0.010595,0.009930,0.009045,0.008176,0.007443,0.006862,0.006394,0.006012,0.005690,0.005404,0.005151,0.004921,0.004711,0.004514,0.004331,0.004161,0.004003,0.003855,0.003713,0.003576,0.003445,0.003320,0.003202,0.003089,0.002980,0.002874,0.002773,0.002676,0.002581,0.002487,0.002395,0.002306,0.002220,0.002137,0.002056,0.001974,0.001894,0.001816,0.001741,0.001669,0.001598,0.001529,0.001460,0.001391,0.001322,0.001253,0.001186,0.001120,0.001055,0.000990,0.000924,0.000859,0.000795,0.000731,0.000670,0.000610,0.000550,0.000490,0.000430,0.000370,0.000309,0.000248,0.000188,0.000128,0.000070,0.000012,-0.000045,-0.000105,-0.000167,-0.000228,-0.000289,-0.000349,-0.000410,-0.000471,-0.000531,-0.000591,-0.000652,-0.000715,-0.000779,-0.000843,-0.000906,-0.000968,-0.001032,-0.001098,-0.001166,-0.001235,-0.001306,-0.001375,-0.001446,-0.001518,-0.001592,-0.001668,-0.001744,-0.001822,-0.001903,-0.001989,-0.002078,-0.002168,-0.002263,-0.002362,-0.002465,-0.002566,-0.002660,-0.002743,-0.002812,-0.002873,-0.002935,-0.003012,-0.003113,-0.003240,-0.003386,-0.003537,-0.003690,-0.003840,-0.003988,-0.004139,-0.004303,-0.004479,-0.004654,-0.004828,-0.005029,-0.005310,-0.005710,-0.006154,-0.006629,-0.007124,-0.007539,-0.007858,-0.008157,-0.008560,-0.009024,-0.009294,-0.009137,-0.008549,-0.007717,-0.006908,-0.006326,-0.006033,-0.005951,-0.005952,-0.005926,-0.005819,-0.005623,-0.005363,-0.005079,-0.004800,-0.004540,-0.004302,-0.004100,-0.003951,-0.003842,-0.003743,-0.003616,-0.003447,-0.003243,-0.003034,-0.002862,-0.002764,-0.002748,-0.002787,-0.002835,-0.002857,-0.002831,-0.002750,-0.002625,-0.002494,-0.002391,-0.002330,-0.002301,-0.002285,-0.002260,-0.002203,-0.002101,-0.001965,-0.001824,-0.001710,-0.001636,-0.001606,-0.001608,-0.001617,-0.001603,-0.001544,-0.001442,-0.001315,-0.001178,-0.001044,-0.000925,-0.000820,-0.000715,-0.000596,-0.000457,-0.000308,-0.000159,-0.000027,0.000072,0.000133,0.000169,0.000211,0.000284,0.000390,0.000519,0.000653,0.000775,0.000873,0.000951,0.001022,0.001089,0.001147,0.001189,0.001221,0.001254,0.001303,0.001381,0.001501,0.001661,0.001833,0.001985,0.002101,0.002186,0.002256,0.002322,0.002391,0.002465,0.002537,0.002604,0.002673,0.002758,0.002856,0.002954,0.003038,0.003105,0.003159,0.003208,0.003266,0.003347,0.003458,0.003596,0.003754,0.003927,0.004117,0.004320,0.004537,0.004770,0.005023,0.005291,0.005565,0.005840,0.006129,0.006453,0.006843,0.007339,0.007990,0.008810,0.009709,0.010460,0.010801],
	[0.000000,0.000000,0.000000,0.000000,0.000000,0.000000,0.000000,0.000000,0.000000,0.000000,0.000000,0.000000,0.000000,0.000000,0.000000,0.000000,0.000000,0.000000,0.000000,0.000000,0.000000,0.000000,0.000000,0.000000,0.000000,0.000000,0.000000,0.000000,0.000000,0.000000,0.000000,0.000000,0.000000,0.000000,0.000000,0.000000,0.000000,0.000000,0.000000,0.000000,0.000000,0.000000,0.000000,0.000000,0.000000,0.000000,0.000000,0.000000,0.000000,0.000000,0.000000,0.000000,0.000000,0.000000,0.000000,0.000000,0.000000,0.000000,0.000000,0.000000,0.000000,0.000000,0.000000,0.000000,0.000000,0.000000,0.000000,0.000000,0.000000,0.000000,0.000000,0.000000,0.000000,0.000000,0.000000,0.000000,0.000000,0.000000,0.000000,0.000000,0.000000,0.000000,0.000000,0.000000,0.000000,0.000000,0.000000,0.000000,0.000000,0.000000,0.000000,0.000000,0.000000,0.000000,0.000000,0.000000,0.000000,0.000000,0.000000,0.000000,0.000000,0.000000,0.000000,0.000000,0.000000,0.000000,0.000000,0.000000,0.000000,0.000000,0.000000,0.000000,0.000000,0.000000,0.000000,0.000000,0.000000,0.000000,0.000000,0.000000,0.000000,0.000000,0.000000,0.000000,0.000000,0.000000,0.000000,0.000000,0.000000,0.000000,0.000000,0.000000,0.000000,0.000000,0.000000,0.000000,0.000000,0.000000,0.000000,0.000000,0.000000,0.000000,0.000000,0.000000,0.000000,0.000000,0.000000,0.000000,0.000000,0.000000,0.000000,0.000000,0.000000,0.000000,0.000000,0.000000,0.000000,0.000000,0.000000,0.000000,0.000000,0.000000,0.000000,0.000000,0.000000,0.000000,0.000000,0.000000,0.000000,0.000000,0.000000,0.000000,0.000000,0.000000,0.000000,0.000000,0.000000,0.000000,0.000000,0.000000,0.000000,0.000000,0.000000,0.000000,0.000000,0.000000,0.000000,0.000000,0.000000,0.000000,0.000000,0.000000,0.000000,0.000000,0.000000,0.000000,0.000000,0.000000,0.000000,0.000000,0.000000,0.000000,0.000000,0.000000,0.000000,0.000000,0.000000,0.000000,0.000000,0.000000,0.000000,0.000000,0.000000,0.000000,0.000000,0.000000,0.000000,0.000000,0.000000,0.000000,0.000000,0.000000,0.000000,0.000000,0.000000,0.000000,0.000000,0.000000,0.000000,0.000000,0.000000,0.000000,0.000000,0.000000,0.000000,0.000000,0.000000,0.000000,0.000000,0.000000,0.000000,0.000000,0.000000,0.000000,0.000000,0.000000,0.000000,0.000000,0.000000,0.000000,0.000000,0.000000,0.000000,0.000000,0.000000,0.000000],
	[0.000752,0.000703,-0.000150,-0.000068,0.000070,-0.000729,-0.000880,-0.000441,-0.000145,-0.000447,-0.000596,-0.000423,-0.000021,-0.000866,-0.001906,-0.001745,-0.001640,-0.001349,-0.001100,-0.000552,0.000072,0.000695,0.000897,0.000418,-0.000405,-0.000671,-0.000641,-0.000504,-0.000476,-0.000616,-0.000882,-0.000876,-0.000383,0.000566,0.001570,0.002113,0.001825,0.000998,0.000302,-0.000365,-0.000613,-0.000365,0.000132,0.000464,0.000484,-0.000638,-0.001591,-0.001380,-0.000972,-0.000120,0.000617,0.001099,0.000968,0.000688,0.000523,0.000555,0.000618,0.000740,0.000802,0.000405,-0.000563,-0.000908,-0.000546,0.000109,0.000757,0.001139,0.001065,0.000364,-0.000153,0.000039,0.000332,0.000565,0.000350,-0.000252,-0.000713,-0.000810,-0.000904,-0.000835,-0.000611,-0.000185,0.000257,0.000663,0.000828,0.000434,-0.000335,-0.000451,-0.000048,0.000567,0.000982,0.001128,0.000932,0.000726,0.000170,-0.000498,-0.000765,-0.000810,-0.000647,-0.000197,0.000434,0.000897,0.000862,0.000534,0.000360,0.000225,-0.000023,-0.000283,-0.000395,-0.000179,-0.000201,-0.000835,-0.001020,-0.000689,-0.000782,-0.001179,-0.001363,-0.001014,-0.000379,0.000144,0.000206,0.000299,0.000795,0.001307,0.001046,0.000156,-0.000193,-0.000054,0.000139,0.000298,0.000200,-0.000209,-0.000602,-0.000658,-0.000423,-0.000074,0.000106,0.000095,0.000098,0.000200,0.000389,0.000644,0.000931,0.001161,0.001206,0.000819,0.000444,0.000553,0.000718,0.000505,-0.000000,-0.000228,-0.000207,-0.000110,0.000000,0.000158,0.000258,0.000206,0.000053,-0.000145,-0.000409,-0.000553,-0.000500,-0.000300,-0.000057,0.000179,0.000389,0.000599,0.000740,0.000708,0.000455,0.000127,-0.000120,-0.000214,-0.000225,-0.000180,-0.000077,0.000151,0.000388,0.000453,0.000215,0.000035,0.000102,0.000285,-0.000069,-0.000816,-0.000918,-0.000566,-0.000155,-0.000068,-0.000378,-0.000677,-0.000561,-0.000195,0.000315,0.000745,0.000944,0.000756,0.000488,0.000407,0.000520,0.000586,0.000471,0.000104,-0.000276,-0.000475,-0.000272,0.000118,0.000380,0.000006,-0.000588,-0.000711,-0.000424,0.000033,0.000460,0.000676,0.000705,0.000679,0.000602,0.000267,-0.000283,-0.000836,-0.001059,-0.000910,-0.000542,-0.000249,-0.000145,-0.000043,0.000375,0.000919,0.001283,0.001277,0.000878,0.000270,-0.000003,-0.000089,-0.000048,0.000043,0.000156,0.000284,0.000526,0.000498,-0.000104,-0.000422,-0.000138,-0.000287,-0.000179,0.000090,0.000256,-0.000499,-0.000949,-0.000703,-0.000504,-0.000288,-0.000584,-0.001414,-0.001354,-0.000423],
	[0.007571,0.007326,0.006794,0.006194,0.005637,0.005175,0.004852,0.004614,0.004412,0.004221,0.004029,0.003835,0.003672,0.003508,0.003325,0.003187,0.003107,0.003058,0.003000,0.002898,0.002764,0.002652,0.002571,0.002495,0.002406,0.002304,0.002226,0.002169,0.002107,0.001988,0.001874,0.001828,0.001809,0.001801,0.001772,0.001712,0.001617,0.001510,0.001420,0.001360,0.001317,0.001284,0.001244,0.001195,0.001139,0.001083,0.001029,0.000982,0.000938,0.000897,0.000856,0.000815,0.000768,0.000694,0.000601,0.000544,0.000509,0.000480,0.000446,0.000414,0.000377,0.000348,0.000311,0.000267,0.000182,0.000097,0.000054,0.000001,-0.000074,-0.000135,-0.000176,-0.000222,-0.000260,-0.000282,-0.000298,-0.000323,-0.000376,-0.000454,-0.000519,-0.000562,-0.000655,-0.000742,-0.000770,-0.000794,-0.000815,-0.000882,-0.000993,-0.001071,-0.001105,-0.001141,-0.001180,-0.001219,-0.001239,-0.001260,-0.001296,-0.001377,-0.001497,-0.001588,-0.001636,-0.001680,-0.001738,-0.001840,-0.001957,-0.002050,-0.002111,-0.002148,-0.002173,-0.002203,-0.002241,-0.002278,-0.002304,-0.002331,-0.002372,-0.002435,-0.002519,-0.002641,-0.002803,-0.002970,-0.003112,-0.003243,-0.003348,-0.003424,-0.003480,-0.003541,-0.003601,-0.003660,-0.003716,-0.003793,-0.003901,-0.004068,-0.004339,-0.004796,-0.005236,-0.005532,-0.005727,-0.005785,-0.005733,-0.005603,-0.005465,-0.005370,-0.005374,-0.005490,-0.005697,-0.005934,-0.006160,-0.006354,-0.006521,-0.006648,-0.006711,-0.006704,-0.006731,-0.007004,-0.007686,-0.008522,-0.009029,-0.009025,-0.008611,-0.007977,-0.007271,-0.006556,-0.005869,-0.005308,-0.005020,-0.005088,-0.005460,-0.005988,-0.006475,-0.006724,-0.006666,-0.006402,-0.006094,-0.005823,-0.005590,-0.005425,-0.005403,-0.005497,-0.005489,-0.005191,-0.004640,-0.004003,-0.003407,-0.002931,-0.002621,-0.002427,-0.002222,-0.001909,-0.001475,-0.000921,-0.000240,0.000499,0.001167,0.001713,0.002212,0.002719,0.003171,0.003482,0.003642,0.003687,0.003633,0.003511,0.003408,0.003394,0.003464,0.003602,0.003826,0.004108,0.004317,0.004347,0.004247,0.004155,0.004147,0.004215,0.004333,0.004468,0.004550,0.004517,0.004404,0.004310,0.004262,0.004172,0.003973,0.003747,0.003650,0.003732,0.003887,0.003970,0.003901,0.003696,0.003436,0.003204,0.003058,0.003038,0.003172,0.003467,0.003880,0.004327,0.004721,0.005024,0.005241,0.005404,0.005548,0.005700,0.005853,0.005973,0.006034,0.006042,0.006009,0.005913,0.005725,0.005480,0.005281,0.005263,0.005532,0.006096,0.006803,0.007379],
	[-0.000244,0.000681,0.001948,0.002778,0.002823,0.002208,0.001271,0.000183,-0.000740,-0.001282,-0.001202,-0.000525,0.000451,0.001265,0.001779,0.002147,0.002467,0.002510,0.002188,0.001577,0.000858,0.000138,-0.000387,-0.000555,-0.000204,0.000511,0.001256,0.001631,0.001548,0.001117,0.000599,0.000069,-0.000446,-0.000990,-0.001389,-0.001491,-0.001094,-0.000383,0.000382,0.000695,0.000549,-0.000442,-0.001449,-0.001629,-0.001435,-0.000874,-0.000506,-0.000235,0.000147,0.000687,0.000915,0.000752,0.000245,-0.000377,-0.001131,-0.001781,-0.002340,-0.002589,-0.002464,-0.001989,-0.001530,-0.001122,-0.000785,-0.000553,-0.000788,-0.001400,-0.002100,-0.002253,-0.001751,-0.000685,0.000210,0.000361,-0.000520,-0.000898,-0.000249,0.001120,0.002231,0.002840,0.001478,-0.000232,-0.000210,-0.000024,0.000166,0.000356,0.000706,0.000689,0.000366,-0.000059,-0.000623,-0.001338,-0.001303,-0.000447,0.000841,0.002042,0.002849,0.002999,0.002609,0.001947,0.001315,0.000686,0.000115,-0.000351,-0.000724,-0.000704,-0.000378,-0.000176,-0.000973,-0.001667,-0.001267,-0.000450,0.000555,0.001081,0.001032,0.000468,-0.000100,-0.000568,-0.000991,-0.001452,-0.001912,-0.002557,-0.003158,-0.003444,-0.003337,-0.003115,-0.002946,-0.002755,-0.002322,-0.001706,-0.001053,-0.000556,-0.000285,-0.000317,-0.000511,-0.000689,-0.000752,-0.000752,-0.000703,-0.000713,-0.000898,-0.001215,-0.001241,-0.000778,-0.000042,0.000570,0.000817,0.000658,0.000430,0.000478,0.000707,0.000822,0.000976,0.001307,0.001529,0.001261,0.000550,-0.000114,-0.000229,0.000295,0.001095,0.001576,0.001255,0.000422,0.000111,0.000384,0.000629,0.000194,-0.000780,-0.001337,-0.001371,-0.001212,-0.000810,0.000034,0.001257,0.002444,0.003149,0.003333,0.003368,0.003506,0.003463,0.003092,0.002099,0.001121,0.001095,0.001312,0.001752,0.001012,0.000325,0.000766,0.001103,0.001232,0.000948,0.000590,0.000158,-0.000219,-0.000673,-0.001121,-0.001676,-0.002139,-0.002399,-0.002219,-0.001773,-0.001233,-0.000842,-0.000464,-0.000142,0.000016,-0.000377,-0.001030,-0.001270,-0.000671,0.000436,0.001628,0.002299,0.002329,0.001702,0.000808,-0.000093,-0.000513,-0.000478,-0.000054,0.000089,0.000054,0.000214,0.000848,0.001068,0.001231,0.001410,0.001869,0.000621,-0.000538,0.000140,0.000785,0.001304,0.001139,0.000764,0.000196,-0.000365,-0.001019,-0.001559,-0.002146,-0.002396,-0.002339,-0.002003,-0.001698,-0.001255,-0.000668,0.000039,0.000500,0.000497,-0.000058,-0.000729,-0.001093,-0.000972,-0.000760,-0.000626,-0.000576]
],
	"idxs" : [131,0,14,154,57]
,"hydrophone_pos" : [
	[0.000000,0.000000,0.000000],
	[0.000000,0.000000,0.000000],
	[0.450000,0.000000,0.000000],
	[0.000000,0.450000,0.000000],
	[0.000000,0.000000,-0.450000]
],
	"direction_of_arrival" : [0.635454,0.066890,0.769235]
,	"valid" : [0.000000,-0.000000,-0.000000,-0.000000,-0.000000]
}
dump = {
	"magnitude" : [0.000000,0.000153,0.000037,0.000110,0.000138,0.000158,0.000248,0.000289,0.000396,0.000073,0.000097,0.000491,0.000554,0.000059,0.000396,0.001879,0.002323,0.001187,0.000244,0.000697,0.001331,0.000916,0.000181,0.000005,0.000099,0.000092,0.000022,0.000001,0.000001,0.000000,0.000001,0.000001]
,	"raw_mv" : [
	[-5.722499,-4.196499,-4.959500,-4.959500,-2.670500,1.526000,2.289000,-0.381500,-2.289000,-2.670500,-1.526000,2.289000,1.526000,-1.144500,-3.052000,0.763000,5.722499,3.815000,-0.763000,-1.907500,2.289000,3.433500,4.196499,4.578000,3.433500,3.815000,6.104000,6.104000,2.289000,-0.381500,1.526000,4.578000,4.959500,1.907500,1.144500,1.907500,1.907500,-1.144500,-2.670500,-0.381500,0.381500,0.000000,2.670500,3.433500,-0.763000,-2.289000,-2.670500,-4.196499,-6.485500,-7.630000,-5.341000,-4.196499,-7.248499,-9.537500,-9.156000,-9.537500,-9.156000,-8.392999,-9.537500,-11.826499,-11.444999,-10.300499,-11.826499,-14.115500,-15.260000,-13.734000,-13.734000,-15.260000,-18.312000,-16.404500,-15.260000,-14.878500,-16.785999,-19.456501,-19.838001,-19.456501,-20.600999,-21.364000,-22.508501,-23.652999,-21.745500,-17.930500,-16.023000,-16.785999,-17.548999,-17.548999,-16.023000,-15.260000,-11.444999,-8.774499,-10.300499,-10.300499,-11.826499,-11.444999,-7.630000,-5.341000,-6.104000,-8.011500,-6.867000,-6.485500,-6.104000,-4.578000,-1.526000,-0.381500,-1.144500,0.763000,1.144500,-0.381500,-3.052000,-1.144500,2.289000,4.196499,2.289000,-1.144500,-4.959500,-4.578000,-0.381500,0.763000,1.526000,-0.763000,-1.144500,0.000000,0.000000,0.381500,-0.381500,-0.763000,-1.144500,0.381500,-1.907500,-3.815000,-2.289000,-2.289000,-2.289000,-2.289000,-3.052000,-2.289000,-4.959500,-8.392999,-7.630000,-6.104000,-6.867000,-7.248499,-8.392999,-8.774499,-8.011500,-5.341000,-9.156000,-9.537500,-8.011500,-8.392999,-8.392999,-7.630000,-6.104000,-8.011500,-9.919000,-12.589500,-15.641500,-13.352499,-11.826499,-9.537500,-9.156000,-12.208000,-14.496999,-14.496999,-13.734000,-12.208000,-12.971000,-12.971000,-12.208000,-10.300499,-9.919000,-3.815000,-30.901500,-62.184501,38.150001,66.762504,-64.855003,-65.618003,7.248499,3.052000,8.392999,-19.456501,-25.942001,29.757000,17.548999,-74.774002,-47.687500,48.069000,-52.646999,-122.461502,51.884002,93.085998,88.126502,123.606002,-96.519500,-189.605499,-346.020507,-144.588501,1029.668457,52.265499,-604.677490,-1412.312988,36.624000,2931.827636,471.915496,-2918.475097,-759.947998,1869.731567,1216.222045,-2183.324462,-1184.176025,2160.052978,1855.234497,-2147.082031,-2239.023437,1567.202026,2632.731445,-1247.505004,-2773.886474,992.663024,2656.766113,-709.208496,-2934.116455,605.059020,2957.006591,-127.039505,-3048.185058,-143.825500,2575.506591,727.139038,-2704.072021,-945.738525,2470.212646,1627.860473,-2557.194580,-1799.154052,2110.458007,2142.885498,-1917.037475,-2293.959472,1604.970581,2642.650634,-1326.857055,-2963.873535,920.178039,2996.682617,-341.442504,-3035.977050,83.166999,2918.475097,492.135009,-3153.097656,-767.959533,2965.781005,1376.070556,-2946.706054],
	[0.000000,0.000000,0.000000,0.000000,0.000000,0.000000,0.000000,0.000000,0.000000,0.000000,0.000000,0.000000,0.000000,0.000000,0.000000,0.000000,0.000000,0.000000,0.000000,0.000000,0.000000,0.000000,0.000000,0.000000,0.000000,0.000000,0.000000,0.000000,0.000000,0.000000,0.000000,0.000000,0.000000,0.000000,0.000000,0.000000,0.000000,0.000000,0.000000,0.000000,0.000000,0.000000,0.000000,0.000000,0.000000,0.000000,0.000000,0.000000,0.000000,0.000000,0.000000,0.000000,0.000000,0.000000,0.000000,0.000000,0.000000,0.000000,0.000000,0.000000,0.000000,0.000000,0.000000,0.000000,0.000000,0.000000,0.000000,0.000000,0.000000,0.000000,0.000000,0.000000,0.000000,0.000000,0.000000,0.000000,0.000000,0.000000,0.000000,0.000000,0.000000,0.000000,0.000000,0.000000,0.000000,0.000000,0.000000,0.000000,0.000000,0.000000,0.000000,0.000000,0.000000,0.000000,0.000000,0.000000,0.000000,0.000000,0.000000,0.000000,0.000000,0.000000,0.000000,0.000000,0.000000,0.000000,0.000000,0.000000,0.000000,0.000000,0.000000,0.000000,0.000000,0.000000,0.000000,0.000000,0.000000,0.000000,0.000000,0.000000,0.000000,0.000000,0.000000,0.000000,0.000000,0.000000,0.000000,0.000000,0.000000,0.000000,0.000000,0.000000,0.000000,0.000000,0.000000,0.000000,0.000000,0.000000,0.000000,0.000000,0.000000,0.000000,0.000000,0.000000,0.000000,0.000000,0.000000,0.000000,0.000000,0.000000,0.000000,0.000000,0.000000,0.000000,0.000000,0.000000,0.000000,0.000000,0.000000,0.000000,0.000000,0.000000,0.000000,0.000000,0.000000,0.000000,0.000000,0.000000,0.000000,0.000000,0.000000,0.000000,0.000000,0.000000,0.000000,0.000000,0.000000,0.000000,0.000000,0.000000,0.000000,0.000000,0.000000,0.000000,0.000000,0.000000,0.000000,0.000000,0.000000,0.000000,0.000000,0.000000,0.000000,0.000000,0.000000,0.000000,0.000000,0.000000,0.000000,0.000000,0.000000,0.000000,0.000000,0.000000,0.000000,0.000000,0.000000,0.000000,0.000000,0.000000,0.000000,0.000000,0.000000,0.000000,0.000000,0.000000,0.000000,0.000000,0.000000,0.000000,0.000000,0.000000,0.000000,0.000000,0.000000,0.000000,0.000000,0.000000,0.000000,0.000000,0.000000,0.000000,0.000000,0.000000,0.000000,0.000000,0.000000,0.000000,0.000000,0.000000,0.000000,0.000000,0.000000,0.000000,0.000000,0.000000,0.000000,0.000000,0.000000,0.000000,0.000000,0.000000,0.000000,0.000000,0.000000,0.000000],
	[-6.638100,-6.714400,-6.790700,-6.638100,-6.714400,-6.790700,-6.714400,-6.714400,-6.638100,-6.561800,-6.714400,-6.714400,-6.485500,-6.561800,-6.561800,-6.561800,-6.790700,-6.714400,-6.638100,-6.790700,-6.714400,-6.485500,-6.638100,-6.714400,-6.561800,-6.561800,-6.561800,-6.638100,-6.790700,-6.714400,-6.638100,-6.714400,-6.638100,-6.638100,-6.714400,-6.790700,-6.638100,-6.561800,-6.714400,-6.714400,-6.485500,-6.561800,-6.561800,-6.561800,-6.638100,-6.638100,-6.561800,-6.714400,-6.409200,-6.561800,-6.714400,-6.561800,-6.714400,-6.638100,-6.638100,-6.638100,-6.561800,-6.714400,-6.485500,-6.332900,-6.256600,-6.256600,-6.332900,-6.256600,-6.104000,-6.256600,-6.180300,-6.027700,-6.104000,-6.180300,-6.256600,-6.332900,-6.256600,-6.256600,-6.180300,-6.180300,-6.409200,-6.409200,-6.485500,-6.561800,-6.409200,-6.485500,-6.409200,-6.409200,-6.485500,-6.561800,-6.561800,-6.561800,-6.638100,-6.485500,-6.485500,-6.485500,-6.561800,-6.409200,-6.638100,-6.561800,-6.561800,-6.638100,-6.714400,-6.790700,-6.790700,-6.638100,-6.714400,-6.561800,-6.561800,-6.714400,-6.638100,-6.714400,-6.561800,-6.638100,-6.638100,-6.714400,-6.638100,-6.485500,-6.561800,-6.561800,-6.485500,-6.638100,-6.790700,-6.638100,-6.638100,-6.561800,-6.714400,-6.638100,-6.561800,-6.638100,-6.790700,-6.714400,-6.714400,-6.790700,-6.638100,-6.638100,-6.714400,-6.714400,-6.714400,-6.638100,-6.714400,-6.714400,-6.561800,-6.561800,-6.638100,-6.638100,-6.638100,-6.638100,-6.638100,-6.714400,-6.714400,-6.714400,-6.638100,-6.485500,-6.561800,-6.714400,-6.714400,-6.638100,-6.638100,-6.561800,-6.714400,-6.714400,-6.714400,-6.638100,-6.638100,-6.714400,-6.561800,-6.714400,-6.714400,-6.561800,-6.561800,-6.561800,-6.561800,-6.485500,-6.485500,-6.714400,-6.714400,-6.714400,-6.561800,-6.638100,-6.638100,-6.561800,-6.714400,-6.790700,-6.638100,-6.714400,-6.714400,-6.638100,-6.714400,-6.638100,-6.714400,-6.638100,-6.638100,-6.561800,-6.561800,-6.561800,-6.638100,-6.638100,-6.714400,-6.638100,-6.638100,-6.714400,-6.638100,-6.561800,-6.485500,-6.485500,-6.409200,-6.485500,-6.332900,-6.332900,-6.409200,-6.256600,-6.256600,-6.256600,-6.256600,-6.104000,-6.104000,-6.180300,-6.104000,-5.951400,-6.104000,-6.256600,-6.180300,-6.180300,-6.485500,-6.485500,-6.409200,-6.485500,-6.332900,-6.638100,-6.561800,-6.409200,-6.561800,-6.638100,-6.485500,-6.485500,-6.561800,-6.561800,-6.485500,-6.485500,-6.561800,-6.561800,-6.561800,-6.638100,-6.561800,-6.714400,-6.714400,-6.714400,-6.714400,-6.714400,-6.485500,-6.409200,-6.561800,-6.638100,-6.638100,-6.561800,-6.714400,-6.714400,-6.714400,-6.561800],
	[-6.867000,-6.867000,-6.867000,-6.867000,-6.867000,-7.248499,-6.867000,-7.248499,-6.867000,-6.867000,-7.248499,-6.867000,-6.867000,-6.867000,-7.248499,-7.248499,-6.867000,-6.867000,-7.248499,-6.867000,-7.248499,-7.248499,-7.248499,-7.248499,-7.248499,-7.248499,-7.248499,-7.630000,-7.248499,-7.248499,-7.630000,-7.248499,-7.248499,-7.248499,-7.248499,-7.630000,-7.248499,-7.248499,-7.248499,-7.630000,-7.630000,-7.630000,-7.248499,-7.248499,-7.248499,-7.630000,-7.630000,-7.630000,-7.248499,-7.248499,-7.248499,-7.248499,-7.248499,-7.248499,-7.248499,-7.248499,-7.248499,-7.248499,-7.248499,-7.248499,-6.867000,-7.248499,-6.867000,-6.867000,-6.867000,-7.248499,-6.867000,-6.867000,-6.867000,-6.485500,-6.485500,-6.867000,-6.867000,-6.867000,-6.867000,-6.867000,-6.867000,-6.867000,-6.867000,-6.867000,-6.867000,-6.867000,-6.867000,-7.248499,-6.867000,-7.248499,-7.248499,-7.248499,-7.248499,-6.867000,-6.867000,-7.248499,-7.248499,-7.248499,-6.867000,-7.248499,-7.248499,-7.248499,-7.248499,-7.248499,-7.248499,-6.867000,-7.248499,-7.248499,-6.867000,-7.248499,-7.630000,-7.248499,-7.248499,-7.248499,-7.248499,-7.248499,-7.248499,-7.248499,-7.248499,-7.248499,-7.630000,-7.248499,-7.248499,-7.248499,-7.248499,-7.630000,-7.630000,-7.248499,-7.630000,-7.248499,-7.248499,-7.248499,-7.248499,-7.248499,-7.248499,-7.248499,-7.630000,-7.248499,-7.248499,-7.248499,-7.630000,-7.248499,-7.630000,-7.248499,-7.248499,-7.248499,-7.630000,-7.248499,-7.248499,-7.248499,-7.248499,-7.248499,-7.248499,-7.248499,-7.248499,-7.248499,-7.248499,-7.248499,-7.248499,-7.248499,-6.867000,-7.248499,-7.248499,-7.248499,-7.248499,-7.248499,-7.248499,-7.248499,-7.248499,-7.248499,-7.248499,-7.248499,-7.248499,-7.248499,-7.248499,-7.630000,-7.630000,-7.630000,-7.248499,-7.248499,-7.248499,-8.011500,-7.630000,-7.248499,-7.248499,-7.248499,-7.630000,-7.630000,-7.630000,-7.248499,-7.248499,-7.630000,-7.630000,-7.630000,-7.248499,-6.867000,-7.248499,-8.011500,-7.248499,-6.485500,-7.248499,-7.630000,-8.011500,-7.630000,-6.867000,-6.867000,-6.485500,-6.104000,-6.485500,-9.156000,-9.919000,-5.341000,-2.670500,-6.104000,-10.300499,-7.630000,-4.578000,-4.578000,-8.774499,-9.537500,-4.196499,-3.433500,-9.156000,-11.444999,-0.763000,-3.433500,-5.722499,-14.878500,-13.734000,-6.867000,7.248499,-4.578000,-17.167499,-14.115500,4.959500,-0.763000,-15.260000,-13.734000,-5.722499,3.433500,-6.104000,-14.878500,-16.785999,9.156000,-4.578000,-17.167499,-15.641500,10.682000,-3.815000,-14.496999,-23.652999,3.433500,9.156000,-8.392999,-27.468000,-8.774499,8.011500,0.381500,-22.508501,-16.785999],
	[-7.630000,-7.248499,-7.248499,-7.248499,-7.248499,-7.248499,-7.248499,-7.630000,-7.248499,-7.248499,-7.248499,-7.248499,-6.867000,-7.248499,-7.630000,-7.630000,-7.248499,-7.630000,-7.630000,-7.248499,-7.248499,-7.248499,-7.248499,-7.248499,-7.248499,-7.248499,-7.630000,-7.630000,-6.867000,-7.248499,-7.248499,-7.630000,-7.248499,-7.248499,-7.248499,-7.630000,-7.248499,-7.630000,-6.867000,-7.248499,-7.630000,-7.630000,-7.248499,-7.248499,-7.248499,-7.248499,-7.248499,-7.248499,-7.248499,-6.867000,-7.248499,-7.630000,-7.248499,-7.248499,-6.867000,-7.248499,-7.248499,-6.867000,-6.867000,-6.867000,-7.248499,-6.867000,-7.248499,-6.867000,-6.485500,-6.867000,-6.867000,-6.867000,-6.485500,-6.485500,-6.867000,-6.867000,-6.867000,-6.485500,-6.867000,-7.248499,-6.867000,-6.867000,-7.248499,-7.248499,-6.867000,-7.248499,-7.248499,-6.867000,-7.248499,-7.248499,-7.248499,-7.248499,-7.248499,-6.867000,-6.867000,-6.867000,-7.630000,-7.248499,-7.248499,-7.248499,-7.248499,-7.248499,-7.248499,-7.248499,-6.867000,-7.248499,-7.248499,-7.630000,-7.248499,-7.248499,-7.630000,-7.248499,-6.867000,-6.867000,-7.248499,-7.248499,-7.630000,-7.248499,-7.248499,-7.248499,-7.630000,-7.630000,-6.867000,-6.867000,-6.867000,-7.248499,-7.248499,-7.248499,-6.867000,-7.248499,-7.248499,-7.248499,-7.248499,-7.630000,-7.248499,-7.630000,-7.248499,-7.248499,-7.248499,-7.248499,-7.248499,-7.630000,-7.630000,-7.248499,-7.248499,-7.630000,-7.248499,-7.248499,-7.248499,-6.867000,-7.630000,-7.630000,-7.248499,-7.248499,-7.630000,-7.248499,-7.248499,-7.248499,-7.248499,-7.248499,-7.248499,-7.630000,-7.248499,-7.248499,-7.248499,-7.248499,-6.867000,-7.630000,-7.630000,-7.248499,-7.630000,-7.248499,-7.630000,-7.248499,-6.867000,-7.248499,-7.630000,-7.630000,-7.630000,-7.630000,-6.867000,-7.630000,-7.630000,-7.630000,-6.867000,-7.248499,-7.248499,-7.248499,-7.248499,-7.248499,-7.248499,-7.248499,-7.248499,-7.248499,-7.248499,-7.248499,-7.248499,-7.248499,-7.630000,-6.867000,-6.867000,-7.248499,-7.248499,-7.248499,-7.248499,-6.867000,-6.867000,-7.248499,-6.867000,-6.485500,-6.485500,-7.248499,-6.867000,-6.867000,-6.867000,-6.867000,-6.867000,-6.867000,-7.248499,-6.485500,-6.867000,-6.485500,-6.867000,-6.867000,-7.248499,-6.867000,-7.248499,-6.867000,-7.248499,-7.248499,-7.248499,-7.248499,-7.248499,-7.248499,-7.248499,-7.248499,-6.867000,-7.248499,-7.248499,-7.248499,-7.248499,-6.867000,-7.248499,-7.248499,-7.248499,-7.248499,-6.867000,-7.248499,-7.248499,-7.248499,-6.867000,-7.248499,-7.630000,-7.630000,-7.248499,-7.630000,-6.867000,-7.630000,-7.248499,-6.867000]
],
"normalized" : [
	[0.003409,0.005004,0.004206,0.004206,0.006598,0.010982,0.011780,0.008989,0.006997,0.006598,0.007794,0.011780,0.010982,0.008192,0.006199,0.010185,0.015367,0.013374,0.008591,0.007395,0.011780,0.012975,0.013772,0.014171,0.012975,0.013374,0.015765,0.015765,0.011780,0.008989,0.010982,0.014171,0.014570,0.011381,0.010584,0.011381,0.011381,0.008192,0.006598,0.008989,0.009787,0.009388,0.012178,0.012975,0.008591,0.006997,0.006598,0.005004,0.002612,0.001416,0.003808,0.005004,0.001815,-0.000576,-0.000177,-0.000576,-0.000177,0.000619,-0.000576,-0.002967,-0.002569,-0.001373,-0.002967,-0.005359,-0.006554,-0.004960,-0.004960,-0.006554,-0.009743,-0.007750,-0.006554,-0.006156,-0.008149,-0.010939,-0.011337,-0.010939,-0.012135,-0.012932,-0.014127,-0.015323,-0.013330,-0.009344,-0.007352,-0.008149,-0.008946,-0.008946,-0.007352,-0.006554,-0.002569,0.000221,-0.001373,-0.001373,-0.002967,-0.002569,0.001416,0.003808,0.003011,0.001018,0.002214,0.002612,0.003011,0.004605,0.007794,0.008989,0.008192,0.010185,0.010584,0.008989,0.006199,0.008192,0.011780,0.013772,0.011780,0.008192,0.004206,0.004605,0.008989,0.010185,0.010982,0.008591,0.008192,0.009388,0.009388,0.009787,0.008989,0.008591,0.008192,0.009787,0.007395,0.005402,0.006997,0.006997,0.006997,0.006997,0.006199,0.006997,0.004206,0.000619,0.001416,0.003011,0.002214,0.001815,0.000619,0.000221,0.001018,0.003808,-0.000177,-0.000576,0.001018,0.000619,0.000619,0.001416,0.003011,0.001018,-0.000974,-0.003764,-0.006953,-0.004561,-0.002967,-0.000576,-0.000177,-0.003366,-0.005757,-0.005757,-0.004960,-0.003366,-0.004163,-0.004163,-0.003366,-0.001373,-0.000974,0.005402,-0.022896,-0.055580,0.049246,0.079140,-0.058370,-0.059167,0.016961,0.012577,0.018157,-0.010939,-0.017715,0.040478,0.027723,-0.068734,-0.040434,0.059610,-0.045616,-0.118557,0.063595,0.106643,0.101461,0.138529,-0.091453,-0.188707,-0.352127,-0.141674,1.085167,0.063994,-0.622367,-1.466170,0.047652,3.072508,0.502437,-3.039781,-0.784591,1.962850,1.280075,-2.271709,-1.227817,2.266172,1.947703,-2.233843,-2.329902,1.646772,2.760018,-1.293982,-2.888717,1.046504,2.785129,-0.731579,-3.056123,0.641543,3.098815,-0.123340,-3.175300,-0.140877,2.700231,0.769090,-2.815777,-0.978701,2.590221,1.710147,-2.662322,-1.870335,2.214356,2.248236,-1.993497,-2.387298,1.686232,2.770381,-1.376887,-3.087212,0.970773,3.140268,-0.347344,-3.162545,0.096279,3.058558,0.523562,-3.284910,-0.792961,3.107982,1.447082,-3.069276],
	[0.000000,0.000000,0.000000,0.000000,0.000000,0.000000,0.000000,0.000000,0.000000,0.000000,0.000000,0.000000,0.000000,0.000000,0.000000,0.000000,0.000000,0.000000,0.000000,0.000000,0.000000,0.000000,0.000000,0.000000,0.000000,0.000000,0.000000,0.000000,0.000000,0.000000,0.000000,0.000000,0.000000,0.000000,0.000000,0.000000,0.000000,0.000000,0.000000,0.000000,0.000000,0.000000,0.000000,0.000000,0.000000,0.000000,0.000000,0.000000,0.000000,0.000000,0.000000,0.000000,0.000000,0.000000,0.000000,0.000000,0.000000,0.000000,0.000000,0.000000,0.000000,0.000000,0.000000,0.000000,0.000000,0.000000,0.000000,0.000000,0.000000,0.000000,0.000000,0.000000,0.000000,0.000000,0.000000,0.000000,0.000000,0.000000,0.000000,0.000000,0.000000,0.000000,0.000000,0.000000,0.000000,0.000000,0.000000,0.000000,0.000000,0.000000,0.000000,0.000000,0.000000,0.000000,0.000000,0.000000,0.000000,0.000000,0.000000,0.000000,0.000000,0.000000,0.000000,0.000000,0.000000,0.000000,0.000000,0.000000,0.000000,0.000000,0.000000,0.000000,0.000000,0.000000,0.000000,0.000000,0.000000,0.000000,0.000000,0.000000,0.000000,0.000000,0.000000,0.000000,0.000000,0.000000,0.000000,0.000000,0.000000,0.000000,0.000000,0.000000,0.000000,0.000000,0.000000,0.000000,0.000000,0.000000,0.000000,0.000000,0.000000,0.000000,0.000000,0.000000,0.000000,0.000000,0.000000,0.000000,0.000000,0.000000,0.000000,0.000000,0.000000,0.000000,0.000000,0.000000,0.000000,0.000000,0.000000,0.000000,0.000000,0.000000,0.000000,0.000000,0.000000,0.000000,0.000000,0.000000,0.000000,0.000000,0.000000,0.000000,0.000000,0.000000,0.000000,0.000000,0.000000,0.000000,0.000000,0.000000,0.000000,0.000000,0.000000,0.000000,0.000000,0.000000,0.000000,0.000000,0.000000,0.000000,0.000000,0.000000,0.000000,0.000000,0.000000,0.000000,0.000000,0.000000,0.000000,0.000000,0.000000,0.000000,0.000000,0.000000,0.000000,0.000000,0.000000,0.000000,0.000000,0.000000,0.000000,0.000000,0.000000,0.000000,0.000000,0.000000,0.000000,0.000000,0.000000,0.000000,0.000000,0.000000,0.000000,0.000000,0.000000,0.000000,0.000000,0.000000,0.000000,0.000000,0.000000,0.000000,0.000000,0.000000,0.000000,0.000000,0.000000,0.000000,0.000000,0.000000,0.000000,0.000000,0.000000,0.000000,0.000000,0.000000,0.000000,0.000000,0.000000,0.000000,0.000000,0.000000,0.000000,0.000000,0.000000,0.000000],
	[-0.434978,-0.891296,-1.347613,-0.434978,-0.891296,-1.347613,-0.891296,-0.891296,-0.434978,0.021339,-0.891296,-0.891296,0.477654,0.021339,0.021339,0.021339,-1.347613,-0.891296,-0.434978,-1.347613,-0.891296,0.477654,-0.434978,-0.891296,0.021339,0.021339,0.021339,-0.434978,-1.347613,-0.891296,-0.434978,-0.891296,-0.434978,-0.434978,-0.891296,-1.347613,-0.434978,0.021339,-0.891296,-0.891296,0.477654,0.021339,0.021339,0.021339,-0.434978,-0.434978,0.021339,-0.891296,0.933972,0.021339,-0.891296,0.021339,-0.891296,-0.434978,-0.434978,-0.434978,0.021339,-0.891296,0.477654,1.390290,1.846605,1.846605,1.390290,1.846605,2.759240,1.846605,2.302923,3.215555,2.759240,2.302923,1.846605,1.390290,1.846605,1.846605,2.302923,2.302923,0.933972,0.933972,0.477654,0.021339,0.933972,0.477654,0.933972,0.933972,0.477654,0.021339,0.021339,0.021339,-0.434978,0.477654,0.477654,0.477654,0.021339,0.933972,-0.434978,0.021339,0.021339,-0.434978,-0.891296,-1.347613,-1.347613,-0.434978,-0.891296,0.021339,0.021339,-0.891296,-0.434978,-0.891296,0.021339,-0.434978,-0.434978,-0.891296,-0.434978,0.477654,0.021339,0.021339,0.477654,-0.434978,-1.347613,-0.434978,-0.434978,0.021339,-0.891296,-0.434978,0.021339,-0.434978,-1.347613,-0.891296,-0.891296,-1.347613,-0.434978,-0.434978,-0.891296,-0.891296,-0.891296,-0.434978,-0.891296,-0.891296,0.021339,0.021339,-0.434978,-0.434978,-0.434978,-0.434978,-0.434978,-0.891296,-0.891296,-0.891296,-0.434978,0.477654,0.021339,-0.891296,-0.891296,-0.434978,-0.434978,0.021339,-0.891296,-0.891296,-0.891296,-0.434978,-0.434978,-0.891296,0.021339,-0.891296,-0.891296,0.021339,0.021339,0.021339,0.021339,0.477654,0.477654,-0.891296,-0.891296,-0.891296,0.021339,-0.434978,-0.434978,0.021339,-0.891296,-1.347613,-0.434978,-0.891296,-0.891296,-0.434978,-0.891296,-0.434978,-0.891296,-0.434978,-0.434978,0.021339,0.021339,0.021339,-0.434978,-0.434978,-0.891296,-0.434978,-0.434978,-0.891296,-0.434978,0.021339,0.477654,0.477654,0.933972,0.477654,1.390290,1.390290,0.933972,1.846605,1.846605,1.846605,1.846605,2.759240,2.759240,2.302923,2.759240,3.671873,2.759240,1.846605,2.302923,2.302923,0.477654,0.477654,0.933972,0.477654,1.390290,-0.434978,0.021339,0.933972,0.021339,-0.434978,0.477654,0.477654,0.021339,0.021339,0.477654,0.477654,0.021339,0.021339,0.021339,-0.434978,0.021339,-0.891296,-0.891296,-0.891296,-0.891296,-0.891296,0.477654,0.933972,0.021339,-0.434978,-0.434978,0.021339,-0.891296,-0.891296,-0.891296,0.021339],
	[0.090618,0.090618,0.090618,0.090618,0.090618,-0.009374,0.090618,-0.009374,0.090618,0.090618,-0.009374,0.090618,0.090618,0.090618,-0.009374,-0.009374,0.090618,0.090618,-0.009374,0.090618,-0.009374,-0.009374,-0.009374,-0.009374,-0.009374,-0.009374,-0.009374,-0.109367,-0.009374,-0.009374,-0.109367,-0.009374,-0.009374,-0.009374,-0.009374,-0.109367,-0.009374,-0.009374,-0.009374,-0.109367,-0.109367,-0.109367,-0.009374,-0.009374,-0.009374,-0.109367,-0.109367,-0.109367,-0.009374,-0.009374,-0.009374,-0.009374,-0.009374,-0.009374,-0.009374,-0.009374,-0.009374,-0.009374,-0.009374,-0.009374,0.090618,-0.009374,0.090618,0.090618,0.090618,-0.009374,0.090618,0.090618,0.090618,0.190610,0.190610,0.090618,0.090618,0.090618,0.090618,0.090618,0.090618,0.090618,0.090618,0.090618,0.090618,0.090618,0.090618,-0.009374,0.090618,-0.009374,-0.009374,-0.009374,-0.009374,0.090618,0.090618,-0.009374,-0.009374,-0.009374,0.090618,-0.009374,-0.009374,-0.009374,-0.009374,-0.009374,-0.009374,0.090618,-0.009374,-0.009374,0.090618,-0.009374,-0.109367,-0.009374,-0.009374,-0.009374,-0.009374,-0.009374,-0.009374,-0.009374,-0.009374,-0.009374,-0.109367,-0.009374,-0.009374,-0.009374,-0.009374,-0.109367,-0.109367,-0.009374,-0.109367,-0.009374,-0.009374,-0.009374,-0.009374,-0.009374,-0.009374,-0.009374,-0.109367,-0.009374,-0.009374,-0.009374,-0.109367,-0.009374,-0.109367,-0.009374,-0.009374,-0.009374,-0.109367,-0.009374,-0.009374,-0.009374,-0.009374,-0.009374,-0.009374,-0.009374,-0.009374,-0.009374,-0.009374,-0.009374,-0.009374,-0.009374,0.090618,-0.009374,-0.009374,-0.009374,-0.009374,-0.009374,-0.009374,-0.009374,-0.009374,-0.009374,-0.009374,-0.009374,-0.009374,-0.009374,-0.009374,-0.109367,-0.109367,-0.109367,-0.009374,-0.009374,-0.009374,-0.209359,-0.109367,-0.009374,-0.009374,-0.009374,-0.109367,-0.109367,-0.109367,-0.009374,-0.009374,-0.109367,-0.109367,-0.109367,-0.009374,0.090618,-0.009374,-0.209359,-0.009374,0.190610,-0.009374,-0.109367,-0.209359,-0.109367,0.090618,0.090618,0.190610,0.290603,0.190610,-0.509337,-0.709323,0.490589,1.190537,0.290603,-0.809315,-0.109367,0.690574,0.690574,-0.409345,-0.609330,0.790567,0.990552,-0.509337,-1.109293,1.690501,0.990552,0.390596,-2.009227,-1.709250,0.090618,3.790347,0.690574,-2.609183,-1.809242,3.190391,1.690501,-2.109220,-1.709250,0.390596,2.790420,0.290603,-2.009227,-2.509191,4.290310,0.690574,-2.609183,-2.209213,4.690281,0.890559,-1.909235,-4.309059,2.790420,4.290310,-0.309352,-5.308986,-0.409345,3.990332,1.990479,-4.009081,-2.509191],
	[-1.552060,-0.157930,-0.157930,-0.157930,-0.157930,-0.157930,-0.157930,-1.552060,-0.157930,-0.157930,-0.157930,-0.157930,1.236198,-0.157930,-1.552060,-1.552060,-0.157930,-1.552060,-1.552060,-0.157930,-0.157930,-0.157930,-0.157930,-0.157930,-0.157930,-0.157930,-1.552060,-1.552060,1.236198,-0.157930,-0.157930,-1.552060,-0.157930,-0.157930,-0.157930,-1.552060,-0.157930,-1.552060,1.236198,-0.157930,-1.552060,-1.552060,-0.157930,-0.157930,-0.157930,-0.157930,-0.157930,-0.157930,-0.157930,1.236198,-0.157930,-1.552060,-0.157930,-0.157930,1.236198,-0.157930,-0.157930,1.236198,1.236198,1.236198,-0.157930,1.236198,-0.157930,1.236198,2.630326,1.236198,1.236198,1.236198,2.630326,2.630326,1.236198,1.236198,1.236198,2.630326,1.236198,-0.157930,1.236198,1.236198,-0.157930,-0.157930,1.236198,-0.157930,-0.157930,1.236198,-0.157930,-0.157930,-0.157930,-0.157930,-0.157930,1.236198,1.236198,1.236198,-1.552060,-0.157930,-0.157930,-0.157930,-0.157930,-0.157930,-0.157930,-0.157930,1.236198,-0.157930,-0.157930,-1.552060,-0.157930,-0.157930,-1.552060,-0.157930,1.236198,1.236198,-0.157930,-0.157930,-1.552060,-0.157930,-0.157930,-0.157930,-1.552060,-1.552060,1.236198,1.236198,1.236198,-0.157930,-0.157930,-0.157930,1.236198,-0.157930,-0.157930,-0.157930,-0.157930,-1.552060,-0.157930,-1.552060,-0.157930,-0.157930,-0.157930,-0.157930,-0.157930,-1.552060,-1.552060,-0.157930,-0.157930,-1.552060,-0.157930,-0.157930,-0.157930,1.236198,-1.552060,-1.552060,-0.157930,-0.157930,-1.552060,-0.157930,-0.157930,-0.157930,-0.157930,-0.157930,-0.157930,-1.552060,-0.157930,-0.157930,-0.157930,-0.157930,1.236198,-1.552060,-1.552060,-0.157930,-1.552060,-0.157930,-1.552060,-0.157930,1.236198,-0.157930,-1.552060,-1.552060,-1.552060,-1.552060,1.236198,-1.552060,-1.552060,-1.552060,1.236198,-0.157930,-0.157930,-0.157930,-0.157930,-0.157930,-0.157930,-0.157930,-0.157930,-0.157930,-0.157930,-0.157930,-0.157930,-0.157930,-1.552060,1.236198,1.236198,-0.157930,-0.157930,-0.157930,-0.157930,1.236198,1.236198,-0.157930,1.236198,2.630326,2.630326,-0.157930,1.236198,1.236198,1.236198,1.236198,1.236198,1.236198,-0.157930,2.630326,1.236198,2.630326,1.236198,1.236198,-0.157930,1.236198,-0.157930,1.236198,-0.157930,-0.157930,-0.157930,-0.157930,-0.157930,-0.157930,-0.157930,-0.157930,1.236198,-0.157930,-0.157930,-0.157930,-0.157930,1.236198,-0.157930,-0.157930,-0.157930,-0.157930,1.236198,-0.157930,-0.157930,-0.157930,1.236198,-0.157930,-1.552060,-1.552060,-0.157930,-1.552060,1.236198,-1.552060,-0.157930,1.236198]
],
"cwt" : [
	[0.789917,0.482707,0.246489,0.103807,0.036405,0.011011,0.002975,0.001175,0.000769,0.000719,0.001197,0.001334,0.001283,0.001496,0.001737,0.001856,0.001995,0.001961,0.001631,0.001336,0.001144,0.000739,0.000391,0.000485,0.000538,0.000740,0.001119,0.001342,0.001296,0.001284,0.001354,0.001283,0.001095,0.000923,0.000788,0.000787,0.000857,0.000898,0.000772,0.000491,0.000197,0.000420,0.000871,0.001068,0.000859,0.000530,0.000478,0.000696,0.000824,0.000892,0.001013,0.001060,0.000901,0.000632,0.000353,0.000145,0.000328,0.000534,0.000633,0.000672,0.000689,0.000719,0.000760,0.000809,0.000800,0.000741,0.000788,0.000934,0.000966,0.000841,0.000753,0.000748,0.000718,0.000653,0.000513,0.000294,0.000181,0.000315,0.000577,0.000846,0.001017,0.000937,0.000737,0.000603,0.000458,0.000235,0.000343,0.000626,0.000817,0.000762,0.000543,0.000531,0.000752,0.000962,0.001084,0.001017,0.000775,0.000537,0.000342,0.000158,0.000367,0.000572,0.000601,0.000448,0.000374,0.000630,0.000845,0.001003,0.001113,0.001166,0.001202,0.001205,0.001159,0.001214,0.001277,0.001208,0.001084,0.000944,0.000753,0.000590,0.000478,0.000374,0.000278,0.000290,0.000287,0.000293,0.000456,0.000662,0.000688,0.000558,0.000439,0.000348,0.000219,0.000165,0.000393,0.000747,0.000940,0.000909,0.000779,0.000612,0.000426,0.000382,0.000501,0.000614,0.000755,0.000882,0.000839,0.000614,0.000385,0.000307,0.000389,0.000489,0.000517,0.000546,0.000616,0.000769,0.000887,0.000780,0.000693,0.000803,0.000869,0.000873,0.000817,0.000634,0.000483,0.000438,0.000382,0.000465,0.001378,0.003440,0.007233,0.013098,0.020483,0.027950,0.033713,0.036181,0.034513,0.029213,0.022266,0.016418,0.013848,0.014781,0.018070,0.022459,0.026535,0.029475,0.032113,0.036183,0.040797,0.041418,0.034066,0.020275,0.016966,0.035789,0.070628,0.131539,0.214416,0.301907,0.382761,0.473427,0.613379,0.815263,1.039875,1.228103,1.338410,1.366074,1.340330,1.303400,1.286870,1.301321,1.340650,1.391788,1.442105,1.482903,1.510957,1.527834,1.536162,1.536883,1.531266,1.523988,1.521577,1.527318,1.538561,1.548741,1.551003,1.540868,1.518541,1.490419,1.466772,1.455829,1.459758,1.475684,1.498233,1.520466,1.535508,1.540446,1.538405,1.535610,1.537050,1.545248,1.560686,1.580806,1.599584,1.610781,1.612105,1.605554,1.595218,1.586374,1.584649,1.592641,1.606458,1.614713,1.597120,1.523251,1.362004,1.105744],
	[0.000000,0.000000,0.000000,0.000000,0.000000,0.000000,0.000000,0.000000,0.000000,0.000000,0.000000,0.000000,0.000000,0.000000,0.000000,0.000000,0.000000,0.000000,0.000000,0.000000,0.000000,0.000000,0.000000,0.000000,0.000000,0.000000,0.000000,0.000000,0.000000,0.000000,0.000000,0.000000,0.000000,0.000000,0.000000,0.000000,0.000000,0.000000,0.000000,0.000000,0.000000,0.000000,0.000000,0.000000,0.000000,0.000000,0.000000,0.000000,0.000000,0.000000,0.000000,0.000000,0.000000,0.000000,0.000000,0.000000,0.000000,0.000000,0.000000,0.000000,0.000000,0.000000,0.000000,0.000000,0.000000,0.000000,0.000000,0.000000,0.000000,0.000000,0.000000,0.000000,0.000000,0.000000,0.000000,0.000000,0.000000,0.000000,0.000000,0.000000,0.000000,0.000000,0.000000,0.000000,0.000000,0.000000,0.000000,0.000000,0.000000,0.000000,0.000000,0.000000,0.000000,0.000000,0.000000,0.000000,0.000000,0.000000,0.000000,0.000000,0.000000,0.000000,0.000000,0.000000,0.000000,0.000000,0.000000,0.000000,0.000000,0.000000,0.000000,0.000000,0.000000,0.000000,0.000000,0.000000,0.000000,0.000000,0.000000,0.000000,0.000000,0.000000,0.000000,0.000000,0.000000,0.000000,0.000000,0.000000,0.000000,0.000000,0.000000,0.000000,0.000000,0.000000,0.000000,0.000000,0.000000,0.000000,0.000000,0.000000,0.000000,0.000000,0.000000,0.000000,0.000000,0.000000,0.000000,0.000000,0.000000,0.000000,0.000000,0.000000,0.000000,0.000000,0.000000,0.000000,0.000000,0.000000,0.000000,0.000000,0.000000,0.000000,0.000000,0.000000,0.000000,0.000000,0.000000,0.000000,0.000000,0.000000,0.000000,0.000000,0.000000,0.000000,0.000000,0.000000,0.000000,0.000000,0.000000,0.000000,0.000000,0.000000,0.000000,0.000000,0.000000,0.000000,0.000000,0.000000,0.000000,0.000000,0.000000,0.000000,0.000000,0.000000,0.000000,0.000000,0.000000,0.000000,0.000000,0.000000,0.000000,0.000000,0.000000,0.000000,0.000000,0.000000,0.000000,0.000000,0.000000,0.000000,0.000000,0.000000,0.000000,0.000000,0.000000,0.000000,0.000000,0.000000,0.000000,0.000000,0.000000,0.000000,0.000000,0.000000,0.000000,0.000000,0.000000,0.000000,0.000000,0.000000,0.000000,0.000000,0.000000,0.000000,0.000000,0.000000,0.000000,0.000000,0.000000,0.000000,0.000000,0.000000,0.000000,0.000000,0.000000,0.000000,0.000000,0.000000,0.000000,0.000000,0.000000,0.000000,0.000000,0.000000,0.000000,0.000000],
	[0.251671,0.245253,0.220213,0.189808,0.170827,0.146337,0.112975,0.127752,0.185480,0.240282,0.277051,0.276880,0.221306,0.124852,0.104163,0.183321,0.213993,0.182519,0.176709,0.250088,0.314589,0.329653,0.309511,0.275344,0.233162,0.196258,0.195047,0.220712,0.223439,0.176603,0.095202,0.048987,0.107547,0.176385,0.239438,0.283564,0.299067,0.298838,0.302110,0.292772,0.240786,0.150271,0.059134,0.034318,0.039047,0.010820,0.106587,0.208395,0.264969,0.251803,0.179595,0.082796,0.032682,0.062262,0.080968,0.114262,0.183116,0.264618,0.304269,0.285447,0.245092,0.216300,0.210205,0.220513,0.211079,0.199432,0.233825,0.255891,0.219244,0.156758,0.116808,0.097111,0.092983,0.135751,0.200233,0.218679,0.158652,0.062245,0.072245,0.097461,0.068352,0.010469,0.072764,0.123035,0.126506,0.081743,0.027033,0.085016,0.136468,0.153278,0.135821,0.094279,0.083333,0.122298,0.138468,0.133865,0.141980,0.153728,0.164885,0.166976,0.127610,0.041937,0.065361,0.144328,0.177669,0.166998,0.140842,0.131257,0.138848,0.155012,0.180302,0.206570,0.208851,0.166465,0.095259,0.121583,0.224194,0.290676,0.296283,0.261784,0.225296,0.208172,0.209729,0.224142,0.241029,0.235757,0.184361,0.092796,0.062593,0.130970,0.166038,0.168147,0.155045,0.137514,0.123642,0.130834,0.167416,0.202603,0.207764,0.180496,0.135944,0.093210,0.067839,0.064950,0.074810,0.087766,0.119180,0.181979,0.250464,0.294250,0.298823,0.265058,0.208021,0.158966,0.148368,0.163426,0.172784,0.164317,0.139735,0.101968,0.066025,0.076739,0.128739,0.184155,0.210303,0.192157,0.150958,0.135829,0.175111,0.236501,0.280947,0.289275,0.264822,0.217223,0.148284,0.073563,0.091265,0.166293,0.208938,0.194615,0.134083,0.074075,0.053549,0.040851,0.027527,0.029348,0.044757,0.056207,0.061506,0.068100,0.069357,0.062496,0.062835,0.082667,0.102338,0.107682,0.119731,0.144841,0.148064,0.116021,0.073588,0.057742,0.068888,0.103789,0.125889,0.117765,0.125054,0.145335,0.140159,0.138881,0.176962,0.211313,0.212311,0.227119,0.294591,0.345572,0.325297,0.273319,0.289930,0.338897,0.327216,0.258389,0.201597,0.215295,0.269875,0.302188,0.299864,0.292135,0.284907,0.263735,0.234112,0.206734,0.181588,0.160918,0.146383,0.124958,0.084294,0.035979,0.017406,0.045220,0.085787,0.098764,0.054692,0.055013,0.174550,0.281964,0.345247,0.352018,0.312170,0.251657,0.204382,0.196586,0.213117,0.227837,0.237289,0.245789],
	[0.879598,0.506230,0.240779,0.089588,0.022394,0.002490,0.003948,0.010262,0.015992,0.019003,0.021506,0.024693,0.027033,0.028711,0.030376,0.030407,0.026792,0.019181,0.010161,0.007568,0.010041,0.008749,0.004603,0.001708,0.005769,0.011551,0.016846,0.019209,0.018966,0.019077,0.019737,0.018544,0.015928,0.015932,0.019408,0.022525,0.023623,0.023527,0.022966,0.022058,0.021546,0.021458,0.020933,0.020609,0.020937,0.021191,0.021268,0.020434,0.017078,0.011711,0.006595,0.003136,0.001183,0.000286,0.000317,0.001220,0.002652,0.005522,0.009286,0.011186,0.010178,0.011931,0.017436,0.021156,0.021392,0.018086,0.010691,0.003427,0.014977,0.024095,0.025885,0.021020,0.013725,0.007732,0.003762,0.001195,0.000218,0.000648,0.001062,0.002319,0.005766,0.009647,0.011099,0.009950,0.010527,0.012002,0.012003,0.014749,0.021088,0.026738,0.029058,0.028158,0.026139,0.024453,0.022324,0.018195,0.012022,0.005965,0.006074,0.011534,0.016414,0.019024,0.020333,0.024117,0.030277,0.033562,0.030900,0.023611,0.015069,0.007907,0.003096,0.000790,0.002702,0.006598,0.012154,0.017218,0.019172,0.017278,0.013805,0.014380,0.019313,0.021506,0.017437,0.009913,0.007799,0.009998,0.009243,0.006663,0.005471,0.007694,0.012719,0.018145,0.021716,0.022647,0.021140,0.017051,0.009999,0.002866,0.010000,0.017035,0.021131,0.022661,0.021722,0.018073,0.012438,0.006812,0.002976,0.001130,0.000366,0.000129,0.000279,0.001070,0.003059,0.006797,0.012052,0.017058,0.019173,0.017070,0.012049,0.006783,0.003064,0.001083,0.000265,0.000110,0.000106,0.000260,0.001072,0.003055,0.006685,0.011837,0.017013,0.020240,0.021671,0.023866,0.028619,0.035659,0.042745,0.045909,0.042419,0.033970,0.025672,0.021544,0.021623,0.024046,0.026900,0.028541,0.028262,0.026676,0.027438,0.035260,0.047730,0.060483,0.071946,0.080652,0.083604,0.078986,0.069060,0.059173,0.052169,0.042697,0.023727,0.025362,0.075225,0.142882,0.222993,0.306784,0.381279,0.434509,0.460210,0.459966,0.443082,0.423367,0.413460,0.419910,0.442741,0.479301,0.526526,0.580146,0.632429,0.669335,0.677596,0.671177,0.706173,0.829590,1.024067,1.237030,1.417282,1.535330,1.591613,1.598540,1.558338,1.469407,1.351464,1.250586,1.210826,1.249086,1.357448,1.505624,1.649496,1.758390,1.830574,1.880821,1.918555,1.945139,1.973523,2.032681,2.132699,2.242797,2.322597,2.354719,2.340120,2.279729,2.164927,1.974540,1.684899,1.300958],
	[0.364872,0.284234,0.175550,0.073315,0.069129,0.158347,0.234625,0.261764,0.227460,0.172758,0.208977,0.332366,0.451639,0.514110,0.497073,0.418070,0.345312,0.336363,0.336389,0.285158,0.196974,0.120652,0.094932,0.135479,0.238827,0.379733,0.509042,0.575372,0.561685,0.497297,0.429412,0.382112,0.346734,0.307813,0.257463,0.211173,0.249702,0.379291,0.503651,0.566022,0.550419,0.466370,0.340178,0.205669,0.091318,0.005946,0.092148,0.207580,0.334722,0.437594,0.485290,0.470708,0.420488,0.381553,0.369886,0.374201,0.382617,0.370009,0.320580,0.231231,0.101005,0.087294,0.264571,0.398969,0.444811,0.422663,0.396820,0.405495,0.428922,0.428950,0.406211,0.401003,0.437648,0.486643,0.496107,0.457764,0.416995,0.396326,0.364774,0.311466,0.265235,0.246478,0.250787,0.255132,0.219314,0.126274,0.008166,0.140287,0.262402,0.370583,0.462357,0.507219,0.469115,0.355725,0.219200,0.105945,0.036923,0.085752,0.169538,0.247981,0.301187,0.326729,0.337690,0.333877,0.330165,0.379645,0.466678,0.517182,0.491631,0.398324,0.293825,0.266598,0.307351,0.350540,0.401574,0.482378,0.572771,0.618005,0.583217,0.489673,0.396251,0.346489,0.334211,0.328712,0.304341,0.245738,0.168443,0.135698,0.141995,0.102045,0.034034,0.097725,0.127699,0.081057,0.026629,0.163726,0.296935,0.390724,0.421422,0.396190,0.345996,0.281518,0.190111,0.163551,0.312090,0.470073,0.548114,0.528058,0.446991,0.365763,0.308008,0.245621,0.163152,0.083595,0.084577,0.162221,0.233760,0.257576,0.212737,0.128418,0.171406,0.325007,0.444955,0.467556,0.386330,0.264270,0.194932,0.234473,0.359496,0.486310,0.539840,0.486991,0.340969,0.211134,0.319137,0.491333,0.603066,0.654976,0.660454,0.615908,0.514552,0.371617,0.227755,0.117488,0.048825,0.014447,0.004660,0.003635,0.002828,0.015099,0.050421,0.116842,0.224913,0.367011,0.494880,0.544581,0.489735,0.358112,0.213031,0.184048,0.286812,0.378901,0.446955,0.530501,0.623194,0.671974,0.637843,0.526285,0.376674,0.223270,0.080025,0.061326,0.173735,0.259253,0.295489,0.259365,0.168906,0.141607,0.191572,0.198693,0.152953,0.095864,0.091736,0.137662,0.160543,0.133607,0.081606,0.045450,0.050391,0.098449,0.170722,0.238184,0.270201,0.254866,0.219362,0.217723,0.252932,0.274969,0.256304,0.219422,0.221784,0.268743,0.316654,0.348959,0.380807,0.431104,0.488418,0.507752,0.444872,0.300978,0.161453,0.175303,0.241380,0.297055,0.355034,0.388407]
],
"envelope_edge" : [
	[0.015281,0.014796,0.013597,0.012144,0.010816,0.009757,0.008940,0.008295,0.007770,0.007323,0.006936,0.006598,0.006293,0.006017,0.005767,0.005538,0.005327,0.005133,0.004952,0.004780,0.004619,0.004467,0.004321,0.004182,0.004052,0.003927,0.003810,0.003700,0.003594,0.003492,0.003395,0.003302,0.003212,0.003124,0.003039,0.002956,0.002877,0.002801,0.002728,0.002657,0.002584,0.002513,0.002447,0.002385,0.002325,0.002263,0.002201,0.002142,0.002085,0.002030,0.001976,0.001925,0.001874,0.001824,0.001773,0.001721,0.001670,0.001623,0.001576,0.001531,0.001486,0.001441,0.001397,0.001354,0.001312,0.001270,0.001228,0.001188,0.001149,0.001109,0.001070,0.001031,0.000992,0.000955,0.000917,0.000879,0.000840,0.000801,0.000763,0.000727,0.000693,0.000660,0.000625,0.000589,0.000554,0.000518,0.000481,0.000446,0.000413,0.000380,0.000346,0.000310,0.000275,0.000242,0.000210,0.000179,0.000147,0.000113,0.000079,0.000043,0.000007,-0.000025,-0.000057,-0.000091,-0.000126,-0.000161,-0.000195,-0.000228,-0.000260,-0.000293,-0.000326,-0.000359,-0.000393,-0.000427,-0.000461,-0.000494,-0.000528,-0.000562,-0.000597,-0.000633,-0.000669,-0.000705,-0.000743,-0.000780,-0.000817,-0.000856,-0.000894,-0.000931,-0.000968,-0.001006,-0.001045,-0.001085,-0.001125,-0.001168,-0.001211,-0.001252,-0.001292,-0.001333,-0.001375,-0.001418,-0.001463,-0.001510,-0.001557,-0.001604,-0.001651,-0.001698,-0.001746,-0.001795,-0.001847,-0.001901,-0.001956,-0.002011,-0.002067,-0.002125,-0.002184,-0.002245,-0.002305,-0.002368,-0.002434,-0.002502,-0.002571,-0.002643,-0.002717,-0.002794,-0.002876,-0.002962,-0.003053,-0.003152,-0.003260,-0.003374,-0.003492,-0.003605,-0.003704,-0.003781,-0.003838,-0.003884,-0.003937,-0.004013,-0.004128,-0.004283,-0.004466,-0.004656,-0.004845,-0.005028,-0.005208,-0.005395,-0.005603,-0.005826,-0.006047,-0.006266,-0.006528,-0.006921,-0.007503,-0.008155,-0.008845,-0.009550,-0.010128,-0.010563,-0.010975,-0.011545,-0.012191,-0.012516,-0.012172,-0.011164,-0.009795,-0.008490,-0.007557,-0.007074,-0.006903,-0.006842,-0.006726,-0.006477,-0.006090,-0.005604,-0.005078,-0.004557,-0.004059,-0.003594,-0.003186,-0.002855,-0.002585,-0.002327,-0.002024,-0.001654,-0.001231,-0.000803,-0.000435,-0.000184,-0.000058,-0.000010,0.000031,0.000124,0.000302,0.000578,0.000926,0.001291,0.001619,0.001895,0.002137,0.002375,0.002648,0.002995,0.003436,0.003952,0.004497,0.005034,0.005545,0.006031,0.006529,0.007109,0.007868,0.008889,0.010230,0.011851,0.013520,0.014807],
	[0.000000,0.000000,0.000000,0.000000,0.000000,0.000000,0.000000,0.000000,0.000000,0.000000,0.000000,0.000000,0.000000,0.000000,0.000000,0.000000,0.000000,0.000000,0.000000,0.000000,0.000000,0.000000,0.000000,0.000000,0.000000,0.000000,0.000000,0.000000,0.000000,0.000000,0.000000,0.000000,0.000000,0.000000,0.000000,0.000000,0.000000,0.000000,0.000000,0.000000,0.000000,0.000000,0.000000,0.000000,0.000000,0.000000,0.000000,0.000000,0.000000,0.000000,0.000000,0.000000,0.000000,0.000000,0.000000,0.000000,0.000000,0.000000,0.000000,0.000000,0.000000,0.000000,0.000000,0.000000,0.000000,0.000000,0.000000,0.000000,0.000000,0.000000,0.000000,0.000000,0.000000,0.000000,0.000000,0.000000,0.000000,0.000000,0.000000,0.000000,0.000000,0.000000,0.000000,0.000000,0.000000,0.000000,0.000000,0.000000,0.000000,0.000000,0.000000,0.000000,0.000000,0.000000,0.000000,0.000000,0.000000,0.000000,0.000000,0.000000,0.000000,0.000000,0.000000,0.000000,0.000000,0.000000,0.000000,0.000000,0.000000,0.000000,0.000000,0.000000,0.000000,0.000000,0.000000,0.000000,0.000000,0.000000,0.000000,0.000000,0.000000,0.000000,0.000000,0.000000,0.000000,0.000000,0.000000,0.000000,0.000000,0.000000,0.000000,0.000000,0.000000,0.000000,0.000000,0.000000,0.000000,0.000000,0.000000,0.000000,0.000000,0.000000,0.000000,0.000000,0.000000,0.000000,0.000000,0.000000,0.000000,0.000000,0.000000,0.000000,0.000000,0.000000,0.000000,0.000000,0.000000,0.000000,0.000000,0.000000,0.000000,0.000000,0.000000,0.000000,0.000000,0.000000,0.000000,0.000000,0.000000,0.000000,0.000000,0.000000,0.000000,0.000000,0.000000,0.000000,0.000000,0.000000,0.000000,0.000000,0.000000,0.000000,0.000000,0.000000,0.000000,0.000000,0.000000,0.000000,0.000000,0.000000,0.000000,0.000000,0.000000,0.000000,0.000000,0.000000,0.000000,0.000000,0.000000,0.000000,0.000000,0.000000,0.000000,0.000000,0.000000,0.000000,0.000000,0.000000,0.000000,0.000000,0.000000,0.000000,0.000000,0.000000,0.000000,0.000000,0.000000,0.000000,0.000000,0.000000,0.000000,0.000000,0.000000,0.000000,0.000000,0.000000,0.000000,0.000000,0.000000,0.000000,0.000000,0.000000,0.000000,0.000000,0.000000,0.000000,0.000000,0.000000,0.000000,0.000000,0.000000,0.000000,0.000000,0.000000,0.000000,0.000000,0.000000,0.000000,0.000000,0.000000,0.000000,0.000000,0.000000,0.000000,0.000000,0.000000],
	[0.000122,0.000327,0.000479,0.000476,0.000399,0.000352,0.000055,-0.000447,-0.000663,-0.000549,-0.000202,0.000302,0.000735,0.000585,-0.000231,-0.000544,-0.000207,-0.000134,-0.000553,-0.000806,-0.000436,0.000056,0.000482,0.000705,0.000816,0.000655,0.000431,0.000413,0.000740,0.000992,0.000896,0.000105,-0.000547,-0.000691,-0.000606,-0.000293,0.000079,0.000361,0.000656,0.001090,0.001567,0.001715,0.001386,0.000700,0.000460,-0.000184,-0.000877,-0.000652,-0.000109,0.000644,0.001041,0.000974,0.000267,-0.000224,-0.000476,-0.000834,-0.001040,-0.000837,-0.000253,0.000260,0.000465,0.000430,0.000331,0.000349,0.000479,0.000349,0.000310,0.000701,0.001131,0.001174,0.000960,0.000693,0.000349,0.000011,0.000193,0.000734,0.001297,0.001014,0.000483,0.000523,0.000708,0.000251,-0.000320,-0.000044,0.000190,0.000467,-0.000061,-0.000531,-0.000386,-0.000118,0.000142,0.000118,-0.000241,-0.000399,-0.000241,-0.000228,-0.000254,-0.000228,-0.000112,0.000098,0.000425,0.000103,-0.000694,-0.000762,-0.000462,-0.000179,-0.000178,-0.000313,-0.000467,-0.000543,-0.000580,-0.000408,-0.000120,0.000160,-0.000187,-0.000972,-0.001130,-0.000660,-0.000098,0.000253,0.000298,0.000216,0.000128,0.000141,0.000314,0.000684,0.001026,0.000910,0.000126,-0.000237,-0.000036,0.000122,0.000227,0.000197,0.000064,-0.000181,-0.000282,-0.000099,0.000246,0.000525,0.000612,0.000474,0.000186,-0.000133,-0.000386,-0.000640,-0.000944,-0.001104,-0.000921,-0.000471,0.000080,0.000529,0.000717,0.000567,0.000295,0.000190,0.000274,0.000410,0.000495,0.000451,0.000123,-0.000381,-0.000642,-0.000564,-0.000222,0.000081,0.000084,-0.000271,-0.000579,-0.000545,-0.000174,0.000309,0.000761,0.001050,0.001175,0.000754,0.000049,-0.000063,0.000334,0.000842,0.001108,0.000948,0.000673,0.000516,0.000297,0.000047,-0.000115,-0.000165,-0.000220,-0.000259,-0.000269,-0.000329,-0.000502,-0.000637,-0.000620,-0.000597,-0.000654,-0.000567,-0.000299,-0.000111,-0.000226,-0.000542,-0.000849,-0.001007,-0.000895,-0.000883,-0.001033,-0.001035,-0.000998,-0.001231,-0.001405,-0.001292,-0.001204,-0.001418,-0.001440,-0.000947,-0.000380,-0.000361,-0.000622,-0.000357,0.000212,0.000456,0.000135,-0.000334,-0.000409,-0.000124,0.000160,0.000329,0.000530,0.000733,0.000841,0.000866,0.000854,0.000797,0.000770,0.000800,0.000781,0.000505,-0.000014,-0.000461,-0.000587,-0.000474,-0.000583,-0.001434,-0.001923,-0.001622,-0.001028,-0.000308,0.000199,0.000392,0.000222,-0.000047,-0.000175,-0.000155,-0.000104,-0.000019],
	[0.017513,0.016494,0.014789,0.012945,0.011328,0.010045,0.009080,0.008351,0.007777,0.007300,0.006881,0.006520,0.006209,0.005933,0.005694,0.005493,0.005317,0.005139,0.004926,0.004689,0.004505,0.004355,0.004196,0.004005,0.003821,0.003681,0.003573,0.003489,0.003399,0.003303,0.003217,0.003140,0.003046,0.002935,0.002842,0.002777,0.002721,0.002665,0.002608,0.002548,0.002485,0.002427,0.002372,0.002315,0.002262,0.002216,0.002178,0.002150,0.002125,0.002083,0.002021,0.001947,0.001872,0.001797,0.001726,0.001656,0.001591,0.001527,0.001485,0.001457,0.001419,0.001353,0.001318,0.001310,0.001321,0.001315,0.001300,0.001181,0.001078,0.001097,0.001130,0.001160,0.001141,0.001100,0.001042,0.000984,0.000919,0.000864,0.000809,0.000753,0.000701,0.000674,0.000660,0.000634,0.000589,0.000558,0.000518,0.000463,0.000429,0.000431,0.000449,0.000462,0.000460,0.000451,0.000446,0.000438,0.000412,0.000346,0.000253,0.000192,0.000166,0.000151,0.000126,0.000094,0.000092,0.000130,0.000175,0.000194,0.000176,0.000127,0.000063,-0.000016,-0.000092,-0.000150,-0.000189,-0.000199,-0.000191,-0.000188,-0.000218,-0.000273,-0.000297,-0.000279,-0.000260,-0.000291,-0.000361,-0.000401,-0.000420,-0.000459,-0.000518,-0.000583,-0.000628,-0.000648,-0.000644,-0.000637,-0.000625,-0.000630,-0.000647,-0.000745,-0.000845,-0.000861,-0.000867,-0.000855,-0.000848,-0.000842,-0.000861,-0.000900,-0.000959,-0.001019,-0.001079,-0.001134,-0.001193,-0.001251,-0.001314,-0.001369,-0.001410,-0.001423,-0.001417,-0.001411,-0.001428,-0.001471,-0.001534,-0.001601,-0.001670,-0.001736,-0.001802,-0.001872,-0.001948,-0.002027,-0.002106,-0.002173,-0.002222,-0.002261,-0.002311,-0.002377,-0.002446,-0.002497,-0.002515,-0.002502,-0.002491,-0.002520,-0.002603,-0.002719,-0.002836,-0.002943,-0.003035,-0.003120,-0.003211,-0.003328,-0.003485,-0.003652,-0.003783,-0.003878,-0.003943,-0.003984,-0.004006,-0.004048,-0.004145,-0.004312,-0.004516,-0.004742,-0.005100,-0.005739,-0.006349,-0.006756,-0.007015,-0.007050,-0.006888,-0.006569,-0.006211,-0.005917,-0.005789,-0.005849,-0.006072,-0.006376,-0.006700,-0.006993,-0.007227,-0.007369,-0.007398,-0.007333,-0.007339,-0.007705,-0.008526,-0.009395,-0.009790,-0.009487,-0.008564,-0.007295,-0.005960,-0.004689,-0.003542,-0.002683,-0.002357,-0.002654,-0.003382,-0.004200,-0.004778,-0.004869,-0.004437,-0.003681,-0.002846,-0.002047,-0.001284,-0.000590,-0.000049,0.000405,0.001086,0.002247,0.003854,0.005716,0.007706,0.009791,0.011973,0.014180,0.016150,0.017398],
	[0.000708,0.001127,0.001128,0.000467,-0.000629,-0.001222,-0.001142,-0.000824,-0.000590,-0.001015,-0.001861,-0.002204,-0.001810,-0.000964,-0.000048,0.000468,0.000386,0.000192,0.000401,0.000690,0.000625,0.000060,-0.000814,-0.001743,-0.002407,-0.002556,-0.002046,-0.001106,-0.000148,0.000431,0.000621,0.000599,0.000581,0.000517,0.000348,-0.000260,-0.001161,-0.001556,-0.001095,-0.000193,0.000870,0.001649,0.002064,0.001843,0.001317,-0.000020,-0.001362,-0.001829,-0.001962,-0.001465,-0.000782,-0.000064,0.000238,0.000264,0.000163,0.000188,0.000324,0.000670,0.000951,0.001087,0.000484,-0.001127,-0.001994,-0.001518,-0.000871,-0.000352,-0.000363,-0.000393,-0.000314,-0.000018,0.000023,-0.000097,-0.000243,0.000067,0.000574,0.001036,0.001103,0.001245,0.001384,0.001496,0.001241,0.001037,0.000784,0.000962,0.001051,0.001202,-0.000119,-0.001444,-0.001482,-0.001410,-0.000800,0.000090,0.001152,0.001786,0.001796,0.001282,0.000248,-0.000822,-0.001237,-0.001348,-0.001154,-0.000980,-0.000809,-0.000747,-0.000918,-0.001217,-0.001026,-0.000332,0.000490,0.000940,0.000672,-0.000067,-0.000537,-0.000734,-0.000908,-0.000910,-0.000463,0.000453,0.001419,0.001995,0.002007,0.001776,0.001607,0.001690,0.001875,0.002072,0.001843,0.001391,0.001128,0.001225,0.000494,-0.000141,-0.000016,-0.000010,-0.001013,-0.002034,-0.001816,-0.001386,-0.000541,-0.000016,0.000391,0.000453,0.000218,-0.001013,-0.001801,-0.001421,-0.000382,0.000666,0.001324,0.001470,0.001524,0.001536,0.001418,0.000767,-0.000169,-0.000727,-0.000638,-0.000319,0.000007,-0.000525,-0.001635,-0.001966,-0.001301,-0.000282,0.000503,0.000442,-0.000332,-0.001326,-0.001717,-0.001336,-0.000317,0.000630,0.001027,-0.000120,-0.001486,-0.001456,-0.000769,0.000177,0.001162,0.002188,0.003021,0.003441,0.003305,0.002798,0.002127,0.001455,0.000852,0.000357,-0.000155,-0.000745,-0.001371,-0.001974,-0.002412,-0.002395,-0.001709,-0.000542,0.000562,0.001086,0.000637,-0.000597,-0.001317,-0.001309,-0.001222,-0.001024,-0.000423,0.000671,0.001903,0.002853,0.003245,0.003134,0.002324,0.000889,0.000192,0.000367,0.000834,0.001401,0.001381,0.000772,0.000576,0.000888,0.001034,0.000781,0.000223,0.000013,0.000199,0.000403,0.000283,-0.000162,-0.000765,-0.001251,-0.001457,-0.001300,-0.000916,-0.000574,-0.000592,-0.000862,-0.000962,-0.000756,-0.000561,-0.000696,-0.001128,-0.001378,-0.001366,-0.001257,-0.001208,-0.001063,-0.000625,0.000229,0.001116,0.001533,0.000797,-0.000260,-0.000596,-0.000674,-0.000473,0.000037]
],
	"idxs" : [201,0,214,205,11]
,"hydrophone_pos" : [
	[0.000000,0.000000,0.000000],
	[0.000000,0.000000,0.000000],
	[0.450000,0.000000,0.000000],
	[0.000000,0.450000,0.000000],
	[0.000000,0.000000,-0.450000]
],
	"direction_of_arrival" : [0.635455,0.066890,0.769235]
,	"valid" : [0.000000,-0.000000,-0.000000,-0.000000,-0.000000]
}
dump = {
	"magnitude" : [0.000000,0.029519,0.028542,0.029278,0.027335,0.026580,0.023645,0.043132,0.048682,0.239104,0.268379,0.309774,0.393881,0.790331,2.682859,42.078208,7.905998,1.376877,0.236703,0.255156,0.159030,0.080328,0.125160,0.064150,0.070145,0.043757,0.022386,0.015973,0.014097,0.006817,0.016713,0.049381]
,	"raw_mv" : [
	[-0.763000,-2.289000,-2.289000,0.763000,1.144500,0.763000,-0.381500,-5.722499,-8.392999,-6.867000,-6.104000,-5.722499,-3.052000,-2.670500,-6.485500,-5.722499,-6.104000,-8.392999,-5.722499,-4.196499,-4.959500,-4.578000,-4.959500,-9.919000,-8.392999,-7.630000,-8.774499,-9.919000,-9.537500,-11.826499,-11.826499,-7.630000,-10.300499,-12.589500,-11.826499,-10.300499,-9.919000,-9.919000,-12.971000,-15.641500,-11.063500,-8.774499,-12.208000,-12.589500,-11.063500,-11.826499,-11.826499,-9.156000,-9.919000,-11.063500,-10.682000,-12.589500,-12.208000,-9.919000,-13.734000,-14.496999,-11.063500,-11.063500,-13.352499,-14.878500,-14.878500,-16.785999,-12.589500,-10.300499,-11.444999,-11.826499,-11.826499,-11.826499,-11.063500,-10.300499,-12.589500,-12.589500,-11.063500,-12.208000,-10.300499,-8.774499,-13.352499,-14.878500,-7.630000,-7.630000,-9.919000,-9.156000,-8.774499,-7.630000,-5.722499,-4.959500,-7.248499,-7.248499,-4.578000,-3.815000,-1.526000,-0.381500,-1.144500,1.144500,3.052000,0.381500,-0.381500,4.196499,11.826499,-21.745500,-43.872501,59.513999,63.710502,-65.999504,-49.595001,17.548999,14.496999,17.930500,-16.404500,-14.115500,41.965000,16.785999,-72.103500,-29.375499,54.554500,-64.855003,-104.530998,74.011001,94.611999,100.716003,120.172500,-119.409500,-175.871505,-410.494018,23.271499,1011.738037,-15.260000,-719.509033,-1411.550048,393.326507,2990.578613,-22.889999,-2936.405517,-388.748504,1959.765502,919.033508,-2345.461914,-813.358032,2339.358154,1545.456542,-2429.010498,-1920.471069,1888.043579,2447.322509,-1667.917968,-2553.379638,1375.688964,2540.027099,-1165.482543,-2783.805419,1046.072998,2899.018554,-612.307495,-2974.555664,272.390991,2603.355957,317.026519,-2772.741943,-556.608520,2611.749023,1245.979003,-2776.557128,-1421.468994,2332.109619,1856.760498,-2226.434082,-2018.898071,1914.367065,2445.033447,-1746.888549,-2777.701660,1315.411987,2897.874023,-811.069030,-2979.896484,492.516510,2931.064453,16.404500,-3230.160644,-332.667999,3063.063476,922.848510,-3124.103515,-1209.736572,2714.372558,1857.523559,-2673.933593,-2144.792968,2258.479980,2587.333007,-2047.892089,-2665.540527,1568.346557,2860.487060,-1205.921508,-3134.785644,903.010498,3209.559570,-490.227508,-3259.536132,94.611999,3083.282959,488.320007,-3163.779541,-672.203002,2857.816650,1129.239990,-2891.007080,-1348.221069,2563.679931,2036.065551,-2553.379638,-2218.041015,2050.181152,2503.021484,-1786.182983,-2628.153564,1429.480468,2834.544921,-1217.748046,-2886.047607,770.248535,2966.925537,-267.431518,-3095.490966,-33.571998,2880.324951,441.014007,-2928.394042,-639.393981,2657.147460,1199.436035,-2802.880615,-1362.336547,2436.259033,1876.217041,-2487.380126,-1982.274047,2051.325439,2400.397949,-1991.430053,-2504.166015,1509.977050,2715.517089,-1210.880981,-2778.464599,764.144531,2884.521484,-510.828521,-2933.353515,160.611496,2863.920654,230.807510,-3011.942626,-530.285034,2877.272949],
	[0.000000,0.000000,0.000000,0.000000,0.000000,0.000000,0.000000,0.000000,0.000000,0.000000,0.000000,0.000000,0.000000,0.000000,0.000000,0.000000,0.000000,0.000000,0.000000,0.000000,0.000000,0.000000,0.000000,0.000000,0.000000,0.000000,0.000000,0.000000,0.000000,0.000000,0.000000,0.000000,0.000000,0.000000,0.000000,0.000000,0.000000,0.000000,0.000000,0.000000,0.000000,0.000000,0.000000,0.000000,0.000000,0.000000,0.000000,0.000000,0.000000,0.000000,0.000000,0.000000,0.000000,0.000000,0.000000,0.000000,0.000000,0.000000,0.000000,0.000000,0.000000,0.000000,0.000000,0.000000,0.000000,0.000000,0.000000,0.000000,0.000000,0.000000,0.000000,0.000000,0.000000,0.000000,0.000000,0.000000,0.000000,0.000000,0.000000,0.000000,0.000000,0.000000,0.000000,0.000000,0.000000,0.000000,0.000000,0.000000,0.000000,0.000000,0.000000,0.000000,0.000000,0.000000,0.000000,0.000000,0.000000,0.000000,0.000000,0.000000,0.000000,0.000000,0.000000,0.000000,0.000000,0.000000,0.000000,0.000000,0.000000,0.000000,0.000000,0.000000,0.000000,0.000000,0.000000,0.000000,0.000000,0.000000,0.000000,0.000000,0.000000,0.000000,0.000000,0.000000,0.000000,0.000000,0.000000,0.000000,0.000000,0.000000,0.000000,0.000000,0.000000,0.000000,0.000000,0.000000,0.000000,0.000000,0.000000,0.000000,0.000000,0.000000,0.000000,0.000000,0.000000,0.000000,0.000000,0.000000,0.000000,0.000000,0.000000,0.000000,0.000000,0.000000,0.000000,0.000000,0.000000,0.000000,0.000000,0.000000,0.000000,0.000000,0.000000,0.000000,0.000000,0.000000,0.000000,0.000000,0.000000,0.000000,0.000000,0.000000,0.000000,0.000000,0.000000,0.000000,0.000000,0.000000,0.000000,0.000000,0.000000,0.000000,0.000000,0.000000,0.000000,0.000000,0.000000,0.000000,0.000000,0.000000,0.000000,0.000000,0.000000,0.000000,0.000000,0.000000,0.000000,0.000000,0.000000,0.000000,0.000000,0.000000,0.000000,0.000000,0.000000,0.000000,0.000000,0.000000,0.000000,0.000000,0.000000,0.000000,0.000000,0.000000,0.000000,0.000000,0.000000,0.000000,0.000000,0.000000,0.000000,0.000000,0.000000,0.000000,0.000000,0.000000,0.000000,0.000000,0.000000,0.000000,0.000000,0.000000,0.000000,0.000000,0.000000,0.000000,0.000000,0.000000,0.000000,0.000000,0.000000,0.000000,0.000000,0.000000,0.000000,0.000000,0.000000,0.000000,0.000000,0.000000,0.000000,0.000000,0.000000,0.000000,0.000000,0.000000],
	[-6.790700,-6.561800,-6.638100,-6.714400,-6.714400,-6.714400,-6.790700,-6.332900,-6.638100,-6.790700,-6.638100,-6.638100,-6.714400,-6.561800,-6.409200,-6.561800,-6.409200,-6.256600,-6.256600,-6.332900,-6.180300,-6.332900,-6.332900,-6.027700,-6.256600,-6.256600,-6.180300,-6.027700,-6.104000,-6.104000,-6.104000,-6.256600,-6.180300,-6.409200,-6.638100,-6.485500,-6.485500,-6.561800,-6.485500,-6.409200,-6.561800,-6.714400,-6.485500,-6.561800,-6.485500,-6.332900,-6.561800,-6.638100,-6.561800,-6.561800,-6.638100,-6.638100,-6.638100,-6.638100,-6.332900,-6.561800,-6.790700,-6.638100,-6.638100,-6.714400,-6.638100,-6.485500,-6.561800,-6.485500,-6.638100,-6.714400,-6.638100,-6.714400,-6.714400,-6.867000,-6.485500,-6.714400,-6.714400,-6.561800,-6.638100,-6.638100,-6.561800,-6.638100,-6.561800,-6.561800,-6.714400,-6.485500,-6.638100,-6.714400,-6.714400,-6.561800,-6.638100,-6.714400,-6.561800,-6.714400,-6.561800,-6.638100,-6.638100,-6.561800,-6.485500,-6.638100,-6.638100,-6.638100,-6.714400,-6.790700,-6.790700,-6.790700,-6.714400,-6.638100,-6.561800,-6.714400,-6.790700,-6.638100,-6.638100,-6.714400,-6.409200,-6.714400,-6.790700,-6.790700,-6.561800,-6.714400,-6.638100,-6.485500,-6.638100,-6.714400,-6.638100,-6.638100,-6.638100,-6.714400,-6.714400,-6.714400,-6.714400,-6.714400,-6.561800,-6.714400,-6.790700,-6.638100,-6.485500,-6.485500,-6.714400,-6.714400,-6.714400,-6.561800,-6.714400,-6.485500,-6.409200,-6.485500,-6.561800,-6.943300,-6.790700,-6.714400,-6.714400,-6.867000,-6.943300,-6.638100,-6.638100,-6.714400,-6.638100,-6.638100,-6.638100,-6.638100,-6.638100,-6.561800,-6.485500,-6.485500,-6.332900,-6.332900,-6.256600,-6.409200,-6.409200,-6.180300,-6.104000,-6.180300,-6.180300,-6.027700,-6.104000,-6.104000,-6.180300,-6.256600,-6.180300,-6.180300,-6.332900,-6.332900,-6.561800,-6.485500,-6.485500,-6.485500,-6.485500,-6.561800,-6.561800,-6.485500,-6.409200,-6.485500,-6.638100,-6.638100,-6.714400,-6.409200,-6.561800,-6.561800,-6.485500,-6.485500,-6.561800,-6.561800,-6.638100,-6.485500,-6.485500,-6.638100,-6.638100,-6.714400,-6.714400,-6.714400,-6.638100,-6.638100,-6.714400,-6.638100,-6.790700,-6.714400,-6.638100,-6.638100,-6.561800,-6.867000,-6.638100,-6.638100,-6.485500,-6.714400,-6.638100,-6.714400,-6.790700,-6.561800,-6.485500,-6.638100,-6.638100,-6.714400,-6.714400,-6.638100,-6.638100,-6.790700,-6.561800,-6.561800,-6.561800,-6.638100,-6.638100,-6.714400,-6.790700,-6.790700,-6.638100,-6.638100,-6.714400,-6.867000,-6.638100,-6.714400,-6.638100,-6.790700,-6.638100,-6.561800,-6.638100,-6.714400,-6.714400,-6.714400,-6.561800,-6.714400],
	[-7.248499,-7.248499,-7.630000,-7.630000,-7.630000,-7.630000,-7.630000,-7.630000,-7.630000,-7.630000,-7.248499,-7.248499,-7.248499,-7.248499,-7.630000,-7.248499,-7.248499,-6.867000,-7.248499,-7.248499,-7.248499,-6.867000,-6.867000,-7.248499,-7.248499,-6.867000,-6.867000,-6.867000,-7.248499,-7.248499,-6.867000,-6.867000,-7.248499,-7.248499,-7.248499,-7.248499,-7.248499,-7.248499,-7.248499,-6.867000,-7.248499,-6.867000,-6.867000,-6.867000,-6.867000,-6.867000,-7.248499,-7.248499,-6.867000,-7.248499,-7.248499,-7.248499,-7.248499,-6.867000,-7.248499,-6.867000,-7.248499,-6.867000,-7.248499,-7.248499,-7.248499,-6.867000,-7.248499,-6.867000,-7.248499,-7.248499,-7.248499,-7.248499,-7.248499,-6.867000,-6.867000,-7.248499,-6.867000,-6.867000,-6.867000,-6.867000,-7.248499,-6.867000,-7.248499,-6.867000,-6.867000,-7.248499,-7.248499,-7.248499,-6.867000,-6.867000,-7.248499,-7.248499,-7.248499,-7.248499,-7.248499,-7.248499,-7.248499,-6.867000,-7.248499,-6.867000,-7.248499,-7.248499,-7.248499,-7.248499,-7.248499,-7.248499,-6.867000,-7.248499,-7.630000,-7.630000,-7.248499,-6.867000,-7.248499,-7.630000,-7.248499,-7.248499,-6.867000,-7.248499,-7.248499,-7.248499,-7.630000,-6.867000,-6.485500,-7.630000,-8.011500,-6.867000,-6.485500,-7.248499,-7.630000,-7.630000,-8.011500,-6.867000,-6.485500,-6.867000,-5.722499,-7.248499,-9.919000,-9.537500,-4.959500,-3.433500,-7.248499,-10.300499,-7.630000,-4.578000,-5.341000,-9.919000,-9.919000,-4.578000,-4.578000,-10.682000,-11.444999,-0.763000,-4.959500,-4.959500,-16.785999,-13.734000,-6.104000,7.630000,-6.485500,-17.930500,-13.352499,5.722499,-4.578000,-14.878500,-12.589500,-3.815000,2.289000,-5.722499,-16.023000,-14.115500,9.156000,-5.341000,-18.312000,-13.734000,12.208000,-4.578000,-16.404500,-22.508501,7.630000,8.011500,-11.063500,-27.468000,-4.196499,7.630000,-1.526000,-23.652999,-12.971000,9.537500,3.433500,-21.745500,-23.271499,6.867000,8.011500,-11.826499,-28.993999,4.578000,5.722499,-9.919000,-25.942001,0.000000,3.052000,-2.289000,-24.416000,-8.774499,-0.381500,5.341000,-19.838001,-12.971000,-4.578000,4.196499,-10.300499,-18.312000,-4.959500,4.578000,-14.496999,-15.641500,-3.815000,2.289000,-9.156000,-19.456501,-2.670500,0.000000,-5.341000,-18.312000,-9.919000,1.144500,-3.052000,-13.352499,-11.063500,-4.578000,-1.526000,-13.734000,-12.589500,-4.196499,2.670500,-13.734000,-16.023000,-3.815000,1.907500,-10.300499,-16.785999,-6.485500,2.670500,-8.392999,-17.167499,-6.104000,-0.381500,-5.341000,-14.496999,-6.867000,-4.578000,-4.959500,-13.734000,-8.774499,-3.052000,-0.763000,-14.115500,-13.352499,-4.578000,2.670500],
	[-7.248499,-6.867000,-7.248499,-7.630000,-7.248499,-7.248499,-7.248499,-7.248499,-7.248499,-7.248499,-7.248499,-7.248499,-7.248499,-7.248499,-7.248499,-7.630000,-6.867000,-6.867000,-6.867000,-6.867000,-7.248499,-7.248499,-6.485500,-7.248499,-6.867000,-6.867000,-6.867000,-6.867000,-6.485500,-6.867000,-6.867000,-6.867000,-6.867000,-7.248499,-7.248499,-6.867000,-6.867000,-7.248499,-6.867000,-7.248499,-7.248499,-7.248499,-6.867000,-6.867000,-7.248499,-6.867000,-7.630000,-7.248499,-6.867000,-7.630000,-7.248499,-7.248499,-7.248499,-7.248499,-6.867000,-7.248499,-7.248499,-7.248499,-7.248499,-7.248499,-7.248499,-7.248499,-7.630000,-7.248499,-7.248499,-7.248499,-7.248499,-7.248499,-7.248499,-7.248499,-7.248499,-7.248499,-7.248499,-7.248499,-7.248499,-7.248499,-6.867000,-7.248499,-6.867000,-7.248499,-7.248499,-7.248499,-7.248499,-7.248499,-7.248499,-7.248499,-7.248499,-7.248499,-6.867000,-7.248499,-7.248499,-7.630000,-7.248499,-7.248499,-6.867000,-7.248499,-7.248499,-7.248499,-7.630000,-7.248499,-6.867000,-7.630000,-7.630000,-7.248499,-7.248499,-7.248499,-7.630000,-7.248499,-7.630000,-7.248499,-7.248499,-7.630000,-7.248499,-7.248499,-6.867000,-7.248499,-7.248499,-7.248499,-7.248499,-7.248499,-7.248499,-7.248499,-7.248499,-7.248499,-7.248499,-7.248499,-6.867000,-7.248499,-7.248499,-7.248499,-7.248499,-7.248499,-7.248499,-7.248499,-7.248499,-7.630000,-7.248499,-7.248499,-7.248499,-7.248499,-7.630000,-7.630000,-7.630000,-7.248499,-7.248499,-7.630000,-7.630000,-7.248499,-7.630000,-7.248499,-7.630000,-7.630000,-7.248499,-7.248499,-7.248499,-7.248499,-7.248499,-7.248499,-7.248499,-6.867000,-7.248499,-7.248499,-6.485500,-7.248499,-6.867000,-6.867000,-6.867000,-7.248499,-6.867000,-6.867000,-8.011500,-7.248499,-6.104000,-6.104000,-6.867000,-6.867000,-7.248499,-7.248499,-6.867000,-6.485500,-7.248499,-6.867000,-7.248499,-6.867000,-7.248499,-7.248499,-7.248499,-7.248499,-7.248499,-6.867000,-7.248499,-7.630000,-7.630000,-7.248499,-7.248499,-7.248499,-7.248499,-7.248499,-7.248499,-6.867000,-7.248499,-7.630000,-7.248499,-7.248499,-7.630000,-7.248499,-7.248499,-7.248499,-7.248499,-7.248499,-7.248499,-7.248499,-7.630000,-7.248499,-7.248499,-7.248499,-7.248499,-7.630000,-7.630000,-6.867000,-6.867000,-7.248499,-7.630000,-7.630000,-7.248499,-7.248499,-7.248499,-7.630000,-7.248499,-7.248499,-7.248499,-7.248499,-7.248499,-7.248499,-7.248499,-7.630000,-7.248499,-7.630000,-7.248499,-6.867000,-6.867000,-7.248499,-7.630000,-7.248499,-7.248499,-7.248499,-7.248499,-7.630000,-7.630000,-7.248499,-7.248499,-7.248499,-7.248499,-7.248499,-7.248499,-7.248499]
],
"normalized" : [
	[0.001494,0.000485,0.000485,0.002502,0.002755,0.002502,0.001746,-0.001783,-0.003548,-0.002540,-0.002035,-0.001783,-0.000018,0.000233,-0.002288,-0.001783,-0.002035,-0.003548,-0.001783,-0.000775,-0.001279,-0.001027,-0.001279,-0.004557,-0.003548,-0.003044,-0.003801,-0.004557,-0.004305,-0.005818,-0.005818,-0.003044,-0.004809,-0.006322,-0.005818,-0.004809,-0.004557,-0.004557,-0.006574,-0.008339,-0.005314,-0.003801,-0.006070,-0.006322,-0.005314,-0.005818,-0.005818,-0.004053,-0.004557,-0.005314,-0.005061,-0.006322,-0.006070,-0.004557,-0.007079,-0.007583,-0.005314,-0.005314,-0.006827,-0.007835,-0.007835,-0.009096,-0.006322,-0.004809,-0.005566,-0.005818,-0.005818,-0.005818,-0.005314,-0.004809,-0.006322,-0.006322,-0.005314,-0.006070,-0.004809,-0.003801,-0.006827,-0.007835,-0.003044,-0.003044,-0.004557,-0.004053,-0.003801,-0.003044,-0.001783,-0.001279,-0.002792,-0.002792,-0.001027,-0.000523,0.000989,0.001746,0.001242,0.002755,0.004015,0.002250,0.001746,0.004772,0.009815,-0.012374,-0.026999,0.041335,0.044109,-0.041625,-0.030782,0.013597,0.011580,0.013850,-0.008844,-0.007331,0.029736,0.013093,-0.045659,-0.017417,0.038057,-0.040868,-0.067093,0.050917,0.064534,0.068568,0.081428,-0.076927,-0.114246,-0.269325,0.017380,0.670725,-0.008087,-0.473574,-0.930991,0.261974,1.978676,-0.013131,-1.938872,-0.254951,1.297341,0.609450,-1.548277,-0.535605,1.548240,1.023496,-1.603500,-1.267371,1.249935,1.619601,-1.100442,-1.685704,0.911285,1.680876,-0.768348,-1.838008,0.693419,1.918157,-0.402717,-1.964088,0.182040,1.722734,0.211543,-1.830696,-0.365902,1.728281,0.825551,-1.833217,-0.937547,1.543449,1.229258,-1.469603,-1.332429,1.267334,1.618088,-1.152639,-1.833974,0.871444,1.917401,-0.534092,-1.967618,0.327536,1.939339,0.012841,-2.133035,-0.217884,2.026586,0.611972,-2.062934,-0.797598,1.796112,1.229762,-1.765386,-1.415641,1.494782,1.712143,-1.351593,-1.759839,1.038625,1.892689,-0.795077,-2.069995,0.598859,2.123415,-0.322026,-2.152451,0.064534,2.039950,0.324762,-2.089159,-0.442306,1.890924,0.748390,-1.908865,-0.889132,1.696509,1.347773,-1.685704,-1.464056,1.357103,1.656416,-1.178611,-1.735127,0.946839,1.875542,-0.802894,-1.905587,0.511108,1.963042,-0.174765,-2.044022,-0.020191,1.905802,0.293494,-1.933577,-0.420620,1.758288,0.794787,-1.850616,-0.898462,1.612288,1.242118,-1.642080,-1.308221,1.357859,1.588585,-1.314273,-1.653175,1.000045,1.796869,-0.798355,-1.834478,0.507073,1.908575,-0.335642,-1.936855,0.108157,1.894959,0.154555,-1.988800,-0.348503,1.903784],
	[0.000000,0.000000,0.000000,0.000000,0.000000,0.000000,0.000000,0.000000,0.000000,0.000000,0.000000,0.000000,0.000000,0.000000,0.000000,0.000000,0.000000,0.000000,0.000000,0.000000,0.000000,0.000000,0.000000,0.000000,0.000000,0.000000,0.000000,0.000000,0.000000,0.000000,0.000000,0.000000,0.000000,0.000000,0.000000,0.000000,0.000000,0.000000,0.000000,0.000000,0.000000,0.000000,0.000000,0.000000,0.000000,0.000000,0.000000,0.000000,0.000000,0.000000,0.000000,0.000000,0.000000,0.000000,0.000000,0.000000,0.000000,0.000000,0.000000,0.000000,0.000000,0.000000,0.000000,0.000000,0.000000,0.000000,0.000000,0.000000,0.000000,0.000000,0.000000,0.000000,0.000000,0.000000,0.000000,0.000000,0.000000,0.000000,0.000000,0.000000,0.000000,0.000000,0.000000,0.000000,0.000000,0.000000,0.000000,0.000000,0.000000,0.000000,0.000000,0.000000,0.000000,0.000000,0.000000,0.000000,0.000000,0.000000,0.000000,0.000000,0.000000,0.000000,0.000000,0.000000,0.000000,0.000000,0.000000,0.000000,0.000000,0.000000,0.000000,0.000000,0.000000,0.000000,0.000000,0.000000,0.000000,0.000000,0.000000,0.000000,0.000000,0.000000,0.000000,0.000000,0.000000,0.000000,0.000000,0.000000,0.000000,0.000000,0.000000,0.000000,0.000000,0.000000,0.000000,0.000000,0.000000,0.000000,0.000000,0.000000,0.000000,0.000000,0.000000,0.000000,0.000000,0.000000,0.000000,0.000000,0.000000,0.000000,0.000000,0.000000,0.000000,0.000000,0.000000,0.000000,0.000000,0.000000,0.000000,0.000000,0.000000,0.000000,0.000000,0.000000,0.000000,0.000000,0.000000,0.000000,0.000000,0.000000,0.000000,0.000000,0.000000,0.000000,0.000000,0.000000,0.000000,0.000000,0.000000,0.000000,0.000000,0.000000,0.000000,0.000000,0.000000,0.000000,0.000000,0.000000,0.000000,0.000000,0.000000,0.000000,0.000000,0.000000,0.000000,0.000000,0.000000,0.000000,0.000000,0.000000,0.000000,0.000000,0.000000,0.000000,0.000000,0.000000,0.000000,0.000000,0.000000,0.000000,0.000000,0.000000,0.000000,0.000000,0.000000,0.000000,0.000000,0.000000,0.000000,0.000000,0.000000,0.000000,0.000000,0.000000,0.000000,0.000000,0.000000,0.000000,0.000000,0.000000,0.000000,0.000000,0.000000,0.000000,0.000000,0.000000,0.000000,0.000000,0.000000,0.000000,0.000000,0.000000,0.000000,0.000000,0.000000,0.000000,0.000000,0.000000,0.000000,0.000000,0.000000,0.000000,0.000000,0.000000,0.000000,0.000000],
	[-1.208590,0.071627,-0.355111,-0.781851,-0.781851,-0.781851,-1.208590,1.351843,-0.355111,-1.208590,-0.355111,-0.355111,-0.781851,0.071627,0.925103,0.071627,0.925103,1.778580,1.778580,1.351843,2.205319,1.351843,1.351843,3.058795,1.778580,1.778580,2.205319,3.058795,2.632059,2.632059,2.632059,1.778580,2.205319,0.925103,-0.355111,0.498364,0.498364,0.071627,0.498364,0.925103,0.071627,-0.781851,0.498364,0.071627,0.498364,1.351843,0.071627,-0.355111,0.071627,0.071627,-0.355111,-0.355111,-0.355111,-0.355111,1.351843,0.071627,-1.208590,-0.355111,-0.355111,-0.781851,-0.355111,0.498364,0.071627,0.498364,-0.355111,-0.781851,-0.355111,-0.781851,-0.781851,-1.635327,0.498364,-0.781851,-0.781851,0.071627,-0.355111,-0.355111,0.071627,-0.355111,0.071627,0.071627,-0.781851,0.498364,-0.355111,-0.781851,-0.781851,0.071627,-0.355111,-0.781851,0.071627,-0.781851,0.071627,-0.355111,-0.355111,0.071627,0.498364,-0.355111,-0.355111,-0.355111,-0.781851,-1.208590,-1.208590,-1.208590,-0.781851,-0.355111,0.071627,-0.781851,-1.208590,-0.355111,-0.355111,-0.781851,0.925103,-0.781851,-1.208590,-1.208590,0.071627,-0.781851,-0.355111,0.498364,-0.355111,-0.781851,-0.355111,-0.355111,-0.355111,-0.781851,-0.781851,-0.781851,-0.781851,-0.781851,0.071627,-0.781851,-1.208590,-0.355111,0.498364,0.498364,-0.781851,-0.781851,-0.781851,0.071627,-0.781851,0.498364,0.925103,0.498364,0.071627,-2.062066,-1.208590,-0.781851,-0.781851,-1.635327,-2.062066,-0.355111,-0.355111,-0.781851,-0.355111,-0.355111,-0.355111,-0.355111,-0.355111,0.071627,0.498364,0.498364,1.351843,1.351843,1.778580,0.925103,0.925103,2.205319,2.632059,2.205319,2.205319,3.058795,2.632059,2.632059,2.205319,1.778580,2.205319,2.205319,1.351843,1.351843,0.071627,0.498364,0.498364,0.498364,0.498364,0.071627,0.071627,0.498364,0.925103,0.498364,-0.355111,-0.355111,-0.781851,0.925103,0.071627,0.071627,0.498364,0.498364,0.071627,0.071627,-0.355111,0.498364,0.498364,-0.355111,-0.355111,-0.781851,-0.781851,-0.781851,-0.355111,-0.355111,-0.781851,-0.355111,-1.208590,-0.781851,-0.355111,-0.355111,0.071627,-1.635327,-0.355111,-0.355111,0.498364,-0.781851,-0.355111,-0.781851,-1.208590,0.071627,0.498364,-0.355111,-0.355111,-0.781851,-0.781851,-0.355111,-0.355111,-1.208590,0.071627,0.071627,0.071627,-0.355111,-0.355111,-0.781851,-1.208590,-1.208590,-0.355111,-0.355111,-0.781851,-1.635327,-0.355111,-0.781851,-0.355111,-1.208590,-0.355111,0.071627,-0.355111,-0.781851,-0.781851,-0.781851,0.071627,-0.781851],
	[-0.013795,-0.013795,-0.076856,-0.076856,-0.076856,-0.076856,-0.076856,-0.076856,-0.076856,-0.076856,-0.013795,-0.013795,-0.013795,-0.013795,-0.076856,-0.013795,-0.013795,0.049265,-0.013795,-0.013795,-0.013795,0.049265,0.049265,-0.013795,-0.013795,0.049265,0.049265,0.049265,-0.013795,-0.013795,0.049265,0.049265,-0.013795,-0.013795,-0.013795,-0.013795,-0.013795,-0.013795,-0.013795,0.049265,-0.013795,0.049265,0.049265,0.049265,0.049265,0.049265,-0.013795,-0.013795,0.049265,-0.013795,-0.013795,-0.013795,-0.013795,0.049265,-0.013795,0.049265,-0.013795,0.049265,-0.013795,-0.013795,-0.013795,0.049265,-0.013795,0.049265,-0.013795,-0.013795,-0.013795,-0.013795,-0.013795,0.049265,0.049265,-0.013795,0.049265,0.049265,0.049265,0.049265,-0.013795,0.049265,-0.013795,0.049265,0.049265,-0.013795,-0.013795,-0.013795,0.049265,0.049265,-0.013795,-0.013795,-0.013795,-0.013795,-0.013795,-0.013795,-0.013795,0.049265,-0.013795,0.049265,-0.013795,-0.013795,-0.013795,-0.013795,-0.013795,-0.013795,0.049265,-0.013795,-0.076856,-0.076856,-0.013795,0.049265,-0.013795,-0.076856,-0.013795,-0.013795,0.049265,-0.013795,-0.013795,-0.013795,-0.076856,0.049265,0.112325,-0.076856,-0.139916,0.049265,0.112325,-0.013795,-0.076856,-0.076856,-0.139916,0.049265,0.112325,0.049265,0.238447,-0.013795,-0.455220,-0.392159,0.364568,0.616811,-0.013795,-0.518281,-0.076856,0.427629,0.301508,-0.455220,-0.455220,0.427629,0.427629,-0.581341,-0.707463,1.058236,0.364568,0.364568,-1.590312,-1.085827,0.175386,2.445572,0.112325,-1.779495,-1.022766,2.130268,0.427629,-1.275009,-0.896645,0.553750,1.562722,0.238447,-1.464191,-1.148888,2.697814,0.301508,-1.842556,-1.085827,3.202300,0.427629,-1.527252,-2.536223,2.445572,2.508632,-0.644402,-3.356012,0.490690,2.445572,0.932115,-2.725405,-0.959706,2.760875,1.751904,-2.410102,-2.662344,2.319450,2.508632,-0.770523,-3.608255,1.941086,2.130268,-0.455220,-3.103770,1.184358,1.688843,0.805993,-2.851527,-0.266038,1.121297,2.067207,-2.094799,-0.959706,0.427629,1.878025,-0.518281,-1.842556,0.364568,1.941086,-1.211948,-1.401131,0.553750,1.562722,-0.329098,-2.031738,0.742933,1.184358,0.301508,-1.842556,-0.455220,1.373540,0.679872,-1.022766,-0.644402,0.427629,0.932115,-1.085827,-0.896645,0.490690,1.625782,-1.085827,-1.464191,0.553750,1.499661,-0.518281,-1.590312,0.112325,1.625782,-0.202977,-1.653373,0.175386,1.121297,0.301508,-1.211948,0.049265,0.427629,0.364568,-1.085827,-0.266038,0.679872,1.058236,-1.148888,-1.022766,0.427629,1.625782],
	[-0.121189,1.356260,-0.121189,-1.598640,-0.121189,-0.121189,-0.121189,-0.121189,-0.121189,-0.121189,-0.121189,-0.121189,-0.121189,-0.121189,-0.121189,-1.598640,1.356260,1.356260,1.356260,1.356260,-0.121189,-0.121189,2.833709,-0.121189,1.356260,1.356260,1.356260,1.356260,2.833709,1.356260,1.356260,1.356260,1.356260,-0.121189,-0.121189,1.356260,1.356260,-0.121189,1.356260,-0.121189,-0.121189,-0.121189,1.356260,1.356260,-0.121189,1.356260,-1.598640,-0.121189,1.356260,-1.598640,-0.121189,-0.121189,-0.121189,-0.121189,1.356260,-0.121189,-0.121189,-0.121189,-0.121189,-0.121189,-0.121189,-0.121189,-1.598640,-0.121189,-0.121189,-0.121189,-0.121189,-0.121189,-0.121189,-0.121189,-0.121189,-0.121189,-0.121189,-0.121189,-0.121189,-0.121189,1.356260,-0.121189,1.356260,-0.121189,-0.121189,-0.121189,-0.121189,-0.121189,-0.121189,-0.121189,-0.121189,-0.121189,1.356260,-0.121189,-0.121189,-1.598640,-0.121189,-0.121189,1.356260,-0.121189,-0.121189,-0.121189,-1.598640,-0.121189,1.356260,-1.598640,-1.598640,-0.121189,-0.121189,-0.121189,-1.598640,-0.121189,-1.598640,-0.121189,-0.121189,-1.598640,-0.121189,-0.121189,1.356260,-0.121189,-0.121189,-0.121189,-0.121189,-0.121189,-0.121189,-0.121189,-0.121189,-0.121189,-0.121189,-0.121189,1.356260,-0.121189,-0.121189,-0.121189,-0.121189,-0.121189,-0.121189,-0.121189,-0.121189,-1.598640,-0.121189,-0.121189,-0.121189,-0.121189,-1.598640,-1.598640,-1.598640,-0.121189,-0.121189,-1.598640,-1.598640,-0.121189,-1.598640,-0.121189,-1.598640,-1.598640,-0.121189,-0.121189,-0.121189,-0.121189,-0.121189,-0.121189,-0.121189,1.356260,-0.121189,-0.121189,2.833709,-0.121189,1.356260,1.356260,1.356260,-0.121189,1.356260,1.356260,-3.076092,-0.121189,4.311161,4.311161,1.356260,1.356260,-0.121189,-0.121189,1.356260,2.833709,-0.121189,1.356260,-0.121189,1.356260,-0.121189,-0.121189,-0.121189,-0.121189,-0.121189,1.356260,-0.121189,-1.598640,-1.598640,-0.121189,-0.121189,-0.121189,-0.121189,-0.121189,-0.121189,1.356260,-0.121189,-1.598640,-0.121189,-0.121189,-1.598640,-0.121189,-0.121189,-0.121189,-0.121189,-0.121189,-0.121189,-0.121189,-1.598640,-0.121189,-0.121189,-0.121189,-0.121189,-1.598640,-1.598640,1.356260,1.356260,-0.121189,-1.598640,-1.598640,-0.121189,-0.121189,-0.121189,-1.598640,-0.121189,-0.121189,-0.121189,-0.121189,-0.121189,-0.121189,-0.121189,-1.598640,-0.121189,-1.598640,-0.121189,1.356260,1.356260,-0.121189,-1.598640,-0.121189,-0.121189,-0.121189,-0.121189,-1.598640,-1.598640,-0.121189,-0.121189,-0.121189,-0.121189,-0.121189,-0.121189,-0.121189]
],
"cwt" : [
	[0.481505,0.296155,0.151864,0.063839,0.021803,0.005734,0.000619,0.000580,0.000584,0.000356,0.000068,0.000306,0.000417,0.000450,0.000401,0.000125,0.000289,0.000412,0.000301,0.000196,0.000075,0.000266,0.000571,0.000598,0.000422,0.000305,0.000244,0.000038,0.000315,0.000521,0.000578,0.000648,0.000725,0.000649,0.000473,0.000406,0.000460,0.000629,0.000873,0.000978,0.000892,0.000767,0.000647,0.000427,0.000150,0.000180,0.000258,0.000279,0.000251,0.000138,0.000205,0.000345,0.000403,0.000513,0.000671,0.000725,0.000637,0.000514,0.000389,0.000228,0.000355,0.000585,0.000610,0.000506,0.000392,0.000264,0.000165,0.000219,0.000257,0.000276,0.000292,0.000209,0.000053,0.000338,0.000587,0.000821,0.001056,0.001165,0.001040,0.000781,0.000550,0.000362,0.000216,0.000307,0.000417,0.000444,0.000457,0.000430,0.000294,0.000200,0.000238,0.000230,0.000333,0.000571,0.000905,0.001543,0.002890,0.005282,0.008804,0.013147,0.017580,0.021071,0.022573,0.021516,0.018250,0.014066,0.010677,0.009332,0.010002,0.012001,0.014610,0.016969,0.018633,0.020278,0.022995,0.025893,0.025911,0.020695,0.011735,0.011241,0.024873,0.049776,0.091066,0.144670,0.200077,0.252014,0.312291,0.404309,0.533038,0.672706,0.786647,0.850038,0.861694,0.841679,0.817304,0.807925,0.818945,0.845436,0.878793,0.911298,0.937844,0.956590,0.968444,0.974788,0.975997,0.972932,0.968771,0.967673,0.971451,0.978116,0.983376,0.982919,0.974102,0.957540,0.937911,0.922004,0.914787,0.917272,0.927496,0.941986,0.956221,0.965914,0.969573,0.969463,0.969454,0.972419,0.979669,0.991215,1.005172,1.017645,1.024778,1.025279,1.020688,1.013908,1.008260,1.007009,1.011948,1.021963,1.033758,1.044286,1.052166,1.057277,1.060282,1.062810,1.066878,1.073206,1.080425,1.086272,1.089061,1.087989,1.083199,1.076475,1.071159,1.070091,1.073284,1.078015,1.081028,1.080281,1.075273,1.066955,1.057458,1.048826,1.041523,1.034770,1.028432,1.023819,1.022554,1.025443,1.032383,1.042115,1.051515,1.056524,1.055083,1.048765,1.040992,1.034250,1.029274,1.025723,1.022589,1.018702,1.013891,1.009290,1.005646,1.001867,0.996227,0.988532,0.980194,0.972836,0.967809,0.966461,0.969442,0.975703,0.983180,0.990536,0.997529,1.003936,1.009198,1.013146,1.016088,1.017813,1.017212,1.013348,1.006620,0.998586,0.990854,0.984330,0.979252,0.975493,0.972683,0.970357,0.968093,0.963931,0.949801,0.908024,0.817190,0.668798],
	[0.000000,0.000000,0.000000,0.000000,0.000000,0.000000,0.000000,0.000000,0.000000,0.000000,0.000000,0.000000,0.000000,0.000000,0.000000,0.000000,0.000000,0.000000,0.000000,0.000000,0.000000,0.000000,0.000000,0.000000,0.000000,0.000000,0.000000,0.000000,0.000000,0.000000,0.000000,0.000000,0.000000,0.000000,0.000000,0.000000,0.000000,0.000000,0.000000,0.000000,0.000000,0.000000,0.000000,0.000000,0.000000,0.000000,0.000000,0.000000,0.000000,0.000000,0.000000,0.000000,0.000000,0.000000,0.000000,0.000000,0.000000,0.000000,0.000000,0.000000,0.000000,0.000000,0.000000,0.000000,0.000000,0.000000,0.000000,0.000000,0.000000,0.000000,0.000000,0.000000,0.000000,0.000000,0.000000,0.000000,0.000000,0.000000,0.000000,0.000000,0.000000,0.000000,0.000000,0.000000,0.000000,0.000000,0.000000,0.000000,0.000000,0.000000,0.000000,0.000000,0.000000,0.000000,0.000000,0.000000,0.000000,0.000000,0.000000,0.000000,0.000000,0.000000,0.000000,0.000000,0.000000,0.000000,0.000000,0.000000,0.000000,0.000000,0.000000,0.000000,0.000000,0.000000,0.000000,0.000000,0.000000,0.000000,0.000000,0.000000,0.000000,0.000000,0.000000,0.000000,0.000000,0.000000,0.000000,0.000000,0.000000,0.000000,0.000000,0.000000,0.000000,0.000000,0.000000,0.000000,0.000000,0.000000,0.000000,0.000000,0.000000,0.000000,0.000000,0.000000,0.000000,0.000000,0.000000,0.000000,0.000000,0.000000,0.000000,0.000000,0.000000,0.000000,0.000000,0.000000,0.000000,0.000000,0.000000,0.000000,0.000000,0.000000,0.000000,0.000000,0.000000,0.000000,0.000000,0.000000,0.000000,0.000000,0.000000,0.000000,0.000000,0.000000,0.000000,0.000000,0.000000,0.000000,0.000000,0.000000,0.000000,0.000000,0.000000,0.000000,0.000000,0.000000,0.000000,0.000000,0.000000,0.000000,0.000000,0.000000,0.000000,0.000000,0.000000,0.000000,0.000000,0.000000,0.000000,0.000000,0.000000,0.000000,0.000000,0.000000,0.000000,0.000000,0.000000,0.000000,0.000000,0.000000,0.000000,0.000000,0.000000,0.000000,0.000000,0.000000,0.000000,0.000000,0.000000,0.000000,0.000000,0.000000,0.000000,0.000000,0.000000,0.000000,0.000000,0.000000,0.000000,0.000000,0.000000,0.000000,0.000000,0.000000,0.000000,0.000000,0.000000,0.000000,0.000000,0.000000,0.000000,0.000000,0.000000,0.000000,0.000000,0.000000,0.000000,0.000000,0.000000,0.000000,0.000000,0.000000,0.000000,0.000000,0.000000,0.000000],
	[0.270074,0.246317,0.187602,0.107157,0.117469,0.265647,0.404556,0.469546,0.446782,0.353928,0.221468,0.133978,0.182138,0.219165,0.204409,0.209949,0.239981,0.215418,0.119092,0.028343,0.117650,0.202775,0.283164,0.324063,0.310931,0.281866,0.255270,0.201627,0.112455,0.038327,0.028509,0.108331,0.238570,0.321192,0.307642,0.223152,0.139927,0.140232,0.208730,0.274610,0.291978,0.237293,0.119556,0.045758,0.182530,0.275214,0.292081,0.246092,0.182654,0.136338,0.107713,0.134439,0.234592,0.350792,0.432541,0.440464,0.364535,0.243451,0.161530,0.166251,0.173649,0.142759,0.111673,0.136431,0.163147,0.154191,0.145100,0.183776,0.243613,0.274467,0.260025,0.221241,0.177560,0.129449,0.082777,0.046314,0.018828,0.035855,0.076542,0.114962,0.155016,0.203177,0.242882,0.253582,0.233278,0.193888,0.147042,0.094754,0.041076,0.020042,0.052200,0.096332,0.144735,0.178104,0.179147,0.144026,0.096972,0.088789,0.101666,0.090670,0.070219,0.094188,0.152521,0.210072,0.249078,0.254050,0.207483,0.104617,0.072285,0.216196,0.332755,0.388071,0.374268,0.301079,0.198497,0.144893,0.190428,0.235703,0.238609,0.207198,0.162868,0.124656,0.098082,0.072320,0.030445,0.034488,0.110793,0.183021,0.247249,0.306748,0.353772,0.377672,0.377072,0.353796,0.309584,0.246354,0.167550,0.120765,0.181218,0.251567,0.289376,0.335837,0.400625,0.432435,0.411078,0.373900,0.367473,0.390077,0.392751,0.337395,0.240517,0.154003,0.101584,0.068351,0.055214,0.065147,0.077071,0.060803,0.017991,0.069276,0.129791,0.183897,0.235996,0.285727,0.326132,0.329310,0.278343,0.205505,0.174276,0.167523,0.137326,0.116180,0.123353,0.136292,0.152238,0.145612,0.125939,0.142153,0.155691,0.134027,0.100454,0.087976,0.109283,0.143268,0.175143,0.203258,0.221474,0.223489,0.225743,0.247475,0.264270,0.246775,0.199955,0.156210,0.139674,0.134043,0.133036,0.152227,0.183759,0.205672,0.195542,0.141969,0.063483,0.033187,0.074876,0.092969,0.084707,0.052910,0.019466,0.080945,0.135733,0.160975,0.180073,0.221893,0.273568,0.304216,0.299007,0.263449,0.201987,0.108893,0.048557,0.170651,0.269980,0.303517,0.268867,0.191109,0.119316,0.112570,0.138260,0.160740,0.193204,0.223246,0.221125,0.179357,0.112181,0.040939,0.062222,0.137699,0.200518,0.240336,0.261705,0.274797,0.279275,0.263635,0.227992,0.196576,0.194440,0.216397,0.233034,0.225093,0.199965,0.181941,0.189619,0.212897,0.236892,0.260358],
	[0.373788,0.233275,0.118082,0.047069,0.014845,0.003795,0.001155,0.003823,0.007421,0.009759,0.009002,0.007083,0.008016,0.010913,0.013376,0.014569,0.014887,0.015270,0.015931,0.016842,0.018275,0.019989,0.020949,0.020669,0.019566,0.018250,0.017495,0.018043,0.019534,0.020662,0.020329,0.018096,0.014220,0.009530,0.005456,0.003575,0.004319,0.006197,0.006986,0.006148,0.005879,0.006278,0.004143,0.001186,0.007368,0.012333,0.014886,0.015171,0.014038,0.012008,0.009738,0.008526,0.007911,0.006391,0.004332,0.003434,0.004856,0.007887,0.010765,0.011792,0.010155,0.006162,0.001616,0.004064,0.005796,0.003864,0.001118,0.007195,0.012300,0.015048,0.015214,0.013872,0.011965,0.009844,0.008457,0.007197,0.004497,0.002824,0.007299,0.012370,0.015648,0.016545,0.016602,0.017413,0.018128,0.017063,0.013805,0.009329,0.005382,0.003616,0.004358,0.006082,0.006540,0.004458,0.001327,0.004462,0.006508,0.005638,0.003341,0.004609,0.009465,0.015419,0.021004,0.024877,0.027002,0.028283,0.028972,0.028600,0.026703,0.023145,0.018764,0.015084,0.011649,0.006534,0.007708,0.019716,0.033638,0.046666,0.056881,0.062850,0.063813,0.059553,0.049931,0.035544,0.021522,0.021372,0.026786,0.019554,0.006559,0.049272,0.101329,0.153820,0.200308,0.236769,0.260238,0.270000,0.269141,0.263416,0.259222,0.261825,0.272832,0.289763,0.310417,0.336119,0.367659,0.398210,0.414444,0.412353,0.417263,0.470156,0.575141,0.703257,0.827814,0.927735,0.988807,1.008733,0.992067,0.942731,0.866742,0.780923,0.714950,0.697802,0.738427,0.824248,0.930798,1.031682,1.111524,1.171899,1.222172,1.265376,1.298420,1.326744,1.366777,1.423636,1.478476,1.508960,1.509247,1.485892,1.450233,1.420148,1.414132,1.436443,1.476867,1.524848,1.574208,1.615758,1.638842,1.643636,1.639164,1.626274,1.595621,1.543304,1.476572,1.404151,1.329670,1.257157,1.195459,1.149951,1.115851,1.087450,1.064037,1.040026,1.004475,0.959045,0.923845,0.915002,0.924727,0.934277,0.934624,0.926445,0.911203,0.891733,0.876522,0.871895,0.870843,0.859953,0.836625,0.812563,0.798609,0.789687,0.770155,0.730551,0.675446,0.620264,0.582714,0.573235,0.591244,0.629370,0.679625,0.734485,0.783735,0.816310,0.827946,0.824726,0.817188,0.811907,0.809357,0.806413,0.797890,0.777765,0.742393,0.693330,0.635736,0.574454,0.514786,0.466210,0.440206,0.442393,0.468877,0.511012,0.560383,0.607421,0.638916,0.639726,0.596809,0.504713],
	[0.352965,0.459968,0.502012,0.460946,0.353302,0.222686,0.114502,0.049529,0.019331,0.007495,0.017128,0.052798,0.121363,0.230676,0.362037,0.453045,0.438880,0.331090,0.274603,0.366434,0.465403,0.492258,0.432514,0.317064,0.199936,0.102281,0.118297,0.225825,0.280048,0.254089,0.212556,0.255489,0.346238,0.414438,0.432339,0.389144,0.282501,0.148141,0.149207,0.256429,0.330395,0.357158,0.321635,0.202305,0.097947,0.263668,0.402866,0.454489,0.445401,0.385585,0.269552,0.134141,0.129297,0.224351,0.272606,0.250241,0.175328,0.085629,0.021258,0.085452,0.173903,0.252313,0.283479,0.251304,0.177666,0.100891,0.045690,0.015555,0.003600,0.002295,0.005175,0.014356,0.039464,0.085097,0.135281,0.152650,0.106816,0.031003,0.107084,0.153853,0.135316,0.083039,0.035391,0.008736,0.040693,0.101414,0.182826,0.262382,0.312756,0.326512,0.323113,0.320228,0.318079,0.308883,0.264418,0.150155,0.069144,0.273149,0.463388,0.598867,0.671397,0.672128,0.602694,0.494225,0.384830,0.281177,0.166841,0.081162,0.150626,0.235301,0.298597,0.340325,0.352236,0.344460,0.320280,0.264970,0.182762,0.101336,0.044611,0.016662,0.008955,0.016451,0.044254,0.100584,0.179124,0.251808,0.282281,0.252456,0.178463,0.097483,0.038314,0.038690,0.097890,0.178366,0.252510,0.283304,0.253212,0.188369,0.172314,0.235198,0.302918,0.357519,0.407168,0.441460,0.445440,0.406475,0.315386,0.192129,0.113900,0.178946,0.280509,0.328834,0.291727,0.195703,0.092080,0.009564,0.081377,0.172887,0.251035,0.302621,0.356546,0.404937,0.387629,0.314572,0.277231,0.289347,0.314270,0.431776,0.699457,1.037301,1.323964,1.449664,1.353338,1.049693,0.630969,0.267918,0.309621,0.495535,0.577987,0.539680,0.415811,0.283573,0.209579,0.191563,0.170749,0.100199,0.047588,0.189246,0.345272,0.479116,0.555115,0.550327,0.471458,0.348427,0.219545,0.126530,0.132012,0.226780,0.350630,0.456598,0.495350,0.447897,0.356352,0.299450,0.283552,0.247345,0.179538,0.113846,0.086262,0.114056,0.182757,0.253831,0.284541,0.257592,0.213180,0.263896,0.422584,0.598824,0.726172,0.769936,0.735104,0.659360,0.578726,0.502848,0.436482,0.391829,0.365011,0.331294,0.269896,0.187334,0.114430,0.082274,0.098259,0.133784,0.136792,0.059500,0.110826,0.313948,0.483036,0.578553,0.605326,0.575456,0.489887,0.361474,0.238244,0.218680,0.306683,0.383804,0.389159,0.318438,0.209334,0.110380,0.048214,0.046844,0.113417,0.223173]
],
"envelope_edge" : [
	[0.010698,0.010384,0.009628,0.008708,0.007856,0.007166,0.006619,0.006183,0.005827,0.005518,0.005243,0.004994,0.004772,0.004566,0.004378,0.004200,0.004032,0.003877,0.003730,0.003590,0.003455,0.003326,0.003205,0.003090,0.002978,0.002869,0.002765,0.002662,0.002562,0.002467,0.002375,0.002285,0.002199,0.002114,0.002031,0.001948,0.001866,0.001787,0.001711,0.001637,0.001564,0.001492,0.001421,0.001350,0.001279,0.001208,0.001139,0.001072,0.001005,0.000938,0.000871,0.000806,0.000741,0.000677,0.000614,0.000552,0.000490,0.000428,0.000366,0.000303,0.000239,0.000178,0.000117,0.000056,-0.000004,-0.000066,-0.000129,-0.000191,-0.000254,-0.000316,-0.000379,-0.000441,-0.000506,-0.000571,-0.000635,-0.000699,-0.000762,-0.000825,-0.000888,-0.000953,-0.001020,-0.001089,-0.001159,-0.001231,-0.001301,-0.001373,-0.001446,-0.001520,-0.001596,-0.001675,-0.001755,-0.001838,-0.001924,-0.002012,-0.002104,-0.002201,-0.002302,-0.002405,-0.002505,-0.002597,-0.002678,-0.002747,-0.002809,-0.002875,-0.002956,-0.003062,-0.003192,-0.003338,-0.003489,-0.003639,-0.003787,-0.003934,-0.004087,-0.004254,-0.004431,-0.004604,-0.004779,-0.004984,-0.005283,-0.005700,-0.006155,-0.006632,-0.007103,-0.007490,-0.007792,-0.008092,-0.008487,-0.008908,-0.009107,-0.008883,-0.008253,-0.007420,-0.006651,-0.006137,-0.005910,-0.005875,-0.005897,-0.005876,-0.005767,-0.005573,-0.005318,-0.005038,-0.004760,-0.004494,-0.004249,-0.004040,-0.003881,-0.003762,-0.003648,-0.003506,-0.003324,-0.003114,-0.002909,-0.002753,-0.002681,-0.002693,-0.002756,-0.002825,-0.002863,-0.002850,-0.002780,-0.002670,-0.002558,-0.002474,-0.002427,-0.002403,-0.002384,-0.002348,-0.002272,-0.002148,-0.001993,-0.001838,-0.001712,-0.001631,-0.001596,-0.001594,-0.001600,-0.001580,-0.001522,-0.001431,-0.001322,-0.001210,-0.001106,-0.001018,-0.000940,-0.000854,-0.000747,-0.000614,-0.000467,-0.000318,-0.000185,-0.000084,-0.000020,0.000028,0.000090,0.000185,0.000312,0.000455,0.000595,0.000715,0.000806,0.000873,0.000929,0.000977,0.001011,0.001027,0.001031,0.001038,0.001063,0.001126,0.001237,0.001390,0.001550,0.001688,0.001794,0.001876,0.001949,0.002024,0.002107,0.002195,0.002280,0.002356,0.002434,0.002522,0.002615,0.002697,0.002757,0.002796,0.002816,0.002827,0.002846,0.002888,0.002960,0.003057,0.003173,0.003309,0.003463,0.003631,0.003811,0.004010,0.004225,0.004450,0.004670,0.004879,0.005081,0.005286,0.005504,0.005748,0.006027,0.006355,0.006752,0.007260,0.007934,0.008787,0.009705,0.010435],
	[0.000000,0.000000,0.000000,0.000000,0.000000,0.000000,0.000000,0.000000,0.000000,0.000000,0.000000,0.000000,0.000000,0.000000,0.000000,0.000000,0.000000,0.000000,0.000000,0.000000,0.000000,0.000000,0.000000,0.000000,0.000000,0.000000,0.000000,0.000000,0.000000,0.000000,0.000000,0.000000,0.000000,0.000000,0.000000,0.000000,0.000000,0.000000,0.000000,0.000000,0.000000,0.000000,0.000000,0.000000,0.000000,0.000000,0.000000,0.000000,0.000000,0.000000,0.000000,0.000000,0.000000,0.000000,0.000000,0.000000,0.000000,0.000000,0.000000,0.000000,0.000000,0.000000,0.000000,0.000000,0.000000,0.000000,0.000000,0.000000,0.000000,0.000000,0.000000,0.000000,0.000000,0.000000,0.000000,0.000000,0.000000,0.000000,0.000000,0.000000,0.000000,0.000000,0.000000,0.000000,0.000000,0.000000,0.000000,0.000000,0.000000,0.000000,0.000000,0.000000,0.000000,0.000000,0.000000,0.000000,0.000000,0.000000,0.000000,0.000000,0.000000,0.000000,0.000000,0.000000,0.000000,0.000000,0.000000,0.000000,0.000000,0.000000,0.000000,0.000000,0.000000,0.000000,0.000000,0.000000,0.000000,0.000000,0.000000,0.000000,0.000000,0.000000,0.000000,0.000000,0.000000,0.000000,0.000000,0.000000,0.000000,0.000000,0.000000,0.000000,0.000000,0.000000,0.000000,0.000000,0.000000,0.000000,0.000000,0.000000,0.000000,0.000000,0.000000,0.000000,0.000000,0.000000,0.000000,0.000000,0.000000,0.000000,0.000000,0.000000,0.000000,0.000000,0.000000,0.000000,0.000000,0.000000,0.000000,0.000000,0.000000,0.000000,0.000000,0.000000,0.000000,0.000000,0.000000,0.000000,0.000000,0.000000,0.000000,0.000000,0.000000,0.000000,0.000000,0.000000,0.000000,0.000000,0.000000,0.000000,0.000000,0.000000,0.000000,0.000000,0.000000,0.000000,0.000000,0.000000,0.000000,0.000000,0.000000,0.000000,0.000000,0.000000,0.000000,0.000000,0.000000,0.000000,0.000000,0.000000,0.000000,0.000000,0.000000,0.000000,0.000000,0.000000,0.000000,0.000000,0.000000,0.000000,0.000000,0.000000,0.000000,0.000000,0.000000,0.000000,0.000000,0.000000,0.000000,0.000000,0.000000,0.000000,0.000000,0.000000,0.000000,0.000000,0.000000,0.000000,0.000000,0.000000,0.000000,0.000000,0.000000,0.000000,0.000000,0.000000,0.000000,0.000000,0.000000,0.000000,0.000000,0.000000,0.000000,0.000000,0.000000,0.000000,0.000000,0.000000,0.000000,0.000000,0.000000,0.000000,0.000000,0.000000,0.000000,0.000000],
	[-0.000096,0.000184,0.000328,-0.000127,-0.001220,-0.001806,-0.001283,-0.000340,0.000751,0.001422,0.001572,0.000757,0.000159,0.000278,0.000378,0.000196,0.000410,0.000817,0.001014,0.000036,-0.000879,-0.000906,-0.000756,-0.000144,0.000335,0.000649,0.000878,0.001176,0.001116,0.000553,-0.000358,-0.001127,-0.001183,-0.000484,0.000354,0.000748,0.000426,-0.000258,-0.000528,-0.000291,0.000335,0.000864,0.000936,-0.000242,-0.001034,-0.000505,0.000054,0.000566,0.000531,0.000319,-0.000209,-0.000883,-0.001330,-0.001086,-0.000374,0.000683,0.001491,0.001739,0.001238,0.000834,0.000830,0.000870,0.000519,0.000190,0.000214,0.000275,0.000028,-0.000231,-0.000128,0.000321,0.000773,0.001060,0.001173,0.001193,0.001022,0.000769,0.000317,-0.000192,-0.000471,-0.000590,-0.000652,-0.000573,-0.000274,0.000162,0.000551,0.000803,0.000898,0.000859,0.000577,0.000021,-0.000442,-0.000624,-0.000631,-0.000371,-0.000046,0.000205,0.000075,-0.000221,-0.000337,-0.000338,-0.000639,-0.001069,-0.001271,-0.001152,-0.000837,-0.000355,0.000054,-0.000041,-0.001199,-0.001854,-0.001384,-0.000654,0.000217,0.000763,0.000811,0.000174,-0.000255,-0.000097,0.000244,0.000494,0.000538,0.000412,0.000219,0.000038,-0.000344,-0.001128,-0.001631,-0.001723,-0.001687,-0.001491,-0.001137,-0.000676,-0.000203,0.000218,0.000541,0.000680,0.000509,-0.000247,-0.000941,-0.000973,-0.000933,-0.000921,-0.000678,-0.000070,0.000444,0.000650,0.000637,0.000863,0.001404,0.002022,0.002243,0.002062,0.001683,0.001330,0.000890,0.000605,0.000444,0.000469,-0.000047,-0.000686,-0.000820,-0.000881,-0.000768,-0.000563,-0.000114,0.000494,0.001018,0.001066,0.000837,0.000793,0.000774,0.000516,0.000302,0.000197,0.000212,0.000331,0.000215,0.000060,0.000195,0.000322,0.000206,-0.000127,-0.000433,-0.000563,-0.000571,-0.000490,-0.000328,-0.000178,-0.000154,-0.000083,0.000211,0.000587,0.000768,0.000664,0.000455,0.000317,0.000136,-0.000016,0.000004,0.000261,0.000639,0.000932,0.000782,0.000178,-0.000175,-0.000073,-0.000067,-0.000066,-0.000637,-0.001148,-0.001112,-0.001045,-0.001082,-0.001128,-0.000931,-0.000485,-0.000002,0.000424,0.000642,0.000582,-0.000452,-0.001218,-0.000787,-0.000182,0.000492,0.000688,0.000427,-0.000121,-0.000316,-0.000462,-0.000448,-0.000272,0.000139,0.000379,0.000443,-0.000110,-0.000916,-0.001259,-0.001193,-0.001004,-0.000766,-0.000561,-0.000284,-0.000027,0.000107,-0.000033,-0.000249,-0.000354,-0.000219,-0.000066,-0.000022,-0.000209,-0.000411,-0.000526,-0.000494,-0.000392],
	[0.007836,0.007747,0.007255,0.006579,0.005936,0.005421,0.005010,0.004681,0.004426,0.004220,0.004042,0.003855,0.003672,0.003515,0.003383,0.003264,0.003150,0.003037,0.002929,0.002826,0.002729,0.002643,0.002569,0.002499,0.002427,0.002350,0.002267,0.002187,0.002117,0.002063,0.002018,0.001974,0.001923,0.001857,0.001773,0.001679,0.001590,0.001518,0.001463,0.001403,0.001337,0.001277,0.001227,0.001127,0.001032,0.000997,0.000963,0.000941,0.000905,0.000869,0.000815,0.000761,0.000707,0.000660,0.000597,0.000528,0.000452,0.000398,0.000356,0.000336,0.000306,0.000275,0.000192,0.000114,0.000070,0.000031,-0.000058,-0.000144,-0.000175,-0.000200,-0.000217,-0.000248,-0.000285,-0.000333,-0.000385,-0.000437,-0.000494,-0.000584,-0.000670,-0.000717,-0.000749,-0.000776,-0.000816,-0.000854,-0.000887,-0.000909,-0.000942,-0.000988,-0.001060,-0.001140,-0.001222,-0.001282,-0.001336,-0.001383,-0.001474,-0.001562,-0.001617,-0.001674,-0.001758,-0.001864,-0.001958,-0.002031,-0.002086,-0.002126,-0.002170,-0.002213,-0.002261,-0.002304,-0.002355,-0.002412,-0.002494,-0.002589,-0.002697,-0.002831,-0.003031,-0.003196,-0.003308,-0.003373,-0.003414,-0.003425,-0.003445,-0.003461,-0.003523,-0.003622,-0.003847,-0.004098,-0.004310,-0.004473,-0.004944,-0.005462,-0.005691,-0.005828,-0.005809,-0.005737,-0.005600,-0.005494,-0.005432,-0.005474,-0.005592,-0.005787,-0.005990,-0.006196,-0.006386,-0.006580,-0.006727,-0.006801,-0.006829,-0.006996,-0.007463,-0.008111,-0.008569,-0.008660,-0.008366,-0.007763,-0.006973,-0.006158,-0.005415,-0.004835,-0.004521,-0.004601,-0.005094,-0.005861,-0.006630,-0.007182,-0.007393,-0.007291,-0.007004,-0.006677,-0.006350,-0.006011,-0.005677,-0.005426,-0.005233,-0.004941,-0.004428,-0.003765,-0.003105,-0.002572,-0.002240,-0.002144,-0.002195,-0.002235,-0.002150,-0.001923,-0.001541,-0.000998,-0.000347,0.000306,0.000943,0.001612,0.002313,0.002951,0.003457,0.003822,0.004061,0.004157,0.004126,0.004043,0.003982,0.003943,0.003936,0.003990,0.004061,0.004012,0.003793,0.003534,0.003405,0.003427,0.003525,0.003637,0.003735,0.003779,0.003762,0.003751,0.003832,0.003983,0.004097,0.004117,0.004112,0.004187,0.004352,0.004497,0.004495,0.004275,0.003867,0.003380,0.002935,0.002609,0.002438,0.002445,0.002635,0.002960,0.003319,0.003623,0.003852,0.004046,0.004254,0.004507,0.004817,0.005166,0.005502,0.005763,0.005912,0.005933,0.005805,0.005518,0.005122,0.004723,0.004430,0.004305,0.004382,0.004689,0.005233,0.005965,0.006770,0.007465],
	[-0.001076,-0.000408,0.000624,0.001692,0.002370,0.002498,0.002117,0.001523,0.000895,0.000293,-0.000364,-0.000988,-0.001579,-0.001910,-0.001738,-0.000893,0.000130,0.000520,-0.000183,-0.000667,-0.000188,0.000731,0.001620,0.002002,0.001853,0.001121,-0.000010,-0.000352,0.000014,0.000326,-0.000002,-0.000545,-0.000571,-0.000089,0.000627,0.001350,0.001759,0.001277,0.000076,-0.000277,-0.000016,0.000578,0.001128,0.001420,0.000107,-0.000980,-0.000380,0.000380,0.001278,0.001947,0.002395,0.001886,0.000833,0.000541,0.001001,0.001543,0.001799,0.001628,0.000796,-0.000070,-0.000175,0.000054,0.000741,0.001328,0.001688,0.001590,0.001329,0.000920,0.000599,0.000250,0.000005,-0.000338,-0.000596,-0.000825,-0.000659,-0.000351,0.000067,-0.000494,-0.001044,-0.000662,-0.000358,-0.000286,-0.000593,-0.001148,-0.001821,-0.002204,-0.002427,-0.002237,-0.001885,-0.001451,-0.001237,-0.001027,-0.000907,-0.000612,-0.000385,-0.000403,-0.002035,-0.003362,-0.002989,-0.002289,-0.001068,0.000103,0.001216,0.001768,0.002044,0.001971,0.001741,0.000634,-0.000360,-0.000526,-0.000425,-0.000087,0.000316,0.000705,0.001112,0.001484,0.001611,0.001397,0.000955,0.000441,-0.000051,-0.000541,-0.001020,-0.001408,-0.001511,-0.001228,-0.000638,-0.000055,0.000214,0.000049,-0.000504,-0.001291,-0.001859,-0.002062,-0.001863,-0.001387,-0.000967,-0.001050,-0.001661,-0.002100,-0.002088,-0.001942,-0.001633,-0.001155,-0.000528,0.000109,0.000549,0.000418,-0.000509,-0.001452,-0.001419,-0.000897,-0.000189,-0.000046,-0.000277,-0.001391,-0.002514,-0.002861,-0.002955,-0.002876,-0.002837,-0.002464,-0.001970,-0.001978,-0.002596,-0.003261,-0.004137,-0.005431,-0.006223,-0.005694,-0.003645,-0.000576,0.002735,0.005075,0.005802,0.003879,0.001246,0.000892,0.001626,0.002644,0.003086,0.002907,0.002200,0.001731,0.001429,0.001142,-0.000234,-0.001426,-0.001504,-0.001092,-0.000124,0.000918,0.001776,0.002106,0.001882,0.001023,-0.000117,-0.000880,-0.001008,-0.000526,0.000374,0.001192,0.001460,0.001263,0.001185,0.001298,0.001221,0.000778,0.000051,-0.000677,-0.001124,-0.001145,-0.000899,-0.000770,-0.001289,-0.002304,-0.002837,-0.002510,-0.001513,-0.000227,0.000913,0.001664,0.002077,0.002275,0.002290,0.002200,0.002192,0.002320,0.002446,0.002313,0.001848,0.001142,0.000545,0.000217,0.000267,-0.000275,-0.001762,-0.002318,-0.001782,-0.000817,0.000242,0.001239,0.002010,0.002313,0.001844,0.000870,0.000413,0.000798,0.001521,0.002124,0.002218,0.001828,0.001060,0.000108,-0.000712,-0.001142]
],
	"idxs" : [128,0,5,151,168]
,"hydrophone_pos" : [
	[0.000000,0.000000,0.000000],
	[0.000000,0.000000,0.000000],
	[0.450000,0.000000,0.000000],
	[0.000000,0.450000,0.000000],
	[0.000000,0.000000,-0.450000]
],
	"direction_of_arrival" : [0.635455,0.066890,0.769235]
,	"valid" : [0.000000,-0.000000,-0.000000,-0.000000,-0.000000]
}
dump = {
	"magnitude" : [0.000000,0.000053,0.000006,0.000012,0.000016,0.000013,0.000050,0.000068,0.000108,0.000095,0.000120,0.000108,0.000153,0.000419,0.000719,0.000738,0.000660,0.000320,0.000107,0.000070,0.000221,0.000342,0.000355,0.000210,0.000088,0.000014,0.000005,0.000020,0.000021,0.000021,0.000016,0.000022]
,	"raw_mv" : [
	[-11.826499,-11.444999,-12.208000,-13.734000,-14.878500,-16.023000,-16.404500,-14.878500,-11.444999,-11.444999,-11.826499,-12.971000,-12.589500,-11.444999,-10.682000,-11.444999,-11.063500,-10.682000,-12.208000,-11.444999,-9.919000,-9.537500,-10.300499,-8.774499,-6.104000,-6.485500,-7.630000,-6.485500,-4.196499,-1.907500,1.526000,2.670500,-0.381500,-4.196499,-4.196499,-2.670500,0.000000,0.381500,-0.763000,-2.289000,-4.578000,-3.433500,-0.763000,0.381500,-1.907500,-4.578000,-4.578000,-3.815000,-2.289000,0.000000,-1.144500,-1.907500,-3.052000,-3.815000,-3.433500,0.763000,1.144500,-3.052000,-8.011500,-6.104000,-4.959500,-5.341000,-4.196499,-6.104000,-4.959500,-2.670500,-0.381500,-2.670500,-7.248499,-8.011500,-4.578000,-3.815000,-5.341000,-6.867000,-7.630000,-4.959500,-1.144500,-3.433500,-7.248499,-5.722499,-3.052000,-4.196499,-4.578000,-4.196499,-4.196499,-5.722499,-6.485500,-2.670500,-2.289000,-3.433500,-4.196499,-7.248499,-8.392999,-9.156000,-9.537500,-8.774499,-8.011500,-5.341000,-7.248499,-7.248499,-5.722499,-3.815000,-4.578000,-7.630000,-8.392999,-5.341000,-5.341000,-7.630000,-10.682000,-11.826499,-11.063500,-10.300499,-10.300499,-11.444999,-12.971000,-12.208000,-10.300499,-8.392999,-7.630000,-9.919000,-12.971000,-10.682000,-8.392999,-8.011500,-9.537500,-11.826499,-11.063500,-8.774499,-7.630000,-6.485500,-7.248499,-7.630000,-7.630000,-6.867000,-6.867000,-5.722499,-7.630000,-9.537500,-9.537500,-7.248499,-5.341000,-5.341000,-4.959500,-5.722499,-6.104000,-6.104000,-8.392999,-10.682000,-9.537500,-7.630000,-8.774499,-11.063500,-11.063500,-12.208000,-12.208000,-11.826499,-9.919000,-8.392999,-11.826499,-13.734000,-13.352499,-11.826499,-12.589500,-9.919000,-11.444999,-10.682000,-9.156000,-7.630000,-7.248499,-7.630000,-7.630000,-8.011500,-9.919000,-8.392999,-4.578000,-3.052000,-3.052000,3.052000,-17.548999,-56.843502,28.612501,80.114997,-49.595001,-76.300003,2.670500,8.011500,13.352499,-5.722499,-22.127000,30.901500,35.097999,-58.369499,-52.265499,50.739501,-19.456501,-119.791000,37.005500,102.242004,83.166999,134.669494,-58.750999,-197.235504,-270.483490,-305.581512,1020.131042,175.490005,-466.955993,-1385.608032,-347.546508,2775.793945,1056.755004,-2792.198486,-1205.540039,1709.119995,1512.265991,-1887.661987,-1578.265502,1889.187988,2165.775634,-1713.697998,-2540.027099,1140.685058,2778.083007,-677.925537,-2942.891113,486.031005,2723.910156,-132.762008,-3015.757568,57.987998,2959.295654,474.967498,-3032.543457,-642.827514,2485.472656,1192.950561,-2528.582031,-1381.792968,2227.197021,2015.464477,-2205.070068,-2202.399414,1774.356567,2415.657959,-1481.745971,-2569.020996,1173.112548,2789.146484,-786.653015,-3115.710449,392.563507,3016.902099,220.125503,-3045.514648,-453.222015,2810.892089],
	[0.000000,0.000000,0.000000,0.000000,0.000000,0.000000,0.000000,0.000000,0.000000,0.000000,0.000000,0.000000,0.000000,0.000000,0.000000,0.000000,0.000000,0.000000,0.000000,0.000000,0.000000,0.000000,0.000000,0.000000,0.000000,0.000000,0.000000,0.000000,0.000000,0.000000,0.000000,0.000000,0.000000,0.000000,0.000000,0.000000,0.000000,0.000000,0.000000,0.000000,0.000000,0.000000,0.000000,0.000000,0.000000,0.000000,0.000000,0.000000,0.000000,0.000000,0.000000,0.000000,0.000000,0.000000,0.000000,0.000000,0.000000,0.000000,0.000000,0.000000,0.000000,0.000000,0.000000,0.000000,0.000000,0.000000,0.000000,0.000000,0.000000,0.000000,0.000000,0.000000,0.000000,0.000000,0.000000,0.000000,0.000000,0.000000,0.000000,0.000000,0.000000,0.000000,0.000000,0.000000,0.000000,0.000000,0.000000,0.000000,0.000000,0.000000,0.000000,0.000000,0.000000,0.000000,0.000000,0.000000,0.000000,0.000000,0.000000,0.000000,0.000000,0.000000,0.000000,0.000000,0.000000,0.000000,0.000000,0.000000,0.000000,0.000000,0.000000,0.000000,0.000000,0.000000,0.000000,0.000000,0.000000,0.000000,0.000000,0.000000,0.000000,0.000000,0.000000,0.000000,0.000000,0.000000,0.000000,0.000000,0.000000,0.000000,0.000000,0.000000,0.000000,0.000000,0.000000,0.000000,0.000000,0.000000,0.000000,0.000000,0.000000,0.000000,0.000000,0.000000,0.000000,0.000000,0.000000,0.000000,0.000000,0.000000,0.000000,0.000000,0.000000,0.000000,0.000000,0.000000,0.000000,0.000000,0.000000,0.000000,0.000000,0.000000,0.000000,0.000000,0.000000,0.000000,0.000000,0.000000,0.000000,0.000000,0.000000,0.000000,0.000000,0.000000,0.000000,0.000000,0.000000,0.000000,0.000000,0.000000,0.000000,0.000000,0.000000,0.000000,0.000000,0.000000,0.000000,0.000000,0.000000,0.000000,0.000000,0.000000,0.000000,0.000000,0.000000,0.000000,0.000000,0.000000,0.000000,0.000000,0.000000,0.000000,0.000000,0.000000,0.000000,0.000000,0.000000,0.000000,0.000000,0.000000,0.000000,0.000000,0.000000,0.000000,0.000000,0.000000,0.000000,0.000000,0.000000,0.000000,0.000000,0.000000,0.000000,0.000000,0.000000,0.000000,0.000000,0.000000,0.000000,0.000000,0.000000,0.000000,0.000000,0.000000,0.000000,0.000000,0.000000,0.000000,0.000000,0.000000,0.000000,0.000000,0.000000,0.000000,0.000000,0.000000,0.000000,0.000000,0.000000,0.000000,0.000000,0.000000,0.000000,0.000000,0.000000,0.000000],
	[-6.409200,-6.561800,-6.485500,-6.561800,-6.485500,-6.485500,-6.561800,-6.409200,-6.638100,-6.485500,-6.485500,-6.485500,-6.485500,-6.561800,-6.638100,-6.561800,-6.561800,-6.638100,-6.638100,-6.638100,-6.638100,-6.561800,-6.561800,-6.714400,-6.638100,-6.714400,-6.714400,-6.714400,-6.638100,-6.714400,-6.638100,-6.714400,-6.638100,-6.561800,-6.714400,-6.638100,-6.714400,-6.561800,-6.561800,-6.638100,-6.638100,-6.714400,-6.561800,-6.638100,-6.561800,-6.485500,-6.561800,-6.485500,-6.638100,-6.561800,-6.714400,-6.638100,-6.409200,-6.561800,-6.714400,-6.638100,-6.638100,-6.714400,-6.714400,-6.561800,-6.638100,-6.561800,-6.561800,-6.638100,-6.714400,-6.561800,-6.561800,-6.638100,-6.714400,-6.561800,-6.638100,-6.638100,-6.790700,-6.638100,-6.638100,-6.485500,-6.561800,-6.638100,-6.714400,-6.714400,-6.714400,-6.790700,-6.638100,-6.561800,-6.638100,-6.714400,-6.638100,-6.714400,-6.790700,-6.638100,-6.638100,-6.485500,-6.638100,-6.714400,-6.638100,-6.790700,-6.714400,-6.638100,-6.714400,-6.867000,-6.638100,-6.561800,-6.790700,-6.714400,-6.561800,-6.561800,-6.561800,-6.638100,-6.561800,-6.714400,-6.561800,-6.638100,-6.638100,-6.714400,-6.714400,-6.561800,-6.638100,-6.714400,-6.485500,-6.638100,-6.714400,-6.638100,-6.714400,-6.485500,-6.561800,-6.714400,-6.561800,-6.638100,-6.409200,-6.485500,-6.485500,-6.409200,-6.256600,-6.180300,-6.180300,-6.180300,-6.256600,-6.104000,-6.027700,-6.104000,-6.104000,-6.256600,-6.180300,-6.256600,-6.256600,-6.409200,-6.409200,-6.409200,-6.409200,-6.332900,-6.485500,-6.485500,-6.561800,-6.485500,-6.409200,-6.561800,-6.561800,-6.485500,-6.638100,-6.485500,-6.561800,-6.638100,-6.561800,-6.638100,-6.638100,-6.638100,-6.714400,-6.638100,-6.561800,-6.714400,-6.638100,-6.714400,-6.638100,-6.638100,-6.561800,-6.790700,-6.638100,-6.790700,-6.638100,-6.714400,-6.790700,-6.638100,-6.714400,-6.714400,-6.561800,-6.638100,-6.638100,-6.638100,-6.638100,-6.714400,-6.561800,-6.561800,-6.485500,-6.485500,-6.638100,-6.638100,-6.714400,-6.638100,-6.714400,-6.638100,-6.561800,-6.867000,-6.561800,-6.561800,-6.790700,-6.638100,-6.561800,-6.638100,-6.714400,-6.638100,-6.714400,-6.561800,-6.561800,-6.638100,-6.714400,-6.638100,-6.485500,-6.638100,-6.714400,-6.867000,-6.714400,-6.638100,-6.638100,-6.790700,-6.638100,-6.638100,-6.790700,-6.714400,-6.638100,-6.714400,-6.714400,-6.561800,-6.485500,-6.485500,-6.638100,-6.790700,-6.867000,-6.867000,-6.790700,-6.790700,-6.561800,-6.714400,-6.714400,-6.714400,-6.714400,-6.561800,-6.638100,-6.638100,-6.867000,-6.561800,-6.561800,-6.561800,-6.638100,-6.790700,-6.790700,-6.714400],
	[-6.867000,-7.248499,-6.867000,-7.248499,-7.248499,-6.867000,-7.248499,-6.867000,-6.867000,-7.248499,-6.867000,-7.248499,-7.248499,-7.248499,-7.248499,-7.248499,-6.867000,-7.248499,-7.248499,-7.248499,-7.248499,-7.248499,-7.248499,-6.867000,-6.867000,-7.248499,-7.248499,-6.867000,-6.867000,-6.867000,-7.248499,-7.248499,-7.248499,-7.248499,-7.248499,-7.248499,-7.248499,-7.248499,-7.248499,-6.867000,-7.248499,-7.248499,-7.248499,-7.248499,-7.248499,-7.248499,-7.248499,-7.248499,-7.248499,-7.630000,-6.867000,-7.248499,-7.248499,-7.248499,-7.248499,-7.248499,-7.248499,-7.248499,-7.248499,-7.248499,-7.248499,-7.248499,-7.248499,-7.248499,-6.867000,-7.248499,-7.630000,-7.630000,-7.248499,-7.248499,-7.248499,-7.248499,-7.248499,-7.248499,-7.248499,-7.248499,-7.248499,-7.248499,-7.248499,-7.248499,-7.248499,-7.248499,-7.630000,-7.248499,-7.248499,-7.248499,-7.248499,-7.248499,-7.248499,-7.248499,-7.248499,-7.248499,-7.630000,-7.248499,-7.248499,-7.248499,-7.248499,-7.630000,-7.630000,-7.630000,-7.248499,-7.248499,-7.248499,-7.248499,-7.248499,-7.248499,-7.248499,-7.630000,-7.248499,-6.867000,-7.248499,-7.248499,-7.248499,-7.248499,-7.630000,-7.248499,-7.630000,-7.248499,-7.630000,-7.248499,-7.248499,-7.630000,-7.630000,-7.630000,-7.630000,-7.248499,-7.248499,-7.248499,-7.248499,-7.248499,-6.867000,-6.867000,-7.248499,-7.248499,-6.867000,-6.867000,-6.867000,-6.867000,-6.867000,-6.485500,-6.867000,-6.867000,-6.485500,-6.485500,-6.867000,-7.248499,-7.248499,-6.867000,-6.867000,-6.867000,-6.867000,-7.248499,-7.248499,-7.248499,-6.867000,-6.867000,-6.867000,-7.248499,-6.867000,-6.867000,-7.248499,-6.867000,-6.867000,-7.248499,-6.867000,-6.867000,-6.867000,-6.867000,-7.248499,-7.248499,-7.248499,-6.867000,-6.867000,-7.248499,-7.248499,-6.867000,-7.248499,-7.248499,-7.248499,-7.248499,-6.867000,-6.867000,-7.248499,-7.248499,-8.011500,-6.867000,-6.485500,-6.867000,-7.630000,-7.248499,-7.248499,-6.867000,-6.867000,-7.248499,-7.630000,-7.630000,-7.248499,-6.867000,-7.248499,-8.011500,-7.248499,-6.485500,-6.867000,-8.011500,-8.011500,-7.630000,-7.248499,-6.867000,-6.485500,-6.485500,-6.104000,-9.156000,-10.682000,-6.485500,-3.433500,-6.104000,-9.919000,-8.392999,-5.341000,-4.959500,-8.774499,-10.682000,-5.722499,-3.815000,-9.156000,-12.208000,-2.289000,-3.433500,-7.630000,-12.589500,-14.115500,-8.392999,4.196499,-2.670500,-17.167499,-16.023000,1.907500,2.289000,-16.785999,-15.260000,-7.248499,4.196499,-6.485500,-13.352499,-19.456501,6.867000,-3.433500,-16.023000,-17.930500,7.630000,-1.526000,-13.352499,-24.034500,-2.289000,11.063500,-6.104000],
	[-7.248499,-7.248499,-7.248499,-7.248499,-6.867000,-7.248499,-7.248499,-7.248499,-7.248499,-7.248499,-7.248499,-7.248499,-6.867000,-6.867000,-6.867000,-7.248499,-7.248499,-7.248499,-7.248499,-6.867000,-7.630000,-7.248499,-7.248499,-7.248499,-7.248499,-7.248499,-7.248499,-7.248499,-7.248499,-6.867000,-7.630000,-7.248499,-7.248499,-7.248499,-7.248499,-7.248499,-7.248499,-7.248499,-7.248499,-7.248499,-7.248499,-7.630000,-7.248499,-6.867000,-7.248499,-6.867000,-7.248499,-7.248499,-7.248499,-7.248499,-7.248499,-7.248499,-7.630000,-7.630000,-7.248499,-7.248499,-7.248499,-7.248499,-7.248499,-7.630000,-7.248499,-7.248499,-7.630000,-7.248499,-6.867000,-7.248499,-7.248499,-7.248499,-7.248499,-7.248499,-7.248499,-7.248499,-7.248499,-7.248499,-7.248499,-7.248499,-7.248499,-7.248499,-7.630000,-7.248499,-7.630000,-7.248499,-7.630000,-7.248499,-7.248499,-7.248499,-7.248499,-7.248499,-7.248499,-7.630000,-7.248499,-7.248499,-7.248499,-7.630000,-7.248499,-7.248499,-7.248499,-7.248499,-7.248499,-7.248499,-7.248499,-7.248499,-7.248499,-7.248499,-6.867000,-7.248499,-7.248499,-7.248499,-7.248499,-7.248499,-7.248499,-7.248499,-7.630000,-6.867000,-6.867000,-7.248499,-6.867000,-7.248499,-7.248499,-6.867000,-7.248499,-7.248499,-7.248499,-7.248499,-6.867000,-7.248499,-7.248499,-7.248499,-6.867000,-6.867000,-7.248499,-6.867000,-7.248499,-7.248499,-6.867000,-6.867000,-6.867000,-6.867000,-6.867000,-6.867000,-6.867000,-6.867000,-6.867000,-6.485500,-6.867000,-6.867000,-6.867000,-7.248499,-7.248499,-6.867000,-6.867000,-7.248499,-7.248499,-7.248499,-6.867000,-7.248499,-7.248499,-7.248499,-6.867000,-6.867000,-7.248499,-7.248499,-6.867000,-7.248499,-7.248499,-7.248499,-7.248499,-7.248499,-7.248499,-7.248499,-7.248499,-7.248499,-7.248499,-7.248499,-7.248499,-6.867000,-7.248499,-7.248499,-7.248499,-7.248499,-6.867000,-7.248499,-7.248499,-7.630000,-7.248499,-7.248499,-7.630000,-7.248499,-7.248499,-7.248499,-7.248499,-7.248499,-7.248499,-7.248499,-7.248499,-7.248499,-7.248499,-7.248499,-7.630000,-7.248499,-6.867000,-7.248499,-7.248499,-7.248499,-7.248499,-7.248499,-7.248499,-7.248499,-7.248499,-7.248499,-7.248499,-7.248499,-7.248499,-7.630000,-7.248499,-6.867000,-7.248499,-7.248499,-7.630000,-7.248499,-6.867000,-7.248499,-7.248499,-7.630000,-7.248499,-7.248499,-7.248499,-7.248499,-7.248499,-7.248499,-7.248499,-6.867000,-6.867000,-7.248499,-7.248499,-7.248499,-7.248499,-7.248499,-7.248499,-7.248499,-7.630000,-7.248499,-7.630000,-7.630000,-7.248499,-7.248499,-7.248499,-7.248499,-7.248499,-7.248499,-6.867000,-7.248499,-7.248499,-7.248499,-7.248499,-7.248499]
],
"normalized" : [
	[-0.010366,-0.009937,-0.010795,-0.012510,-0.013796,-0.015082,-0.015511,-0.013796,-0.009937,-0.009937,-0.010366,-0.011652,-0.011224,-0.009937,-0.009080,-0.009937,-0.009509,-0.009080,-0.010795,-0.009937,-0.008222,-0.007794,-0.008651,-0.006936,-0.003935,-0.004364,-0.005650,-0.004364,-0.001791,0.000780,0.004638,0.005925,0.002495,-0.001791,-0.001791,-0.000077,0.002924,0.003352,0.002066,0.000351,-0.002220,-0.000934,0.002066,0.003352,0.000780,-0.002220,-0.002220,-0.001363,0.000351,0.002924,0.001637,0.000780,-0.000505,-0.001363,-0.000934,0.003781,0.004210,-0.000505,-0.006079,-0.003935,-0.002649,-0.003078,-0.001791,-0.003935,-0.002649,-0.000077,0.002495,-0.000077,-0.005221,-0.006079,-0.002220,-0.001363,-0.003078,-0.004793,-0.005650,-0.002649,0.001637,-0.000934,-0.005221,-0.003506,-0.000505,-0.001791,-0.002220,-0.001791,-0.001791,-0.003506,-0.004364,-0.000077,0.000351,-0.000934,-0.001791,-0.005221,-0.006508,-0.007365,-0.007794,-0.006936,-0.006079,-0.003078,-0.005221,-0.005221,-0.003506,-0.001363,-0.002220,-0.005650,-0.006508,-0.003078,-0.003078,-0.005650,-0.009080,-0.010366,-0.009509,-0.008651,-0.008651,-0.009937,-0.011652,-0.010795,-0.008651,-0.006508,-0.005650,-0.008222,-0.011652,-0.009080,-0.006508,-0.006079,-0.007794,-0.010366,-0.009509,-0.006936,-0.005650,-0.004364,-0.005221,-0.005650,-0.005650,-0.004793,-0.004793,-0.003506,-0.005650,-0.007794,-0.007794,-0.005221,-0.003078,-0.003078,-0.002649,-0.003506,-0.003935,-0.003935,-0.006508,-0.009080,-0.007794,-0.005650,-0.006936,-0.009509,-0.009509,-0.010795,-0.010795,-0.010366,-0.008222,-0.006508,-0.010366,-0.012510,-0.012081,-0.010366,-0.011224,-0.008222,-0.009937,-0.009080,-0.007365,-0.005650,-0.005221,-0.005650,-0.005650,-0.006079,-0.008222,-0.006508,-0.002220,-0.000505,-0.000505,0.006353,-0.016797,-0.060956,0.035078,0.092957,-0.052810,-0.082822,0.005925,0.011927,0.017929,-0.003506,-0.021942,0.037651,0.042367,-0.062671,-0.055812,0.059945,-0.018941,-0.131697,0.044510,0.117823,0.096387,0.154265,-0.063100,-0.218729,-0.301045,-0.340489,1.149349,0.200140,-0.521842,-1.554225,-0.387649,3.122367,1.190507,-3.134954,-1.351864,1.923637,1.702412,-2.118434,-1.770734,2.125997,2.436827,-1.922933,-2.851563,1.284828,3.124940,-0.758930,-3.304303,0.549126,3.064060,-0.146274,-3.386191,0.068091,3.328587,0.536693,-3.405055,-0.719486,2.796103,1.343564,-2.838701,-1.549937,2.505853,2.267907,-2.475138,-2.472137,1.996950,2.717646,-1.662265,-2.884147,1.321270,3.137373,-0.881118,-3.498518,0.444087,3.393325,0.250301,-3.419632,-0.506407,3.161811],
	[0.000000,0.000000,0.000000,0.000000,0.000000,0.000000,0.000000,0.000000,0.000000,0.000000,0.000000,0.000000,0.000000,0.000000,0.000000,0.000000,0.000000,0.000000,0.000000,0.000000,0.000000,0.000000,0.000000,0.000000,0.000000,0.000000,0.000000,0.000000,0.000000,0.000000,0.000000,0.000000,0.000000,0.000000,0.000000,0.000000,0.000000,0.000000,0.000000,0.000000,0.000000,0.000000,0.000000,0.000000,0.000000,0.000000,0.000000,0.000000,0.000000,0.000000,0.000000,0.000000,0.000000,0.000000,0.000000,0.000000,0.000000,0.000000,0.000000,0.000000,0.000000,0.000000,0.000000,0.000000,0.000000,0.000000,0.000000,0.000000,0.000000,0.000000,0.000000,0.000000,0.000000,0.000000,0.000000,0.000000,0.000000,0.000000,0.000000,0.000000,0.000000,0.000000,0.000000,0.000000,0.000000,0.000000,0.000000,0.000000,0.000000,0.000000,0.000000,0.000000,0.000000,0.000000,0.000000,0.000000,0.000000,0.000000,0.000000,0.000000,0.000000,0.000000,0.000000,0.000000,0.000000,0.000000,0.000000,0.000000,0.000000,0.000000,0.000000,0.000000,0.000000,0.000000,0.000000,0.000000,0.000000,0.000000,0.000000,0.000000,0.000000,0.000000,0.000000,0.000000,0.000000,0.000000,0.000000,0.000000,0.000000,0.000000,0.000000,0.000000,0.000000,0.000000,0.000000,0.000000,0.000000,0.000000,0.000000,0.000000,0.000000,0.000000,0.000000,0.000000,0.000000,0.000000,0.000000,0.000000,0.000000,0.000000,0.000000,0.000000,0.000000,0.000000,0.000000,0.000000,0.000000,0.000000,0.000000,0.000000,0.000000,0.000000,0.000000,0.000000,0.000000,0.000000,0.000000,0.000000,0.000000,0.000000,0.000000,0.000000,0.000000,0.000000,0.000000,0.000000,0.000000,0.000000,0.000000,0.000000,0.000000,0.000000,0.000000,0.000000,0.000000,0.000000,0.000000,0.000000,0.000000,0.000000,0.000000,0.000000,0.000000,0.000000,0.000000,0.000000,0.000000,0.000000,0.000000,0.000000,0.000000,0.000000,0.000000,0.000000,0.000000,0.000000,0.000000,0.000000,0.000000,0.000000,0.000000,0.000000,0.000000,0.000000,0.000000,0.000000,0.000000,0.000000,0.000000,0.000000,0.000000,0.000000,0.000000,0.000000,0.000000,0.000000,0.000000,0.000000,0.000000,0.000000,0.000000,0.000000,0.000000,0.000000,0.000000,0.000000,0.000000,0.000000,0.000000,0.000000,0.000000,0.000000,0.000000,0.000000,0.000000,0.000000,0.000000,0.000000,0.000000,0.000000,0.000000,0.000000,0.000000,0.000000,0.000000,0.000000],
	[1.392726,0.302319,0.847521,0.302319,0.847521,0.847521,0.302319,1.392726,-0.242886,0.847521,0.847521,0.847521,0.847521,0.302319,-0.242886,0.302319,0.302319,-0.242886,-0.242886,-0.242886,-0.242886,0.302319,0.302319,-0.788091,-0.242886,-0.788091,-0.788091,-0.788091,-0.242886,-0.788091,-0.242886,-0.788091,-0.242886,0.302319,-0.788091,-0.242886,-0.788091,0.302319,0.302319,-0.242886,-0.242886,-0.788091,0.302319,-0.242886,0.302319,0.847521,0.302319,0.847521,-0.242886,0.302319,-0.788091,-0.242886,1.392726,0.302319,-0.788091,-0.242886,-0.242886,-0.788091,-0.788091,0.302319,-0.242886,0.302319,0.302319,-0.242886,-0.788091,0.302319,0.302319,-0.242886,-0.788091,0.302319,-0.242886,-0.242886,-1.333297,-0.242886,-0.242886,0.847521,0.302319,-0.242886,-0.788091,-0.788091,-0.788091,-1.333297,-0.242886,0.302319,-0.242886,-0.788091,-0.242886,-0.788091,-1.333297,-0.242886,-0.242886,0.847521,-0.242886,-0.788091,-0.242886,-1.333297,-0.788091,-0.242886,-0.788091,-1.878499,-0.242886,0.302319,-1.333297,-0.788091,0.302319,0.302319,0.302319,-0.242886,0.302319,-0.788091,0.302319,-0.242886,-0.242886,-0.788091,-0.788091,0.302319,-0.242886,-0.788091,0.847521,-0.242886,-0.788091,-0.242886,-0.788091,0.847521,0.302319,-0.788091,0.302319,-0.242886,1.392726,0.847521,0.847521,1.392726,2.483134,3.028339,3.028339,3.028339,2.483134,3.573545,4.118747,3.573545,3.573545,2.483134,3.028339,2.483134,2.483134,1.392726,1.392726,1.392726,1.392726,1.937932,0.847521,0.847521,0.302319,0.847521,1.392726,0.302319,0.302319,0.847521,-0.242886,0.847521,0.302319,-0.242886,0.302319,-0.242886,-0.242886,-0.242886,-0.788091,-0.242886,0.302319,-0.788091,-0.242886,-0.788091,-0.242886,-0.242886,0.302319,-1.333297,-0.242886,-1.333297,-0.242886,-0.788091,-1.333297,-0.242886,-0.788091,-0.788091,0.302319,-0.242886,-0.242886,-0.242886,-0.242886,-0.788091,0.302319,0.302319,0.847521,0.847521,-0.242886,-0.242886,-0.788091,-0.242886,-0.788091,-0.242886,0.302319,-1.878499,0.302319,0.302319,-1.333297,-0.242886,0.302319,-0.242886,-0.788091,-0.242886,-0.788091,0.302319,0.302319,-0.242886,-0.788091,-0.242886,0.847521,-0.242886,-0.788091,-1.878499,-0.788091,-0.242886,-0.242886,-1.333297,-0.242886,-0.242886,-1.333297,-0.788091,-0.242886,-0.788091,-0.788091,0.302319,0.847521,0.847521,-0.242886,-1.333297,-1.878499,-1.878499,-1.333297,-1.333297,0.302319,-0.788091,-0.788091,-0.788091,-0.788091,0.302319,-0.242886,-0.242886,-1.878499,0.302319,0.302319,0.302319,-0.242886,-1.333297,-1.333297,-0.788091],
	[0.098615,-0.022179,0.098615,-0.022179,-0.022179,0.098615,-0.022179,0.098615,0.098615,-0.022179,0.098615,-0.022179,-0.022179,-0.022179,-0.022179,-0.022179,0.098615,-0.022179,-0.022179,-0.022179,-0.022179,-0.022179,-0.022179,0.098615,0.098615,-0.022179,-0.022179,0.098615,0.098615,0.098615,-0.022179,-0.022179,-0.022179,-0.022179,-0.022179,-0.022179,-0.022179,-0.022179,-0.022179,0.098615,-0.022179,-0.022179,-0.022179,-0.022179,-0.022179,-0.022179,-0.022179,-0.022179,-0.022179,-0.142975,0.098615,-0.022179,-0.022179,-0.022179,-0.022179,-0.022179,-0.022179,-0.022179,-0.022179,-0.022179,-0.022179,-0.022179,-0.022179,-0.022179,0.098615,-0.022179,-0.142975,-0.142975,-0.022179,-0.022179,-0.022179,-0.022179,-0.022179,-0.022179,-0.022179,-0.022179,-0.022179,-0.022179,-0.022179,-0.022179,-0.022179,-0.022179,-0.142975,-0.022179,-0.022179,-0.022179,-0.022179,-0.022179,-0.022179,-0.022179,-0.022179,-0.022179,-0.142975,-0.022179,-0.022179,-0.022179,-0.022179,-0.142975,-0.142975,-0.142975,-0.022179,-0.022179,-0.022179,-0.022179,-0.022179,-0.022179,-0.022179,-0.142975,-0.022179,0.098615,-0.022179,-0.022179,-0.022179,-0.022179,-0.142975,-0.022179,-0.142975,-0.022179,-0.142975,-0.022179,-0.022179,-0.142975,-0.142975,-0.142975,-0.142975,-0.022179,-0.022179,-0.022179,-0.022179,-0.022179,0.098615,0.098615,-0.022179,-0.022179,0.098615,0.098615,0.098615,0.098615,0.098615,0.219411,0.098615,0.098615,0.219411,0.219411,0.098615,-0.022179,-0.022179,0.098615,0.098615,0.098615,0.098615,-0.022179,-0.022179,-0.022179,0.098615,0.098615,0.098615,-0.022179,0.098615,0.098615,-0.022179,0.098615,0.098615,-0.022179,0.098615,0.098615,0.098615,0.098615,-0.022179,-0.022179,-0.022179,0.098615,0.098615,-0.022179,-0.022179,0.098615,-0.022179,-0.022179,-0.022179,-0.022179,0.098615,0.098615,-0.022179,-0.022179,-0.263771,0.098615,0.219411,0.098615,-0.142975,-0.022179,-0.022179,0.098615,0.098615,-0.022179,-0.142975,-0.142975,-0.022179,0.098615,-0.022179,-0.263771,-0.022179,0.219411,0.098615,-0.263771,-0.263771,-0.142975,-0.022179,0.098615,0.219411,0.219411,0.340206,-0.626157,-1.109340,0.219411,1.185776,0.340206,-0.867749,-0.384566,0.581798,0.702593,-0.505362,-1.109340,0.461002,1.064980,-0.626157,-1.592522,1.548162,1.185776,-0.142975,-1.713318,-2.196500,-0.384566,3.601687,1.427367,-3.162864,-2.800478,2.876914,2.997709,-3.042069,-2.558887,-0.022179,3.601687,0.219411,-1.954909,-3.887638,4.447257,1.185776,-2.800478,-3.404456,4.688848,1.789753,-1.954909,-5.337185,1.548162,5.776008,0.340206],
	[-0.182215,-0.182215,-0.182215,-0.182215,1.761645,-0.182215,-0.182215,-0.182215,-0.182215,-0.182215,-0.182215,-0.182215,1.761645,1.761645,1.761645,-0.182215,-0.182215,-0.182215,-0.182215,1.761645,-2.126078,-0.182215,-0.182215,-0.182215,-0.182215,-0.182215,-0.182215,-0.182215,-0.182215,1.761645,-2.126078,-0.182215,-0.182215,-0.182215,-0.182215,-0.182215,-0.182215,-0.182215,-0.182215,-0.182215,-0.182215,-2.126078,-0.182215,1.761645,-0.182215,1.761645,-0.182215,-0.182215,-0.182215,-0.182215,-0.182215,-0.182215,-2.126078,-2.126078,-0.182215,-0.182215,-0.182215,-0.182215,-0.182215,-2.126078,-0.182215,-0.182215,-2.126078,-0.182215,1.761645,-0.182215,-0.182215,-0.182215,-0.182215,-0.182215,-0.182215,-0.182215,-0.182215,-0.182215,-0.182215,-0.182215,-0.182215,-0.182215,-2.126078,-0.182215,-2.126078,-0.182215,-2.126078,-0.182215,-0.182215,-0.182215,-0.182215,-0.182215,-0.182215,-2.126078,-0.182215,-0.182215,-0.182215,-2.126078,-0.182215,-0.182215,-0.182215,-0.182215,-0.182215,-0.182215,-0.182215,-0.182215,-0.182215,-0.182215,1.761645,-0.182215,-0.182215,-0.182215,-0.182215,-0.182215,-0.182215,-0.182215,-2.126078,1.761645,1.761645,-0.182215,1.761645,-0.182215,-0.182215,1.761645,-0.182215,-0.182215,-0.182215,-0.182215,1.761645,-0.182215,-0.182215,-0.182215,1.761645,1.761645,-0.182215,1.761645,-0.182215,-0.182215,1.761645,1.761645,1.761645,1.761645,1.761645,1.761645,1.761645,1.761645,1.761645,3.705505,1.761645,1.761645,1.761645,-0.182215,-0.182215,1.761645,1.761645,-0.182215,-0.182215,-0.182215,1.761645,-0.182215,-0.182215,-0.182215,1.761645,1.761645,-0.182215,-0.182215,1.761645,-0.182215,-0.182215,-0.182215,-0.182215,-0.182215,-0.182215,-0.182215,-0.182215,-0.182215,-0.182215,-0.182215,-0.182215,1.761645,-0.182215,-0.182215,-0.182215,-0.182215,1.761645,-0.182215,-0.182215,-2.126078,-0.182215,-0.182215,-2.126078,-0.182215,-0.182215,-0.182215,-0.182215,-0.182215,-0.182215,-0.182215,-0.182215,-0.182215,-0.182215,-0.182215,-2.126078,-0.182215,1.761645,-0.182215,-0.182215,-0.182215,-0.182215,-0.182215,-0.182215,-0.182215,-0.182215,-0.182215,-0.182215,-0.182215,-0.182215,-2.126078,-0.182215,1.761645,-0.182215,-0.182215,-2.126078,-0.182215,1.761645,-0.182215,-0.182215,-2.126078,-0.182215,-0.182215,-0.182215,-0.182215,-0.182215,-0.182215,-0.182215,1.761645,1.761645,-0.182215,-0.182215,-0.182215,-0.182215,-0.182215,-0.182215,-0.182215,-2.126078,-0.182215,-2.126078,-2.126078,-0.182215,-0.182215,-0.182215,-0.182215,-0.182215,-0.182215,1.761645,-0.182215,-0.182215,-0.182215,-0.182215,-0.182215]
],
"cwt" : [
	[0.810574,0.496349,0.253560,0.106302,0.036712,0.010690,0.002602,0.000956,0.000644,0.000543,0.000720,0.000652,0.000411,0.000315,0.000325,0.000246,0.000061,0.000288,0.000543,0.000566,0.000435,0.000496,0.000684,0.000787,0.000752,0.000712,0.000705,0.000565,0.000422,0.000731,0.001038,0.001269,0.001376,0.001223,0.001003,0.000879,0.000724,0.000616,0.000669,0.000764,0.000928,0.001057,0.001078,0.001080,0.001034,0.000814,0.000571,0.000522,0.000538,0.000555,0.000479,0.000323,0.000535,0.000877,0.001211,0.001567,0.001803,0.001777,0.001509,0.001083,0.000641,0.000422,0.000535,0.000738,0.000953,0.001214,0.001451,0.001594,0.001623,0.001491,0.001249,0.001062,0.001013,0.001076,0.001252,0.001474,0.001608,0.001598,0.001453,0.001196,0.000883,0.000590,0.000372,0.000379,0.000618,0.000826,0.000908,0.000869,0.000684,0.000431,0.000395,0.000397,0.000265,0.000121,0.000250,0.000459,0.000574,0.000654,0.000754,0.000837,0.000901,0.001015,0.001156,0.001213,0.001178,0.001137,0.001097,0.001008,0.000892,0.000743,0.000559,0.000469,0.000513,0.000599,0.000674,0.000708,0.000721,0.000843,0.001050,0.001215,0.001271,0.001199,0.001042,0.000931,0.000931,0.000913,0.000777,0.000595,0.000438,0.000346,0.000327,0.000285,0.000208,0.000259,0.000403,0.000581,0.000767,0.000860,0.000821,0.000694,0.000493,0.000286,0.000200,0.000203,0.000329,0.000577,0.000839,0.000976,0.000941,0.000829,0.000699,0.000481,0.000162,0.000166,0.000465,0.000737,0.000916,0.001018,0.001051,0.000916,0.000580,0.000236,0.000183,0.000250,0.000394,0.000527,0.000500,0.000365,0.000192,0.000080,0.000298,0.000573,0.000775,0.000595,0.000463,0.002793,0.006864,0.012935,0.020708,0.028961,0.035786,0.039298,0.038357,0.033144,0.025472,0.018395,0.014778,0.015268,0.018624,0.023409,0.028030,0.031413,0.034059,0.037735,0.042288,0.043561,0.036894,0.022805,0.017413,0.034787,0.067559,0.128870,0.216394,0.310669,0.397066,0.491145,0.636863,0.851674,1.095462,1.304938,1.433879,1.473397,1.450758,1.410056,1.387538,1.397859,1.436241,1.488762,1.541311,1.583937,1.612819,1.629856,1.638410,1.639644,1.634580,1.627943,1.626784,1.634866,1.649590,1.664054,1.670772,1.664381,1.644260,1.616411,1.591258,1.577711,1.578985,1.593070,1.614802,1.636978,1.652236,1.656771,1.652748,1.646522,1.644423,1.649980,1.663651,1.683136,1.703220,1.716907,1.718422,1.703361,1.661503,1.569139,1.396379,1.132853],
	[0.000000,0.000000,0.000000,0.000000,0.000000,0.000000,0.000000,0.000000,0.000000,0.000000,0.000000,0.000000,0.000000,0.000000,0.000000,0.000000,0.000000,0.000000,0.000000,0.000000,0.000000,0.000000,0.000000,0.000000,0.000000,0.000000,0.000000,0.000000,0.000000,0.000000,0.000000,0.000000,0.000000,0.000000,0.000000,0.000000,0.000000,0.000000,0.000000,0.000000,0.000000,0.000000,0.000000,0.000000,0.000000,0.000000,0.000000,0.000000,0.000000,0.000000,0.000000,0.000000,0.000000,0.000000,0.000000,0.000000,0.000000,0.000000,0.000000,0.000000,0.000000,0.000000,0.000000,0.000000,0.000000,0.000000,0.000000,0.000000,0.000000,0.000000,0.000000,0.000000,0.000000,0.000000,0.000000,0.000000,0.000000,0.000000,0.000000,0.000000,0.000000,0.000000,0.000000,0.000000,0.000000,0.000000,0.000000,0.000000,0.000000,0.000000,0.000000,0.000000,0.000000,0.000000,0.000000,0.000000,0.000000,0.000000,0.000000,0.000000,0.000000,0.000000,0.000000,0.000000,0.000000,0.000000,0.000000,0.000000,0.000000,0.000000,0.000000,0.000000,0.000000,0.000000,0.000000,0.000000,0.000000,0.000000,0.000000,0.000000,0.000000,0.000000,0.000000,0.000000,0.000000,0.000000,0.000000,0.000000,0.000000,0.000000,0.000000,0.000000,0.000000,0.000000,0.000000,0.000000,0.000000,0.000000,0.000000,0.000000,0.000000,0.000000,0.000000,0.000000,0.000000,0.000000,0.000000,0.000000,0.000000,0.000000,0.000000,0.000000,0.000000,0.000000,0.000000,0.000000,0.000000,0.000000,0.000000,0.000000,0.000000,0.000000,0.000000,0.000000,0.000000,0.000000,0.000000,0.000000,0.000000,0.000000,0.000000,0.000000,0.000000,0.000000,0.000000,0.000000,0.000000,0.000000,0.000000,0.000000,0.000000,0.000000,0.000000,0.000000,0.000000,0.000000,0.000000,0.000000,0.000000,0.000000,0.000000,0.000000,0.000000,0.000000,0.000000,0.000000,0.000000,0.000000,0.000000,0.000000,0.000000,0.000000,0.000000,0.000000,0.000000,0.000000,0.000000,0.000000,0.000000,0.000000,0.000000,0.000000,0.000000,0.000000,0.000000,0.000000,0.000000,0.000000,0.000000,0.000000,0.000000,0.000000,0.000000,0.000000,0.000000,0.000000,0.000000,0.000000,0.000000,0.000000,0.000000,0.000000,0.000000,0.000000,0.000000,0.000000,0.000000,0.000000,0.000000,0.000000,0.000000,0.000000,0.000000,0.000000,0.000000,0.000000,0.000000,0.000000,0.000000,0.000000,0.000000,0.000000,0.000000,0.000000,0.000000,0.000000],
	[0.368051,0.262837,0.164283,0.105042,0.066165,0.012878,0.061166,0.124106,0.157563,0.157239,0.124330,0.098119,0.131669,0.168940,0.176337,0.164506,0.144581,0.111243,0.072235,0.082327,0.134987,0.175560,0.176338,0.127888,0.052691,0.051253,0.087781,0.088469,0.068902,0.058562,0.081598,0.128226,0.167099,0.180411,0.173056,0.168476,0.184216,0.199180,0.191673,0.170311,0.150948,0.122304,0.066422,0.039901,0.084459,0.087823,0.055430,0.028853,0.079232,0.189265,0.316583,0.417228,0.456610,0.421479,0.327861,0.223140,0.175403,0.185631,0.174974,0.110906,0.009005,0.101379,0.191284,0.250984,0.281792,0.290891,0.285738,0.271498,0.254100,0.242148,0.240010,0.241763,0.234920,0.218350,0.213870,0.224801,0.219715,0.181395,0.114369,0.061297,0.140882,0.234779,0.282025,0.271354,0.213827,0.138188,0.121301,0.180247,0.223212,0.236221,0.248743,0.252279,0.205346,0.097673,0.041987,0.161860,0.245440,0.310552,0.379049,0.434187,0.450835,0.438490,0.419216,0.381818,0.308489,0.210922,0.111297,0.024230,0.054892,0.107025,0.137173,0.155136,0.179920,0.214112,0.231401,0.215791,0.207022,0.240152,0.268258,0.257241,0.217934,0.206617,0.257867,0.301581,0.297856,0.259253,0.215880,0.209015,0.220712,0.223351,0.237263,0.249267,0.232827,0.200768,0.188423,0.201444,0.234671,0.264945,0.249384,0.198256,0.153580,0.123906,0.125537,0.151186,0.163803,0.147638,0.116674,0.110851,0.142676,0.175972,0.185168,0.188065,0.205486,0.227157,0.227580,0.179876,0.092371,0.021386,0.059603,0.104302,0.121883,0.094431,0.054947,0.037561,0.047713,0.106018,0.157394,0.179983,0.174036,0.137501,0.087039,0.086606,0.134152,0.176293,0.189034,0.161915,0.121151,0.109439,0.122991,0.140798,0.129901,0.090460,0.103828,0.148814,0.155570,0.117107,0.052025,0.049569,0.112407,0.143788,0.133448,0.123610,0.160448,0.189878,0.172522,0.118798,0.046235,0.039616,0.129112,0.216022,0.295576,0.350823,0.373497,0.376348,0.366928,0.340741,0.295336,0.228762,0.145827,0.099898,0.155456,0.226600,0.277704,0.313565,0.343414,0.367707,0.380171,0.381167,0.382113,0.382574,0.366835,0.331825,0.290240,0.254666,0.236730,0.240568,0.241492,0.221237,0.209613,0.240282,0.282071,0.300551,0.297984,0.288217,0.269224,0.230064,0.163100,0.086389,0.127436,0.214034,0.247362,0.224904,0.180532,0.166116,0.202861,0.258236,0.319973,0.381496,0.413924,0.386387,0.306012,0.236297,0.253599,0.330492,0.402214,0.422731],
	[0.873815,0.457332,0.199168,0.073510,0.024527,0.006131,0.005257,0.012633,0.013698,0.008940,0.008423,0.010903,0.007954,0.003644,0.011710,0.019460,0.022634,0.020447,0.014563,0.008636,0.009979,0.017893,0.027011,0.034810,0.039089,0.039338,0.036961,0.033437,0.029547,0.025720,0.021115,0.014624,0.007764,0.003035,0.000454,0.003112,0.008369,0.014800,0.020384,0.022912,0.020830,0.014811,0.008061,0.003718,0.002568,0.004162,0.008624,0.016176,0.024665,0.030095,0.029854,0.024424,0.016412,0.008829,0.003693,0.001282,0.000482,0.000239,0.000375,0.001302,0.004044,0.009627,0.018498,0.029510,0.039603,0.045346,0.044948,0.038705,0.028620,0.017931,0.009475,0.004125,0.001308,0.000248,0.000138,0.000117,0.000395,0.001366,0.003637,0.008157,0.014614,0.020640,0.023109,0.020608,0.014598,0.008121,0.003358,0.000917,0.003330,0.008118,0.014632,0.020645,0.023149,0.020739,0.015427,0.013950,0.018936,0.023560,0.025327,0.024522,0.020685,0.014636,0.009406,0.007749,0.010838,0.018467,0.028756,0.037748,0.041109,0.037132,0.027760,0.017487,0.012546,0.013116,0.011861,0.008052,0.005914,0.009540,0.016636,0.023076,0.025597,0.022279,0.014609,0.012175,0.017025,0.018668,0.016841,0.016358,0.020771,0.028619,0.035374,0.038394,0.038133,0.035077,0.028914,0.021528,0.017127,0.018322,0.023278,0.027751,0.031480,0.037259,0.043375,0.046355,0.045892,0.042529,0.035847,0.025767,0.014242,0.010698,0.017914,0.023083,0.025188,0.026641,0.028132,0.028887,0.028099,0.025757,0.023071,0.020706,0.019438,0.020496,0.022325,0.022783,0.020623,0.016158,0.015026,0.019687,0.024617,0.028786,0.033025,0.036603,0.037654,0.035216,0.030909,0.026900,0.022515,0.017548,0.017430,0.023537,0.028415,0.031064,0.041159,0.061321,0.081339,0.092732,0.092320,0.081154,0.063199,0.044469,0.032883,0.033732,0.040053,0.045026,0.049287,0.055786,0.065265,0.077179,0.090542,0.103112,0.112039,0.114989,0.109825,0.094620,0.070286,0.042480,0.016699,0.020611,0.075846,0.161988,0.268367,0.373176,0.454707,0.501569,0.514389,0.502103,0.478891,0.460996,0.460875,0.481784,0.518232,0.562808,0.612946,0.669975,0.729421,0.772030,0.770676,0.721056,0.684766,0.773667,1.004100,1.286747,1.542662,1.735618,1.864247,1.937483,1.953520,1.905419,1.803203,1.683473,1.593918,1.572855,1.638319,1.770460,1.914553,2.025879,2.100072,2.155046,2.199373,2.230932,2.259090,2.298236,2.312953,2.201030,1.882483,1.394214],
	[0.052824,0.130855,0.236122,0.331877,0.370901,0.332788,0.242039,0.152683,0.115633,0.150917,0.238342,0.332708,0.392790,0.407237,0.382823,0.325908,0.283895,0.330286,0.427613,0.497256,0.488641,0.395347,0.260062,0.135566,0.043010,0.041363,0.136301,0.261314,0.393246,0.482339,0.483505,0.394514,0.261310,0.140666,0.060787,0.016720,0.018326,0.064317,0.150773,0.286765,0.443026,0.549209,0.532667,0.375862,0.145721,0.092388,0.183266,0.175654,0.131075,0.157357,0.275514,0.417366,0.512785,0.508202,0.397561,0.218178,0.017214,0.168611,0.304117,0.367353,0.392882,0.469862,0.589166,0.650437,0.600509,0.460985,0.293241,0.153045,0.064564,0.021887,0.006370,0.002594,0.005641,0.019548,0.053290,0.112796,0.182411,0.220852,0.196403,0.131486,0.094200,0.129593,0.196004,0.220526,0.175253,0.102066,0.122147,0.232889,0.348368,0.428927,0.462070,0.465946,0.459063,0.429546,0.353940,0.240599,0.131252,0.059864,0.027433,0.026874,0.058184,0.129991,0.236346,0.333972,0.370666,0.328293,0.231348,0.119509,0.053638,0.148541,0.305217,0.491524,0.633233,0.635663,0.469443,0.204501,0.051880,0.233189,0.338570,0.375693,0.353415,0.309889,0.315443,0.378710,0.439071,0.474785,0.499227,0.510522,0.470281,0.340529,0.144729,0.144407,0.317029,0.407611,0.383438,0.272258,0.143304,0.059848,0.044763,0.072887,0.130441,0.220163,0.309846,0.317468,0.186609,0.079569,0.320466,0.503628,0.601485,0.632953,0.614851,0.567115,0.521954,0.499419,0.496310,0.503160,0.521936,0.560245,0.602266,0.609647,0.563896,0.492528,0.426683,0.348454,0.240251,0.130574,0.056513,0.022664,0.009421,0.007722,0.018850,0.058025,0.134092,0.236436,0.331737,0.377546,0.354811,0.301404,0.299108,0.360322,0.421279,0.453660,0.466358,0.453112,0.413740,0.389751,0.377792,0.325982,0.231253,0.132073,0.059662,0.021049,0.010597,0.024208,0.065321,0.151849,0.292838,0.463759,0.606553,0.661486,0.605114,0.463553,0.294230,0.152242,0.063816,0.022461,0.006101,0.004766,0.022833,0.065193,0.152134,0.293242,0.465259,0.612836,0.681459,0.660193,0.605443,0.605609,0.662821,0.693337,0.650919,0.562921,0.487272,0.430322,0.348825,0.233431,0.111582,0.009864,0.126882,0.271574,0.417355,0.512608,0.513100,0.417987,0.271460,0.127629,0.014301,0.088320,0.166952,0.193555,0.152080,0.193342,0.341624,0.420029,0.378875,0.264252,0.159176,0.153057,0.240590,0.333656,0.371581,0.331237,0.235700,0.131517,0.053251,0.011913]
],
"envelope_edge" : [
	[0.015605,0.015098,0.013865,0.012367,0.010995,0.009901,0.009058,0.008395,0.007857,0.007399,0.007004,0.006656,0.006344,0.006061,0.005804,0.005569,0.005351,0.005147,0.004961,0.004788,0.004624,0.004469,0.004323,0.004187,0.004057,0.003934,0.003816,0.003704,0.003595,0.003489,0.003392,0.003298,0.003210,0.003124,0.003041,0.002959,0.002880,0.002803,0.002728,0.002656,0.002586,0.002520,0.002455,0.002393,0.002332,0.002273,0.002213,0.002154,0.002098,0.002042,0.001989,0.001935,0.001881,0.001830,0.001781,0.001734,0.001690,0.001647,0.001604,0.001560,0.001515,0.001469,0.001423,0.001380,0.001338,0.001297,0.001258,0.001220,0.001183,0.001147,0.001109,0.001071,0.001032,0.000995,0.000958,0.000922,0.000888,0.000855,0.000822,0.000789,0.000755,0.000720,0.000684,0.000647,0.000612,0.000580,0.000548,0.000516,0.000485,0.000452,0.000418,0.000385,0.000353,0.000319,0.000285,0.000253,0.000221,0.000190,0.000158,0.000127,0.000095,0.000064,0.000033,0.000004,-0.000026,-0.000056,-0.000087,-0.000118,-0.000149,-0.000180,-0.000212,-0.000245,-0.000278,-0.000311,-0.000343,-0.000375,-0.000408,-0.000441,-0.000473,-0.000505,-0.000536,-0.000567,-0.000600,-0.000633,-0.000667,-0.000700,-0.000734,-0.000768,-0.000803,-0.000839,-0.000876,-0.000912,-0.000949,-0.000987,-0.001025,-0.001062,-0.001100,-0.001136,-0.001174,-0.001212,-0.001251,-0.001292,-0.001334,-0.001377,-0.001421,-0.001465,-0.001508,-0.001550,-0.001593,-0.001638,-0.001684,-0.001731,-0.001781,-0.001834,-0.001886,-0.001937,-0.001989,-0.002042,-0.002096,-0.002150,-0.002207,-0.002268,-0.002333,-0.002397,-0.002464,-0.002530,-0.002599,-0.002671,-0.002747,-0.002827,-0.002911,-0.002996,-0.003086,-0.003179,-0.003292,-0.003413,-0.003534,-0.003651,-0.003754,-0.003835,-0.003894,-0.003937,-0.003983,-0.004050,-0.004159,-0.004313,-0.004501,-0.004701,-0.004899,-0.005089,-0.005275,-0.005465,-0.005676,-0.005905,-0.006138,-0.006366,-0.006634,-0.007026,-0.007620,-0.008295,-0.009022,-0.009789,-0.010428,-0.010901,-0.011332,-0.011935,-0.012648,-0.013044,-0.012730,-0.011688,-0.010220,-0.008771,-0.007687,-0.007085,-0.006845,-0.006753,-0.006618,-0.006346,-0.005923,-0.005394,-0.004820,-0.004257,-0.003720,-0.003219,-0.002773,-0.002407,-0.002107,-0.001817,-0.001475,-0.001056,-0.000568,-0.000060,0.000398,0.000746,0.000967,0.001102,0.001222,0.001389,0.001646,0.002010,0.002462,0.002946,0.003407,0.003820,0.004200,0.004588,0.005032,0.005578,0.006267,0.007115,0.008118,0.009290,0.010676,0.012272,0.013896,0.015150],
	[0.000000,0.000000,0.000000,0.000000,0.000000,0.000000,0.000000,0.000000,0.000000,0.000000,0.000000,0.000000,0.000000,0.000000,0.000000,0.000000,0.000000,0.000000,0.000000,0.000000,0.000000,0.000000,0.000000,0.000000,0.000000,0.000000,0.000000,0.000000,0.000000,0.000000,0.000000,0.000000,0.000000,0.000000,0.000000,0.000000,0.000000,0.000000,0.000000,0.000000,0.000000,0.000000,0.000000,0.000000,0.000000,0.000000,0.000000,0.000000,0.000000,0.000000,0.000000,0.000000,0.000000,0.000000,0.000000,0.000000,0.000000,0.000000,0.000000,0.000000,0.000000,0.000000,0.000000,0.000000,0.000000,0.000000,0.000000,0.000000,0.000000,0.000000,0.000000,0.000000,0.000000,0.000000,0.000000,0.000000,0.000000,0.000000,0.000000,0.000000,0.000000,0.000000,0.000000,0.000000,0.000000,0.000000,0.000000,0.000000,0.000000,0.000000,0.000000,0.000000,0.000000,0.000000,0.000000,0.000000,0.000000,0.000000,0.000000,0.000000,0.000000,0.000000,0.000000,0.000000,0.000000,0.000000,0.000000,0.000000,0.000000,0.000000,0.000000,0.000000,0.000000,0.000000,0.000000,0.000000,0.000000,0.000000,0.000000,0.000000,0.000000,0.000000,0.000000,0.000000,0.000000,0.000000,0.000000,0.000000,0.000000,0.000000,0.000000,0.000000,0.000000,0.000000,0.000000,0.000000,0.000000,0.000000,0.000000,0.000000,0.000000,0.000000,0.000000,0.000000,0.000000,0.000000,0.000000,0.000000,0.000000,0.000000,0.000000,0.000000,0.000000,0.000000,0.000000,0.000000,0.000000,0.000000,0.000000,0.000000,0.000000,0.000000,0.000000,0.000000,0.000000,0.000000,0.000000,0.000000,0.000000,0.000000,0.000000,0.000000,0.000000,0.000000,0.000000,0.000000,0.000000,0.000000,0.000000,0.000000,0.000000,0.000000,0.000000,0.000000,0.000000,0.000000,0.000000,0.000000,0.000000,0.000000,0.000000,0.000000,0.000000,0.000000,0.000000,0.000000,0.000000,0.000000,0.000000,0.000000,0.000000,0.000000,0.000000,0.000000,0.000000,0.000000,0.000000,0.000000,0.000000,0.000000,0.000000,0.000000,0.000000,0.000000,0.000000,0.000000,0.000000,0.000000,0.000000,0.000000,0.000000,0.000000,0.000000,0.000000,0.000000,0.000000,0.000000,0.000000,0.000000,0.000000,0.000000,0.000000,0.000000,0.000000,0.000000,0.000000,0.000000,0.000000,0.000000,0.000000,0.000000,0.000000,0.000000,0.000000,0.000000,0.000000,0.000000,0.000000,0.000000,0.000000,0.000000,0.000000,0.000000,0.000000,0.000000,0.000000],
	[0.002054,0.002405,0.002286,0.001879,0.001629,0.001001,0.000269,0.000221,0.000365,0.000634,0.000697,0.000415,0.000099,0.000233,0.000431,0.000623,0.000698,0.000753,0.000473,0.000034,-0.000135,0.000122,0.000504,0.000847,0.000616,0.000066,-0.000051,0.000042,-0.000039,-0.000315,-0.000653,-0.000766,-0.000641,-0.000411,-0.000283,-0.000304,-0.000319,-0.000145,0.000075,0.000199,0.000255,0.000346,0.000246,-0.000310,-0.000603,-0.000475,-0.000625,-0.001167,-0.001974,-0.002331,-0.002228,-0.001517,-0.000574,0.000432,0.000970,0.001000,0.000497,0.000370,0.000434,0.000660,-0.000234,-0.001261,-0.001208,-0.001074,-0.000698,-0.000448,-0.000160,-0.000026,0.000081,0.000047,0.000061,0.000086,0.000210,0.000204,0.000152,0.000165,0.000414,0.000562,0.000524,-0.000250,-0.000987,-0.000862,-0.000398,0.000171,0.000470,0.000309,-0.000353,-0.000672,-0.000545,-0.000371,-0.000248,0.000088,0.000443,0.000366,-0.000819,-0.001624,-0.001500,-0.001482,-0.001187,-0.000732,-0.000057,0.000431,0.000939,0.001416,0.001889,0.001960,0.001807,0.000992,0.000113,-0.000144,-0.000234,-0.000305,-0.000414,-0.000379,-0.000171,-0.000038,-0.000205,-0.000311,-0.000080,0.000208,0.000243,-0.000110,-0.000289,0.000014,0.000439,0.000688,0.000612,0.000373,0.000322,0.000301,0.000292,0.000453,0.000663,0.000645,0.000453,0.000270,0.000246,0.000523,0.000959,0.001126,0.001038,0.000785,0.000476,0.000360,0.000480,0.000595,0.000500,0.000165,-0.000043,0.000005,0.000155,0.000171,0.000222,0.000414,0.000849,0.001240,0.001331,0.000702,0.000092,0.000085,0.000264,0.000471,0.000302,-0.000006,-0.000463,-0.000710,-0.000563,-0.000269,0.000043,0.000247,0.000077,-0.000389,-0.000587,-0.000441,-0.000109,0.000159,0.000120,-0.000119,-0.000253,-0.000212,-0.000014,-0.000148,-0.000521,-0.000488,-0.000170,0.000063,-0.000141,-0.000794,-0.001019,-0.000826,-0.000693,-0.000882,-0.001018,-0.000762,-0.000436,-0.000318,-0.000669,-0.001589,-0.002163,-0.002219,-0.002049,-0.001616,-0.001145,-0.000720,-0.000324,0.000043,0.000339,0.000461,0.000247,-0.000546,-0.001257,-0.001393,-0.001332,-0.001184,-0.001028,-0.000795,-0.000530,-0.000287,-0.000093,0.000166,0.000471,0.000695,0.000753,0.000658,0.000463,0.000325,0.000351,0.000325,0.000063,-0.000187,-0.000106,0.000136,0.000385,0.000566,0.000803,0.000969,0.001034,0.000435,-0.000411,-0.000469,-0.000108,0.000183,0.000100,-0.000325,-0.000715,-0.000856,-0.000810,-0.000496,0.000117,0.000784,0.001087,0.000727,0.000147,0.000008,0.000440,0.001239],
	[0.018158,0.016676,0.014591,0.012607,0.011036,0.009833,0.008884,0.008181,0.007653,0.007169,0.006718,0.006345,0.006034,0.005680,0.005357,0.005137,0.004958,0.004800,0.004622,0.004408,0.004170,0.003978,0.003834,0.003738,0.003669,0.003612,0.003546,0.003475,0.003395,0.003317,0.003240,0.003159,0.003051,0.002931,0.002794,0.002660,0.002555,0.002478,0.002435,0.002415,0.002403,0.002368,0.002299,0.002204,0.002101,0.002001,0.001909,0.001839,0.001811,0.001823,0.001850,0.001862,0.001840,0.001785,0.001709,0.001629,0.001555,0.001484,0.001413,0.001337,0.001256,0.001177,0.001115,0.001089,0.001109,0.001165,0.001232,0.001285,0.001303,0.001278,0.001221,0.001150,0.001079,0.001012,0.000954,0.000899,0.000843,0.000785,0.000726,0.000672,0.000640,0.000640,0.000666,0.000690,0.000690,0.000655,0.000599,0.000520,0.000441,0.000383,0.000346,0.000343,0.000361,0.000376,0.000352,0.000285,0.000236,0.000231,0.000238,0.000250,0.000254,0.000232,0.000175,0.000096,0.000013,-0.000049,-0.000072,-0.000042,0.000021,0.000084,0.000108,0.000076,0.000003,-0.000048,-0.000073,-0.000115,-0.000190,-0.000268,-0.000312,-0.000315,-0.000291,-0.000269,-0.000295,-0.000377,-0.000428,-0.000438,-0.000468,-0.000527,-0.000592,-0.000623,-0.000616,-0.000590,-0.000565,-0.000545,-0.000544,-0.000581,-0.000656,-0.000739,-0.000796,-0.000828,-0.000859,-0.000883,-0.000876,-0.000847,-0.000814,-0.000786,-0.000768,-0.000778,-0.000847,-0.000978,-0.001066,-0.001092,-0.001117,-0.001142,-0.001166,-0.001181,-0.001195,-0.001217,-0.001252,-0.001298,-0.001355,-0.001411,-0.001451,-0.001479,-0.001507,-0.001563,-0.001658,-0.001739,-0.001790,-0.001833,-0.001867,-0.001886,-0.001892,-0.001904,-0.001940,-0.001994,-0.002059,-0.002156,-0.002288,-0.002400,-0.002478,-0.002585,-0.002726,-0.002812,-0.002794,-0.002707,-0.002603,-0.002536,-0.002544,-0.002646,-0.002833,-0.003034,-0.003183,-0.003307,-0.003438,-0.003581,-0.003717,-0.003839,-0.003932,-0.003991,-0.004018,-0.004030,-0.004044,-0.004098,-0.004248,-0.004541,-0.005040,-0.005798,-0.006537,-0.007067,-0.007331,-0.007253,-0.006918,-0.006461,-0.006041,-0.005767,-0.005711,-0.005864,-0.006158,-0.006482,-0.006762,-0.006976,-0.007143,-0.007240,-0.007202,-0.006988,-0.006758,-0.006919,-0.007916,-0.009454,-0.010523,-0.010595,-0.009800,-0.008485,-0.006951,-0.005331,-0.003695,-0.002210,-0.001145,-0.000699,-0.000850,-0.001371,-0.001877,-0.001937,-0.001373,-0.000380,0.000754,0.001923,0.003175,0.004521,0.005950,0.007678,0.010130,0.013308,0.016376,0.018177],
	[-0.000736,-0.001240,-0.001419,-0.001016,-0.000282,0.000460,0.000721,0.000423,-0.000323,-0.001058,-0.001472,-0.001354,-0.000912,-0.000353,0.000076,0.000251,-0.000154,-0.000650,-0.000586,0.000140,0.001136,0.001947,0.002137,0.001794,0.000916,-0.000297,-0.001178,-0.001459,-0.001207,-0.000304,0.000827,0.001758,0.002043,0.001781,0.001156,0.000416,-0.000471,-0.001221,-0.001896,-0.002169,-0.001821,-0.000613,0.000882,0.002072,0.001727,0.000265,-0.000220,0.000017,-0.000480,-0.001262,-0.001866,-0.001541,-0.000713,0.000658,0.001441,0.001902,0.000271,-0.001458,-0.001266,-0.001066,-0.000882,-0.001039,-0.000429,0.000783,0.002243,0.003152,0.003423,0.003033,0.002421,0.001732,0.001193,0.000699,0.000278,-0.000185,-0.000596,-0.000892,-0.000819,-0.000418,0.000035,0.000040,-0.000441,-0.000978,-0.000999,-0.000641,-0.000352,-0.000778,-0.001717,-0.002209,-0.002068,-0.001530,-0.000875,-0.000297,0.000252,0.000891,0.001461,0.001676,0.001383,0.000796,0.000098,-0.000584,-0.001273,-0.001806,-0.001996,-0.001580,-0.000835,-0.000078,0.000159,-0.000122,-0.001345,-0.002562,-0.003048,-0.002777,-0.001543,0.000299,0.001655,0.001736,-0.000307,-0.001657,-0.001190,-0.000872,-0.000391,-0.000576,-0.000934,-0.001199,-0.000922,-0.000614,-0.000140,0.000437,0.001285,0.001896,0.001349,-0.000417,-0.000784,-0.000025,0.000979,0.001460,0.001316,0.000517,-0.000290,-0.001069,-0.001563,-0.001922,-0.001543,-0.000897,-0.000488,-0.002302,-0.003639,-0.002979,-0.002224,-0.001232,-0.000536,-0.000028,0.000066,0.000073,0.000016,0.000042,0.000039,0.000194,0.000619,0.001357,0.002042,0.002470,0.002724,0.003007,0.003070,0.002737,0.002089,0.001424,0.000815,0.000241,-0.000377,-0.001018,-0.001535,-0.001710,-0.001432,-0.000823,-0.000293,-0.000284,-0.000708,-0.000908,-0.000678,-0.000277,0.000168,0.000653,0.000957,0.001073,0.001374,0.001816,0.001997,0.001757,0.001208,0.000534,-0.000173,-0.000890,-0.001637,-0.002352,-0.002768,-0.002559,-0.001592,-0.000122,0.001339,0.002287,0.002504,0.002093,0.001371,0.000611,-0.000080,-0.000783,-0.001509,-0.002293,-0.003071,-0.003591,-0.003531,-0.002798,-0.001655,-0.000679,-0.000304,-0.000354,-0.000050,0.000767,0.001691,0.002198,0.002388,0.002538,0.002822,0.002715,0.002311,0.000851,-0.000638,-0.000894,-0.000740,0.000289,0.001401,0.002462,0.002682,0.002502,0.001257,0.000131,0.000011,0.000179,0.000026,-0.000821,-0.000842,0.000100,0.001081,0.001449,0.000982,0.000072,-0.000396,-0.000148,0.000572,0.001314,0.001687,0.001524,0.001009,0.000144]
],
	"idxs" : [207,0,49,231,110]
,"hydrophone_pos" : [
	[0.000000,0.000000,0.000000],
	[0.000000,0.000000,0.000000],
	[0.450000,0.000000,0.000000],
	[0.000000,0.450000,0.000000],
	[0.000000,0.000000,-0.450000]
],
	"direction_of_arrival" : [0.635455,0.066890,0.769235]
,	"valid" : [0.000000,-0.000000,-0.000000,-0.000000,-0.000000]
}
dump = {
	"magnitude" : [0.000000,0.000004,0.000003,0.000001,0.000002,0.000004,0.000003,0.000000,0.000000,0.000006,0.000000,0.000001,0.000003,0.000000,0.000018,0.000001,0.000002,0.000000,0.000000,0.000000,0.000001,0.000001,0.000000,0.000000,0.000000,0.000000,0.000000,0.000000,0.000000,0.000000,0.000000,0.000000]
,	"raw_mv" : [
	[-5.722499,-7.248499,-5.722499,-6.867000,-6.104000,-2.670500,-3.052000,-3.815000,-0.763000,-1.907500,-2.670500,-3.052000,-4.196499,-6.104000,-4.578000,-6.104000,-9.156000,-6.867000,-6.867000,-10.300499,-9.156000,-5.722499,-5.722499,-4.959500,-6.485500,-11.063500,-11.063500,-8.392999,-9.156000,-8.392999,-3.433500,-8.011500,-12.971000,-14.496999,-13.734000,-11.444999,-8.011500,-10.300499,-16.404500,-12.971000,-12.971000,-14.496999,-13.352499,-14.496999,-18.312000,-15.641500,-12.589500,-15.260000,-15.641500,-13.352499,-13.352499,-12.971000,-14.115500,-14.496999,-12.971000,-9.919000,-11.826499,-13.352499,-12.971000,-11.063500,-8.774499,-7.248499,-11.063500,-12.589500,-8.392999,-4.959500,-6.104000,-6.867000,-8.774499,-10.300499,-4.578000,-2.670500,-3.052000,-3.433500,-2.670500,-3.433500,-2.670500,-0.381500,-3.815000,-3.815000,-0.763000,-1.526000,-2.670500,-2.289000,-2.289000,-3.433500,-0.381500,-1.907500,-3.052000,-3.052000,-6.104000,-7.248499,-1.907500,-0.763000,-5.722499,-5.722499,-4.959500,-3.815000,-1.144500,-0.381500,-3.433500,-3.433500,-0.763000,-2.670500,-3.052000,-1.526000,-1.144500,-1.907500,-0.763000,-4.196499,-2.289000,-1.907500,-3.052000,-1.526000,-0.381500,-0.381500,-3.815000,-3.815000,-3.433500,-5.341000,-6.485500,-3.052000,-1.526000,-4.959500,-5.722499,-6.485500,-4.578000,-3.052000,-4.578000,-7.248499,-8.774499,-7.248499,-4.578000,-1.526000,-6.867000,-10.300499,-8.011500,-5.722499,-7.248499,-9.537500,-11.444999,-10.300499,-6.104000,-6.485500,-6.485500,-6.485500,-5.722499,-9.537500,-9.156000,-9.156000,-8.011500,-5.722499,-8.011500,-10.682000,-9.919000,-8.392999,-10.682000,-9.537500,-7.630000,-9.156000,-9.156000,-9.156000,-10.300499,-12.589500,-8.774499,-5.722499,-8.011500,-9.919000,-9.919000,-8.392999,-6.485500,-9.156000,-10.300499,-5.722499,-2.670500,-6.485500,-9.156000,-8.774499,-6.104000,-5.722499,-7.630000,-8.011500,-6.485500,-5.722499,-8.392999,-8.774499,-5.341000,-5.722499,-9.156000,-10.682000,-11.444999,-11.826499,-11.063500,-10.682000,-10.682000,-8.774499,-8.011500,-11.444999,-11.444999,-10.300499,-10.300499,-8.392999,-9.156000,-9.537500,-8.011500,-6.867000,-7.248499,-8.392999,-10.300499,-10.682000,-8.011500,-7.630000,-6.867000,-7.630000,-4.578000,-4.959500,-8.392999,-6.867000,-3.433500,-3.052000,-4.196499,-6.104000,-5.341000,-3.052000,-1.907500,-1.907500,-3.433500,-5.722499,-8.774499,-6.867000,-2.670500,-2.670500,-4.196499,-2.670500,-1.144500,-0.381500,-3.433500,-6.104000,-6.104000,-5.722499,-5.722499,-6.867000,-8.011500,-6.485500,-6.485500,-8.392999,-6.867000,-4.578000,-4.959500,-6.867000,-9.537500,-8.392999,-8.392999,-9.156000,-8.774499,-9.919000],
	[0.000000,0.000000,0.000000,0.000000,0.000000,0.000000,0.000000,0.000000,0.000000,0.000000,0.000000,0.000000,0.000000,0.000000,0.000000,0.000000,0.000000,0.000000,0.000000,0.000000,0.000000,0.000000,0.000000,0.000000,0.000000,0.000000,0.000000,0.000000,0.000000,0.000000,0.000000,0.000000,0.000000,0.000000,0.000000,0.000000,0.000000,0.000000,0.000000,0.000000,0.000000,0.000000,0.000000,0.000000,0.000000,0.000000,0.000000,0.000000,0.000000,0.000000,0.000000,0.000000,0.000000,0.000000,0.000000,0.000000,0.000000,0.000000,0.000000,0.000000,0.000000,0.000000,0.000000,0.000000,0.000000,0.000000,0.000000,0.000000,0.000000,0.000000,0.000000,0.000000,0.000000,0.000000,0.000000,0.000000,0.000000,0.000000,0.000000,0.000000,0.000000,0.000000,0.000000,0.000000,0.000000,0.000000,0.000000,0.000000,0.000000,0.000000,0.000000,0.000000,0.000000,0.000000,0.000000,0.000000,0.000000,0.000000,0.000000,0.000000,0.000000,0.000000,0.000000,0.000000,0.000000,0.000000,0.000000,0.000000,0.000000,0.000000,0.000000,0.000000,0.000000,0.000000,0.000000,0.000000,0.000000,0.000000,0.000000,0.000000,0.000000,0.000000,0.000000,0.000000,0.000000,0.000000,0.000000,0.000000,0.000000,0.000000,0.000000,0.000000,0.000000,0.000000,0.000000,0.000000,0.000000,0.000000,0.000000,0.000000,0.000000,0.000000,0.000000,0.000000,0.000000,0.000000,0.000000,0.000000,0.000000,0.000000,0.000000,0.000000,0.000000,0.000000,0.000000,0.000000,0.000000,0.000000,0.000000,0.000000,0.000000,0.000000,0.000000,0.000000,0.000000,0.000000,0.000000,0.000000,0.000000,0.000000,0.000000,0.000000,0.000000,0.000000,0.000000,0.000000,0.000000,0.000000,0.000000,0.000000,0.000000,0.000000,0.000000,0.000000,0.000000,0.000000,0.000000,0.000000,0.000000,0.000000,0.000000,0.000000,0.000000,0.000000,0.000000,0.000000,0.000000,0.000000,0.000000,0.000000,0.000000,0.000000,0.000000,0.000000,0.000000,0.000000,0.000000,0.000000,0.000000,0.000000,0.000000,0.000000,0.000000,0.000000,0.000000,0.000000,0.000000,0.000000,0.000000,0.000000,0.000000,0.000000,0.000000,0.000000,0.000000,0.000000,0.000000,0.000000,0.000000,0.000000,0.000000,0.000000,0.000000,0.000000,0.000000,0.000000,0.000000,0.000000,0.000000,0.000000,0.000000,0.000000,0.000000,0.000000,0.000000,0.000000,0.000000,0.000000,0.000000,0.000000,0.000000,0.000000,0.000000,0.000000,0.000000,0.000000],
	[-6.104000,-6.332900,-6.332900,-6.180300,-6.180300,-6.027700,-6.027700,-6.180300,-6.256600,-6.104000,-6.104000,-6.104000,-6.256600,-6.485500,-6.561800,-6.332900,-6.485500,-6.485500,-6.561800,-6.485500,-6.561800,-6.638100,-6.409200,-6.638100,-6.485500,-6.409200,-6.638100,-6.638100,-6.638100,-6.638100,-6.714400,-6.485500,-6.638100,-6.790700,-6.561800,-6.638100,-6.638100,-6.561800,-6.485500,-6.638100,-6.638100,-6.714400,-6.561800,-6.561800,-6.638100,-6.790700,-6.485500,-6.485500,-6.638100,-6.714400,-6.561800,-6.561800,-6.638100,-6.485500,-6.714400,-6.638100,-6.638100,-6.790700,-6.790700,-6.638100,-6.790700,-6.714400,-6.561800,-6.790700,-6.714400,-6.638100,-6.409200,-6.638100,-6.638100,-6.409200,-6.867000,-6.714400,-6.638100,-6.790700,-6.638100,-6.485500,-6.561800,-6.638100,-6.485500,-6.638100,-6.638100,-6.714400,-6.714400,-6.790700,-6.638100,-6.638100,-6.714400,-6.638100,-6.638100,-6.790700,-6.790700,-6.714400,-6.638100,-6.485500,-6.485500,-6.790700,-6.867000,-6.714400,-6.714400,-6.714400,-6.485500,-6.714400,-6.714400,-6.485500,-6.561800,-6.561800,-6.638100,-6.790700,-6.714400,-6.638100,-6.714400,-6.638100,-6.638100,-6.714400,-6.638100,-6.638100,-6.638100,-6.714400,-6.714400,-6.485500,-6.714400,-6.714400,-6.561800,-6.638100,-6.638100,-6.485500,-6.714400,-6.714400,-6.714400,-6.790700,-6.561800,-6.638100,-6.561800,-6.638100,-6.714400,-6.638100,-6.714400,-6.638100,-6.485500,-6.561800,-6.332900,-6.332900,-6.485500,-6.332900,-6.256600,-6.256600,-6.180300,-6.027700,-6.104000,-6.180300,-6.027700,-6.180300,-6.409200,-6.180300,-6.027700,-6.256600,-6.104000,-6.180300,-6.561800,-6.409200,-6.561800,-6.714400,-6.332900,-6.332900,-6.561800,-6.332900,-6.485500,-6.561800,-6.485500,-6.409200,-6.561800,-6.561800,-6.638100,-6.714400,-6.714400,-6.485500,-6.485500,-6.638100,-6.638100,-6.714400,-6.561800,-6.485500,-6.485500,-6.714400,-6.867000,-6.714400,-6.638100,-6.638100,-6.714400,-6.790700,-6.638100,-6.714400,-6.638100,-6.790700,-6.714400,-6.714400,-6.638100,-6.638100,-6.561800,-6.714400,-6.561800,-6.638100,-6.638100,-6.485500,-6.561800,-6.714400,-6.485500,-6.638100,-6.714400,-6.790700,-6.638100,-6.561800,-6.638100,-6.714400,-6.638100,-6.638100,-6.638100,-6.714400,-6.638100,-6.714400,-6.485500,-6.561800,-6.561800,-6.638100,-6.714400,-6.638100,-6.714400,-6.638100,-6.714400,-6.638100,-6.638100,-6.714400,-6.638100,-6.714400,-6.638100,-6.638100,-6.638100,-6.485500,-6.714400,-6.638100,-6.561800,-6.561800,-6.561800,-6.714400,-6.638100,-6.790700,-6.638100,-6.714400,-6.714400,-6.638100,-6.638100,-6.790700,-6.714400,-6.561800,-6.485500,-6.561800],
	[-6.867000,-6.867000,-6.867000,-6.867000,-6.867000,-6.867000,-6.867000,-6.867000,-6.867000,-6.867000,-7.248499,-7.248499,-7.248499,-6.867000,-7.248499,-7.248499,-7.248499,-7.248499,-7.248499,-6.867000,-6.867000,-7.248499,-7.248499,-6.867000,-7.248499,-7.248499,-7.630000,-7.248499,-7.248499,-7.248499,-7.248499,-7.630000,-7.248499,-7.248499,-7.248499,-6.867000,-7.248499,-7.248499,-7.248499,-7.248499,-7.248499,-7.248499,-7.248499,-6.867000,-7.248499,-7.630000,-7.248499,-7.248499,-7.248499,-7.630000,-7.248499,-7.630000,-7.248499,-7.630000,-7.248499,-7.630000,-7.630000,-7.630000,-7.630000,-7.248499,-6.867000,-7.248499,-7.248499,-7.248499,-7.630000,-7.248499,-7.248499,-7.248499,-7.630000,-7.630000,-6.867000,-7.248499,-6.867000,-6.867000,-7.248499,-7.248499,-6.867000,-6.867000,-7.248499,-6.867000,-6.867000,-6.867000,-7.248499,-6.867000,-6.867000,-6.867000,-6.867000,-6.867000,-6.867000,-6.867000,-6.867000,-6.867000,-6.867000,-6.485500,-6.867000,-7.248499,-7.248499,-7.248499,-6.867000,-7.248499,-6.867000,-7.248499,-6.867000,-7.248499,-6.867000,-7.248499,-7.248499,-7.248499,-7.248499,-7.248499,-7.248499,-7.248499,-7.248499,-7.248499,-7.248499,-7.248499,-7.248499,-7.630000,-7.248499,-7.248499,-7.248499,-7.248499,-7.630000,-7.630000,-7.248499,-7.630000,-7.630000,-8.011500,-7.248499,-7.248499,-7.248499,-7.630000,-7.630000,-7.248499,-7.248499,-7.630000,-7.630000,-7.248499,-7.630000,-7.248499,-7.248499,-7.248499,-7.248499,-7.248499,-6.867000,-7.248499,-7.248499,-7.248499,-6.867000,-6.867000,-6.867000,-6.867000,-6.867000,-6.867000,-6.867000,-6.867000,-6.867000,-7.248499,-7.248499,-7.248499,-7.248499,-7.248499,-7.248499,-7.248499,-7.248499,-7.248499,-7.248499,-7.248499,-7.248499,-7.248499,-6.867000,-7.248499,-7.248499,-7.248499,-7.248499,-7.248499,-6.867000,-7.248499,-7.248499,-6.867000,-7.248499,-6.867000,-7.248499,-7.248499,-6.867000,-7.630000,-6.867000,-7.248499,-6.867000,-6.867000,-6.485500,-6.867000,-7.248499,-7.248499,-6.867000,-7.248499,-6.867000,-7.248499,-7.248499,-6.867000,-6.867000,-7.248499,-7.248499,-7.248499,-7.248499,-7.248499,-6.867000,-6.867000,-7.248499,-7.248499,-7.248499,-7.630000,-7.248499,-7.248499,-7.630000,-7.248499,-7.248499,-7.248499,-7.630000,-7.248499,-7.248499,-7.248499,-7.248499,-7.630000,-7.630000,-7.248499,-7.248499,-7.248499,-7.630000,-7.630000,-7.248499,-7.248499,-7.630000,-7.630000,-7.248499,-7.248499,-7.248499,-7.630000,-7.630000,-7.248499,-7.248499,-6.867000,-7.248499,-7.248499,-7.630000,-7.248499,-7.630000,-7.248499,-7.630000,-7.630000,-7.248499,-7.248499,-7.248499,-7.630000,-7.630000,-7.630000],
	[-7.248499,-6.867000,-6.867000,-6.867000,-6.867000,-6.867000,-6.867000,-7.248499,-6.867000,-6.867000,-6.867000,-6.867000,-6.867000,-6.867000,-7.248499,-7.248499,-6.867000,-6.867000,-6.867000,-6.867000,-7.248499,-7.248499,-7.248499,-7.248499,-7.248499,-7.248499,-7.248499,-6.867000,-6.867000,-7.248499,-7.248499,-7.248499,-7.248499,-7.248499,-7.248499,-7.248499,-7.248499,-6.867000,-6.867000,-7.248499,-7.630000,-7.248499,-7.248499,-7.248499,-7.248499,-7.630000,-7.248499,-7.248499,-7.248499,-7.248499,-7.248499,-7.248499,-7.248499,-7.248499,-7.248499,-7.630000,-7.248499,-7.248499,-7.248499,-7.630000,-7.248499,-7.248499,-7.630000,-7.248499,-7.630000,-6.867000,-7.248499,-7.248499,-6.867000,-7.248499,-7.248499,-7.248499,-7.630000,-7.248499,-7.248499,-7.248499,-7.248499,-7.248499,-7.248499,-7.248499,-7.248499,-7.248499,-7.248499,-7.248499,-7.248499,-7.248499,-7.248499,-7.248499,-7.248499,-7.248499,-7.630000,-7.248499,-7.248499,-6.867000,-7.630000,-7.248499,-7.248499,-7.248499,-7.248499,-6.867000,-7.248499,-7.630000,-7.630000,-7.248499,-6.867000,-7.248499,-7.248499,-7.630000,-7.248499,-6.867000,-7.248499,-7.248499,-7.248499,-7.248499,-6.867000,-7.248499,-7.248499,-7.630000,-7.248499,-7.248499,-7.248499,-7.248499,-7.248499,-7.248499,-6.867000,-7.248499,-7.248499,-6.867000,-7.248499,-7.248499,-7.248499,-6.867000,-7.248499,-7.630000,-7.248499,-7.248499,-7.248499,-7.248499,-7.630000,-6.867000,-6.485500,-7.248499,-7.248499,-7.248499,-6.867000,-6.867000,-6.867000,-6.485500,-6.867000,-6.867000,-6.867000,-6.867000,-6.485500,-6.867000,-6.867000,-6.485500,-6.867000,-7.630000,-7.248499,-6.867000,-6.867000,-7.248499,-7.248499,-7.248499,-6.867000,-6.867000,-7.248499,-7.248499,-7.248499,-7.248499,-6.867000,-6.867000,-7.248499,-7.248499,-7.248499,-6.867000,-7.248499,-7.248499,-7.248499,-7.248499,-7.630000,-6.867000,-7.248499,-7.630000,-7.248499,-7.248499,-7.248499,-7.630000,-7.248499,-7.630000,-7.248499,-7.630000,-7.248499,-7.248499,-7.248499,-7.248499,-7.248499,-7.248499,-7.248499,-7.248499,-6.867000,-7.630000,-7.248499,-7.630000,-7.248499,-7.248499,-7.248499,-7.248499,-7.248499,-7.248499,-7.248499,-7.248499,-7.248499,-7.248499,-7.248499,-6.867000,-7.248499,-7.630000,-7.248499,-7.248499,-7.248499,-7.248499,-7.630000,-7.248499,-7.248499,-7.248499,-7.248499,-7.248499,-7.630000,-6.867000,-7.248499,-7.248499,-7.248499,-7.248499,-7.248499,-7.248499,-7.248499,-7.248499,-7.248499,-7.248499,-7.248499,-6.867000,-7.248499,-7.630000,-7.630000,-7.248499,-7.248499,-7.248499,-7.630000,-7.248499,-6.867000,-7.248499,-7.248499,-7.630000,-7.248499,-7.248499]
],
"normalized" : [
	[0.326741,-0.085309,0.326741,0.017703,0.223728,1.150843,1.047831,0.841805,1.665907,1.356869,1.150843,1.047831,0.738792,0.223728,0.635779,0.223728,-0.600373,0.017703,0.017703,-0.909412,-0.600373,0.326741,0.326741,0.532767,0.120715,-1.115437,-1.115437,-0.394348,-0.600373,-0.394348,0.944818,-0.291335,-1.630502,-2.042552,-1.836527,-1.218450,-0.291335,-0.909412,-2.557617,-1.630502,-1.630502,-2.042552,-1.733514,-2.042552,-3.072681,-2.351591,-1.527489,-2.248578,-2.351591,-1.733514,-1.733514,-1.630502,-1.939540,-2.042552,-1.630502,-0.806399,-1.321463,-1.733514,-1.630502,-1.115437,-0.497360,-0.085309,-1.115437,-1.527489,-0.394348,0.532767,0.223728,0.017703,-0.497360,-0.909412,0.635779,1.150843,1.047831,0.944818,1.150843,0.944818,1.150843,1.768920,0.841805,0.841805,1.665907,1.459882,1.150843,1.253856,1.253856,0.944818,1.768920,1.356869,1.047831,1.047831,0.223728,-0.085309,1.356869,1.665907,0.326741,0.326741,0.532767,0.841805,1.562895,1.768920,0.944818,0.944818,1.665907,1.150843,1.047831,1.459882,1.562895,1.356869,1.665907,0.738792,1.253856,1.356869,1.047831,1.459882,1.768920,1.768920,0.841805,0.841805,0.944818,0.429754,0.120715,1.047831,1.459882,0.532767,0.326741,0.120715,0.635779,1.047831,0.635779,-0.085309,-0.497360,-0.085309,0.635779,1.459882,0.017703,-0.909412,-0.291335,0.326741,-0.085309,-0.703386,-1.218450,-0.909412,0.223728,0.120715,0.120715,0.120715,0.326741,-0.703386,-0.600373,-0.600373,-0.291335,0.326741,-0.291335,-1.012425,-0.806399,-0.394348,-1.012425,-0.703386,-0.188322,-0.600373,-0.600373,-0.600373,-0.909412,-1.527489,-0.497360,0.326741,-0.291335,-0.806399,-0.806399,-0.394348,0.120715,-0.600373,-0.909412,0.326741,1.150843,0.120715,-0.600373,-0.497360,0.223728,0.326741,-0.188322,-0.291335,0.120715,0.326741,-0.394348,-0.497360,0.429754,0.326741,-0.600373,-1.012425,-1.218450,-1.321463,-1.115437,-1.012425,-1.012425,-0.497360,-0.291335,-1.218450,-1.218450,-0.909412,-0.909412,-0.394348,-0.600373,-0.703386,-0.291335,0.017703,-0.085309,-0.394348,-0.909412,-1.012425,-0.291335,-0.188322,0.017703,-0.188322,0.635779,0.532767,-0.394348,0.017703,0.944818,1.047831,0.738792,0.223728,0.429754,1.047831,1.356869,1.356869,0.944818,0.326741,-0.497360,0.017703,1.150843,1.150843,0.738792,1.150843,1.562895,1.768920,0.944818,0.223728,0.223728,0.326741,0.326741,0.017703,-0.291335,0.120715,0.120715,-0.394348,0.017703,0.635779,0.532767,0.017703,-0.703386,-0.394348,-0.394348,-0.600373,-0.497360,-0.806399],
	[0.000000,0.000000,0.000000,0.000000,0.000000,0.000000,0.000000,0.000000,0.000000,0.000000,0.000000,0.000000,0.000000,0.000000,0.000000,0.000000,0.000000,0.000000,0.000000,0.000000,0.000000,0.000000,0.000000,0.000000,0.000000,0.000000,0.000000,0.000000,0.000000,0.000000,0.000000,0.000000,0.000000,0.000000,0.000000,0.000000,0.000000,0.000000,0.000000,0.000000,0.000000,0.000000,0.000000,0.000000,0.000000,0.000000,0.000000,0.000000,0.000000,0.000000,0.000000,0.000000,0.000000,0.000000,0.000000,0.000000,0.000000,0.000000,0.000000,0.000000,0.000000,0.000000,0.000000,0.000000,0.000000,0.000000,0.000000,0.000000,0.000000,0.000000,0.000000,0.000000,0.000000,0.000000,0.000000,0.000000,0.000000,0.000000,0.000000,0.000000,0.000000,0.000000,0.000000,0.000000,0.000000,0.000000,0.000000,0.000000,0.000000,0.000000,0.000000,0.000000,0.000000,0.000000,0.000000,0.000000,0.000000,0.000000,0.000000,0.000000,0.000000,0.000000,0.000000,0.000000,0.000000,0.000000,0.000000,0.000000,0.000000,0.000000,0.000000,0.000000,0.000000,0.000000,0.000000,0.000000,0.000000,0.000000,0.000000,0.000000,0.000000,0.000000,0.000000,0.000000,0.000000,0.000000,0.000000,0.000000,0.000000,0.000000,0.000000,0.000000,0.000000,0.000000,0.000000,0.000000,0.000000,0.000000,0.000000,0.000000,0.000000,0.000000,0.000000,0.000000,0.000000,0.000000,0.000000,0.000000,0.000000,0.000000,0.000000,0.000000,0.000000,0.000000,0.000000,0.000000,0.000000,0.000000,0.000000,0.000000,0.000000,0.000000,0.000000,0.000000,0.000000,0.000000,0.000000,0.000000,0.000000,0.000000,0.000000,0.000000,0.000000,0.000000,0.000000,0.000000,0.000000,0.000000,0.000000,0.000000,0.000000,0.000000,0.000000,0.000000,0.000000,0.000000,0.000000,0.000000,0.000000,0.000000,0.000000,0.000000,0.000000,0.000000,0.000000,0.000000,0.000000,0.000000,0.000000,0.000000,0.000000,0.000000,0.000000,0.000000,0.000000,0.000000,0.000000,0.000000,0.000000,0.000000,0.000000,0.000000,0.000000,0.000000,0.000000,0.000000,0.000000,0.000000,0.000000,0.000000,0.000000,0.000000,0.000000,0.000000,0.000000,0.000000,0.000000,0.000000,0.000000,0.000000,0.000000,0.000000,0.000000,0.000000,0.000000,0.000000,0.000000,0.000000,0.000000,0.000000,0.000000,0.000000,0.000000,0.000000,0.000000,0.000000,0.000000,0.000000,0.000000,0.000000,0.000000,0.000000,0.000000,0.000000,0.000000,0.000000],
	[2.667619,1.372561,1.372561,2.235932,2.235932,3.099304,3.099304,2.235932,1.804245,2.667619,2.667619,2.667619,1.804245,0.509187,0.077503,1.372561,0.509187,0.509187,0.077503,0.509187,0.077503,-0.354183,0.940874,-0.354183,0.509187,0.940874,-0.354183,-0.354183,-0.354183,-0.354183,-0.785871,0.509187,-0.354183,-1.217558,0.077503,-0.354183,-0.354183,0.077503,0.509187,-0.354183,-0.354183,-0.785871,0.077503,0.077503,-0.354183,-1.217558,0.509187,0.509187,-0.354183,-0.785871,0.077503,0.077503,-0.354183,0.509187,-0.785871,-0.354183,-0.354183,-1.217558,-1.217558,-0.354183,-1.217558,-0.785871,0.077503,-1.217558,-0.785871,-0.354183,0.940874,-0.354183,-0.354183,0.940874,-1.649242,-0.785871,-0.354183,-1.217558,-0.354183,0.509187,0.077503,-0.354183,0.509187,-0.354183,-0.354183,-0.785871,-0.785871,-1.217558,-0.354183,-0.354183,-0.785871,-0.354183,-0.354183,-1.217558,-1.217558,-0.785871,-0.354183,0.509187,0.509187,-1.217558,-1.649242,-0.785871,-0.785871,-0.785871,0.509187,-0.785871,-0.785871,0.509187,0.077503,0.077503,-0.354183,-1.217558,-0.785871,-0.354183,-0.785871,-0.354183,-0.354183,-0.785871,-0.354183,-0.354183,-0.354183,-0.785871,-0.785871,0.509187,-0.785871,-0.785871,0.077503,-0.354183,-0.354183,0.509187,-0.785871,-0.785871,-0.785871,-1.217558,0.077503,-0.354183,0.077503,-0.354183,-0.785871,-0.354183,-0.785871,-0.354183,0.509187,0.077503,1.372561,1.372561,0.509187,1.372561,1.804245,1.804245,2.235932,3.099304,2.667619,2.235932,3.099304,2.235932,0.940874,2.235932,3.099304,1.804245,2.667619,2.235932,0.077503,0.940874,0.077503,-0.785871,1.372561,1.372561,0.077503,1.372561,0.509187,0.077503,0.509187,0.940874,0.077503,0.077503,-0.354183,-0.785871,-0.785871,0.509187,0.509187,-0.354183,-0.354183,-0.785871,0.077503,0.509187,0.509187,-0.785871,-1.649242,-0.785871,-0.354183,-0.354183,-0.785871,-1.217558,-0.354183,-0.785871,-0.354183,-1.217558,-0.785871,-0.785871,-0.354183,-0.354183,0.077503,-0.785871,0.077503,-0.354183,-0.354183,0.509187,0.077503,-0.785871,0.509187,-0.354183,-0.785871,-1.217558,-0.354183,0.077503,-0.354183,-0.785871,-0.354183,-0.354183,-0.354183,-0.785871,-0.354183,-0.785871,0.509187,0.077503,0.077503,-0.354183,-0.785871,-0.354183,-0.785871,-0.354183,-0.785871,-0.354183,-0.354183,-0.785871,-0.354183,-0.785871,-0.354183,-0.354183,-0.354183,0.509187,-0.785871,-0.354183,0.077503,0.077503,0.077503,-0.785871,-0.354183,-1.217558,-0.354183,-0.785871,-0.785871,-0.354183,-0.354183,-1.217558,-0.785871,0.077503,0.509187,0.077503],
	[1.326936,1.326936,1.326936,1.326936,1.326936,1.326936,1.326936,1.326936,1.326936,1.326936,-0.149996,-0.149996,-0.149996,1.326936,-0.149996,-0.149996,-0.149996,-0.149996,-0.149996,1.326936,1.326936,-0.149996,-0.149996,1.326936,-0.149996,-0.149996,-1.626932,-0.149996,-0.149996,-0.149996,-0.149996,-1.626932,-0.149996,-0.149996,-0.149996,1.326936,-0.149996,-0.149996,-0.149996,-0.149996,-0.149996,-0.149996,-0.149996,1.326936,-0.149996,-1.626932,-0.149996,-0.149996,-0.149996,-1.626932,-0.149996,-1.626932,-0.149996,-1.626932,-0.149996,-1.626932,-1.626932,-1.626932,-1.626932,-0.149996,1.326936,-0.149996,-0.149996,-0.149996,-1.626932,-0.149996,-0.149996,-0.149996,-1.626932,-1.626932,1.326936,-0.149996,1.326936,1.326936,-0.149996,-0.149996,1.326936,1.326936,-0.149996,1.326936,1.326936,1.326936,-0.149996,1.326936,1.326936,1.326936,1.326936,1.326936,1.326936,1.326936,1.326936,1.326936,1.326936,2.803870,1.326936,-0.149996,-0.149996,-0.149996,1.326936,-0.149996,1.326936,-0.149996,1.326936,-0.149996,1.326936,-0.149996,-0.149996,-0.149996,-0.149996,-0.149996,-0.149996,-0.149996,-0.149996,-0.149996,-0.149996,-0.149996,-0.149996,-1.626932,-0.149996,-0.149996,-0.149996,-0.149996,-1.626932,-1.626932,-0.149996,-1.626932,-1.626932,-3.103867,-0.149996,-0.149996,-0.149996,-1.626932,-1.626932,-0.149996,-0.149996,-1.626932,-1.626932,-0.149996,-1.626932,-0.149996,-0.149996,-0.149996,-0.149996,-0.149996,1.326936,-0.149996,-0.149996,-0.149996,1.326936,1.326936,1.326936,1.326936,1.326936,1.326936,1.326936,1.326936,1.326936,-0.149996,-0.149996,-0.149996,-0.149996,-0.149996,-0.149996,-0.149996,-0.149996,-0.149996,-0.149996,-0.149996,-0.149996,-0.149996,1.326936,-0.149996,-0.149996,-0.149996,-0.149996,-0.149996,1.326936,-0.149996,-0.149996,1.326936,-0.149996,1.326936,-0.149996,-0.149996,1.326936,-1.626932,1.326936,-0.149996,1.326936,1.326936,2.803870,1.326936,-0.149996,-0.149996,1.326936,-0.149996,1.326936,-0.149996,-0.149996,1.326936,1.326936,-0.149996,-0.149996,-0.149996,-0.149996,-0.149996,1.326936,1.326936,-0.149996,-0.149996,-0.149996,-1.626932,-0.149996,-0.149996,-1.626932,-0.149996,-0.149996,-0.149996,-1.626932,-0.149996,-0.149996,-0.149996,-0.149996,-1.626932,-1.626932,-0.149996,-0.149996,-0.149996,-1.626932,-1.626932,-0.149996,-0.149996,-1.626932,-1.626932,-0.149996,-0.149996,-0.149996,-1.626932,-1.626932,-0.149996,-0.149996,1.326936,-0.149996,-0.149996,-1.626932,-0.149996,-1.626932,-0.149996,-1.626932,-1.626932,-0.149996,-0.149996,-0.149996,-1.626932,-1.626932,-1.626932],
	[-0.204120,1.428874,1.428874,1.428874,1.428874,1.428874,1.428874,-0.204120,1.428874,1.428874,1.428874,1.428874,1.428874,1.428874,-0.204120,-0.204120,1.428874,1.428874,1.428874,1.428874,-0.204120,-0.204120,-0.204120,-0.204120,-0.204120,-0.204120,-0.204120,1.428874,1.428874,-0.204120,-0.204120,-0.204120,-0.204120,-0.204120,-0.204120,-0.204120,-0.204120,1.428874,1.428874,-0.204120,-1.837116,-0.204120,-0.204120,-0.204120,-0.204120,-1.837116,-0.204120,-0.204120,-0.204120,-0.204120,-0.204120,-0.204120,-0.204120,-0.204120,-0.204120,-1.837116,-0.204120,-0.204120,-0.204120,-1.837116,-0.204120,-0.204120,-1.837116,-0.204120,-1.837116,1.428874,-0.204120,-0.204120,1.428874,-0.204120,-0.204120,-0.204120,-1.837116,-0.204120,-0.204120,-0.204120,-0.204120,-0.204120,-0.204120,-0.204120,-0.204120,-0.204120,-0.204120,-0.204120,-0.204120,-0.204120,-0.204120,-0.204120,-0.204120,-0.204120,-1.837116,-0.204120,-0.204120,1.428874,-1.837116,-0.204120,-0.204120,-0.204120,-0.204120,1.428874,-0.204120,-1.837116,-1.837116,-0.204120,1.428874,-0.204120,-0.204120,-1.837116,-0.204120,1.428874,-0.204120,-0.204120,-0.204120,-0.204120,1.428874,-0.204120,-0.204120,-1.837116,-0.204120,-0.204120,-0.204120,-0.204120,-0.204120,-0.204120,1.428874,-0.204120,-0.204120,1.428874,-0.204120,-0.204120,-0.204120,1.428874,-0.204120,-1.837116,-0.204120,-0.204120,-0.204120,-0.204120,-1.837116,1.428874,3.061868,-0.204120,-0.204120,-0.204120,1.428874,1.428874,1.428874,3.061868,1.428874,1.428874,1.428874,1.428874,3.061868,1.428874,1.428874,3.061868,1.428874,-1.837116,-0.204120,1.428874,1.428874,-0.204120,-0.204120,-0.204120,1.428874,1.428874,-0.204120,-0.204120,-0.204120,-0.204120,1.428874,1.428874,-0.204120,-0.204120,-0.204120,1.428874,-0.204120,-0.204120,-0.204120,-0.204120,-1.837116,1.428874,-0.204120,-1.837116,-0.204120,-0.204120,-0.204120,-1.837116,-0.204120,-1.837116,-0.204120,-1.837116,-0.204120,-0.204120,-0.204120,-0.204120,-0.204120,-0.204120,-0.204120,-0.204120,1.428874,-1.837116,-0.204120,-1.837116,-0.204120,-0.204120,-0.204120,-0.204120,-0.204120,-0.204120,-0.204120,-0.204120,-0.204120,-0.204120,-0.204120,1.428874,-0.204120,-1.837116,-0.204120,-0.204120,-0.204120,-0.204120,-1.837116,-0.204120,-0.204120,-0.204120,-0.204120,-0.204120,-1.837116,1.428874,-0.204120,-0.204120,-0.204120,-0.204120,-0.204120,-0.204120,-0.204120,-0.204120,-0.204120,-0.204120,-0.204120,1.428874,-0.204120,-1.837116,-1.837116,-0.204120,-0.204120,-0.204120,-1.837116,-0.204120,1.428874,-0.204120,-0.204120,-1.837116,-0.204120,-0.204120]
],
"cwt" : [
	[0.131117,0.110768,0.110819,0.138784,0.166131,0.158701,0.117628,0.103564,0.120562,0.098253,0.034346,0.045604,0.081915,0.095317,0.131809,0.171503,0.180733,0.188286,0.226481,0.257164,0.242820,0.185852,0.140300,0.188533,0.260368,0.273255,0.204887,0.087027,0.134573,0.286205,0.396909,0.426202,0.373279,0.295665,0.282682,0.338824,0.397364,0.412489,0.357343,0.240220,0.107544,0.007666,0.120550,0.232971,0.302431,0.300968,0.257928,0.225623,0.199847,0.157578,0.119076,0.116944,0.155095,0.205708,0.236415,0.238350,0.227227,0.214956,0.210416,0.234791,0.283358,0.334027,0.378350,0.399687,0.372026,0.295330,0.215535,0.208392,0.273143,0.331005,0.326262,0.251081,0.143491,0.052102,0.028321,0.092586,0.159772,0.198966,0.210657,0.213881,0.197523,0.145353,0.072926,0.007114,0.050113,0.100375,0.116850,0.073229,0.055712,0.177221,0.296681,0.383289,0.418795,0.394280,0.319521,0.221634,0.149139,0.166578,0.219626,0.238340,0.218303,0.188611,0.163924,0.136931,0.114674,0.095761,0.069289,0.075348,0.103788,0.106387,0.089800,0.079671,0.102815,0.153555,0.195942,0.201466,0.162294,0.117160,0.144407,0.209797,0.263406,0.292732,0.288494,0.252299,0.210758,0.195540,0.208356,0.228511,0.240517,0.247266,0.268425,0.319581,0.390017,0.447593,0.461115,0.425486,0.366483,0.314993,0.284391,0.277145,0.281618,0.268837,0.220854,0.145154,0.078330,0.100410,0.149460,0.161446,0.145384,0.150889,0.193034,0.235913,0.250070,0.221872,0.162211,0.115909,0.118375,0.124583,0.105261,0.063250,0.047696,0.131322,0.231284,0.308882,0.342502,0.332868,0.298960,0.264762,0.248319,0.254844,0.284902,0.337891,0.396851,0.434622,0.434832,0.400753,0.349504,0.298850,0.257287,0.225283,0.202962,0.194137,0.202534,0.224555,0.251125,0.274752,0.285769,0.268215,0.213307,0.136074,0.073063,0.045160,0.023044,0.060331,0.124700,0.176160,0.202155,0.194807,0.152707,0.099851,0.080551,0.089433,0.104854,0.124226,0.133748,0.131311,0.133686,0.153326,0.176678,0.180476,0.156412,0.120484,0.116295,0.165658,0.225643,0.270589,0.298589,0.305415,0.286023,0.251132,0.220133,0.200965,0.185120,0.159901,0.128179,0.126529,0.182013,0.257502,0.314783,0.331851,0.304094,0.250479,0.211406,0.213012,0.236208,0.251397,0.239398,0.200364,0.155527,0.128285,0.123183,0.125568,0.122944,0.125118,0.149152,0.184848,0.213661,0.228118,0.228135,0.211938,0.175358,0.127253,0.095242,0.098009,0.122340,0.139570],
	[0.000000,0.000000,0.000000,0.000000,0.000000,0.000000,0.000000,0.000000,0.000000,0.000000,0.000000,0.000000,0.000000,0.000000,0.000000,0.000000,0.000000,0.000000,0.000000,0.000000,0.000000,0.000000,0.000000,0.000000,0.000000,0.000000,0.000000,0.000000,0.000000,0.000000,0.000000,0.000000,0.000000,0.000000,0.000000,0.000000,0.000000,0.000000,0.000000,0.000000,0.000000,0.000000,0.000000,0.000000,0.000000,0.000000,0.000000,0.000000,0.000000,0.000000,0.000000,0.000000,0.000000,0.000000,0.000000,0.000000,0.000000,0.000000,0.000000,0.000000,0.000000,0.000000,0.000000,0.000000,0.000000,0.000000,0.000000,0.000000,0.000000,0.000000,0.000000,0.000000,0.000000,0.000000,0.000000,0.000000,0.000000,0.000000,0.000000,0.000000,0.000000,0.000000,0.000000,0.000000,0.000000,0.000000,0.000000,0.000000,0.000000,0.000000,0.000000,0.000000,0.000000,0.000000,0.000000,0.000000,0.000000,0.000000,0.000000,0.000000,0.000000,0.000000,0.000000,0.000000,0.000000,0.000000,0.000000,0.000000,0.000000,0.000000,0.000000,0.000000,0.000000,0.000000,0.000000,0.000000,0.000000,0.000000,0.000000,0.000000,0.000000,0.000000,0.000000,0.000000,0.000000,0.000000,0.000000,0.000000,0.000000,0.000000,0.000000,0.000000,0.000000,0.000000,0.000000,0.000000,0.000000,0.000000,0.000000,0.000000,0.000000,0.000000,0.000000,0.000000,0.000000,0.000000,0.000000,0.000000,0.000000,0.000000,0.000000,0.000000,0.000000,0.000000,0.000000,0.000000,0.000000,0.000000,0.000000,0.000000,0.000000,0.000000,0.000000,0.000000,0.000000,0.000000,0.000000,0.000000,0.000000,0.000000,0.000000,0.000000,0.000000,0.000000,0.000000,0.000000,0.000000,0.000000,0.000000,0.000000,0.000000,0.000000,0.000000,0.000000,0.000000,0.000000,0.000000,0.000000,0.000000,0.000000,0.000000,0.000000,0.000000,0.000000,0.000000,0.000000,0.000000,0.000000,0.000000,0.000000,0.000000,0.000000,0.000000,0.000000,0.000000,0.000000,0.000000,0.000000,0.000000,0.000000,0.000000,0.000000,0.000000,0.000000,0.000000,0.000000,0.000000,0.000000,0.000000,0.000000,0.000000,0.000000,0.000000,0.000000,0.000000,0.000000,0.000000,0.000000,0.000000,0.000000,0.000000,0.000000,0.000000,0.000000,0.000000,0.000000,0.000000,0.000000,0.000000,0.000000,0.000000,0.000000,0.000000,0.000000,0.000000,0.000000,0.000000,0.000000,0.000000,0.000000,0.000000,0.000000,0.000000,0.000000,0.000000,0.000000],
	[0.330509,0.295171,0.226189,0.163607,0.154013,0.227819,0.283368,0.284502,0.259843,0.236478,0.229677,0.272385,0.337506,0.362649,0.333124,0.277017,0.215675,0.151258,0.097581,0.091658,0.109014,0.099173,0.080207,0.119176,0.195315,0.243509,0.223429,0.138610,0.042614,0.106390,0.191519,0.252672,0.276840,0.247724,0.177752,0.123685,0.140797,0.180231,0.199782,0.199739,0.201253,0.219912,0.254459,0.301241,0.351953,0.390992,0.405234,0.389098,0.342667,0.270231,0.178983,0.078166,0.020655,0.082520,0.094149,0.095382,0.145288,0.178845,0.152229,0.100825,0.122977,0.184761,0.244069,0.299798,0.338176,0.340990,0.294340,0.216165,0.205164,0.273040,0.287695,0.208446,0.122537,0.183526,0.248684,0.244675,0.189622,0.136109,0.120752,0.103082,0.051787,0.039112,0.107128,0.147126,0.144219,0.114275,0.102758,0.138099,0.182718,0.198312,0.177531,0.175238,0.253019,0.356349,0.422108,0.414919,0.323078,0.165440,0.016370,0.153276,0.239201,0.282021,0.288569,0.249327,0.178608,0.144213,0.177556,0.197078,0.163829,0.093289,0.029572,0.041789,0.071535,0.096360,0.114212,0.133196,0.166970,0.211966,0.245546,0.252657,0.236544,0.193512,0.114250,0.049223,0.119386,0.170436,0.161360,0.108092,0.097002,0.136763,0.136635,0.103902,0.087935,0.084158,0.053037,0.017483,0.077981,0.080856,0.003148,0.119026,0.205015,0.226510,0.212524,0.177807,0.105777,0.082250,0.165747,0.195015,0.150367,0.171346,0.292820,0.380496,0.403729,0.363942,0.242272,0.061791,0.173939,0.258160,0.178210,0.048249,0.240857,0.370752,0.388050,0.303306,0.169132,0.119552,0.176738,0.204800,0.202369,0.174157,0.103388,0.024941,0.139421,0.241742,0.302559,0.315743,0.284707,0.229009,0.194427,0.213922,0.264345,0.322924,0.375808,0.400707,0.380166,0.324075,0.265482,0.228537,0.206327,0.178902,0.145302,0.122992,0.119327,0.117038,0.095954,0.063462,0.061206,0.080789,0.083028,0.058632,0.023352,0.079664,0.150305,0.195202,0.207787,0.213207,0.239959,0.274130,0.292213,0.291920,0.276969,0.249253,0.213383,0.174472,0.137370,0.107540,0.085965,0.079022,0.108569,0.151003,0.165998,0.145622,0.117303,0.102955,0.083977,0.052943,0.030314,0.034164,0.050904,0.059769,0.056490,0.042081,0.019403,0.009913,0.025837,0.078855,0.141541,0.188017,0.210218,0.207086,0.182732,0.150113,0.115240,0.079342,0.067834,0.074228,0.059672,0.069304,0.122148,0.172665,0.220441,0.255247,0.238763,0.154446,0.142620,0.269648],
	[0.482730,0.350480,0.192121,0.080011,0.034552,0.021626,0.036065,0.098323,0.186745,0.267815,0.319581,0.343947,0.346509,0.320103,0.251288,0.136245,0.011981,0.170508,0.313349,0.412999,0.450731,0.435809,0.405792,0.385481,0.367455,0.348488,0.322491,0.274838,0.225230,0.222628,0.253482,0.244869,0.157191,0.043733,0.156122,0.239256,0.238155,0.178728,0.113796,0.090286,0.130864,0.227219,0.352747,0.464496,0.518093,0.499167,0.434205,0.359030,0.282059,0.193154,0.100386,0.032795,0.037975,0.083068,0.130833,0.152057,0.141290,0.211654,0.351201,0.431453,0.391709,0.243443,0.055297,0.157208,0.288082,0.362711,0.415972,0.478726,0.526406,0.487870,0.318895,0.061631,0.189863,0.357451,0.438703,0.459680,0.435845,0.387269,0.356307,0.357755,0.361078,0.348089,0.318942,0.268184,0.189740,0.102066,0.038995,0.017487,0.023759,0.056621,0.115827,0.214781,0.345891,0.454651,0.485085,0.438028,0.360446,0.279205,0.190886,0.103046,0.037794,0.007907,0.031554,0.083078,0.143541,0.169264,0.140347,0.083621,0.038497,0.016588,0.005541,0.004295,0.017934,0.044507,0.098322,0.178860,0.254360,0.283957,0.255078,0.204069,0.218250,0.303929,0.372788,0.396280,0.411103,0.453573,0.518703,0.569882,0.571873,0.535777,0.506829,0.504871,0.508049,0.495069,0.462852,0.401080,0.289624,0.149882,0.112726,0.161812,0.172310,0.179182,0.221769,0.283705,0.329194,0.346653,0.343661,0.321088,0.269028,0.185892,0.095653,0.032029,0.007084,0.031279,0.094802,0.175496,0.230587,0.226919,0.169929,0.096573,0.042092,0.015927,0.006183,0.002016,0.005998,0.015581,0.043053,0.100331,0.180036,0.251290,0.276814,0.237052,0.140199,0.043050,0.139708,0.234686,0.276115,0.268453,0.228669,0.163393,0.107882,0.121832,0.136217,0.140603,0.179426,0.195988,0.132066,0.068747,0.216194,0.373076,0.490755,0.535683,0.488351,0.368924,0.223598,0.127736,0.195038,0.308972,0.396461,0.436209,0.410512,0.315631,0.171743,0.047229,0.169188,0.298051,0.370772,0.350492,0.226546,0.043608,0.137136,0.234936,0.266774,0.290020,0.320150,0.339388,0.349733,0.351227,0.327651,0.269842,0.205316,0.217011,0.312031,0.396264,0.422977,0.406698,0.396712,0.423722,0.468040,0.496976,0.505096,0.505458,0.497348,0.467591,0.422267,0.392652,0.395333,0.397570,0.356185,0.283609,0.253095,0.273621,0.279730,0.247474,0.183302,0.121456,0.127969,0.204808,0.303149,0.367142,0.371697,0.346776,0.343411,0.390559,0.471140,0.522674],
	[0.164155,0.220648,0.183153,0.107905,0.115998,0.203460,0.276293,0.303912,0.277905,0.203072,0.115723,0.127764,0.241027,0.356179,0.422928,0.414162,0.327475,0.198161,0.155647,0.222914,0.239331,0.188193,0.122725,0.099245,0.142312,0.239724,0.352329,0.429361,0.431164,0.353626,0.233341,0.122219,0.053890,0.054989,0.127845,0.245589,0.387430,0.520391,0.606484,0.615110,0.539683,0.412121,0.297800,0.265420,0.301118,0.319444,0.279170,0.196838,0.110920,0.046302,0.011424,0.045813,0.110253,0.201752,0.296210,0.360586,0.385046,0.386804,0.379897,0.359392,0.326212,0.295444,0.270280,0.275390,0.312928,0.306229,0.244916,0.222455,0.228892,0.162482,0.064923,0.177264,0.266177,0.261988,0.192057,0.109497,0.049714,0.017985,0.004599,0.000818,0.000716,0.000864,0.000800,0.001312,0.004389,0.017603,0.050400,0.113211,0.205585,0.307609,0.393634,0.455290,0.493556,0.493979,0.433794,0.306996,0.157880,0.197042,0.376929,0.536426,0.638893,0.681719,0.679671,0.637790,0.560551,0.493005,0.497858,0.552687,0.573995,0.519022,0.407404,0.299023,0.265188,0.306620,0.350379,0.367532,0.369677,0.352237,0.294538,0.207219,0.137499,0.138980,0.205964,0.277634,0.310148,0.310977,0.323468,0.355974,0.391752,0.435768,0.495871,0.554739,0.574363,0.527559,0.432406,0.363036,0.408131,0.575081,0.781734,0.918245,0.918246,0.799002,0.626368,0.447991,0.263816,0.091090,0.175466,0.277506,0.282534,0.246653,0.253240,0.304512,0.338979,0.371687,0.516114,0.735886,0.896618,0.933258,0.863513,0.740918,0.609846,0.501767,0.446985,0.449738,0.464130,0.432131,0.329035,0.195730,0.195071,0.326014,0.432328,0.472871,0.459250,0.427171,0.397016,0.354748,0.270165,0.145355,0.153319,0.314783,0.456881,0.549173,0.580300,0.545820,0.471288,0.392259,0.312710,0.218858,0.126825,0.083616,0.111904,0.165350,0.185064,0.152336,0.091650,0.033886,0.039402,0.114092,0.214514,0.312278,0.357807,0.319280,0.232785,0.191713,0.188526,0.153010,0.094307,0.045127,0.016234,0.003337,0.017960,0.053803,0.128121,0.247035,0.389255,0.508779,0.557784,0.516154,0.409003,0.301343,0.267272,0.299736,0.315176,0.266284,0.162339,0.089365,0.192692,0.322543,0.404282,0.404881,0.330301,0.220581,0.119416,0.051080,0.017681,0.009936,0.019822,0.053593,0.128737,0.250951,0.400306,0.535696,0.615417,0.621136,0.570188,0.508598,0.484600,0.514645,0.568868,0.590985,0.549496,0.469262,0.395589,0.320947,0.199798,0.076585]
],
"envelope_edge" : [
	[0.000156,0.000075,-0.000150,-0.000272,-0.000124,0.000162,0.000208,-0.000034,-0.000061,0.000158,-0.000103,-0.000707,-0.000848,-0.001017,-0.001183,-0.001120,-0.000970,-0.001056,-0.001046,-0.000748,-0.000326,-0.000204,-0.000624,-0.001158,-0.000942,-0.000442,0.000060,-0.000546,-0.001783,-0.002058,-0.001464,-0.000585,0.000103,0.000095,-0.000313,-0.000497,-0.000098,0.000576,0.001395,0.001684,0.001523,0.000231,-0.000917,-0.000822,-0.000423,0.000242,0.000472,0.000539,0.000546,0.000536,0.000193,-0.000256,-0.000632,-0.000659,-0.000497,-0.000287,-0.000239,-0.000272,-0.000482,-0.000719,-0.000813,-0.000664,-0.000347,0.000218,0.000823,0.001171,0.000916,0.000335,0.000104,0.000513,0.001205,0.001755,0.001778,0.001284,0.000385,-0.000215,-0.000249,-0.000054,0.000193,0.000410,0.000747,0.000941,0.000899,0.000250,-0.000461,-0.000508,-0.000419,-0.000408,-0.001303,-0.001917,-0.001711,-0.001141,-0.000305,0.000517,0.001070,0.001172,0.000692,0.000112,0.000074,0.000373,0.000632,0.000706,0.000711,0.000672,0.000551,0.000448,0.000217,-0.000151,-0.000252,-0.000198,-0.000272,-0.000551,-0.000897,-0.001024,-0.000837,-0.000509,-0.000323,-0.000655,-0.001193,-0.001324,-0.001151,-0.000793,-0.000403,-0.000158,-0.000233,-0.000490,-0.000715,-0.000788,-0.000813,-0.000896,-0.001096,-0.001228,-0.001097,-0.000599,0.000086,0.000692,0.000981,0.001017,0.000905,0.000826,0.000892,0.001168,0.001390,0.001388,0.000828,0.000165,0.000041,0.000152,0.000096,-0.000190,-0.000337,-0.000167,0.000211,0.000588,0.000685,0.000393,0.000068,0.000026,-0.000009,-0.000238,-0.001004,-0.001656,-0.001686,-0.001363,-0.000817,-0.000359,-0.000109,-0.000129,-0.000306,-0.000546,-0.000748,-0.000805,-0.000574,-0.000087,0.000496,0.000976,0.001248,0.001321,0.001268,0.001143,0.000959,0.000736,0.000528,0.000424,0.000451,0.000627,0.000943,0.001369,0.001686,0.001722,0.001371,0.000979,0.000462,-0.000127,-0.000283,-0.000162,0.000162,0.000512,0.000751,0.000622,0.000282,0.000017,-0.000136,-0.000204,-0.000170,-0.000196,-0.000311,-0.000414,-0.000341,-0.000158,-0.000036,-0.000200,-0.000649,-0.000997,-0.000984,-0.000783,-0.000459,-0.000084,0.000263,0.000428,0.000438,0.000380,0.000359,0.000304,0.000068,-0.000441,-0.000840,-0.000837,-0.000476,0.000058,0.000529,0.000698,0.000534,0.000302,0.000283,0.000478,0.000771,0.000940,0.000883,0.000649,0.000426,0.000284,0.000169,-0.000041,-0.000233,-0.000261,-0.000120,0.000098,0.000352,0.000602,0.000781,0.000736,0.000455,0.000127,-0.000013,0.000050],
	[0.000000,0.000000,0.000000,0.000000,0.000000,0.000000,0.000000,0.000000,0.000000,0.000000,0.000000,0.000000,0.000000,0.000000,0.000000,0.000000,0.000000,0.000000,0.000000,0.000000,0.000000,0.000000,0.000000,0.000000,0.000000,0.000000,0.000000,0.000000,0.000000,0.000000,0.000000,0.000000,0.000000,0.000000,0.000000,0.000000,0.000000,0.000000,0.000000,0.000000,0.000000,0.000000,0.000000,0.000000,0.000000,0.000000,0.000000,0.000000,0.000000,0.000000,0.000000,0.000000,0.000000,0.000000,0.000000,0.000000,0.000000,0.000000,0.000000,0.000000,0.000000,0.000000,0.000000,0.000000,0.000000,0.000000,0.000000,0.000000,0.000000,0.000000,0.000000,0.000000,0.000000,0.000000,0.000000,0.000000,0.000000,0.000000,0.000000,0.000000,0.000000,0.000000,0.000000,0.000000,0.000000,0.000000,0.000000,0.000000,0.000000,0.000000,0.000000,0.000000,0.000000,0.000000,0.000000,0.000000,0.000000,0.000000,0.000000,0.000000,0.000000,0.000000,0.000000,0.000000,0.000000,0.000000,0.000000,0.000000,0.000000,0.000000,0.000000,0.000000,0.000000,0.000000,0.000000,0.000000,0.000000,0.000000,0.000000,0.000000,0.000000,0.000000,0.000000,0.000000,0.000000,0.000000,0.000000,0.000000,0.000000,0.000000,0.000000,0.000000,0.000000,0.000000,0.000000,0.000000,0.000000,0.000000,0.000000,0.000000,0.000000,0.000000,0.000000,0.000000,0.000000,0.000000,0.000000,0.000000,0.000000,0.000000,0.000000,0.000000,0.000000,0.000000,0.000000,0.000000,0.000000,0.000000,0.000000,0.000000,0.000000,0.000000,0.000000,0.000000,0.000000,0.000000,0.000000,0.000000,0.000000,0.000000,0.000000,0.000000,0.000000,0.000000,0.000000,0.000000,0.000000,0.000000,0.000000,0.000000,0.000000,0.000000,0.000000,0.000000,0.000000,0.000000,0.000000,0.000000,0.000000,0.000000,0.000000,0.000000,0.000000,0.000000,0.000000,0.000000,0.000000,0.000000,0.000000,0.000000,0.000000,0.000000,0.000000,0.000000,0.000000,0.000000,0.000000,0.000000,0.000000,0.000000,0.000000,0.000000,0.000000,0.000000,0.000000,0.000000,0.000000,0.000000,0.000000,0.000000,0.000000,0.000000,0.000000,0.000000,0.000000,0.000000,0.000000,0.000000,0.000000,0.000000,0.000000,0.000000,0.000000,0.000000,0.000000,0.000000,0.000000,0.000000,0.000000,0.000000,0.000000,0.000000,0.000000,0.000000,0.000000,0.000000,0.000000,0.000000,0.000000,0.000000,0.000000,0.000000,0.000000,0.000000,0.000000,0.000000],
	[-0.000678,-0.000026,0.000163,-0.000067,-0.000695,-0.001001,-0.000689,-0.000302,-0.000134,-0.000160,-0.000397,-0.000613,-0.000394,0.000214,0.000774,0.001111,0.001212,0.001159,0.000787,0.000346,0.000149,0.000122,-0.000253,-0.000700,-0.000759,-0.000266,0.000271,0.000594,-0.000126,-0.001015,-0.001034,-0.000802,-0.000266,0.000197,0.000362,-0.000055,-0.000523,-0.000640,-0.000563,-0.000541,-0.000655,-0.000814,-0.000917,-0.000896,-0.000692,-0.000271,0.000267,0.000859,0.001356,0.001724,0.001797,0.001549,0.000634,0.000060,0.000109,-0.000256,-0.000417,-0.000203,0.000077,-0.000228,-0.000801,-0.001020,-0.000999,-0.000777,-0.000347,0.000220,0.000693,0.000676,0.000129,0.000114,0.000710,0.001148,0.000584,-0.000045,0.000279,0.000770,0.001077,0.000923,0.000740,0.000719,0.000545,-0.000131,-0.000471,-0.000274,-0.000084,-0.000088,-0.000446,-0.000728,-0.000723,-0.000503,-0.000492,-0.000878,-0.001272,-0.000967,-0.000252,0.000836,0.001561,0.001913,0.000557,-0.000603,-0.000207,0.000033,0.000645,0.000997,0.001136,0.000672,0.000522,0.000757,0.001132,0.001152,0.000717,0.000090,-0.000096,-0.000276,-0.000295,-0.000466,-0.000503,-0.000479,-0.000122,0.000206,0.000647,0.000902,0.001048,0.000315,-0.000204,0.000059,0.000438,0.000469,0.000087,0.000023,0.000310,0.000339,0.000218,0.000166,0.000188,-0.000291,-0.000676,-0.000235,-0.000850,-0.001630,-0.001118,-0.000749,-0.000273,-0.000111,-0.000066,-0.000897,-0.001125,-0.000826,-0.000771,-0.001554,-0.001590,-0.001086,-0.000091,0.000582,0.001440,0.000385,-0.000700,-0.000136,0.000586,-0.000582,-0.001680,-0.000708,0.000218,0.001159,0.001056,0.000298,-0.000131,0.000080,0.000252,0.000454,0.000497,-0.000426,-0.001401,-0.001138,-0.000827,-0.000184,0.000144,0.000296,-0.000104,-0.000441,-0.000667,-0.000535,-0.000243,0.000380,0.000947,0.001381,0.001418,0.001387,0.001317,0.001367,0.001248,0.001092,0.000893,0.000905,0.000878,0.000728,0.000344,0.000252,0.000218,0.000244,-0.000284,-0.000851,-0.000890,-0.000687,-0.000476,-0.000441,-0.000448,-0.000255,0.000054,0.000403,0.000702,0.000961,0.001101,0.001158,0.001084,0.000942,0.000713,0.000403,0.000111,0.000174,0.000441,0.000692,0.000698,0.000684,0.000693,0.000636,0.000371,0.000112,-0.000027,-0.000014,-0.000018,-0.000022,-0.000202,-0.000514,-0.000941,-0.001227,-0.001225,-0.000972,-0.000636,-0.000270,-0.000026,0.000098,0.000089,-0.000055,-0.000376,-0.000516,-0.000713,-0.001140,-0.001418,-0.001403,-0.001291,-0.000904,-0.000407,-0.000352,-0.001233,-0.001442],
	[0.001949,0.002707,0.002632,0.002002,0.001178,0.000507,-0.000273,-0.000863,-0.001161,-0.000996,-0.000702,-0.000240,0.000124,0.000668,0.000894,0.001012,-0.000432,-0.001827,-0.001617,-0.001240,-0.000410,0.000087,0.000463,0.000570,0.000802,0.000899,0.001150,0.001200,0.001069,0.000646,0.000737,0.001022,0.001397,0.000380,-0.000579,-0.000169,0.000264,0.000509,0.000155,-0.000502,-0.001280,-0.001751,-0.001780,-0.001206,-0.000273,0.000690,0.001328,0.001684,0.001861,0.001878,0.001566,0.000864,0.000019,-0.000453,-0.000684,-0.000652,-0.001011,-0.001621,-0.001549,-0.000538,0.000500,0.001179,0.000050,-0.001570,-0.001516,-0.001405,-0.001012,-0.000777,0.000204,0.001160,0.002233,0.000841,-0.001137,-0.000983,-0.000479,0.000256,0.000751,0.001050,0.000973,0.001003,0.001169,0.001472,0.001743,0.002035,0.002130,0.001911,0.001332,0.000675,0.000027,-0.000569,-0.001109,-0.001488,-0.001398,-0.000662,0.000419,0.001326,0.001848,0.002111,0.002183,0.001953,0.001474,0.000800,0.000183,-0.000152,-0.000134,0.000236,0.000579,0.000613,0.000348,-0.000000,-0.000352,-0.000756,-0.001167,-0.001595,-0.001997,-0.002160,-0.001927,-0.001451,-0.001097,-0.001291,-0.001907,-0.002174,-0.001917,-0.001635,-0.001568,-0.001581,-0.001353,-0.000794,-0.000091,0.000357,0.000531,0.000669,0.000999,0.001417,0.001899,0.002371,0.002699,0.002266,0.001233,0.000748,0.000651,0.000317,0.000039,0.000028,0.000343,0.000730,0.001162,0.001581,0.002000,0.002172,0.001995,0.001466,0.000815,0.000138,-0.000248,-0.000275,0.000188,0.000764,0.001193,0.001174,0.000920,0.000515,0.000219,-0.000136,-0.000421,-0.000808,-0.001166,-0.001538,-0.001530,-0.001240,-0.000533,-0.000013,0.000298,-0.000620,-0.001496,-0.001279,-0.000826,-0.000320,0.000006,0.000086,-0.000302,-0.000774,-0.000842,-0.001121,-0.001201,-0.001012,-0.000817,-0.001931,-0.002926,-0.002719,-0.002007,-0.000861,0.000252,0.000871,0.000814,-0.000235,-0.001279,-0.001456,-0.001046,-0.000360,0.000519,0.001026,0.001139,-0.000201,-0.001433,-0.001288,-0.000625,0.000260,0.000926,-0.000048,-0.001519,-0.001344,-0.001321,-0.001188,-0.001193,-0.000927,-0.000812,-0.000491,-0.000277,-0.000121,-0.000595,-0.001363,-0.001810,-0.001509,-0.001086,-0.000785,-0.000893,-0.000967,-0.000881,-0.000522,-0.000214,0.000131,0.000452,0.000818,0.000928,0.000873,0.000811,0.001084,0.001388,0.001368,0.000921,0.000746,0.000869,0.001067,0.000993,0.000479,-0.000385,-0.000938,-0.001005,-0.000567,-0.000134,0.000033,-0.000160,-0.000291,-0.000044,0.000851],
	[0.000533,0.000857,0.001072,0.000766,-0.000141,-0.000473,-0.000307,0.000194,0.000625,0.000845,0.000313,-0.000682,-0.001219,-0.000952,-0.000243,0.000680,0.001321,0.001245,0.000361,0.000051,0.000397,0.000587,0.000282,-0.000399,-0.001127,-0.001504,-0.001343,-0.000624,0.000314,0.001074,0.001261,0.000883,0.000047,-0.000978,-0.001870,-0.002369,-0.002419,-0.001880,-0.000897,0.000337,0.001355,0.001832,0.001559,0.000979,0.000747,0.001087,0.001487,0.001655,0.001373,0.000870,0.000034,-0.000776,-0.001337,-0.001639,-0.001539,-0.001120,-0.000655,-0.000265,0.000043,0.000349,0.000491,0.000531,0.000403,0.000213,0.000280,0.000780,0.000873,0.000691,0.000744,0.001102,0.000228,-0.000607,-0.000055,0.000593,0.001068,0.000994,0.000705,0.000271,-0.000080,-0.000431,-0.000697,-0.000982,-0.001242,-0.001563,-0.001919,-0.002383,-0.002887,-0.003385,-0.003672,-0.003644,-0.003316,-0.002831,-0.002219,-0.001466,-0.000785,-0.000485,-0.001378,-0.003074,-0.003729,-0.003446,-0.002676,-0.001809,-0.000963,-0.000272,0.000123,-0.000042,-0.000375,-0.000274,0.000393,0.001098,0.001403,0.001019,0.000263,-0.000235,-0.000227,-0.000080,0.000138,0.000417,0.000673,0.000532,-0.000091,-0.000994,-0.001559,-0.001661,-0.001497,-0.001517,-0.001701,-0.001878,-0.001947,-0.002035,-0.001949,-0.001606,-0.000947,-0.000389,-0.000310,-0.001069,-0.002157,-0.002810,-0.002313,-0.000872,0.001013,0.002415,0.003238,0.003318,0.003128,0.001583,-0.000062,-0.000133,-0.000020,-0.000264,-0.000923,-0.001336,-0.001592,-0.002213,-0.002976,-0.002709,-0.001410,0.000295,0.001693,0.002549,0.002828,0.002655,0.002206,0.001909,0.002039,0.002453,0.002688,0.002032,0.000634,0.000000,0.000286,0.000869,0.001376,0.001644,0.001835,0.002044,0.002186,0.001538,0.000022,-0.000701,-0.000411,0.000292,0.001257,0.002141,0.002723,0.002997,0.003153,0.003114,0.002702,0.001936,0.001292,0.001130,0.001358,0.001555,0.001468,0.000934,0.000085,-0.000527,-0.000698,-0.000375,0.000395,0.001154,0.001357,0.001091,0.001078,0.001202,0.001108,0.000741,0.000278,-0.000300,-0.000910,-0.001536,-0.002143,-0.002507,-0.002356,-0.001623,-0.000474,0.000612,0.001225,0.001089,0.000589,0.000375,0.000716,0.001070,0.001044,-0.000025,-0.001016,-0.000913,-0.000263,0.000683,0.001359,0.001581,0.001300,0.000754,0.000090,-0.000560,-0.001234,-0.001963,-0.002687,-0.003175,-0.003187,-0.002640,-0.001685,-0.000689,0.000000,0.000185,0.000053,-0.000052,0.000275,0.000981,0.001780,0.002196,0.002418,0.002546,0.002641,0.001541]
],
	"idxs" : [29,0,92,115,88]
,"hydrophone_pos" : [
	[0.000000,0.000000,0.000000],
	[0.000000,0.000000,0.000000],
	[0.450000,0.000000,0.000000],
	[0.000000,0.450000,0.000000],
	[0.000000,0.000000,-0.450000]
],
	"direction_of_arrival" : [0.635455,0.066890,0.769234]
,	"valid" : [0.000000,-0.000000,-0.000000,-0.000000,-0.000000]
}
dump = {
	"magnitude" : [0.000000,0.000070,0.000193,0.000043,0.000162,0.000044,0.000182,0.000088,0.000113,0.000172,0.000043,0.000215,0.000073,0.000081,0.000631,0.001744,0.001672,0.000416,0.000426,0.000578,0.000114,0.000424,0.000186,0.000362,0.000427,0.000207,0.000352,0.000183,0.000306,0.000202,0.000809,0.000956]
,	"raw_mv" : [
	[-11.063500,-10.682000,-10.682000,-8.774499,-8.011500,-11.444999,-11.444999,-10.300499,-10.300499,-8.392999,-9.156000,-9.537500,-8.011500,-6.867000,-7.248499,-8.392999,-10.300499,-10.682000,-8.011500,-7.630000,-6.867000,-7.630000,-4.578000,-4.959500,-8.392999,-6.867000,-3.433500,-3.052000,-4.196499,-6.104000,-5.341000,-3.052000,-1.907500,-1.907500,-3.433500,-5.722499,-8.774499,-6.867000,-2.670500,-2.670500,-4.196499,-2.670500,-1.144500,-0.381500,-3.433500,-6.104000,-6.104000,-5.722499,-5.722499,-6.867000,-8.011500,-6.485500,-6.485500,-8.392999,-6.867000,-4.578000,-4.959500,-6.867000,-9.537500,-8.392999,-8.392999,-9.156000,-8.774499,-9.919000,-11.063500,-12.208000,-9.919000,-9.919000,-13.734000,-16.023000,-12.208000,-9.156000,-10.300499,-12.971000,-14.496999,-13.734000,-14.115500,-14.115500,-14.115500,-13.734000,-11.444999,-9.919000,-11.444999,-12.971000,-12.589500,-11.826499,-10.300499,-10.300499,-9.919000,-9.537500,-8.774499,-10.300499,-9.919000,-7.630000,-4.578000,-1.526000,-1.907500,-6.485500,-7.248499,-4.578000,-3.433500,-4.196499,-7.248499,-5.341000,-2.670500,-1.907500,-2.670500,-3.815000,-4.196499,-4.196499,-2.670500,-4.196499,-5.722499,-6.867000,-6.867000,-4.578000,-2.670500,-4.196499,-6.104000,-6.104000,-4.959500,-1.526000,-1.144500,-1.907500,-4.959500,-4.578000,-5.341000,-5.722499,-3.052000,-1.907500,0.763000,1.526000,-1.144500,-4.196499,-1.526000,-0.763000,-3.433500,-4.578000,-3.052000,-4.196499,-6.867000,-6.867000,-5.341000,-4.578000,-5.722499,-5.341000,-6.485500,-9.919000,-10.682000,-7.248499,-4.196499,-5.341000,-8.011500,-9.156000,-9.537500,-9.537500,-7.248499,-4.196499,-4.196499,-5.341000,-7.248499,-9.156000,-10.682000,0.000000,-36.624000,139.247497,-61.421501,40.057498,39.676002,-20.600999,-75.155502,10.682000,32.809001,3.052000,-63.710502,-12.208000,36.624000,1.526000,-35.861000,-29.375499,24.416000,3.815000,-25.179000,-47.305999,24.797500,10.682000,-12.208000,-60.277000,6.485500,29.375499,-2.670500,-73.248001,-3.815000,27.086500,10.300499,-72.485000,-30.901500,45.017002,32.809001,-74.011001,-54.936000,46.161499,35.479499,-59.513999,-62.566001,38.531501,38.913002,-38.913002,-82.022499,35.097999,28.612501,-33.571998,-76.300003,34.334999,41.583499,-26.704999,-89.271003,21.364000,47.305999,-20.600999,-93.085998,17.548999,68.669998,-23.652999,-98.427001,0.000000,92.704498,-11.444999,-102.623504,-19.456501,106.819999,7.630000,-98.808502,-57.225002,111.398002,33.190502,-80.114997,-78.589004,90.797004,53.409999,-48.832000,-98.045501,56.080501,72.485000,-15.641500,-109.872001,22.508501,89.652503,3.433500,-102.242004,-4.196499,91.941497,14.115500,-81.640998,-28.231000,93.467498],
	[0.000000,0.000000,0.000000,0.000000,0.000000,0.000000,0.000000,0.000000,0.000000,0.000000,0.000000,0.000000,0.000000,0.000000,0.000000,0.000000,0.000000,0.000000,0.000000,0.000000,0.000000,0.000000,0.000000,0.000000,0.000000,0.000000,0.000000,0.000000,0.000000,0.000000,0.000000,0.000000,0.000000,0.000000,0.000000,0.000000,0.000000,0.000000,0.000000,0.000000,0.000000,0.000000,0.000000,0.000000,0.000000,0.000000,0.000000,0.000000,0.000000,0.000000,0.000000,0.000000,0.000000,0.000000,0.000000,0.000000,0.000000,0.000000,0.000000,0.000000,0.000000,0.000000,0.000000,0.000000,0.000000,0.000000,0.000000,0.000000,0.000000,0.000000,0.000000,0.000000,0.000000,0.000000,0.000000,0.000000,0.000000,0.000000,0.000000,0.000000,0.000000,0.000000,0.000000,0.000000,0.000000,0.000000,0.000000,0.000000,0.000000,0.000000,0.000000,0.000000,0.000000,0.000000,0.000000,0.000000,0.000000,0.000000,0.000000,0.000000,0.000000,0.000000,0.000000,0.000000,0.000000,0.000000,0.000000,0.000000,0.000000,0.000000,0.000000,0.000000,0.000000,0.000000,0.000000,0.000000,0.000000,0.000000,0.000000,0.000000,0.000000,0.000000,0.000000,0.000000,0.000000,0.000000,0.000000,0.000000,0.000000,0.000000,0.000000,0.000000,0.000000,0.000000,0.000000,0.000000,0.000000,0.000000,0.000000,0.000000,0.000000,0.000000,0.000000,0.000000,0.000000,0.000000,0.000000,0.000000,0.000000,0.000000,0.000000,0.000000,0.000000,0.000000,0.000000,0.000000,0.000000,0.000000,0.000000,0.000000,0.000000,0.000000,0.000000,0.000000,0.000000,0.000000,0.000000,0.000000,0.000000,0.000000,0.000000,0.000000,0.000000,0.000000,0.000000,0.000000,0.000000,0.000000,0.000000,0.000000,0.000000,0.000000,0.000000,0.000000,0.000000,0.000000,0.000000,0.000000,0.000000,0.000000,0.000000,0.000000,0.000000,0.000000,0.000000,0.000000,0.000000,0.000000,0.000000,0.000000,0.000000,0.000000,0.000000,0.000000,0.000000,0.000000,0.000000,0.000000,0.000000,0.000000,0.000000,0.000000,0.000000,0.000000,0.000000,0.000000,0.000000,0.000000,0.000000,0.000000,0.000000,0.000000,0.000000,0.000000,0.000000,0.000000,0.000000,0.000000,0.000000,0.000000,0.000000,0.000000,0.000000,0.000000,0.000000,0.000000,0.000000,0.000000,0.000000,0.000000,0.000000,0.000000,0.000000,0.000000,0.000000,0.000000,0.000000,0.000000,0.000000,0.000000,0.000000,0.000000,0.000000,0.000000,0.000000,0.000000],
	[-6.638100,-6.790700,-6.714400,-6.714400,-6.638100,-6.638100,-6.561800,-6.714400,-6.561800,-6.638100,-6.638100,-6.485500,-6.561800,-6.714400,-6.485500,-6.638100,-6.714400,-6.790700,-6.638100,-6.561800,-6.638100,-6.714400,-6.638100,-6.638100,-6.638100,-6.714400,-6.638100,-6.714400,-6.485500,-6.561800,-6.561800,-6.638100,-6.714400,-6.638100,-6.714400,-6.638100,-6.714400,-6.638100,-6.638100,-6.714400,-6.638100,-6.714400,-6.638100,-6.638100,-6.638100,-6.485500,-6.714400,-6.638100,-6.561800,-6.561800,-6.561800,-6.714400,-6.638100,-6.790700,-6.638100,-6.714400,-6.714400,-6.638100,-6.638100,-6.790700,-6.714400,-6.561800,-6.485500,-6.561800,-6.714400,-6.790700,-6.714400,-6.790700,-6.638100,-6.714400,-6.561800,-6.638100,-6.638100,-6.790700,-6.561800,-6.790700,-6.790700,-6.638100,-6.714400,-6.714400,-6.638100,-6.638100,-6.561800,-6.638100,-6.638100,-6.638100,-6.638100,-6.714400,-6.638100,-6.561800,-6.561800,-6.561800,-6.485500,-6.485500,-6.332900,-6.332900,-6.332900,-6.332900,-6.332900,-6.104000,-6.180300,-6.332900,-6.180300,-6.256600,-6.027700,-6.256600,-6.180300,-6.104000,-6.104000,-6.180300,-6.409200,-6.485500,-6.409200,-6.485500,-6.332900,-6.409200,-6.561800,-6.638100,-6.485500,-6.485500,-6.561800,-6.561800,-6.561800,-6.561800,-6.409200,-6.561800,-6.561800,-6.561800,-6.561800,-6.561800,-6.561800,-6.485500,-6.638100,-6.714400,-6.714400,-6.638100,-6.561800,-6.638100,-6.638100,-6.714400,-6.790700,-6.714400,-6.638100,-6.561800,-6.561800,-6.638100,-6.714400,-6.714400,-6.561800,-6.561800,-6.638100,-6.485500,-6.714400,-6.638100,-6.638100,-6.638100,-6.638100,-6.714400,-6.714400,-6.638100,-6.714400,-6.714400,-6.790700,-0.076300,-6.638100,-1.220800,-6.714400,-6.714400,-6.638100,-6.561800,-6.332900,-6.638100,-6.638100,-6.561800,-6.638100,-6.409200,-6.638100,-6.638100,-6.638100,-6.485500,-6.638100,-6.790700,-6.714400,-6.714400,-6.714400,-6.561800,-6.485500,-6.714400,-6.561800,-6.638100,-6.638100,-6.714400,-6.485500,-6.638100,-6.561800,-6.638100,-6.638100,-6.714400,-6.561800,-6.714400,-6.638100,-6.409200,-6.638100,-6.638100,-6.638100,-6.561800,-6.714400,-6.714400,-6.714400,-6.714400,-6.561800,-6.638100,-6.638100,-6.638100,-6.790700,-6.714400,-6.714400,-6.485500,-6.561800,-6.714400,-6.790700,-6.638100,-6.485500,-6.485500,-6.561800,-6.638100,-6.638100,-6.638100,-6.714400,-6.638100,-6.714400,-6.714400,-6.714400,-6.638100,-6.638100,-6.638100,-6.638100,-6.714400,-6.638100,-6.561800,-6.714400,-6.485500,-6.714400,-6.867000,-6.714400,-6.561800,-6.714400,-6.638100,-6.561800,-6.790700,-6.790700,-6.714400,-6.561800,-6.638100,-6.638100,-6.561800],
	[-7.248499,-7.248499,-6.867000,-7.248499,-6.867000,-7.248499,-7.248499,-6.867000,-6.867000,-7.248499,-7.248499,-7.248499,-7.248499,-7.248499,-6.867000,-6.867000,-7.248499,-7.248499,-7.248499,-7.630000,-7.248499,-7.248499,-7.630000,-7.248499,-7.248499,-7.248499,-7.630000,-7.248499,-7.248499,-7.248499,-7.248499,-7.630000,-7.630000,-7.248499,-7.248499,-7.248499,-7.630000,-7.630000,-7.248499,-7.248499,-7.630000,-7.630000,-7.248499,-7.248499,-7.248499,-7.630000,-7.630000,-7.248499,-7.248499,-6.867000,-7.248499,-7.248499,-7.630000,-7.248499,-7.630000,-7.248499,-7.630000,-7.630000,-7.248499,-7.248499,-7.248499,-7.630000,-7.630000,-7.630000,-7.248499,-7.248499,-7.248499,-7.248499,-7.248499,-7.248499,-7.248499,-7.630000,-7.248499,-7.248499,-7.248499,-7.248499,-7.248499,-7.248499,-7.630000,-7.630000,-7.248499,-7.248499,-7.630000,-7.630000,-7.248499,-7.248499,-6.867000,-7.248499,-7.248499,-7.248499,-7.248499,-6.867000,-7.248499,-6.867000,-7.248499,-6.867000,-7.248499,-6.867000,-6.867000,-6.867000,-6.867000,-6.867000,-6.867000,-6.485500,-6.867000,-6.867000,-6.867000,-6.867000,-6.485500,-6.867000,-7.248499,-6.867000,-6.867000,-6.867000,-6.867000,-7.248499,-6.867000,-6.867000,-6.867000,-6.867000,-7.248499,-7.248499,-6.867000,-7.248499,-6.867000,-6.867000,-7.248499,-6.867000,-7.248499,-6.867000,-7.248499,-6.867000,-6.867000,-7.248499,-6.867000,-7.248499,-6.867000,-7.248499,-7.248499,-6.867000,-6.867000,-6.867000,-7.248499,-7.248499,-7.248499,-7.248499,-6.867000,-7.248499,-7.248499,-7.248499,-7.248499,-7.248499,-7.248499,-7.248499,-7.248499,-7.248499,-7.248499,-7.630000,-7.248499,-7.248499,-7.248499,-7.630000,-7.248499,-0.381500,-6.104000,-7.248499,-9.919000,-6.485500,-5.341000,-7.248499,-10.300499,-7.248499,-4.959500,-6.867000,-10.300499,-8.392999,-4.578000,-5.722499,-10.300499,-9.537500,-4.959500,-5.341000,-9.156000,-11.063500,-5.722499,-4.196499,-8.392999,-11.444999,-7.248499,-3.815000,-6.867000,-10.682000,-8.011500,-4.196499,-6.104000,-10.300499,-8.774499,-4.578000,-6.485500,-9.919000,-8.774499,-4.578000,-6.104000,-9.919000,-9.156000,-4.959500,-5.341000,-9.537500,-9.919000,-4.959500,-4.959500,-9.156000,-9.919000,-5.722499,-4.578000,-8.011500,-10.300499,-6.867000,-4.959500,-6.867000,-9.919000,-7.630000,-4.578000,-6.485500,-9.537500,-7.630000,-4.959500,-6.104000,-9.156000,-8.392999,-4.578000,-6.104000,-9.156000,-8.774499,-4.959500,-5.722499,-8.392999,-9.537500,-5.341000,-5.341000,-8.392999,-9.919000,-6.104000,-4.196499,-8.011500,-10.682000,-6.867000,-3.815000,-6.485500,-10.682000,-9.156000,-3.815000,-5.722499,-10.300499,-10.300499,-4.959500],
	[-7.248499,-7.248499,-7.248499,-7.248499,-7.248499,-7.248499,-7.248499,-7.248499,-6.867000,-7.630000,-7.248499,-7.630000,-7.248499,-7.248499,-7.248499,-7.248499,-7.248499,-7.248499,-7.248499,-7.248499,-7.248499,-7.248499,-7.248499,-6.867000,-7.248499,-7.630000,-7.248499,-7.248499,-7.248499,-7.248499,-7.630000,-7.248499,-7.248499,-7.248499,-7.248499,-7.248499,-7.630000,-6.867000,-7.248499,-7.248499,-7.248499,-7.248499,-7.248499,-7.248499,-7.248499,-7.248499,-7.248499,-7.248499,-7.248499,-6.867000,-7.248499,-7.630000,-7.630000,-7.248499,-7.248499,-7.248499,-7.630000,-7.248499,-6.867000,-7.248499,-7.248499,-7.630000,-7.248499,-7.248499,-7.248499,-7.248499,-7.248499,-7.248499,-7.248499,-7.248499,-7.248499,-7.248499,-7.248499,-7.248499,-7.248499,-7.248499,-7.248499,-7.248499,-7.248499,-7.248499,-7.248499,-7.248499,-7.248499,-7.248499,-7.248499,-7.248499,-7.630000,-7.630000,-7.248499,-7.248499,-7.248499,-7.248499,-7.248499,-7.248499,-7.248499,-7.248499,-6.867000,-6.867000,-6.867000,-6.867000,-6.485500,-6.867000,-6.867000,-6.485500,-6.867000,-6.867000,-6.867000,-6.867000,-6.867000,-6.867000,-7.248499,-7.248499,-7.248499,-6.867000,-6.867000,-7.248499,-7.248499,-6.867000,-7.248499,-7.248499,-7.248499,-7.248499,-7.630000,-7.248499,-7.248499,-6.867000,-7.248499,-7.248499,-6.867000,-6.867000,-7.248499,-7.248499,-7.248499,-7.630000,-7.248499,-7.248499,-7.248499,-7.248499,-7.248499,-7.248499,-7.248499,-7.248499,-7.248499,-7.248499,-7.248499,-7.248499,-7.248499,-7.630000,-7.248499,-7.248499,-7.248499,-7.248499,-6.867000,-7.248499,-7.248499,-7.248499,-7.248499,-7.248499,-7.248499,-7.248499,-7.248499,-7.248499,-7.248499,0.000000,-7.248499,1.907500,-7.630000,-7.630000,-7.248499,-6.867000,-7.248499,-7.248499,-7.248499,-6.867000,-7.248499,-7.630000,-7.248499,-7.248499,-7.248499,-7.248499,-7.248499,-7.248499,-7.248499,-7.248499,-7.248499,-7.248499,-7.248499,-7.630000,-7.248499,-7.248499,-7.248499,-7.248499,-7.248499,-7.248499,-7.248499,-7.248499,-7.248499,-7.630000,-7.248499,-7.248499,-6.867000,-7.248499,-7.630000,-7.630000,-7.248499,-7.630000,-6.867000,-7.248499,-7.248499,-7.248499,-7.248499,-7.248499,-7.248499,-7.248499,-7.248499,-7.248499,-7.248499,-7.248499,-7.630000,-7.248499,-7.248499,-7.248499,-6.867000,-7.248499,-7.248499,-6.867000,-7.248499,-7.248499,-7.630000,-7.248499,-7.248499,-7.248499,-7.248499,-7.248499,-7.248499,-7.630000,-7.248499,-7.248499,-7.248499,-7.248499,-7.248499,-7.248499,-7.630000,-7.248499,-7.248499,-7.248499,-7.248499,-7.248499,-7.248499,-7.630000,-7.248499,-7.248499,-7.248499,-7.248499,-7.248499,-7.248499]
],
"normalized" : [
	[-0.135531,-0.124432,-0.124432,-0.068936,-0.046737,-0.146630,-0.146630,-0.113332,-0.113332,-0.057837,-0.080035,-0.091134,-0.046737,-0.013440,-0.024539,-0.057837,-0.113332,-0.124432,-0.046737,-0.035638,-0.013440,-0.035638,0.053154,0.042055,-0.057837,-0.013440,0.086451,0.097551,0.064253,0.008757,0.030956,0.097551,0.130848,0.130848,0.086451,0.019856,-0.068936,-0.013440,0.108650,0.108650,0.064253,0.108650,0.153046,0.175245,0.086451,0.008757,0.008757,0.019856,0.019856,-0.013440,-0.046737,-0.002341,-0.002341,-0.057837,-0.013440,0.053154,0.042055,-0.013440,-0.091134,-0.057837,-0.057837,-0.080035,-0.068936,-0.102233,-0.135531,-0.168828,-0.102233,-0.102233,-0.213225,-0.279820,-0.168828,-0.080035,-0.113332,-0.191027,-0.235423,-0.213225,-0.224324,-0.224324,-0.224324,-0.213225,-0.146630,-0.102233,-0.146630,-0.191027,-0.179927,-0.157729,-0.113332,-0.113332,-0.102233,-0.091134,-0.068936,-0.113332,-0.102233,-0.035638,0.053154,0.141947,0.130848,-0.002341,-0.024539,0.053154,0.086451,0.064253,-0.024539,0.030956,0.108650,0.130848,0.108650,0.075352,0.064253,0.064253,0.108650,0.064253,0.019856,-0.013440,-0.013440,0.053154,0.108650,0.064253,0.008757,0.008757,0.042055,0.141947,0.153046,0.130848,0.042055,0.053154,0.030956,0.019856,0.097551,0.130848,0.208542,0.230740,0.153046,0.064253,0.141947,0.164146,0.086451,0.053154,0.097551,0.064253,-0.013440,-0.013440,0.030956,0.053154,0.019856,0.030956,-0.002341,-0.102233,-0.124432,-0.024539,0.064253,0.030956,-0.046737,-0.080035,-0.091134,-0.091134,-0.024539,0.064253,0.064253,0.030956,-0.024539,-0.080035,-0.124432,0.186344,-0.879174,4.237536,-1.600620,1.351755,1.340656,-0.413010,-2.000189,0.497120,1.140872,0.275137,-1.667215,-0.168828,1.251863,0.230740,-0.856976,-0.668290,0.896690,0.297335,-0.546200,-1.189951,0.907789,0.497120,-0.168828,-1.567322,0.375030,1.040979,0.108650,-1.944694,0.075352,0.974384,0.486021,-1.922495,-0.712687,1.496045,1.140872,-1.966892,-1.411934,1.529342,1.218565,-1.545124,-1.633917,1.307359,1.318458,-0.945769,-2.199974,1.207466,1.018781,-0.790381,-2.033487,1.185268,1.396152,-0.590596,-2.410858,0.807897,1.562639,-0.413010,-2.521850,0.696905,2.184192,-0.501803,-2.677238,0.186344,2.883439,-0.146630,-2.799329,-0.379712,3.294108,0.408327,-2.688337,-1.478529,3.427298,1.151971,-2.144478,-2.100082,2.827943,1.740226,-1.234347,-2.666139,1.817920,2.295184,-0.268721,-3.010213,0.841194,2.794646,0.286236,-2.788230,0.064253,2.861241,0.597013,-2.188875,-0.634993,2.905637],
	[0.000000,0.000000,0.000000,0.000000,0.000000,0.000000,0.000000,0.000000,0.000000,0.000000,0.000000,0.000000,0.000000,0.000000,0.000000,0.000000,0.000000,0.000000,0.000000,0.000000,0.000000,0.000000,0.000000,0.000000,0.000000,0.000000,0.000000,0.000000,0.000000,0.000000,0.000000,0.000000,0.000000,0.000000,0.000000,0.000000,0.000000,0.000000,0.000000,0.000000,0.000000,0.000000,0.000000,0.000000,0.000000,0.000000,0.000000,0.000000,0.000000,0.000000,0.000000,0.000000,0.000000,0.000000,0.000000,0.000000,0.000000,0.000000,0.000000,0.000000,0.000000,0.000000,0.000000,0.000000,0.000000,0.000000,0.000000,0.000000,0.000000,0.000000,0.000000,0.000000,0.000000,0.000000,0.000000,0.000000,0.000000,0.000000,0.000000,0.000000,0.000000,0.000000,0.000000,0.000000,0.000000,0.000000,0.000000,0.000000,0.000000,0.000000,0.000000,0.000000,0.000000,0.000000,0.000000,0.000000,0.000000,0.000000,0.000000,0.000000,0.000000,0.000000,0.000000,0.000000,0.000000,0.000000,0.000000,0.000000,0.000000,0.000000,0.000000,0.000000,0.000000,0.000000,0.000000,0.000000,0.000000,0.000000,0.000000,0.000000,0.000000,0.000000,0.000000,0.000000,0.000000,0.000000,0.000000,0.000000,0.000000,0.000000,0.000000,0.000000,0.000000,0.000000,0.000000,0.000000,0.000000,0.000000,0.000000,0.000000,0.000000,0.000000,0.000000,0.000000,0.000000,0.000000,0.000000,0.000000,0.000000,0.000000,0.000000,0.000000,0.000000,0.000000,0.000000,0.000000,0.000000,0.000000,0.000000,0.000000,0.000000,0.000000,0.000000,0.000000,0.000000,0.000000,0.000000,0.000000,0.000000,0.000000,0.000000,0.000000,0.000000,0.000000,0.000000,0.000000,0.000000,0.000000,0.000000,0.000000,0.000000,0.000000,0.000000,0.000000,0.000000,0.000000,0.000000,0.000000,0.000000,0.000000,0.000000,0.000000,0.000000,0.000000,0.000000,0.000000,0.000000,0.000000,0.000000,0.000000,0.000000,0.000000,0.000000,0.000000,0.000000,0.000000,0.000000,0.000000,0.000000,0.000000,0.000000,0.000000,0.000000,0.000000,0.000000,0.000000,0.000000,0.000000,0.000000,0.000000,0.000000,0.000000,0.000000,0.000000,0.000000,0.000000,0.000000,0.000000,0.000000,0.000000,0.000000,0.000000,0.000000,0.000000,0.000000,0.000000,0.000000,0.000000,0.000000,0.000000,0.000000,0.000000,0.000000,0.000000,0.000000,0.000000,0.000000,0.000000,0.000000,0.000000,0.000000,0.000000,0.000000,0.000000,0.000000,0.000000],
	[-0.143542,-0.424008,-0.283775,-0.283775,-0.143542,-0.143542,-0.003309,-0.283775,-0.003309,-0.143542,-0.143542,0.136923,-0.003309,-0.283775,0.136923,-0.143542,-0.283775,-0.424008,-0.143542,-0.003309,-0.143542,-0.283775,-0.143542,-0.143542,-0.143542,-0.283775,-0.143542,-0.283775,0.136923,-0.003309,-0.003309,-0.143542,-0.283775,-0.143542,-0.283775,-0.143542,-0.283775,-0.143542,-0.143542,-0.283775,-0.143542,-0.283775,-0.143542,-0.143542,-0.143542,0.136923,-0.283775,-0.143542,-0.003309,-0.003309,-0.003309,-0.283775,-0.143542,-0.424008,-0.143542,-0.283775,-0.283775,-0.143542,-0.143542,-0.424008,-0.283775,-0.003309,0.136923,-0.003309,-0.283775,-0.424008,-0.283775,-0.424008,-0.143542,-0.283775,-0.003309,-0.143542,-0.143542,-0.424008,-0.003309,-0.424008,-0.424008,-0.143542,-0.283775,-0.283775,-0.143542,-0.143542,-0.003309,-0.143542,-0.143542,-0.143542,-0.143542,-0.283775,-0.143542,-0.003309,-0.003309,-0.003309,0.136923,0.136923,0.417389,0.417389,0.417389,0.417389,0.417389,0.838087,0.697854,0.417389,0.697854,0.557621,0.978320,0.557621,0.697854,0.838087,0.838087,0.697854,0.277156,0.136923,0.277156,0.136923,0.417389,0.277156,-0.003309,-0.143542,0.136923,0.136923,-0.003309,-0.003309,-0.003309,-0.003309,0.277156,-0.003309,-0.003309,-0.003309,-0.003309,-0.003309,-0.003309,0.136923,-0.143542,-0.283775,-0.283775,-0.143542,-0.003309,-0.143542,-0.143542,-0.283775,-0.424008,-0.283775,-0.143542,-0.003309,-0.003309,-0.143542,-0.283775,-0.283775,-0.003309,-0.003309,-0.143542,0.136923,-0.283775,-0.143542,-0.143542,-0.143542,-0.143542,-0.283775,-0.283775,-0.143542,-0.283775,-0.283775,-0.424008,11.916485,-0.143542,9.812993,-0.283775,-0.283775,-0.143542,-0.003309,0.417389,-0.143542,-0.143542,-0.003309,-0.143542,0.277156,-0.143542,-0.143542,-0.143542,0.136923,-0.143542,-0.424008,-0.283775,-0.283775,-0.283775,-0.003309,0.136923,-0.283775,-0.003309,-0.143542,-0.143542,-0.283775,0.136923,-0.143542,-0.003309,-0.143542,-0.143542,-0.283775,-0.003309,-0.283775,-0.143542,0.277156,-0.143542,-0.143542,-0.143542,-0.003309,-0.283775,-0.283775,-0.283775,-0.283775,-0.003309,-0.143542,-0.143542,-0.143542,-0.424008,-0.283775,-0.283775,0.136923,-0.003309,-0.283775,-0.424008,-0.143542,0.136923,0.136923,-0.003309,-0.143542,-0.143542,-0.143542,-0.283775,-0.143542,-0.283775,-0.283775,-0.283775,-0.143542,-0.143542,-0.143542,-0.143542,-0.283775,-0.143542,-0.003309,-0.283775,0.136923,-0.283775,-0.564240,-0.283775,-0.003309,-0.283775,-0.143542,-0.003309,-0.424008,-0.424008,-0.283775,-0.003309,-0.143542,-0.143542,-0.003309],
	[-0.022554,-0.022554,0.252358,-0.022554,0.252358,-0.022554,-0.022554,0.252358,0.252358,-0.022554,-0.022554,-0.022554,-0.022554,-0.022554,0.252358,0.252358,-0.022554,-0.022554,-0.022554,-0.297466,-0.022554,-0.022554,-0.297466,-0.022554,-0.022554,-0.022554,-0.297466,-0.022554,-0.022554,-0.022554,-0.022554,-0.297466,-0.297466,-0.022554,-0.022554,-0.022554,-0.297466,-0.297466,-0.022554,-0.022554,-0.297466,-0.297466,-0.022554,-0.022554,-0.022554,-0.297466,-0.297466,-0.022554,-0.022554,0.252358,-0.022554,-0.022554,-0.297466,-0.022554,-0.297466,-0.022554,-0.297466,-0.297466,-0.022554,-0.022554,-0.022554,-0.297466,-0.297466,-0.297466,-0.022554,-0.022554,-0.022554,-0.022554,-0.022554,-0.022554,-0.022554,-0.297466,-0.022554,-0.022554,-0.022554,-0.022554,-0.022554,-0.022554,-0.297466,-0.297466,-0.022554,-0.022554,-0.297466,-0.297466,-0.022554,-0.022554,0.252358,-0.022554,-0.022554,-0.022554,-0.022554,0.252358,-0.022554,0.252358,-0.022554,0.252358,-0.022554,0.252358,0.252358,0.252358,0.252358,0.252358,0.252358,0.527270,0.252358,0.252358,0.252358,0.252358,0.527270,0.252358,-0.022554,0.252358,0.252358,0.252358,0.252358,-0.022554,0.252358,0.252358,0.252358,0.252358,-0.022554,-0.022554,0.252358,-0.022554,0.252358,0.252358,-0.022554,0.252358,-0.022554,0.252358,-0.022554,0.252358,0.252358,-0.022554,0.252358,-0.022554,0.252358,-0.022554,-0.022554,0.252358,0.252358,0.252358,-0.022554,-0.022554,-0.022554,-0.022554,0.252358,-0.022554,-0.022554,-0.022554,-0.022554,-0.022554,-0.022554,-0.022554,-0.022554,-0.022554,-0.022554,-0.297466,-0.022554,-0.022554,-0.022554,-0.297466,-0.022554,4.925871,0.802183,-0.022554,-1.946942,0.527270,1.352008,-0.022554,-2.221854,-0.022554,1.626920,0.252358,-2.221854,-0.847291,1.901833,1.077096,-2.221854,-1.672029,1.626920,1.352008,-1.397117,-2.771679,1.077096,2.176746,-0.847291,-3.046591,-0.022554,2.451658,0.252358,-2.496767,-0.572379,2.176746,0.802183,-2.221854,-1.122204,1.901833,0.527270,-1.946942,-1.122204,1.901833,0.802183,-1.946942,-1.397117,1.626920,1.352008,-1.672029,-1.946942,1.626920,1.626920,-1.397117,-1.946942,1.077096,1.901833,-0.572379,-2.221854,0.252358,1.626920,0.252358,-1.946942,-0.297466,1.901833,0.527270,-1.672029,-0.297466,1.626920,0.802183,-1.397117,-0.847291,1.901833,0.802183,-1.397117,-1.122204,1.626920,1.077096,-0.847291,-1.672029,1.352008,1.352008,-0.847291,-1.946942,0.802183,2.176746,-0.572379,-2.496767,0.252358,2.451658,0.527270,-2.496767,-1.397117,2.451658,1.077096,-2.221854,-2.221854,1.626920],
	[-0.099197,-0.099197,-0.099197,-0.099197,-0.099197,-0.099197,-0.099197,-0.099197,0.408742,-0.607137,-0.099197,-0.607137,-0.099197,-0.099197,-0.099197,-0.099197,-0.099197,-0.099197,-0.099197,-0.099197,-0.099197,-0.099197,-0.099197,0.408742,-0.099197,-0.607137,-0.099197,-0.099197,-0.099197,-0.099197,-0.607137,-0.099197,-0.099197,-0.099197,-0.099197,-0.099197,-0.607137,0.408742,-0.099197,-0.099197,-0.099197,-0.099197,-0.099197,-0.099197,-0.099197,-0.099197,-0.099197,-0.099197,-0.099197,0.408742,-0.099197,-0.607137,-0.607137,-0.099197,-0.099197,-0.099197,-0.607137,-0.099197,0.408742,-0.099197,-0.099197,-0.607137,-0.099197,-0.099197,-0.099197,-0.099197,-0.099197,-0.099197,-0.099197,-0.099197,-0.099197,-0.099197,-0.099197,-0.099197,-0.099197,-0.099197,-0.099197,-0.099197,-0.099197,-0.099197,-0.099197,-0.099197,-0.099197,-0.099197,-0.099197,-0.099197,-0.607137,-0.607137,-0.099197,-0.099197,-0.099197,-0.099197,-0.099197,-0.099197,-0.099197,-0.099197,0.408742,0.408742,0.408742,0.408742,0.916681,0.408742,0.408742,0.916681,0.408742,0.408742,0.408742,0.408742,0.408742,0.408742,-0.099197,-0.099197,-0.099197,0.408742,0.408742,-0.099197,-0.099197,0.408742,-0.099197,-0.099197,-0.099197,-0.099197,-0.607137,-0.099197,-0.099197,0.408742,-0.099197,-0.099197,0.408742,0.408742,-0.099197,-0.099197,-0.099197,-0.607137,-0.099197,-0.099197,-0.099197,-0.099197,-0.099197,-0.099197,-0.099197,-0.099197,-0.099197,-0.099197,-0.099197,-0.099197,-0.099197,-0.607137,-0.099197,-0.099197,-0.099197,-0.099197,0.408742,-0.099197,-0.099197,-0.099197,-0.099197,-0.099197,-0.099197,-0.099197,-0.099197,-0.099197,-0.099197,9.551660,-0.099197,12.091360,-0.607137,-0.607137,-0.099197,0.408742,-0.099197,-0.099197,-0.099197,0.408742,-0.099197,-0.607137,-0.099197,-0.099197,-0.099197,-0.099197,-0.099197,-0.099197,-0.099197,-0.099197,-0.099197,-0.099197,-0.099197,-0.607137,-0.099197,-0.099197,-0.099197,-0.099197,-0.099197,-0.099197,-0.099197,-0.099197,-0.099197,-0.607137,-0.099197,-0.099197,0.408742,-0.099197,-0.607137,-0.607137,-0.099197,-0.607137,0.408742,-0.099197,-0.099197,-0.099197,-0.099197,-0.099197,-0.099197,-0.099197,-0.099197,-0.099197,-0.099197,-0.099197,-0.607137,-0.099197,-0.099197,-0.099197,0.408742,-0.099197,-0.099197,0.408742,-0.099197,-0.099197,-0.607137,-0.099197,-0.099197,-0.099197,-0.099197,-0.099197,-0.099197,-0.607137,-0.099197,-0.099197,-0.099197,-0.099197,-0.099197,-0.099197,-0.607137,-0.099197,-0.099197,-0.099197,-0.099197,-0.099197,-0.099197,-0.607137,-0.099197,-0.099197,-0.099197,-0.099197,-0.099197,-0.099197]
],
"cwt" : [
	[0.693981,0.446808,0.243662,0.115647,0.054173,0.029720,0.018043,0.010615,0.008305,0.009408,0.011586,0.013604,0.014187,0.013836,0.014402,0.016754,0.019230,0.019413,0.016636,0.012943,0.012718,0.017749,0.024162,0.029261,0.032314,0.032836,0.030661,0.027017,0.023860,0.021811,0.019881,0.017037,0.013715,0.013559,0.019674,0.027925,0.033965,0.035632,0.032673,0.027071,0.022872,0.022867,0.025341,0.027079,0.025918,0.021704,0.016658,0.013658,0.013347,0.013708,0.013164,0.013326,0.016208,0.020020,0.022866,0.024435,0.024703,0.022939,0.018338,0.011841,0.005678,0.000311,0.005789,0.012358,0.018287,0.023237,0.028614,0.035507,0.041772,0.044246,0.042021,0.036921,0.031120,0.024891,0.017600,0.010193,0.005793,0.006983,0.011446,0.016525,0.019561,0.019961,0.018940,0.016996,0.014047,0.010645,0.007020,0.004382,0.005811,0.008460,0.011567,0.015486,0.018932,0.022764,0.028820,0.034999,0.038267,0.038027,0.035668,0.032868,0.030755,0.029690,0.029259,0.027981,0.024323,0.018701,0.013549,0.011040,0.011341,0.013303,0.015045,0.015190,0.014979,0.016972,0.020615,0.023544,0.024320,0.022945,0.021138,0.021055,0.022512,0.023505,0.022652,0.018873,0.011892,0.003223,0.004664,0.009343,0.010750,0.015003,0.023615,0.030253,0.032083,0.030650,0.028710,0.026294,0.022237,0.018653,0.019115,0.021413,0.021648,0.019359,0.014913,0.008025,0.002317,0.012785,0.023864,0.032503,0.036595,0.036561,0.033447,0.027063,0.018190,0.009441,0.008134,0.015847,0.020448,0.019863,0.017929,0.015321,0.020664,0.083591,0.220804,0.409188,0.565909,0.603020,0.538161,0.536648,0.656766,0.765617,0.804391,0.792428,0.763188,0.736320,0.711706,0.679153,0.634978,0.587078,0.545913,0.516466,0.500918,0.500894,0.512498,0.526494,0.538634,0.554563,0.580836,0.615779,0.653180,0.688409,0.716843,0.734581,0.746113,0.765370,0.803265,0.856942,0.915012,0.968761,1.013252,1.042759,1.053292,1.048590,1.037553,1.025862,1.014525,1.005130,0.999555,0.993817,0.980244,0.959345,0.943154,0.942808,0.957386,0.978211,0.999325,1.018912,1.034945,1.047562,1.064191,1.093876,1.135924,1.181038,1.224159,1.268857,1.317260,1.363607,1.402545,1.437019,1.471735,1.504594,1.531516,1.554513,1.576404,1.591299,1.590004,1.572987,1.549102,1.522966,1.492912,1.461007,1.435016,1.418677,1.409145,1.405493,1.410364,1.421087,1.427983,1.424618,1.413353,1.397912,1.376132,1.343241,1.295544,1.223861,1.107937,0.928875],
	[0.000000,0.000000,0.000000,0.000000,0.000000,0.000000,0.000000,0.000000,0.000000,0.000000,0.000000,0.000000,0.000000,0.000000,0.000000,0.000000,0.000000,0.000000,0.000000,0.000000,0.000000,0.000000,0.000000,0.000000,0.000000,0.000000,0.000000,0.000000,0.000000,0.000000,0.000000,0.000000,0.000000,0.000000,0.000000,0.000000,0.000000,0.000000,0.000000,0.000000,0.000000,0.000000,0.000000,0.000000,0.000000,0.000000,0.000000,0.000000,0.000000,0.000000,0.000000,0.000000,0.000000,0.000000,0.000000,0.000000,0.000000,0.000000,0.000000,0.000000,0.000000,0.000000,0.000000,0.000000,0.000000,0.000000,0.000000,0.000000,0.000000,0.000000,0.000000,0.000000,0.000000,0.000000,0.000000,0.000000,0.000000,0.000000,0.000000,0.000000,0.000000,0.000000,0.000000,0.000000,0.000000,0.000000,0.000000,0.000000,0.000000,0.000000,0.000000,0.000000,0.000000,0.000000,0.000000,0.000000,0.000000,0.000000,0.000000,0.000000,0.000000,0.000000,0.000000,0.000000,0.000000,0.000000,0.000000,0.000000,0.000000,0.000000,0.000000,0.000000,0.000000,0.000000,0.000000,0.000000,0.000000,0.000000,0.000000,0.000000,0.000000,0.000000,0.000000,0.000000,0.000000,0.000000,0.000000,0.000000,0.000000,0.000000,0.000000,0.000000,0.000000,0.000000,0.000000,0.000000,0.000000,0.000000,0.000000,0.000000,0.000000,0.000000,0.000000,0.000000,0.000000,0.000000,0.000000,0.000000,0.000000,0.000000,0.000000,0.000000,0.000000,0.000000,0.000000,0.000000,0.000000,0.000000,0.000000,0.000000,0.000000,0.000000,0.000000,0.000000,0.000000,0.000000,0.000000,0.000000,0.000000,0.000000,0.000000,0.000000,0.000000,0.000000,0.000000,0.000000,0.000000,0.000000,0.000000,0.000000,0.000000,0.000000,0.000000,0.000000,0.000000,0.000000,0.000000,0.000000,0.000000,0.000000,0.000000,0.000000,0.000000,0.000000,0.000000,0.000000,0.000000,0.000000,0.000000,0.000000,0.000000,0.000000,0.000000,0.000000,0.000000,0.000000,0.000000,0.000000,0.000000,0.000000,0.000000,0.000000,0.000000,0.000000,0.000000,0.000000,0.000000,0.000000,0.000000,0.000000,0.000000,0.000000,0.000000,0.000000,0.000000,0.000000,0.000000,0.000000,0.000000,0.000000,0.000000,0.000000,0.000000,0.000000,0.000000,0.000000,0.000000,0.000000,0.000000,0.000000,0.000000,0.000000,0.000000,0.000000,0.000000,0.000000,0.000000,0.000000,0.000000,0.000000,0.000000,0.000000,0.000000,0.000000,0.000000,0.000000],
	[0.065129,0.060994,0.043291,0.022763,0.017913,0.025264,0.026718,0.019231,0.007691,0.025955,0.048863,0.063227,0.067434,0.069518,0.078040,0.088800,0.094844,0.095072,0.090022,0.080754,0.069295,0.056875,0.044627,0.034750,0.027956,0.025722,0.035184,0.049199,0.053965,0.047113,0.038157,0.033564,0.027174,0.017169,0.009958,0.011207,0.016405,0.019274,0.018498,0.013833,0.006144,0.003358,0.008300,0.025628,0.045928,0.061079,0.068341,0.067223,0.059242,0.048755,0.037765,0.026000,0.021795,0.023799,0.019544,0.022854,0.039154,0.056652,0.074614,0.090315,0.098200,0.097638,0.092504,0.084227,0.069714,0.046910,0.021436,0.005419,0.008629,0.023098,0.038584,0.048412,0.051636,0.050467,0.053159,0.062275,0.063241,0.050406,0.037731,0.034888,0.032000,0.028484,0.026402,0.023073,0.019676,0.020570,0.030576,0.042370,0.044685,0.035063,0.022776,0.017815,0.021129,0.032894,0.041337,0.041952,0.044939,0.060061,0.082346,0.094738,0.088632,0.074040,0.065810,0.067368,0.069741,0.067053,0.069376,0.077927,0.086083,0.089102,0.078507,0.053726,0.030677,0.043220,0.071555,0.091746,0.097436,0.090581,0.076279,0.058795,0.041170,0.030633,0.035896,0.047623,0.053657,0.048144,0.032883,0.015603,0.009405,0.024246,0.043001,0.059164,0.068011,0.068479,0.062227,0.051970,0.038302,0.021438,0.021594,0.040214,0.050762,0.051065,0.046999,0.045017,0.050611,0.060040,0.067100,0.066684,0.051845,0.023072,0.010976,0.031714,0.042073,0.041835,0.033389,0.026727,0.035778,0.069153,0.153897,0.361275,0.742832,1.193763,1.417542,1.141627,0.453986,0.525740,0.933551,0.899810,0.614107,0.342304,0.191146,0.120819,0.077270,0.053030,0.055635,0.072831,0.087057,0.090272,0.090227,0.094552,0.092974,0.070570,0.029247,0.015817,0.051750,0.071781,0.072307,0.055337,0.035576,0.037586,0.049828,0.053125,0.044846,0.027778,0.008505,0.016958,0.025978,0.024701,0.035616,0.062226,0.085077,0.094917,0.089418,0.073775,0.059752,0.053390,0.047013,0.036515,0.033861,0.038547,0.034353,0.017895,0.012408,0.036598,0.056850,0.073254,0.090235,0.106555,0.117188,0.119751,0.115613,0.105996,0.091098,0.073335,0.055022,0.035218,0.015689,0.007230,0.010175,0.015459,0.024738,0.029929,0.028242,0.022349,0.017189,0.021122,0.030968,0.034667,0.024489,0.007283,0.042411,0.085015,0.117034,0.125148,0.107146,0.072947,0.043064,0.051280,0.078406,0.095816,0.097426,0.085476,0.064393,0.042940,0.039597,0.054416],
	[0.525558,0.295991,0.145494,0.073158,0.054506,0.061900,0.074639,0.081691,0.076589,0.058427,0.031801,0.008795,0.031227,0.055742,0.069249,0.065038,0.041966,0.008342,0.025380,0.043842,0.049830,0.053783,0.059424,0.063379,0.065242,0.065186,0.060845,0.050403,0.038364,0.040351,0.058069,0.073683,0.078665,0.075822,0.073968,0.078743,0.086987,0.092607,0.094138,0.093998,0.092464,0.087099,0.078669,0.073073,0.073613,0.073967,0.066184,0.052841,0.047211,0.050935,0.052136,0.046035,0.033955,0.022605,0.023936,0.038182,0.056360,0.068275,0.069264,0.064299,0.060430,0.059124,0.058590,0.055897,0.047226,0.033378,0.020985,0.016603,0.021970,0.033997,0.046661,0.052609,0.047169,0.032841,0.019375,0.022760,0.040378,0.061492,0.079842,0.090558,0.093181,0.091350,0.086169,0.074408,0.058890,0.051763,0.051776,0.047245,0.039329,0.035825,0.034735,0.027344,0.015029,0.005976,0.006868,0.014844,0.025680,0.032006,0.028532,0.020945,0.021780,0.033498,0.048045,0.054897,0.050579,0.044065,0.049896,0.069228,0.088063,0.094134,0.085594,0.068619,0.051967,0.046027,0.050254,0.052609,0.047573,0.038771,0.040922,0.053151,0.057142,0.045532,0.021972,0.012345,0.030920,0.036392,0.028639,0.017615,0.013019,0.018166,0.029369,0.039277,0.040248,0.032290,0.024661,0.027142,0.040464,0.056369,0.066850,0.068964,0.064722,0.056475,0.044058,0.032523,0.035181,0.046635,0.052507,0.047351,0.033495,0.018426,0.008226,0.003669,0.003640,0.008927,0.018976,0.034010,0.052892,0.075957,0.117726,0.215455,0.405383,0.673660,0.932822,1.073110,1.058066,0.960875,0.884257,0.861617,0.873821,0.900378,0.927691,0.951436,0.976778,1.009664,1.049693,1.091999,1.131973,1.164726,1.184248,1.190421,1.195176,1.214009,1.249797,1.290146,1.322116,1.342843,1.353696,1.352193,1.334846,1.304333,1.269200,1.237240,1.211466,1.190587,1.170159,1.144918,1.114189,1.084896,1.065963,1.060173,1.063644,1.071270,1.080120,1.089245,1.099453,1.113180,1.131819,1.151906,1.165586,1.166730,1.156013,1.138895,1.119965,1.100351,1.078644,1.052321,1.019900,0.984757,0.956057,0.941920,0.940416,0.939983,0.930240,0.910815,0.889018,0.872107,0.864343,0.867896,0.881554,0.899397,0.913584,0.919388,0.917284,0.910541,0.903266,0.900478,0.905977,0.919394,0.938250,0.962608,0.995799,1.039705,1.090379,1.139991,1.181941,1.213788,1.237948,1.260641,1.286853,1.313916,1.332382,1.331390,1.296435,1.204571,1.034769,0.793103],
	[0.000475,0.000704,0.001699,0.005378,0.015822,0.036748,0.067010,0.097128,0.111310,0.099291,0.072397,0.059913,0.058641,0.047316,0.029337,0.014276,0.005043,0.001209,0.005594,0.016465,0.039844,0.077102,0.121082,0.158000,0.173494,0.160792,0.127218,0.093539,0.083153,0.093251,0.098009,0.082878,0.050520,0.027557,0.059960,0.100479,0.125720,0.125768,0.102774,0.068800,0.037102,0.015693,0.005549,0.003304,0.006142,0.016486,0.040079,0.078241,0.124449,0.166438,0.191531,0.193398,0.177199,0.158004,0.150916,0.160272,0.176746,0.183639,0.171298,0.147141,0.127184,0.112945,0.091955,0.062329,0.034344,0.015825,0.006012,0.001359,0.000229,0.000672,0.000605,0.000667,0.000619,0.000686,0.000642,0.000704,0.000666,0.000720,0.000740,0.000959,0.001365,0.005276,0.016892,0.039354,0.072271,0.108420,0.133966,0.135265,0.109967,0.071306,0.037866,0.018919,0.016542,0.032673,0.059165,0.082250,0.087138,0.073715,0.067873,0.085266,0.096971,0.093786,0.095393,0.098995,0.085821,0.060143,0.037920,0.037227,0.062167,0.088741,0.107083,0.122394,0.139632,0.154243,0.157835,0.147159,0.128204,0.107915,0.084455,0.060365,0.062395,0.089697,0.111022,0.120632,0.126516,0.132226,0.139259,0.148715,0.150310,0.129054,0.080834,0.019987,0.048088,0.081473,0.081501,0.058943,0.033394,0.016113,0.006339,0.000961,0.000932,0.000566,0.004658,0.016413,0.035574,0.060156,0.084881,0.096921,0.084728,0.058897,0.060283,0.084080,0.095010,0.085346,0.061900,0.035008,0.011030,0.027874,0.096260,0.251854,0.524057,0.804919,0.832914,0.433766,0.552799,1.266898,1.558049,1.347416,0.900631,0.510156,0.285718,0.189948,0.164624,0.173435,0.181400,0.161911,0.118890,0.074965,0.042094,0.018517,0.004278,0.001979,0.007752,0.016211,0.032623,0.060623,0.088389,0.098006,0.085144,0.060568,0.035569,0.014938,0.003863,0.014619,0.033260,0.062154,0.092386,0.111916,0.123924,0.143173,0.168223,0.178896,0.156058,0.095519,0.018536,0.059458,0.094517,0.091779,0.065850,0.036136,0.015339,0.005427,0.001996,0.005749,0.015396,0.033749,0.059715,0.081752,0.082848,0.054704,0.020169,0.055519,0.086275,0.098913,0.107802,0.117850,0.121758,0.119100,0.110265,0.090384,0.060862,0.032563,0.031108,0.058889,0.086485,0.097352,0.085599,0.058860,0.031603,0.031162,0.059162,0.086153,0.097056,0.085941,0.059129,0.031362,0.031002,0.058898,0.086260,0.097461,0.086485,0.061002,0.034608,0.015750,0.005396,0.001208]
],
"envelope_edge" : [
	[0.013337,0.013074,0.012167,0.010967,0.009836,0.008934,0.008237,0.007654,0.007150,0.006725,0.006365,0.006058,0.005787,0.005533,0.005292,0.005073,0.004889,0.004729,0.004572,0.004394,0.004198,0.004021,0.003886,0.003781,0.003696,0.003622,0.003547,0.003458,0.003358,0.003256,0.003161,0.003063,0.002949,0.002809,0.002684,0.002606,0.002569,0.002551,0.002528,0.002475,0.002390,0.002298,0.002229,0.002185,0.002155,0.002113,0.002047,0.001961,0.001879,0.001808,0.001742,0.001661,0.001587,0.001533,0.001497,0.001466,0.001445,0.001424,0.001402,0.001348,0.001278,0.001154,0.001028,0.000959,0.000901,0.000859,0.000814,0.000789,0.000792,0.000821,0.000846,0.000852,0.000837,0.000813,0.000771,0.000703,0.000603,0.000503,0.000427,0.000383,0.000361,0.000344,0.000320,0.000292,0.000257,0.000211,0.000153,0.000072,-0.000012,-0.000079,-0.000143,-0.000196,-0.000243,-0.000292,-0.000333,-0.000343,-0.000334,-0.000325,-0.000332,-0.000353,-0.000387,-0.000421,-0.000451,-0.000469,-0.000489,-0.000526,-0.000590,-0.000669,-0.000747,-0.000811,-0.000860,-0.000906,-0.000966,-0.001030,-0.001080,-0.001110,-0.001133,-0.001163,-0.001210,-0.001267,-0.001314,-0.001347,-0.001370,-0.001397,-0.001439,-0.001543,-0.001681,-0.001760,-0.001841,-0.001937,-0.002007,-0.002027,-0.002041,-0.002066,-0.002113,-0.002158,-0.002223,-0.002311,-0.002416,-0.002489,-0.002555,-0.002616,-0.002703,-0.002804,-0.002999,-0.003188,-0.003291,-0.003368,-0.003422,-0.003489,-0.003568,-0.003674,-0.003823,-0.004036,-0.004313,-0.004564,-0.004783,-0.005041,-0.005383,-0.005826,-0.006546,-0.007491,-0.008237,-0.008344,-0.007570,-0.006442,-0.006019,-0.006556,-0.006751,-0.006118,-0.005241,-0.004515,-0.004042,-0.003719,-0.003434,-0.003167,-0.002993,-0.002974,-0.003099,-0.003320,-0.003599,-0.003885,-0.004117,-0.004286,-0.004447,-0.004643,-0.004837,-0.004971,-0.005024,-0.005006,-0.004934,-0.004865,-0.004880,-0.005001,-0.005141,-0.005181,-0.005075,-0.004839,-0.004496,-0.004075,-0.003643,-0.003279,-0.003008,-0.002806,-0.002653,-0.002544,-0.002448,-0.002331,-0.002217,-0.002193,-0.002300,-0.002475,-0.002616,-0.002687,-0.002705,-0.002693,-0.002669,-0.002680,-0.002758,-0.002862,-0.002903,-0.002852,-0.002749,-0.002623,-0.002436,-0.002163,-0.001840,-0.001514,-0.001166,-0.000766,-0.000327,0.000123,0.000616,0.001189,0.001801,0.002363,0.002842,0.003266,0.003642,0.003936,0.004151,0.004342,0.004546,0.004764,0.005020,0.005376,0.005853,0.006399,0.006971,0.007583,0.008270,0.009040,0.009900,0.010881,0.011945,0.012879],
	[0.000000,0.000000,0.000000,0.000000,0.000000,0.000000,0.000000,0.000000,0.000000,0.000000,0.000000,0.000000,0.000000,0.000000,0.000000,0.000000,0.000000,0.000000,0.000000,0.000000,0.000000,0.000000,0.000000,0.000000,0.000000,0.000000,0.000000,0.000000,0.000000,0.000000,0.000000,0.000000,0.000000,0.000000,0.000000,0.000000,0.000000,0.000000,0.000000,0.000000,0.000000,0.000000,0.000000,0.000000,0.000000,0.000000,0.000000,0.000000,0.000000,0.000000,0.000000,0.000000,0.000000,0.000000,0.000000,0.000000,0.000000,0.000000,0.000000,0.000000,0.000000,0.000000,0.000000,0.000000,0.000000,0.000000,0.000000,0.000000,0.000000,0.000000,0.000000,0.000000,0.000000,0.000000,0.000000,0.000000,0.000000,0.000000,0.000000,0.000000,0.000000,0.000000,0.000000,0.000000,0.000000,0.000000,0.000000,0.000000,0.000000,0.000000,0.000000,0.000000,0.000000,0.000000,0.000000,0.000000,0.000000,0.000000,0.000000,0.000000,0.000000,0.000000,0.000000,0.000000,0.000000,0.000000,0.000000,0.000000,0.000000,0.000000,0.000000,0.000000,0.000000,0.000000,0.000000,0.000000,0.000000,0.000000,0.000000,0.000000,0.000000,0.000000,0.000000,0.000000,0.000000,0.000000,0.000000,0.000000,0.000000,0.000000,0.000000,0.000000,0.000000,0.000000,0.000000,0.000000,0.000000,0.000000,0.000000,0.000000,0.000000,0.000000,0.000000,0.000000,0.000000,0.000000,0.000000,0.000000,0.000000,0.000000,0.000000,0.000000,0.000000,0.000000,0.000000,0.000000,0.000000,0.000000,0.000000,0.000000,0.000000,0.000000,0.000000,0.000000,0.000000,0.000000,0.000000,0.000000,0.000000,0.000000,0.000000,0.000000,0.000000,0.000000,0.000000,0.000000,0.000000,0.000000,0.000000,0.000000,0.000000,0.000000,0.000000,0.000000,0.000000,0.000000,0.000000,0.000000,0.000000,0.000000,0.000000,0.000000,0.000000,0.000000,0.000000,0.000000,0.000000,0.000000,0.000000,0.000000,0.000000,0.000000,0.000000,0.000000,0.000000,0.000000,0.000000,0.000000,0.000000,0.000000,0.000000,0.000000,0.000000,0.000000,0.000000,0.000000,0.000000,0.000000,0.000000,0.000000,0.000000,0.000000,0.000000,0.000000,0.000000,0.000000,0.000000,0.000000,0.000000,0.000000,0.000000,0.000000,0.000000,0.000000,0.000000,0.000000,0.000000,0.000000,0.000000,0.000000,0.000000,0.000000,0.000000,0.000000,0.000000,0.000000,0.000000,0.000000,0.000000,0.000000,0.000000,0.000000,0.000000,0.000000,0.000000,0.000000],
	[0.000268,0.000391,0.000452,0.000385,0.000225,0.000159,0.000151,0.000148,-0.000015,-0.000210,-0.000216,-0.000160,-0.000088,-0.000084,-0.000078,-0.000025,0.000077,0.000184,0.000289,0.000364,0.000412,0.000425,0.000406,0.000352,0.000281,0.000175,0.000083,0.000097,0.000190,0.000264,0.000268,0.000260,0.000266,0.000240,0.000158,0.000070,0.000028,0.000025,0.000027,0.000023,-0.000032,-0.000139,-0.000273,-0.000372,-0.000367,-0.000290,-0.000176,-0.000061,0.000020,0.000055,0.000057,0.000010,-0.000090,-0.000143,-0.000206,-0.000345,-0.000437,-0.000455,-0.000427,-0.000331,-0.000192,-0.000053,0.000060,0.000168,0.000266,0.000313,0.000246,0.000064,-0.000139,-0.000250,-0.000274,-0.000233,-0.000190,-0.000167,-0.000191,-0.000153,-0.000043,0.000033,-0.000004,-0.000049,-0.000068,-0.000096,-0.000128,-0.000155,-0.000214,-0.000297,-0.000367,-0.000338,-0.000260,-0.000203,-0.000252,-0.000349,-0.000467,-0.000528,-0.000523,-0.000526,-0.000603,-0.000671,-0.000639,-0.000475,-0.000325,-0.000274,-0.000326,-0.000363,-0.000361,-0.000358,-0.000411,-0.000407,-0.000366,-0.000246,-0.000131,-0.000086,-0.000284,-0.000531,-0.000584,-0.000474,-0.000319,-0.000173,-0.000094,-0.000066,-0.000125,-0.000252,-0.000394,-0.000416,-0.000374,-0.000291,-0.000290,-0.000371,-0.000587,-0.000746,-0.000807,-0.000773,-0.000706,-0.000611,-0.000561,-0.000526,-0.000552,-0.000650,-0.000882,-0.000970,-0.000966,-0.000935,-0.000983,-0.001049,-0.001162,-0.001185,-0.001203,-0.001133,-0.001127,-0.001218,-0.001608,-0.001842,-0.001987,-0.002112,-0.002403,-0.002803,-0.003486,-0.004271,-0.005495,-0.006703,-0.007266,-0.005301,-0.001159,0.003827,0.003458,-0.000527,0.000684,0.003822,0.005433,0.005229,0.004429,0.003656,0.003112,0.002519,0.002074,0.001757,0.001667,0.001585,0.001539,0.001482,0.001572,0.001634,0.001536,0.001093,0.000888,0.000962,0.001076,0.001133,0.001025,0.000847,0.000808,0.000853,0.000901,0.000892,0.000731,0.000517,0.000485,0.000385,0.000236,0.000166,0.000267,0.000420,0.000591,0.000660,0.000653,0.000608,0.000608,0.000552,0.000460,0.000417,0.000444,0.000378,0.000142,-0.000037,-0.000037,-0.000048,-0.000003,0.000070,0.000219,0.000363,0.000519,0.000637,0.000744,0.000786,0.000808,0.000772,0.000680,0.000501,0.000381,0.000280,0.000241,0.000246,0.000271,0.000242,0.000178,0.000065,0.000046,0.000056,0.000096,-0.000151,-0.000433,-0.000391,-0.000201,0.000122,0.000368,0.000471,0.000294,0.000045,0.000003,0.000131,0.000301,0.000445,0.000503,0.000429,0.000259,0.000193],
	[0.012102,0.011312,0.010115,0.008881,0.007880,0.007146,0.006679,0.006358,0.006163,0.005931,0.005674,0.005170,0.004717,0.004531,0.004472,0.004456,0.004416,0.004079,0.003666,0.003556,0.003439,0.003338,0.003222,0.003158,0.003080,0.003035,0.002978,0.002911,0.002738,0.002505,0.002341,0.002313,0.002315,0.002293,0.002203,0.002115,0.002062,0.002058,0.002054,0.002051,0.002049,0.002053,0.002017,0.001945,0.001878,0.001871,0.001874,0.001813,0.001680,0.001593,0.001568,0.001553,0.001492,0.001346,0.001142,0.000994,0.000942,0.000981,0.001031,0.001041,0.001008,0.000976,0.000955,0.000960,0.000963,0.000919,0.000799,0.000637,0.000479,0.000380,0.000352,0.000392,0.000431,0.000405,0.000252,0.000035,-0.000114,-0.000168,-0.000141,-0.000061,0.000020,0.000086,0.000147,0.000192,0.000159,0.000064,0.000013,-0.000001,-0.000052,-0.000128,-0.000165,-0.000186,-0.000258,-0.000403,-0.000567,-0.000694,-0.000763,-0.000769,-0.000777,-0.000862,-0.001011,-0.001131,-0.001165,-0.001134,-0.001125,-0.001213,-0.001361,-0.001440,-0.001389,-0.001263,-0.001154,-0.001128,-0.001203,-0.001341,-0.001432,-0.001460,-0.001478,-0.001568,-0.001708,-0.001764,-0.001711,-0.001665,-0.001735,-0.001997,-0.002146,-0.002125,-0.002154,-0.002254,-0.002429,-0.002597,-0.002718,-0.002763,-0.002779,-0.002837,-0.002988,-0.003184,-0.003347,-0.003425,-0.003442,-0.003443,-0.003469,-0.003526,-0.003630,-0.003828,-0.004072,-0.004230,-0.004313,-0.004388,-0.004530,-0.004763,-0.005071,-0.005418,-0.005802,-0.006220,-0.006671,-0.007161,-0.007705,-0.008369,-0.009263,-0.010371,-0.011338,-0.011546,-0.010594,-0.008803,-0.007100,-0.006231,-0.006132,-0.006287,-0.006402,-0.006409,-0.006333,-0.006245,-0.006184,-0.006128,-0.006021,-0.005839,-0.005580,-0.005251,-0.004892,-0.004594,-0.004421,-0.004326,-0.004173,-0.003877,-0.003466,-0.003005,-0.002513,-0.001997,-0.001500,-0.001092,-0.000802,-0.000609,-0.000463,-0.000326,-0.000174,-0.000029,0.000056,0.000039,-0.000053,-0.000156,-0.000219,-0.000235,-0.000213,-0.000169,-0.000114,-0.000047,0.000064,0.000259,0.000545,0.000872,0.001179,0.001432,0.001644,0.001833,0.002015,0.002181,0.002303,0.002331,0.002259,0.002144,0.002089,0.002129,0.002222,0.002275,0.002249,0.002147,0.002006,0.001861,0.001770,0.001763,0.001841,0.001952,0.002054,0.002108,0.002107,0.002046,0.001963,0.001886,0.001834,0.001788,0.001767,0.001806,0.001967,0.002256,0.002660,0.003118,0.003602,0.004091,0.004649,0.005337,0.006221,0.007295,0.008582,0.009994,0.011306,0.012101],
	[0.000143,0.000040,-0.000059,-0.000190,-0.000327,-0.000450,-0.000473,-0.000354,-0.000094,0.000153,0.000231,0.000157,0.000169,0.000211,0.000191,0.000083,-0.000050,-0.000228,-0.000406,-0.000601,-0.000784,-0.000893,-0.000837,-0.000610,-0.000248,0.000092,0.000291,0.000248,0.000097,0.000033,0.000143,0.000254,0.000252,-0.000079,-0.000385,-0.000349,-0.000142,0.000152,0.000365,0.000438,0.000355,0.000186,-0.000017,-0.000215,-0.000420,-0.000645,-0.000868,-0.001014,-0.001014,-0.000840,-0.000541,-0.000222,-0.000004,0.000058,0.000019,-0.000000,0.000102,0.000330,0.000574,0.000714,0.000759,0.000820,0.000906,0.000924,0.000837,0.000691,0.000546,0.000416,0.000307,0.000225,0.000157,0.000094,0.000036,-0.000019,-0.000072,-0.000127,-0.000182,-0.000241,-0.000305,-0.000380,-0.000474,-0.000605,-0.000752,-0.000882,-0.000927,-0.000828,-0.000568,-0.000228,0.000042,0.000124,0.000023,-0.000181,-0.000424,-0.000629,-0.000703,-0.000630,-0.000476,-0.000419,-0.000532,-0.000599,-0.000498,-0.000434,-0.000420,-0.000331,-0.000205,-0.000210,-0.000374,-0.000659,-0.000847,-0.000874,-0.000835,-0.000797,-0.000722,-0.000579,-0.000372,-0.000192,-0.000081,-0.000049,-0.000061,-0.000233,-0.000514,-0.000656,-0.000605,-0.000544,-0.000480,-0.000441,-0.000365,-0.000268,-0.000022,0.000202,0.000384,0.000027,-0.000430,-0.000338,-0.000170,-0.000058,-0.000129,-0.000254,-0.000419,-0.000574,-0.000738,-0.000881,-0.001074,-0.001248,-0.001402,-0.001475,-0.001454,-0.001318,-0.001203,-0.001307,-0.001595,-0.001716,-0.001690,-0.001676,-0.001805,-0.002109,-0.002693,-0.003586,-0.004559,-0.005617,-0.005869,-0.004584,-0.001579,-0.001375,-0.005474,-0.004971,0.000114,0.004657,0.006804,0.006572,0.005438,0.004289,0.003456,0.002981,0.002870,0.002924,0.002891,0.002705,0.002431,0.002142,0.001820,0.001521,0.001263,0.001053,0.000838,0.000733,0.000779,0.000970,0.001116,0.001171,0.001080,0.000932,0.000648,0.000396,0.000191,0.000076,0.000069,0.000172,0.000209,0.000279,0.000423,0.000805,0.001151,0.001450,0.001011,0.000502,0.000682,0.000878,0.001026,0.000965,0.000834,0.000650,0.000484,0.000307,0.000156,0.000028,-0.000004,0.000117,0.000314,0.000457,0.000166,-0.000157,-0.000064,0.000000,0.000089,0.000161,0.000314,0.000431,0.000586,0.000686,0.000713,0.000534,0.000246,0.000074,0.000145,0.000323,0.000516,0.000567,0.000438,0.000150,0.000018,0.000083,0.000282,0.000467,0.000548,0.000410,0.000145,0.000007,0.000097,0.000301,0.000524,0.000625,0.000608,0.000498,0.000374,0.000245]
],
	"idxs" : [163,0,160,161,160]
,"hydrophone_pos" : [
	[0.000000,0.000000,0.000000],
	[0.000000,0.000000,0.000000],
	[0.450000,0.000000,0.000000],
	[0.000000,0.450000,0.000000],
	[0.000000,0.000000,-0.450000]
],
	"direction_of_arrival" : [0.635455,0.066890,0.769235]
,	"valid" : [0.000000,-0.000000,-0.000000,-0.000000,-0.000000]
}
dump = {
	"magnitude" : [0.000000,0.000162,0.000009,0.000001,0.000004,0.000001,0.000014,0.000015,0.000032,0.000101,0.000117,0.000234,0.000383,0.000437,0.000358,0.000396,0.000368,0.000350,0.000265,0.000254,0.000200,0.000156,0.000111,0.000084,0.000048,0.000027,0.000008,0.000002,0.000000,0.000000,0.000000,0.000000]
,	"raw_mv" : [
	[-9.537500,-4.578000,-1.907500,-6.104000,-9.156000,-8.774499,-9.156000,-8.774499,-8.774499,-6.485500,-3.433500,-3.052000,-4.959500,-5.722499,-6.485500,-6.104000,-5.341000,-6.104000,-6.104000,-9.156000,-12.589500,-12.208000,-10.682000,-8.392999,-6.485500,-8.011500,-8.774499,-7.630000,-5.722499,-6.104000,-9.537500,-11.826499,-11.063500,-9.156000,-7.248499,-9.537500,-8.774499,-7.630000,-6.867000,-5.341000,-5.722499,-6.485500,-8.011500,-6.485500,-5.722499,-6.867000,-5.341000,-1.526000,-1.144500,-1.526000,-1.907500,0.000000,1.144500,0.381500,-1.144500,0.000000,0.000000,-0.381500,-0.763000,-0.381500,-1.144500,-3.433500,-5.341000,-6.104000,-1.907500,0.381500,1.144500,0.763000,-1.144500,0.000000,0.381500,-1.526000,-3.815000,-0.763000,0.000000,0.381500,-0.381500,-3.433500,-3.433500,-3.052000,-1.907500,-1.907500,-1.907500,-3.433500,-3.052000,-0.381500,-2.670500,-4.196499,-3.815000,-3.433500,-3.433500,-6.104000,-8.392999,-4.578000,-4.196499,-5.722499,-6.104000,-4.196499,-4.959500,-6.867000,-7.630000,-5.722499,-3.815000,-3.815000,-6.867000,-10.300499,-11.063500,-11.444999,-11.063500,-8.011500,-7.630000,-8.011500,-8.011500,-7.248499,-6.867000,-6.485500,-5.722499,-4.196499,-6.104000,-7.630000,-6.867000,-8.011500,-8.774499,-10.300499,-10.682000,-11.063500,-9.156000,-9.156000,-9.919000,-10.300499,-10.682000,-12.589500,-12.589500,-12.589500,-12.589500,-10.682000,-10.300499,-9.919000,-10.682000,-12.589500,-12.208000,-11.063500,-9.919000,-9.537500,-9.156000,-9.919000,-9.156000,-7.248499,-6.867000,-7.630000,-6.485500,-3.815000,-3.815000,-8.011500,-8.774499,-6.104000,-3.815000,-1.526000,-1.144500,-2.670500,-3.052000,-3.052000,-2.289000,-1.907500,-2.289000,-1.526000,-4.196499,-6.104000,-5.341000,0.000000,2.289000,0.381500,-1.144500,0.381500,1.526000,2.670500,-1.907500,-5.722499,-4.959500,-1.144500,0.000000,4.196499,8.392999,-37.768501,-41.201999,74.774002,47.305999,-77.826004,-41.201999,13.734000,8.011500,12.589500,-24.797500,-10.682000,42.728000,3.815000,-79.352005,-15.260000,47.305999,-91.178504,-83.548500,92.704498,86.219001,108.727500,93.467498,-154.507507,-149.929504,-491.372009,272.772491,898.051025,-115.213005,-907.588501,-1371.492553,940.778991,2921.908447,-758.803527,-2836.833984,140.010498,2025.002075,379.973999,-2474.408935,-228.900009,2525.911621,969.010009,-2767.401123,-1371.874023,2292.052001,2036.828491,-2244.746093,-2098.631591,1885.373046,2242.075439,-1834.633544,-2426.340087,1674.403564,2677.366943,-1376.452026,-2744.892578,909.114501,2547.275634,-404.771514,-2768.164062,99.190002,2750.614990,529.140502,-3002.023437,-746.976989,2596.489013,1261.620483,-2629.298095,-1450.463012,2334.780029,1980.748046,-2364.155517,-2317.612548,1904.829467],
	[0.000000,0.000000,0.000000,0.000000,0.000000,0.000000,0.000000,0.000000,0.000000,0.000000,0.000000,0.000000,0.000000,0.000000,0.000000,0.000000,0.000000,0.000000,0.000000,0.000000,0.000000,0.000000,0.000000,0.000000,0.000000,0.000000,0.000000,0.000000,0.000000,0.000000,0.000000,0.000000,0.000000,0.000000,0.000000,0.000000,0.000000,0.000000,0.000000,0.000000,0.000000,0.000000,0.000000,0.000000,0.000000,0.000000,0.000000,0.000000,0.000000,0.000000,0.000000,0.000000,0.000000,0.000000,0.000000,0.000000,0.000000,0.000000,0.000000,0.000000,0.000000,0.000000,0.000000,0.000000,0.000000,0.000000,0.000000,0.000000,0.000000,0.000000,0.000000,0.000000,0.000000,0.000000,0.000000,0.000000,0.000000,0.000000,0.000000,0.000000,0.000000,0.000000,0.000000,0.000000,0.000000,0.000000,0.000000,0.000000,0.000000,0.000000,0.000000,0.000000,0.000000,0.000000,0.000000,0.000000,0.000000,0.000000,0.000000,0.000000,0.000000,0.000000,0.000000,0.000000,0.000000,0.000000,0.000000,0.000000,0.000000,0.000000,0.000000,0.000000,0.000000,0.000000,0.000000,0.000000,0.000000,0.000000,0.000000,0.000000,0.000000,0.000000,0.000000,0.000000,0.000000,0.000000,0.000000,0.000000,0.000000,0.000000,0.000000,0.000000,0.000000,0.000000,0.000000,0.000000,0.000000,0.000000,0.000000,0.000000,0.000000,0.000000,0.000000,0.000000,0.000000,0.000000,0.000000,0.000000,0.000000,0.000000,0.000000,0.000000,0.000000,0.000000,0.000000,0.000000,0.000000,0.000000,0.000000,0.000000,0.000000,0.000000,0.000000,0.000000,0.000000,0.000000,0.000000,0.000000,0.000000,0.000000,0.000000,0.000000,0.000000,0.000000,0.000000,0.000000,0.000000,0.000000,0.000000,0.000000,0.000000,0.000000,0.000000,0.000000,0.000000,0.000000,0.000000,0.000000,0.000000,0.000000,0.000000,0.000000,0.000000,0.000000,0.000000,0.000000,0.000000,0.000000,0.000000,0.000000,0.000000,0.000000,0.000000,0.000000,0.000000,0.000000,0.000000,0.000000,0.000000,0.000000,0.000000,0.000000,0.000000,0.000000,0.000000,0.000000,0.000000,0.000000,0.000000,0.000000,0.000000,0.000000,0.000000,0.000000,0.000000,0.000000,0.000000,0.000000,0.000000,0.000000,0.000000,0.000000,0.000000,0.000000,0.000000,0.000000,0.000000,0.000000,0.000000,0.000000,0.000000,0.000000,0.000000,0.000000,0.000000,0.000000,0.000000,0.000000,0.000000,0.000000,0.000000,0.000000,0.000000,0.000000,0.000000,0.000000],
	[-6.638100,-6.714400,-6.638100,-6.714400,-6.561800,-6.638100,-6.638100,-6.790700,-6.561800,-6.790700,-6.638100,-6.714400,-6.638100,-6.561800,-6.714400,-6.714400,-6.561800,-6.714400,-6.714400,-6.638100,-6.714400,-6.714400,-6.714400,-6.561800,-6.638100,-6.561800,-6.561800,-6.485500,-6.485500,-6.485500,-6.561800,-6.714400,-6.638100,-6.714400,-6.561800,-6.638100,-6.790700,-6.790700,-6.638100,-6.714400,-6.638100,-6.485500,-6.485500,-6.561800,-6.561800,-6.409200,-6.561800,-6.332900,-6.180300,-6.256600,-6.256600,-6.256600,-6.180300,-6.332900,-6.104000,-6.180300,-6.256600,-6.256600,-6.180300,-6.027700,-6.027700,-6.332900,-6.256600,-6.332900,-6.485500,-6.561800,-6.332900,-6.485500,-6.561800,-6.409200,-6.485500,-6.561800,-6.561800,-6.409200,-6.332900,-6.256600,-6.561800,-6.714400,-6.561800,-6.485500,-6.485500,-6.561800,-6.714400,-6.638100,-6.561800,-6.485500,-6.485500,-6.561800,-6.638100,-6.485500,-6.638100,-6.714400,-6.714400,-6.714400,-6.714400,-6.790700,-6.561800,-6.714400,-6.638100,-6.714400,-6.561800,-6.561800,-6.638100,-6.485500,-6.638100,-6.561800,-6.638100,-6.638100,-6.714400,-6.790700,-6.714400,-6.638100,-6.714400,-6.561800,-6.561800,-6.638100,-6.561800,-6.790700,-6.561800,-6.485500,-6.714400,-6.561800,-6.714400,-6.714400,-6.485500,-6.638100,-6.638100,-6.561800,-6.714400,-6.638100,-6.714400,-6.561800,-6.561800,-6.638100,-6.638100,-6.561800,-6.714400,-6.638100,-6.790700,-6.561800,-6.638100,-6.638100,-6.638100,-6.638100,-6.714400,-6.638100,-6.714400,-6.638100,-6.485500,-6.714400,-6.638100,-6.790700,-6.638100,-6.638100,-6.638100,-6.561800,-6.638100,-6.638100,-6.714400,-6.561800,-6.638100,-6.638100,-6.790700,-6.638100,-6.638100,-6.638100,-6.790700,-6.561800,-6.638100,-6.638100,-6.561800,-6.790700,-6.714400,-6.638100,-6.638100,-6.561800,-6.561800,-6.638100,-6.561800,-6.714400,-6.638100,-6.561800,-6.867000,-6.561800,-6.638100,-6.638100,-6.790700,-6.714400,-6.485500,-6.561800,-6.485500,-6.409200,-6.104000,-6.332900,-6.256600,-6.256600,-6.104000,-6.180300,-6.104000,-6.180300,-6.256600,-6.104000,-6.180300,-6.332900,-6.180300,-6.180300,-6.256600,-6.180300,-6.332900,-6.561800,-6.561800,-6.485500,-6.561800,-6.485500,-6.561800,-6.485500,-6.409200,-6.409200,-6.561800,-6.714400,-6.485500,-6.561800,-6.790700,-6.485500,-6.561800,-6.714400,-6.714400,-6.638100,-6.714400,-6.561800,-6.638100,-6.714400,-6.485500,-6.485500,-6.714400,-6.638100,-6.714400,-6.561800,-6.561800,-6.485500,-6.638100,-6.638100,-6.714400,-6.638100,-6.561800,-6.638100,-6.714400,-6.638100,-6.638100,-6.561800,-6.714400,-6.638100,-6.638100,-6.638100,-6.409200,-6.638100],
	[-7.248499,-7.248499,-7.248499,-7.248499,-6.867000,-7.248499,-7.630000,-6.867000,-7.248499,-6.867000,-7.248499,-7.248499,-7.630000,-7.248499,-7.248499,-7.630000,-7.248499,-7.248499,-7.248499,-7.630000,-7.630000,-7.248499,-7.248499,-7.248499,-7.248499,-7.248499,-7.248499,-7.248499,-7.248499,-7.248499,-7.248499,-7.248499,-7.248499,-7.248499,-7.248499,-7.248499,-7.248499,-6.867000,-7.248499,-7.248499,-7.248499,-7.248499,-7.248499,-7.248499,-6.867000,-6.867000,-6.485500,-6.867000,-6.867000,-6.867000,-7.248499,-6.485500,-6.485500,-6.485500,-6.867000,-6.485500,-6.867000,-6.485500,-6.485500,-6.485500,-6.867000,-6.485500,-6.867000,-6.485500,-6.867000,-6.867000,-6.867000,-6.485500,-6.867000,-6.867000,-6.867000,-6.867000,-6.867000,-6.867000,-6.867000,-6.485500,-6.867000,-6.867000,-6.867000,-6.867000,-7.248499,-7.248499,-7.248499,-6.867000,-7.248499,-7.248499,-7.248499,-7.248499,-7.248499,-7.248499,-7.248499,-7.248499,-6.867000,-7.248499,-7.248499,-7.248499,-7.630000,-7.248499,-6.867000,-7.248499,-7.630000,-7.248499,-7.248499,-7.248499,-7.248499,-7.248499,-7.248499,-7.248499,-7.248499,-7.248499,-7.248499,-7.248499,-7.248499,-7.248499,-7.630000,-7.248499,-7.248499,-7.630000,-7.248499,-7.248499,-7.630000,-7.630000,-7.630000,-7.248499,-7.248499,-7.248499,-7.248499,-7.630000,-7.248499,-7.630000,-7.248499,-7.248499,-7.248499,-7.248499,-7.248499,-7.248499,-7.248499,-7.248499,-7.248499,-7.248499,-7.248499,-7.248499,-6.867000,-7.248499,-6.867000,-6.867000,-7.248499,-7.248499,-7.248499,-6.867000,-7.248499,-7.630000,-7.248499,-6.867000,-6.867000,-7.248499,-7.630000,-7.248499,-6.867000,-7.248499,-7.248499,-7.248499,-7.248499,-6.867000,-7.248499,-6.867000,-7.248499,-7.248499,-7.248499,-7.248499,-7.248499,-7.248499,-7.630000,-7.248499,-7.248499,-7.248499,-7.248499,-7.248499,-7.248499,-7.248499,-7.248499,-7.248499,-6.867000,-7.248499,-7.630000,-7.248499,-7.248499,-7.630000,-7.248499,-7.248499,-6.867000,-6.485500,-7.248499,-7.248499,-6.867000,-6.867000,-6.867000,-6.485500,-6.867000,-7.248499,-6.867000,-6.867000,-6.104000,-7.248499,-7.248499,-6.485500,-6.104000,-7.248499,-7.630000,-7.630000,-7.248499,-6.485500,-6.485500,-6.104000,-5.722499,-7.248499,-10.300499,-9.156000,-4.959500,-3.815000,-8.392999,-9.919000,-7.248499,-4.578000,-6.104000,-10.300499,-9.156000,-3.815000,-5.341000,-11.444999,-10.300499,-0.381500,-6.104000,-3.815000,-18.312000,-12.971000,-5.722499,8.011500,-8.774499,-18.312000,-11.063500,6.867000,-10.300499,-15.260000,-11.444999,-1.526000,-1.144500,-6.485500,-18.693500,-10.682000,8.011500,-7.248499,-20.219499,-10.682000,11.826499,-6.867000],
	[-7.630000,-7.248499,-7.248499,-7.248499,-7.630000,-7.248499,-7.248499,-7.630000,-7.248499,-7.630000,-7.248499,-7.248499,-7.248499,-7.248499,-7.248499,-7.630000,-7.248499,-6.867000,-7.248499,-7.248499,-7.248499,-7.248499,-6.867000,-7.248499,-7.248499,-7.248499,-7.248499,-6.867000,-7.248499,-7.248499,-7.630000,-7.248499,-7.248499,-7.248499,-7.248499,-7.248499,-7.248499,-7.248499,-7.248499,-7.248499,-7.630000,-7.248499,-7.248499,-7.248499,-6.867000,-7.248499,-6.867000,-7.248499,-6.867000,-7.248499,-6.867000,-6.867000,-6.867000,-6.867000,-6.867000,-6.867000,-6.485500,-6.485500,-6.867000,-6.867000,-6.867000,-6.867000,-6.867000,-6.867000,-7.248499,-7.248499,-7.248499,-6.867000,-6.867000,-7.248499,-7.248499,-6.867000,-6.867000,-7.248499,-7.248499,-7.248499,-7.248499,-7.248499,-7.248499,-7.248499,-7.248499,-8.011500,-7.630000,-6.867000,-7.248499,-7.248499,-7.248499,-7.248499,-7.248499,-7.248499,-7.248499,-7.630000,-7.248499,-7.248499,-7.248499,-7.630000,-7.248499,-7.248499,-7.248499,-7.248499,-7.248499,-7.630000,-7.630000,-7.248499,-7.248499,-7.248499,-7.248499,-7.248499,-7.248499,-7.248499,-7.248499,-7.248499,-7.248499,-6.867000,-7.248499,-7.630000,-7.630000,-7.248499,-7.248499,-7.630000,-7.630000,-7.248499,-7.630000,-7.248499,-7.248499,-7.248499,-7.248499,-7.248499,-7.248499,-7.248499,-7.630000,-7.248499,-7.630000,-7.248499,-7.248499,-7.248499,-7.248499,-7.630000,-7.248499,-7.248499,-7.248499,-7.248499,-7.248499,-6.867000,-7.248499,-7.248499,-7.248499,-7.248499,-7.248499,-7.630000,-7.248499,-7.248499,-7.248499,-7.248499,-7.248499,-7.248499,-7.248499,-7.248499,-7.248499,-7.248499,-7.248499,-7.248499,-7.248499,-7.248499,-7.248499,-7.248499,-7.248499,-7.248499,-7.248499,-7.248499,-7.248499,-7.248499,-7.630000,-7.248499,-7.248499,-7.630000,-7.630000,-7.248499,-7.248499,-7.248499,-7.248499,-7.630000,-7.248499,-7.248499,-7.248499,-7.248499,-7.630000,-7.248499,-6.867000,-7.248499,-7.248499,-6.867000,-7.248499,-6.867000,-6.867000,-6.867000,-6.867000,-6.867000,-6.485500,-6.867000,-6.867000,-6.867000,-6.867000,-6.867000,-6.485500,-6.867000,-6.867000,-6.867000,-6.867000,-7.248499,-7.248499,-6.867000,-7.248499,-6.867000,-6.867000,-7.248499,-6.867000,-7.248499,-7.248499,-6.867000,-7.248499,-7.630000,-7.248499,-7.248499,-7.248499,-7.248499,-7.248499,-7.248499,-7.248499,-7.248499,-7.630000,-7.248499,-7.248499,-7.248499,-7.248499,-7.630000,-7.630000,-7.248499,-6.867000,-7.248499,-7.248499,-7.248499,-7.248499,-7.630000,-7.248499,-7.248499,-7.248499,-7.248499,-7.630000,-7.248499,-7.248499,-7.248499,-7.248499,-7.248499,-7.248499,-7.630000]
],
"normalized" : [
	[-0.001579,0.004347,0.007538,0.002523,-0.001123,-0.000667,-0.001123,-0.000667,-0.000667,0.002067,0.005714,0.006170,0.003891,0.002979,0.002067,0.002523,0.003435,0.002523,0.002523,-0.001123,-0.005226,-0.004770,-0.002947,-0.000211,0.002067,0.000243,-0.000667,0.000699,0.002979,0.002523,-0.001579,-0.004314,-0.003403,-0.001123,0.001155,-0.001579,-0.000667,0.000699,0.001611,0.003435,0.002979,0.002067,0.000243,0.002067,0.002979,0.001611,0.003435,0.007994,0.008450,0.007994,0.007538,0.009817,0.011185,0.010273,0.008450,0.009817,0.009817,0.009361,0.008905,0.009361,0.008450,0.005714,0.003435,0.002523,0.007538,0.010273,0.011185,0.010729,0.008450,0.009817,0.010273,0.007994,0.005258,0.008905,0.009817,0.010273,0.009361,0.005714,0.005714,0.006170,0.007538,0.007538,0.007538,0.005714,0.006170,0.009361,0.006626,0.004802,0.005258,0.005714,0.005714,0.002523,-0.000211,0.004347,0.004802,0.002979,0.002523,0.004802,0.003891,0.001611,0.000699,0.002979,0.005258,0.005258,0.001611,-0.002491,-0.003403,-0.003859,-0.003403,0.000243,0.000699,0.000243,0.000243,0.001155,0.001611,0.002067,0.002979,0.004802,0.002523,0.000699,0.001611,0.000243,-0.000667,-0.002491,-0.002947,-0.003403,-0.001123,-0.001123,-0.002035,-0.002491,-0.002947,-0.005226,-0.005226,-0.005226,-0.005226,-0.002947,-0.002491,-0.002035,-0.002947,-0.005226,-0.004770,-0.003403,-0.002035,-0.001579,-0.001123,-0.002035,-0.001123,0.001155,0.001611,0.000699,0.002067,0.005258,0.005258,0.000243,-0.000667,0.002523,0.005258,0.007994,0.008450,0.006626,0.006170,0.006170,0.007082,0.007538,0.007082,0.007994,0.004802,0.002523,0.003435,0.009817,0.012553,0.010273,0.008450,0.010273,0.011641,0.013008,0.007538,0.002979,0.003891,0.008450,0.009817,0.014832,0.019847,-0.035315,-0.039418,0.099172,0.066348,-0.083184,-0.039418,0.026229,0.019391,0.024862,-0.019815,-0.002947,0.060877,0.014376,-0.085008,-0.008418,0.066348,-0.099140,-0.090022,0.120599,0.112849,0.139747,0.121511,-0.174819,-0.169348,-0.577373,0.335781,1.082991,-0.127862,-1.074752,-1.629119,1.134051,3.501505,-0.896954,-3.380206,0.177130,2.429700,0.463887,-2.947107,-0.263718,3.028288,1.167787,-3.297233,-1.629575,2.748825,2.443833,-2.672659,-2.498052,2.262843,2.689103,-2.182574,-2.889665,2.010734,3.209278,-1.635045,-3.270336,1.096211,3.053818,-0.473885,-3.298145,0.128350,3.296809,0.642142,-3.577608,-0.882821,3.112628,1.517457,-3.132200,-1.723489,2.799885,2.376816,-2.815354,-2.759735,2.286093],
	[0.000000,0.000000,0.000000,0.000000,0.000000,0.000000,0.000000,0.000000,0.000000,0.000000,0.000000,0.000000,0.000000,0.000000,0.000000,0.000000,0.000000,0.000000,0.000000,0.000000,0.000000,0.000000,0.000000,0.000000,0.000000,0.000000,0.000000,0.000000,0.000000,0.000000,0.000000,0.000000,0.000000,0.000000,0.000000,0.000000,0.000000,0.000000,0.000000,0.000000,0.000000,0.000000,0.000000,0.000000,0.000000,0.000000,0.000000,0.000000,0.000000,0.000000,0.000000,0.000000,0.000000,0.000000,0.000000,0.000000,0.000000,0.000000,0.000000,0.000000,0.000000,0.000000,0.000000,0.000000,0.000000,0.000000,0.000000,0.000000,0.000000,0.000000,0.000000,0.000000,0.000000,0.000000,0.000000,0.000000,0.000000,0.000000,0.000000,0.000000,0.000000,0.000000,0.000000,0.000000,0.000000,0.000000,0.000000,0.000000,0.000000,0.000000,0.000000,0.000000,0.000000,0.000000,0.000000,0.000000,0.000000,0.000000,0.000000,0.000000,0.000000,0.000000,0.000000,0.000000,0.000000,0.000000,0.000000,0.000000,0.000000,0.000000,0.000000,0.000000,0.000000,0.000000,0.000000,0.000000,0.000000,0.000000,0.000000,0.000000,0.000000,0.000000,0.000000,0.000000,0.000000,0.000000,0.000000,0.000000,0.000000,0.000000,0.000000,0.000000,0.000000,0.000000,0.000000,0.000000,0.000000,0.000000,0.000000,0.000000,0.000000,0.000000,0.000000,0.000000,0.000000,0.000000,0.000000,0.000000,0.000000,0.000000,0.000000,0.000000,0.000000,0.000000,0.000000,0.000000,0.000000,0.000000,0.000000,0.000000,0.000000,0.000000,0.000000,0.000000,0.000000,0.000000,0.000000,0.000000,0.000000,0.000000,0.000000,0.000000,0.000000,0.000000,0.000000,0.000000,0.000000,0.000000,0.000000,0.000000,0.000000,0.000000,0.000000,0.000000,0.000000,0.000000,0.000000,0.000000,0.000000,0.000000,0.000000,0.000000,0.000000,0.000000,0.000000,0.000000,0.000000,0.000000,0.000000,0.000000,0.000000,0.000000,0.000000,0.000000,0.000000,0.000000,0.000000,0.000000,0.000000,0.000000,0.000000,0.000000,0.000000,0.000000,0.000000,0.000000,0.000000,0.000000,0.000000,0.000000,0.000000,0.000000,0.000000,0.000000,0.000000,0.000000,0.000000,0.000000,0.000000,0.000000,0.000000,0.000000,0.000000,0.000000,0.000000,0.000000,0.000000,0.000000,0.000000,0.000000,0.000000,0.000000,0.000000,0.000000,0.000000,0.000000,0.000000,0.000000,0.000000,0.000000,0.000000,0.000000,0.000000,0.000000,0.000000,0.000000],
	[-0.455150,-0.910255,-0.455150,-0.910255,-0.000045,-0.455150,-0.455150,-1.365360,-0.000045,-1.365360,-0.455150,-0.910255,-0.455150,-0.000045,-0.910255,-0.910255,-0.000045,-0.910255,-0.910255,-0.455150,-0.910255,-0.910255,-0.910255,-0.000045,-0.455150,-0.000045,-0.000045,0.455056,0.455056,0.455056,-0.000045,-0.910255,-0.455150,-0.910255,-0.000045,-0.455150,-1.365360,-1.365360,-0.455150,-0.910255,-0.455150,0.455056,0.455056,-0.000045,-0.000045,0.910161,-0.000045,1.365267,2.275474,1.820369,1.820369,1.820369,2.275474,1.365267,2.730579,2.275474,1.820369,1.820369,2.275474,3.185681,3.185681,1.365267,1.820369,1.365267,0.455056,-0.000045,1.365267,0.455056,-0.000045,0.910161,0.455056,-0.000045,-0.000045,0.910161,1.365267,1.820369,-0.000045,-0.910255,-0.000045,0.455056,0.455056,-0.000045,-0.910255,-0.455150,-0.000045,0.455056,0.455056,-0.000045,-0.455150,0.455056,-0.455150,-0.910255,-0.910255,-0.910255,-0.910255,-1.365360,-0.000045,-0.910255,-0.455150,-0.910255,-0.000045,-0.000045,-0.455150,0.455056,-0.455150,-0.000045,-0.455150,-0.455150,-0.910255,-1.365360,-0.910255,-0.455150,-0.910255,-0.000045,-0.000045,-0.455150,-0.000045,-1.365360,-0.000045,0.455056,-0.910255,-0.000045,-0.910255,-0.910255,0.455056,-0.455150,-0.455150,-0.000045,-0.910255,-0.455150,-0.910255,-0.000045,-0.000045,-0.455150,-0.455150,-0.000045,-0.910255,-0.455150,-1.365360,-0.000045,-0.455150,-0.455150,-0.455150,-0.455150,-0.910255,-0.455150,-0.910255,-0.455150,0.455056,-0.910255,-0.455150,-1.365360,-0.455150,-0.455150,-0.455150,-0.000045,-0.455150,-0.455150,-0.910255,-0.000045,-0.455150,-0.455150,-1.365360,-0.455150,-0.455150,-0.455150,-1.365360,-0.000045,-0.455150,-0.455150,-0.000045,-1.365360,-0.910255,-0.455150,-0.455150,-0.000045,-0.000045,-0.455150,-0.000045,-0.910255,-0.455150,-0.000045,-1.820463,-0.000045,-0.455150,-0.455150,-1.365360,-0.910255,0.455056,-0.000045,0.455056,0.910161,2.730579,1.365267,1.820369,1.820369,2.730579,2.275474,2.730579,2.275474,1.820369,2.730579,2.275474,1.365267,2.275474,2.275474,1.820369,2.275474,1.365267,-0.000045,-0.000045,0.455056,-0.000045,0.455056,-0.000045,0.455056,0.910161,0.910161,-0.000045,-0.910255,0.455056,-0.000045,-1.365360,0.455056,-0.000045,-0.910255,-0.910255,-0.455150,-0.910255,-0.000045,-0.455150,-0.910255,0.455056,0.455056,-0.910255,-0.455150,-0.910255,-0.000045,-0.000045,0.455056,-0.455150,-0.455150,-0.910255,-0.455150,-0.000045,-0.455150,-0.910255,-0.455150,-0.455150,-0.000045,-0.910255,-0.455150,-0.455150,-0.455150,0.910161,-0.455150],
	[-0.044311,-0.044311,-0.044311,-0.044311,0.092355,-0.044311,-0.180978,0.092355,-0.044311,0.092355,-0.044311,-0.044311,-0.180978,-0.044311,-0.044311,-0.180978,-0.044311,-0.044311,-0.044311,-0.180978,-0.180978,-0.044311,-0.044311,-0.044311,-0.044311,-0.044311,-0.044311,-0.044311,-0.044311,-0.044311,-0.044311,-0.044311,-0.044311,-0.044311,-0.044311,-0.044311,-0.044311,0.092355,-0.044311,-0.044311,-0.044311,-0.044311,-0.044311,-0.044311,0.092355,0.092355,0.229022,0.092355,0.092355,0.092355,-0.044311,0.229022,0.229022,0.229022,0.092355,0.229022,0.092355,0.229022,0.229022,0.229022,0.092355,0.229022,0.092355,0.229022,0.092355,0.092355,0.092355,0.229022,0.092355,0.092355,0.092355,0.092355,0.092355,0.092355,0.092355,0.229022,0.092355,0.092355,0.092355,0.092355,-0.044311,-0.044311,-0.044311,0.092355,-0.044311,-0.044311,-0.044311,-0.044311,-0.044311,-0.044311,-0.044311,-0.044311,0.092355,-0.044311,-0.044311,-0.044311,-0.180978,-0.044311,0.092355,-0.044311,-0.180978,-0.044311,-0.044311,-0.044311,-0.044311,-0.044311,-0.044311,-0.044311,-0.044311,-0.044311,-0.044311,-0.044311,-0.044311,-0.044311,-0.180978,-0.044311,-0.044311,-0.180978,-0.044311,-0.044311,-0.180978,-0.180978,-0.180978,-0.044311,-0.044311,-0.044311,-0.044311,-0.180978,-0.044311,-0.180978,-0.044311,-0.044311,-0.044311,-0.044311,-0.044311,-0.044311,-0.044311,-0.044311,-0.044311,-0.044311,-0.044311,-0.044311,0.092355,-0.044311,0.092355,0.092355,-0.044311,-0.044311,-0.044311,0.092355,-0.044311,-0.180978,-0.044311,0.092355,0.092355,-0.044311,-0.180978,-0.044311,0.092355,-0.044311,-0.044311,-0.044311,-0.044311,0.092355,-0.044311,0.092355,-0.044311,-0.044311,-0.044311,-0.044311,-0.044311,-0.044311,-0.180978,-0.044311,-0.044311,-0.044311,-0.044311,-0.044311,-0.044311,-0.044311,-0.044311,-0.044311,0.092355,-0.044311,-0.180978,-0.044311,-0.044311,-0.180978,-0.044311,-0.044311,0.092355,0.229022,-0.044311,-0.044311,0.092355,0.092355,0.092355,0.229022,0.092355,-0.044311,0.092355,0.092355,0.365689,-0.044311,-0.044311,0.229022,0.365689,-0.044311,-0.180978,-0.180978,-0.044311,0.229022,0.229022,0.365689,0.502356,-0.044311,-1.137645,-0.727645,0.775689,1.185690,-0.454311,-1.000979,-0.044311,0.912356,0.365689,-1.137645,-0.727645,1.185690,0.639023,-1.547646,-1.137645,2.415692,0.365689,1.185690,-4.007649,-2.094314,0.502356,5.422363,-0.590978,-4.007649,-1.410979,5.012362,-1.137645,-2.914315,-1.547646,2.005691,2.142358,0.229022,-4.144317,-1.274312,5.422363,-0.044311,-4.690984,-1.274312,6.789032,0.092355],
	[-1.738633,-0.125982,-0.125982,-0.125982,-1.738633,-0.125982,-0.125982,-1.738633,-0.125982,-1.738633,-0.125982,-0.125982,-0.125982,-0.125982,-0.125982,-1.738633,-0.125982,1.486666,-0.125982,-0.125982,-0.125982,-0.125982,1.486666,-0.125982,-0.125982,-0.125982,-0.125982,1.486666,-0.125982,-0.125982,-1.738633,-0.125982,-0.125982,-0.125982,-0.125982,-0.125982,-0.125982,-0.125982,-0.125982,-0.125982,-1.738633,-0.125982,-0.125982,-0.125982,1.486666,-0.125982,1.486666,-0.125982,1.486666,-0.125982,1.486666,1.486666,1.486666,1.486666,1.486666,1.486666,3.099315,3.099315,1.486666,1.486666,1.486666,1.486666,1.486666,1.486666,-0.125982,-0.125982,-0.125982,1.486666,1.486666,-0.125982,-0.125982,1.486666,1.486666,-0.125982,-0.125982,-0.125982,-0.125982,-0.125982,-0.125982,-0.125982,-0.125982,-3.351284,-1.738633,1.486666,-0.125982,-0.125982,-0.125982,-0.125982,-0.125982,-0.125982,-0.125982,-1.738633,-0.125982,-0.125982,-0.125982,-1.738633,-0.125982,-0.125982,-0.125982,-0.125982,-0.125982,-1.738633,-1.738633,-0.125982,-0.125982,-0.125982,-0.125982,-0.125982,-0.125982,-0.125982,-0.125982,-0.125982,-0.125982,1.486666,-0.125982,-1.738633,-1.738633,-0.125982,-0.125982,-1.738633,-1.738633,-0.125982,-1.738633,-0.125982,-0.125982,-0.125982,-0.125982,-0.125982,-0.125982,-0.125982,-1.738633,-0.125982,-1.738633,-0.125982,-0.125982,-0.125982,-0.125982,-1.738633,-0.125982,-0.125982,-0.125982,-0.125982,-0.125982,1.486666,-0.125982,-0.125982,-0.125982,-0.125982,-0.125982,-1.738633,-0.125982,-0.125982,-0.125982,-0.125982,-0.125982,-0.125982,-0.125982,-0.125982,-0.125982,-0.125982,-0.125982,-0.125982,-0.125982,-0.125982,-0.125982,-0.125982,-0.125982,-0.125982,-0.125982,-0.125982,-0.125982,-0.125982,-1.738633,-0.125982,-0.125982,-1.738633,-1.738633,-0.125982,-0.125982,-0.125982,-0.125982,-1.738633,-0.125982,-0.125982,-0.125982,-0.125982,-1.738633,-0.125982,1.486666,-0.125982,-0.125982,1.486666,-0.125982,1.486666,1.486666,1.486666,1.486666,1.486666,3.099315,1.486666,1.486666,1.486666,1.486666,1.486666,3.099315,1.486666,1.486666,1.486666,1.486666,-0.125982,-0.125982,1.486666,-0.125982,1.486666,1.486666,-0.125982,1.486666,-0.125982,-0.125982,1.486666,-0.125982,-1.738633,-0.125982,-0.125982,-0.125982,-0.125982,-0.125982,-0.125982,-0.125982,-0.125982,-1.738633,-0.125982,-0.125982,-0.125982,-0.125982,-1.738633,-1.738633,-0.125982,1.486666,-0.125982,-0.125982,-0.125982,-0.125982,-1.738633,-0.125982,-0.125982,-0.125982,-0.125982,-1.738633,-0.125982,-0.125982,-0.125982,-0.125982,-0.125982,-0.125982,-1.738633]
],
"cwt" : [
	[0.723196,0.417282,0.202552,0.081669,0.027110,0.007292,0.001445,0.000126,0.000545,0.001003,0.001013,0.000759,0.000638,0.000424,0.000258,0.000350,0.000256,0.000467,0.000792,0.000910,0.001002,0.000969,0.000806,0.000870,0.000893,0.000805,0.000867,0.001043,0.001112,0.001131,0.001199,0.001168,0.001061,0.000993,0.000841,0.000639,0.000510,0.000434,0.000353,0.000447,0.000551,0.000550,0.000557,0.000561,0.000568,0.000756,0.000958,0.001019,0.000884,0.000679,0.000654,0.000771,0.000770,0.000593,0.000444,0.000418,0.000349,0.000201,0.000257,0.000483,0.000698,0.000843,0.001031,0.001177,0.001115,0.000952,0.000816,0.000667,0.000601,0.000738,0.000925,0.000982,0.000955,0.000897,0.000765,0.000683,0.000741,0.000694,0.000551,0.000463,0.000419,0.000452,0.000581,0.000690,0.000803,0.000904,0.000901,0.000782,0.000704,0.000818,0.001051,0.001200,0.001208,0.001137,0.001001,0.000817,0.000715,0.000777,0.000891,0.000928,0.000926,0.000991,0.001062,0.001066,0.000992,0.000735,0.000379,0.000432,0.000597,0.000638,0.000569,0.000413,0.000251,0.000139,0.000121,0.000318,0.000530,0.000642,0.000626,0.000484,0.000349,0.000310,0.000322,0.000354,0.000408,0.000488,0.000469,0.000337,0.000164,0.000052,0.000244,0.000297,0.000172,0.000207,0.000297,0.000339,0.000365,0.000407,0.000534,0.000615,0.000540,0.000414,0.000316,0.000262,0.000345,0.000490,0.000572,0.000580,0.000615,0.000790,0.001048,0.001281,0.001436,0.001425,0.001233,0.000994,0.000804,0.000682,0.000639,0.000519,0.000352,0.000272,0.000186,0.000090,0.000443,0.000786,0.001132,0.001450,0.001633,0.001676,0.001578,0.001313,0.001069,0.001096,0.001339,0.001554,0.001622,0.001379,0.000694,0.001858,0.005350,0.010893,0.018407,0.027030,0.035172,0.040865,0.042375,0.039049,0.031991,0.023907,0.018041,0.016335,0.018148,0.022108,0.026899,0.030913,0.033562,0.036573,0.041904,0.047126,0.046320,0.035794,0.019532,0.020021,0.046329,0.097586,0.178767,0.278197,0.378146,0.475172,0.595520,0.775660,1.013339,1.258689,1.449227,1.545842,1.551625,1.506237,1.459676,1.445054,1.469259,1.521058,1.583803,1.643613,1.692224,1.727432,1.751034,1.764753,1.768995,1.766100,1.762313,1.764338,1.774126,1.787418,1.796342,1.792977,1.772784,1.737972,1.698306,1.666520,1.651249,1.653844,1.670371,1.694140,1.716786,1.731012,1.735229,1.734579,1.736055,1.743155,1.753664,1.755809,1.721316,1.608564,1.387686,1.072105],
	[0.000000,0.000000,0.000000,0.000000,0.000000,0.000000,0.000000,0.000000,0.000000,0.000000,0.000000,0.000000,0.000000,0.000000,0.000000,0.000000,0.000000,0.000000,0.000000,0.000000,0.000000,0.000000,0.000000,0.000000,0.000000,0.000000,0.000000,0.000000,0.000000,0.000000,0.000000,0.000000,0.000000,0.000000,0.000000,0.000000,0.000000,0.000000,0.000000,0.000000,0.000000,0.000000,0.000000,0.000000,0.000000,0.000000,0.000000,0.000000,0.000000,0.000000,0.000000,0.000000,0.000000,0.000000,0.000000,0.000000,0.000000,0.000000,0.000000,0.000000,0.000000,0.000000,0.000000,0.000000,0.000000,0.000000,0.000000,0.000000,0.000000,0.000000,0.000000,0.000000,0.000000,0.000000,0.000000,0.000000,0.000000,0.000000,0.000000,0.000000,0.000000,0.000000,0.000000,0.000000,0.000000,0.000000,0.000000,0.000000,0.000000,0.000000,0.000000,0.000000,0.000000,0.000000,0.000000,0.000000,0.000000,0.000000,0.000000,0.000000,0.000000,0.000000,0.000000,0.000000,0.000000,0.000000,0.000000,0.000000,0.000000,0.000000,0.000000,0.000000,0.000000,0.000000,0.000000,0.000000,0.000000,0.000000,0.000000,0.000000,0.000000,0.000000,0.000000,0.000000,0.000000,0.000000,0.000000,0.000000,0.000000,0.000000,0.000000,0.000000,0.000000,0.000000,0.000000,0.000000,0.000000,0.000000,0.000000,0.000000,0.000000,0.000000,0.000000,0.000000,0.000000,0.000000,0.000000,0.000000,0.000000,0.000000,0.000000,0.000000,0.000000,0.000000,0.000000,0.000000,0.000000,0.000000,0.000000,0.000000,0.000000,0.000000,0.000000,0.000000,0.000000,0.000000,0.000000,0.000000,0.000000,0.000000,0.000000,0.000000,0.000000,0.000000,0.000000,0.000000,0.000000,0.000000,0.000000,0.000000,0.000000,0.000000,0.000000,0.000000,0.000000,0.000000,0.000000,0.000000,0.000000,0.000000,0.000000,0.000000,0.000000,0.000000,0.000000,0.000000,0.000000,0.000000,0.000000,0.000000,0.000000,0.000000,0.000000,0.000000,0.000000,0.000000,0.000000,0.000000,0.000000,0.000000,0.000000,0.000000,0.000000,0.000000,0.000000,0.000000,0.000000,0.000000,0.000000,0.000000,0.000000,0.000000,0.000000,0.000000,0.000000,0.000000,0.000000,0.000000,0.000000,0.000000,0.000000,0.000000,0.000000,0.000000,0.000000,0.000000,0.000000,0.000000,0.000000,0.000000,0.000000,0.000000,0.000000,0.000000,0.000000,0.000000,0.000000,0.000000,0.000000,0.000000,0.000000,0.000000,0.000000,0.000000,0.000000,0.000000],
	[0.165715,0.075923,0.031587,0.093957,0.140206,0.164840,0.164050,0.134305,0.096483,0.083687,0.085156,0.109667,0.154284,0.188492,0.200810,0.190292,0.167281,0.145960,0.124130,0.110584,0.126406,0.148688,0.146413,0.114128,0.077651,0.065524,0.063524,0.069182,0.098166,0.137705,0.158342,0.150128,0.146415,0.182209,0.233703,0.272161,0.273872,0.218438,0.124381,0.120306,0.196747,0.227634,0.207037,0.160698,0.099936,0.093340,0.204479,0.286933,0.279397,0.199410,0.110743,0.072115,0.083713,0.145548,0.213960,0.241974,0.242844,0.263236,0.320560,0.372636,0.354161,0.250294,0.161478,0.216018,0.275016,0.280486,0.258951,0.229659,0.203381,0.207683,0.233931,0.252275,0.265816,0.304517,0.382184,0.461059,0.488381,0.447485,0.367469,0.294589,0.260215,0.256655,0.247951,0.219098,0.188993,0.182631,0.192282,0.191877,0.185646,0.196344,0.200955,0.166945,0.105064,0.077772,0.121514,0.155798,0.160493,0.154115,0.150085,0.144437,0.122443,0.079356,0.044786,0.050679,0.046947,0.034605,0.056441,0.101051,0.145944,0.158136,0.118763,0.059487,0.078521,0.108199,0.104392,0.123663,0.195792,0.261147,0.275817,0.226958,0.127364,0.066192,0.154463,0.210764,0.200724,0.141211,0.074995,0.074857,0.106516,0.129418,0.153232,0.167474,0.158119,0.130984,0.110297,0.112835,0.127533,0.150084,0.167287,0.155159,0.112261,0.057971,0.022896,0.029057,0.021884,0.068566,0.146974,0.205927,0.220781,0.196276,0.162543,0.139422,0.103051,0.039941,0.029346,0.082122,0.117802,0.144112,0.163649,0.177782,0.192750,0.211048,0.223936,0.222868,0.214869,0.210654,0.195544,0.143129,0.059083,0.078748,0.163915,0.205718,0.182496,0.110043,0.048023,0.051806,0.041240,0.027219,0.070949,0.114338,0.153443,0.210339,0.268507,0.294540,0.297232,0.307980,0.326770,0.317467,0.265460,0.233748,0.284892,0.345308,0.342514,0.282640,0.221511,0.177838,0.124165,0.083437,0.110801,0.138352,0.170791,0.216729,0.228351,0.200985,0.156228,0.071441,0.069927,0.217786,0.304423,0.297314,0.221907,0.136325,0.085996,0.087062,0.129807,0.193224,0.263763,0.323514,0.346492,0.324071,0.295025,0.300421,0.318820,0.327063,0.313827,0.258449,0.162493,0.073180,0.086056,0.146020,0.215844,0.285380,0.327776,0.320859,0.262549,0.181375,0.129952,0.131099,0.146241,0.151505,0.145849,0.147182,0.167687,0.189274,0.198579,0.195056,0.180316,0.161565,0.147657,0.135251,0.109371,0.080864,0.128640,0.208812,0.250990,0.233192],
	[0.983149,0.510624,0.205198,0.054348,0.029491,0.044279,0.044021,0.033313,0.019352,0.014265,0.021914,0.028805,0.030644,0.028758,0.028494,0.031077,0.033355,0.035403,0.038277,0.040102,0.037502,0.029662,0.019355,0.010378,0.004642,0.001703,0.000307,0.000265,0.000223,0.000329,0.000236,0.000781,0.001585,0.003762,0.009137,0.016899,0.023516,0.025753,0.023002,0.016805,0.010080,0.008698,0.013274,0.017045,0.019063,0.021700,0.021236,0.013461,0.011689,0.027634,0.042270,0.048520,0.044144,0.031672,0.016334,0.003132,0.011741,0.022013,0.026457,0.023507,0.016545,0.011215,0.011995,0.018471,0.024957,0.028949,0.030889,0.030077,0.025017,0.017016,0.010362,0.008336,0.010837,0.016507,0.023092,0.026570,0.024235,0.019766,0.021429,0.027061,0.031013,0.032365,0.031849,0.029812,0.025151,0.017410,0.009310,0.004635,0.005053,0.009768,0.016306,0.021542,0.021593,0.013379,0.007023,0.025561,0.042872,0.054071,0.058407,0.055825,0.046788,0.033806,0.020881,0.010973,0.004730,0.001485,0.000286,0.000225,0.000448,0.001696,0.004156,0.009011,0.016256,0.023001,0.025663,0.024527,0.024377,0.027306,0.031420,0.034876,0.035489,0.032856,0.028145,0.021763,0.015401,0.013634,0.014158,0.009983,0.002585,0.010129,0.014225,0.012235,0.007722,0.003911,0.001499,0.000168,0.000500,0.001371,0.003532,0.007750,0.012352,0.013623,0.010510,0.014325,0.025553,0.033692,0.037287,0.039780,0.044305,0.051207,0.058376,0.062803,0.063312,0.062074,0.062116,0.063197,0.062285,0.057029,0.047388,0.035453,0.024753,0.018901,0.015939,0.009983,0.002352,0.009669,0.014224,0.013348,0.010374,0.011206,0.016979,0.023503,0.026339,0.023381,0.016408,0.009261,0.004608,0.002951,0.004710,0.010795,0.020801,0.032499,0.042064,0.045728,0.042095,0.034499,0.029816,0.028202,0.027107,0.036155,0.051810,0.060898,0.059046,0.047535,0.028088,0.003874,0.021435,0.039487,0.049143,0.054179,0.061638,0.075100,0.090667,0.103650,0.113407,0.119114,0.116752,0.103106,0.082082,0.063348,0.045746,0.017515,0.051910,0.137610,0.242622,0.350072,0.443939,0.514227,0.555581,0.567147,0.556153,0.537424,0.527361,0.537400,0.569274,0.615867,0.670411,0.732512,0.798873,0.849203,0.854240,0.822346,0.850161,1.032197,1.313828,1.604831,1.864453,2.065796,2.182223,2.206692,2.151698,2.030783,1.851877,1.635484,1.440747,1.357568,1.444009,1.670903,1.950968,2.201714,2.383369,2.491562,2.510053,2.382105,2.052646,1.545720],
	[0.470762,0.452438,0.420993,0.393218,0.358901,0.309238,0.246406,0.162361,0.082053,0.122475,0.152489,0.098356,0.053127,0.203071,0.367972,0.499027,0.551579,0.508587,0.401928,0.298124,0.265923,0.298384,0.318947,0.292848,0.248324,0.248841,0.300497,0.346207,0.363341,0.364887,0.347328,0.289449,0.197916,0.108106,0.045623,0.011598,0.046173,0.109163,0.188741,0.257465,0.267454,0.187970,0.057529,0.079926,0.108376,0.072012,0.029515,0.039787,0.088890,0.150436,0.184946,0.162691,0.115006,0.129736,0.221756,0.342718,0.431569,0.431848,0.342114,0.216521,0.113282,0.101327,0.191372,0.282709,0.342194,0.387667,0.443973,0.503420,0.542683,0.553352,0.546674,0.526082,0.470527,0.365692,0.234275,0.120574,0.062084,0.105197,0.240522,0.455839,0.697297,0.866041,0.884357,0.750147,0.529908,0.307772,0.138589,0.042903,0.095613,0.195990,0.292676,0.355867,0.380825,0.386714,0.382345,0.351007,0.272864,0.146999,0.011789,0.180696,0.330772,0.422096,0.424822,0.346193,0.229737,0.123547,0.053055,0.020033,0.020997,0.054826,0.128182,0.246784,0.395047,0.534043,0.623035,0.646720,0.620701,0.573709,0.520736,0.443509,0.315487,0.164192,0.121331,0.160693,0.148087,0.105658,0.084391,0.107293,0.151309,0.167576,0.116896,0.029800,0.120610,0.185285,0.205786,0.238189,0.291668,0.318699,0.293649,0.241308,0.214528,0.241338,0.293053,0.317639,0.291810,0.241302,0.215680,0.240678,0.290858,0.313516,0.276844,0.194907,0.108815,0.048893,0.018110,0.005011,0.000286,0.000821,0.000841,0.000827,0.000809,0.000821,0.000794,0.000798,0.000936,0.001766,0.004462,0.016629,0.049197,0.110612,0.196938,0.286607,0.356624,0.409383,0.459307,0.486659,0.452479,0.351880,0.240217,0.219326,0.278077,0.315873,0.298944,0.265318,0.296128,0.400184,0.507136,0.544585,0.484971,0.366642,0.241658,0.123581,0.105479,0.175665,0.196917,0.194690,0.228266,0.291503,0.315973,0.259781,0.143562,0.033841,0.143540,0.259611,0.311180,0.279104,0.227603,0.261227,0.331165,0.343020,0.267483,0.129218,0.066957,0.163784,0.169240,0.067822,0.093741,0.237060,0.367512,0.485034,0.541839,0.500003,0.380889,0.242449,0.131219,0.066395,0.060533,0.110431,0.195349,0.277505,0.310384,0.277035,0.216844,0.239813,0.369273,0.508369,0.595903,0.603531,0.526658,0.387306,0.241787,0.200231,0.267230,0.310257,0.292597,0.251192,0.251760,0.294556,0.314106,0.275243,0.193270,0.116850,0.130379,0.232171,0.352122,0.441166]
],
"envelope_edge" : [
	[0.015872,0.014999,0.013570,0.012052,0.010737,0.009701,0.008900,0.008260,0.007734,0.007291,0.006907,0.006565,0.006257,0.005980,0.005724,0.005491,0.005276,0.005075,0.004890,0.004719,0.004558,0.004407,0.004264,0.004128,0.004000,0.003877,0.003760,0.003650,0.003545,0.003444,0.003348,0.003256,0.003167,0.003082,0.003000,0.002920,0.002842,0.002766,0.002693,0.002621,0.002554,0.002488,0.002424,0.002361,0.002300,0.002240,0.002184,0.002130,0.002077,0.002023,0.001970,0.001919,0.001871,0.001822,0.001774,0.001726,0.001680,0.001634,0.001588,0.001543,0.001501,0.001459,0.001418,0.001379,0.001341,0.001303,0.001264,0.001226,0.001187,0.001148,0.001112,0.001077,0.001042,0.001007,0.000973,0.000937,0.000903,0.000870,0.000836,0.000802,0.000768,0.000734,0.000701,0.000668,0.000636,0.000605,0.000575,0.000544,0.000512,0.000480,0.000449,0.000420,0.000391,0.000361,0.000332,0.000302,0.000271,0.000240,0.000210,0.000181,0.000151,0.000121,0.000093,0.000064,0.000036,0.000008,-0.000022,-0.000054,-0.000084,-0.000113,-0.000142,-0.000171,-0.000202,-0.000233,-0.000264,-0.000296,-0.000326,-0.000355,-0.000384,-0.000414,-0.000445,-0.000477,-0.000508,-0.000540,-0.000571,-0.000602,-0.000633,-0.000665,-0.000697,-0.000732,-0.000766,-0.000798,-0.000831,-0.000866,-0.000900,-0.000935,-0.000970,-0.001005,-0.001041,-0.001076,-0.001111,-0.001148,-0.001186,-0.001225,-0.001264,-0.001304,-0.001343,-0.001383,-0.001425,-0.001467,-0.001509,-0.001551,-0.001593,-0.001634,-0.001678,-0.001723,-0.001771,-0.001820,-0.001869,-0.001920,-0.001972,-0.002026,-0.002081,-0.002140,-0.002200,-0.002259,-0.002319,-0.002380,-0.002442,-0.002505,-0.002572,-0.002641,-0.002716,-0.002794,-0.002875,-0.002957,-0.003044,-0.003134,-0.003240,-0.003362,-0.003486,-0.003608,-0.003719,-0.003811,-0.003880,-0.003927,-0.003966,-0.004017,-0.004102,-0.004234,-0.004409,-0.004608,-0.004811,-0.005010,-0.005203,-0.005395,-0.005602,-0.005835,-0.006082,-0.006317,-0.006558,-0.006862,-0.007346,-0.008038,-0.008809,-0.009613,-0.010362,-0.010945,-0.011397,-0.011879,-0.012512,-0.013102,-0.013215,-0.012565,-0.011234,-0.009606,-0.008157,-0.007205,-0.006775,-0.006667,-0.006630,-0.006487,-0.006172,-0.005696,-0.005114,-0.004487,-0.003855,-0.003233,-0.002642,-0.002112,-0.001660,-0.001258,-0.000843,-0.000361,0.000203,0.000825,0.001438,0.001957,0.002325,0.002551,0.002704,0.002868,0.003111,0.003475,0.003971,0.004566,0.005201,0.005841,0.006503,0.007255,0.008190,0.009427,0.011042,0.012925,0.014685,0.015786],
	[0.000000,0.000000,0.000000,0.000000,0.000000,0.000000,0.000000,0.000000,0.000000,0.000000,0.000000,0.000000,0.000000,0.000000,0.000000,0.000000,0.000000,0.000000,0.000000,0.000000,0.000000,0.000000,0.000000,0.000000,0.000000,0.000000,0.000000,0.000000,0.000000,0.000000,0.000000,0.000000,0.000000,0.000000,0.000000,0.000000,0.000000,0.000000,0.000000,0.000000,0.000000,0.000000,0.000000,0.000000,0.000000,0.000000,0.000000,0.000000,0.000000,0.000000,0.000000,0.000000,0.000000,0.000000,0.000000,0.000000,0.000000,0.000000,0.000000,0.000000,0.000000,0.000000,0.000000,0.000000,0.000000,0.000000,0.000000,0.000000,0.000000,0.000000,0.000000,0.000000,0.000000,0.000000,0.000000,0.000000,0.000000,0.000000,0.000000,0.000000,0.000000,0.000000,0.000000,0.000000,0.000000,0.000000,0.000000,0.000000,0.000000,0.000000,0.000000,0.000000,0.000000,0.000000,0.000000,0.000000,0.000000,0.000000,0.000000,0.000000,0.000000,0.000000,0.000000,0.000000,0.000000,0.000000,0.000000,0.000000,0.000000,0.000000,0.000000,0.000000,0.000000,0.000000,0.000000,0.000000,0.000000,0.000000,0.000000,0.000000,0.000000,0.000000,0.000000,0.000000,0.000000,0.000000,0.000000,0.000000,0.000000,0.000000,0.000000,0.000000,0.000000,0.000000,0.000000,0.000000,0.000000,0.000000,0.000000,0.000000,0.000000,0.000000,0.000000,0.000000,0.000000,0.000000,0.000000,0.000000,0.000000,0.000000,0.000000,0.000000,0.000000,0.000000,0.000000,0.000000,0.000000,0.000000,0.000000,0.000000,0.000000,0.000000,0.000000,0.000000,0.000000,0.000000,0.000000,0.000000,0.000000,0.000000,0.000000,0.000000,0.000000,0.000000,0.000000,0.000000,0.000000,0.000000,0.000000,0.000000,0.000000,0.000000,0.000000,0.000000,0.000000,0.000000,0.000000,0.000000,0.000000,0.000000,0.000000,0.000000,0.000000,0.000000,0.000000,0.000000,0.000000,0.000000,0.000000,0.000000,0.000000,0.000000,0.000000,0.000000,0.000000,0.000000,0.000000,0.000000,0.000000,0.000000,0.000000,0.000000,0.000000,0.000000,0.000000,0.000000,0.000000,0.000000,0.000000,0.000000,0.000000,0.000000,0.000000,0.000000,0.000000,0.000000,0.000000,0.000000,0.000000,0.000000,0.000000,0.000000,0.000000,0.000000,0.000000,0.000000,0.000000,0.000000,0.000000,0.000000,0.000000,0.000000,0.000000,0.000000,0.000000,0.000000,0.000000,0.000000,0.000000,0.000000,0.000000,0.000000,0.000000,0.000000,0.000000,0.000000],
	[0.001073,0.000977,0.000211,-0.000282,-0.000198,-0.000035,0.000240,0.000395,0.000297,0.000032,-0.000213,-0.000488,-0.000535,-0.000368,-0.000093,0.000145,0.000267,0.000278,0.000234,0.000041,-0.000126,-0.000057,0.000157,0.000277,0.000132,-0.000127,-0.000342,-0.000614,-0.000852,-0.000880,-0.000727,-0.000647,-0.000832,-0.001025,-0.000942,-0.000590,-0.000063,0.000397,0.000221,-0.000532,-0.000678,-0.000294,0.000043,0.000159,-0.000070,-0.000868,-0.001251,-0.000671,0.000077,0.000519,0.000288,-0.000270,-0.000899,-0.001301,-0.001264,-0.001000,-0.000933,-0.001036,-0.001002,-0.000470,0.000296,0.000699,0.000055,-0.000591,-0.000401,-0.000099,0.000094,0.000097,-0.000076,-0.000391,-0.000529,-0.000575,-0.000685,-0.000907,-0.000900,-0.000426,0.000416,0.001189,0.001588,0.001547,0.001325,0.001213,0.001297,0.001342,0.001219,0.001002,0.000935,0.000962,0.000932,0.000909,0.001128,0.001357,0.001285,0.000750,0.000415,0.000519,0.000673,0.000755,0.000805,0.000911,0.001053,0.001054,0.000766,0.000486,0.000418,0.000133,-0.000191,-0.000348,-0.000191,0.000152,0.000466,0.000187,-0.000267,-0.000286,-0.000351,-0.000687,-0.000797,-0.000412,0.000251,0.000824,0.000952,0.000165,-0.000353,0.000103,0.000550,0.000860,0.000555,0.000085,-0.000123,-0.000135,-0.000113,0.000086,0.000272,0.000357,0.000201,0.000047,-0.000062,-0.000026,0.000157,0.000484,0.000634,0.000573,0.000149,-0.000156,-0.000518,-0.001013,-0.001065,-0.000744,-0.000250,0.000109,0.000237,0.000284,0.000381,0.000157,-0.000499,-0.000831,-0.000842,-0.000830,-0.000765,-0.000708,-0.000659,-0.000559,-0.000380,-0.000169,-0.000038,0.000119,0.000346,0.000597,0.000230,-0.000565,-0.000664,-0.000220,0.000290,0.000468,0.000094,-0.000312,-0.000436,-0.000925,-0.001350,-0.001494,-0.001633,-0.001701,-0.001488,-0.001131,-0.000889,-0.000763,-0.000497,-0.000092,0.000097,-0.000249,-0.000515,-0.000149,0.000514,0.000929,0.000971,0.000911,0.000789,0.000276,-0.000194,-0.000329,-0.000485,-0.000355,0.000008,0.000285,0.000419,0.000164,-0.000949,-0.001321,-0.000608,0.000171,0.000643,0.000516,0.000031,-0.000587,-0.001039,-0.001275,-0.001234,-0.000920,-0.000398,-0.000001,0.000065,0.000016,0.000180,0.000471,0.000911,0.001302,0.001399,0.000777,-0.000073,-0.000483,-0.000616,-0.000402,0.000102,0.000746,0.001209,0.001256,0.000879,0.000515,0.000383,0.000367,0.000315,0.000165,0.000064,0.000127,0.000269,0.000425,0.000534,0.000554,0.000520,0.000497,0.000454,0.000061,-0.000451,-0.000360,0.000130,0.000747],
	[0.018358,0.016979,0.014772,0.012459,0.010593,0.009475,0.008731,0.008116,0.007527,0.006947,0.006466,0.006117,0.005823,0.005550,0.005274,0.005036,0.004829,0.004647,0.004487,0.004371,0.004279,0.004186,0.004059,0.003907,0.003739,0.003583,0.003432,0.003298,0.003173,0.003057,0.002942,0.002830,0.002719,0.002604,0.002495,0.002419,0.002383,0.002372,0.002357,0.002317,0.002234,0.002118,0.002027,0.001975,0.001925,0.001886,0.001870,0.001819,0.001667,0.001558,0.001579,0.001646,0.001731,0.001753,0.001724,0.001570,0.001413,0.001385,0.001392,0.001412,0.001379,0.001308,0.001208,0.001145,0.001119,0.001119,0.001124,0.001144,0.001152,0.001131,0.001062,0.000977,0.000894,0.000838,0.000814,0.000827,0.000834,0.000797,0.000728,0.000701,0.000700,0.000714,0.000721,0.000735,0.000742,0.000734,0.000679,0.000598,0.000504,0.000436,0.000391,0.000394,0.000405,0.000401,0.000248,0.000122,0.000147,0.000209,0.000309,0.000400,0.000476,0.000501,0.000479,0.000418,0.000345,0.000270,0.000201,0.000139,0.000080,0.000018,-0.000043,-0.000102,-0.000138,-0.000140,-0.000123,-0.000123,-0.000152,-0.000179,-0.000188,-0.000174,-0.000146,-0.000121,-0.000111,-0.000116,-0.000158,-0.000210,-0.000240,-0.000241,-0.000326,-0.000409,-0.000395,-0.000395,-0.000410,-0.000459,-0.000507,-0.000570,-0.000626,-0.000686,-0.000745,-0.000800,-0.000828,-0.000841,-0.000891,-0.000992,-0.001041,-0.001041,-0.001036,-0.001055,-0.001081,-0.001097,-0.001082,-0.001046,-0.001008,-0.000991,-0.000984,-0.000964,-0.000923,-0.000877,-0.000851,-0.000862,-0.000920,-0.000995,-0.001056,-0.001099,-0.001218,-0.001334,-0.001353,-0.001388,-0.001440,-0.001534,-0.001596,-0.001629,-0.001617,-0.001616,-0.001636,-0.001708,-0.001798,-0.001913,-0.002026,-0.002146,-0.002230,-0.002284,-0.002280,-0.002261,-0.002241,-0.002288,-0.002370,-0.002470,-0.002584,-0.002736,-0.002778,-0.002763,-0.002702,-0.002715,-0.002747,-0.003034,-0.003352,-0.003454,-0.003546,-0.003645,-0.003794,-0.003926,-0.004018,-0.004072,-0.004109,-0.004130,-0.004133,-0.004188,-0.004334,-0.004624,-0.004936,-0.005563,-0.006477,-0.007126,-0.007500,-0.007557,-0.007380,-0.007020,-0.006603,-0.006214,-0.005993,-0.005980,-0.006182,-0.006494,-0.006826,-0.007087,-0.007293,-0.007424,-0.007433,-0.007264,-0.007130,-0.007527,-0.008767,-0.010076,-0.010525,-0.010042,-0.008825,-0.007012,-0.004828,-0.002590,-0.000541,0.001176,0.002402,0.002858,0.002302,0.000900,-0.000609,-0.001367,-0.000954,0.000525,0.002733,0.005453,0.008709,0.012380,0.015828,0.018034],
	[-0.000283,0.000327,0.000643,0.000942,0.001168,0.001429,0.001473,0.001457,0.000685,-0.000013,-0.000012,-0.000053,-0.001212,-0.002275,-0.002138,-0.001491,-0.000300,0.000737,0.001317,0.001133,0.000614,0.000347,0.000554,0.000758,0.000631,0.000197,0.000032,0.000243,0.000602,0.000970,0.001445,0.001890,0.002053,0.001796,0.001305,0.000580,-0.000157,-0.000510,-0.000620,-0.000186,0.000480,0.001172,0.000740,-0.000031,0.000068,0.000085,-0.000297,-0.000910,-0.001279,-0.001364,-0.001094,-0.000875,-0.001143,-0.001863,-0.002324,-0.002223,-0.001464,-0.000435,0.000303,0.000351,-0.000282,-0.001395,-0.002112,-0.002197,-0.002084,-0.001996,-0.001885,-0.001560,-0.001046,-0.000480,0.000039,0.000606,0.001203,0.001602,0.001477,0.000792,-0.000414,-0.001792,-0.002884,-0.003362,-0.002763,-0.001092,0.001084,0.002900,0.003814,0.003706,0.002925,0.001543,0.000190,-0.000324,-0.000422,-0.000052,0.000273,0.000687,0.000988,0.001546,0.001775,0.001905,0.000380,-0.001051,-0.000694,-0.000067,0.001045,0.001717,0.002012,0.001656,0.001109,0.000326,-0.000400,-0.001216,-0.001894,-0.002426,-0.002423,-0.001927,-0.000936,0.000089,0.001027,0.001667,0.002287,0.002837,0.003259,0.002827,0.001884,0.001505,0.001623,0.001384,0.000988,0.000499,0.000474,0.000631,0.000971,0.000189,-0.000619,-0.000433,-0.000427,-0.000460,-0.000348,0.000133,0.000547,0.000641,0.000332,0.000048,0.000104,0.000521,0.000917,0.000996,0.000732,0.000495,0.000622,0.001158,0.001764,0.002088,0.002000,0.001663,0.001270,0.000934,0.000647,0.000418,0.000228,0.000049,-0.000120,-0.000291,-0.000466,-0.000654,-0.000860,-0.001102,-0.001402,-0.001795,-0.002243,-0.002649,-0.002846,-0.002744,-0.002422,-0.002049,-0.001564,-0.000821,0.000021,0.000515,0.000242,-0.000525,-0.000846,-0.000645,-0.000425,-0.000664,-0.001204,-0.001378,-0.000811,0.000260,0.001321,0.001840,0.001879,0.001309,0.000278,-0.000146,-0.000046,-0.000235,-0.000451,-0.000371,0.000272,0.000796,0.000969,-0.000145,-0.001284,-0.001087,-0.000593,-0.000030,-0.000255,-0.000593,-0.000395,0.000360,0.000970,0.000934,-0.000189,-0.000704,-0.000195,-0.000582,-0.001840,-0.002362,-0.002210,-0.001590,-0.000453,0.000745,0.001480,0.001561,0.001112,0.000359,-0.000515,-0.001218,-0.001573,-0.001431,-0.000992,-0.000652,-0.000964,-0.001814,-0.002260,-0.001863,-0.000924,0.000275,0.001294,0.001806,0.001431,0.000451,-0.000046,0.000190,0.000442,0.000372,0.000005,-0.000036,0.000296,0.000692,0.000693,0.000096,-0.000931,-0.001526,-0.001532,-0.000982]
],
	"idxs" : [212,0,46,215,79]
,"hydrophone_pos" : [
	[0.000000,0.000000,0.000000],
	[0.000000,0.000000,0.000000],
	[0.450000,0.000000,0.000000],
	[0.000000,0.450000,0.000000],
	[0.000000,0.000000,-0.450000]
],
	"direction_of_arrival" : [0.635455,0.066890,0.769235]
,	"valid" : [0.000000,-0.000000,-0.000000,-0.000000,-0.000000]
}
dump = {
	"magnitude" : [0.000000,0.022571,0.022812,0.024208,0.021772,0.036155,0.061921,0.018360,0.009010,0.077095,0.356412,0.376195,0.000582,0.893369,3.085025,3.994905,2.985910,1.038007,0.171495,0.012008,0.121334,0.103188,0.042859,0.009120,0.082743,0.079705,0.006097,0.008757,0.011918,0.005863,0.032195,0.027445]
,	"raw_mv" : [
	[-6.485500,-9.537500,-8.774499,-6.104000,-8.392999,-10.682000,-9.537500,-10.300499,-6.867000,-3.815000,-8.011500,-8.011500,-7.248499,-6.867000,-7.248499,-7.248499,-8.774499,-8.774499,-3.815000,-3.433500,-5.722499,-4.959500,-5.722499,-9.537500,-8.011500,-7.248499,-12.208000,-11.063500,-9.156000,-9.919000,-8.011500,-9.919000,-12.589500,-9.537500,-4.578000,-8.392999,-8.392999,-4.578000,-3.052000,-1.144500,-0.763000,-6.867000,-9.919000,-6.104000,-4.959500,-6.485500,-5.722499,-6.104000,-5.722499,0.381500,-1.526000,-8.011500,-9.919000,-8.392999,-6.104000,-4.196499,-4.196499,-9.156000,-5.722499,-1.526000,-0.763000,-4.196499,-4.959500,-4.196499,-4.578000,-2.289000,-2.670500,-3.815000,-4.196499,-2.670500,-2.289000,1.526000,0.763000,-1.907500,-0.381500,0.763000,-1.144500,-0.381500,0.000000,-2.670500,-4.959500,-1.907500,-2.289000,-4.196499,-4.196499,-4.959500,-3.052000,0.000000,-4.578000,-4.578000,0.000000,-0.763000,-3.052000,-4.196499,-4.578000,-4.959500,-4.959500,-4.578000,-3.815000,-3.815000,-5.341000,-7.248499,-6.104000,-4.196499,-5.341000,-4.959500,-5.722499,-7.630000,-9.919000,-8.774499,-9.156000,-8.392999,-4.196499,-3.815000,-8.392999,-10.682000,-11.063500,-10.300499,-7.630000,-6.867000,-8.392999,-9.156000,-11.063500,-12.971000,-10.300499,-7.248499,-9.537500,-11.063500,-12.208000,-12.971000,-14.496999,-14.878500,-15.641500,-15.260000,-14.496999,-14.115500,-15.260000,-12.971000,-11.444999,-10.300499,-7.630000,-8.392999,-12.208000,-8.011500,-10.682000,-60.658500,-18.693500,83.166999,-5.341000,-90.797004,-17.930500,9.156000,8.392999,2.670500,-32.427501,3.052000,38.913002,-32.427501,-77.826004,18.312000,22.508501,-123.224502,-26.323499,109.872001,82.785499,136.576995,30.901500,-206.010009,-157.559509,-538.677978,754.225524,575.302001,-233.859497,-1202.106567,-1067.818481,1992.574584,2318.757080,-1980.748046,-2234.063964,1059.807006,1965.488037,-782.838012,-2293.959472,911.022033,2596.489013,-329.615997,-2942.891113,-154.126007,2765.112060,883.172485,-2902.833496,-928.952514,2538.500976,1315.411987,-2732.684570,-1379.504028,2557.575927,1875.835571,-2478.987060,-1919.326538,1880.031982,2144.411621,-1610.311523,-2353.092041,1255.135009,2676.604003,-874.398010,-2931.064453,559.278991,2768.164062,-35.861000,-2905.504150,-209.824996,2803.261962,806.491027,-3048.947998,-1138.395996,2686.141601,1709.883056,-2563.679931,-1841.500488,2167.683105,2266.873046,-2094.435058,-2588.477539,1743.073486,2828.822509,-1402.775512,-3037.502929,924.756042,3055.433593,-358.991516,-3301.882568,-54.936000,3156.531005,598.192016,-3224.819580,-842.351989,2786.094482,1431.388061,-2916.567626,-1705.305053,2617.090087,2127.244140,-2541.552978,-2270.687988,1990.666992,2624.338623,-1796.102050,-2730.014160,1393.238037,2816.996093,-1159.760009,-2939.075927,710.734497,3053.526123],
	[0.000000,0.000000,0.000000,0.000000,0.000000,0.000000,0.000000,0.000000,0.000000,0.000000,0.000000,0.000000,0.000000,0.000000,0.000000,0.000000,0.000000,0.000000,0.000000,0.000000,0.000000,0.000000,0.000000,0.000000,0.000000,0.000000,0.000000,0.000000,0.000000,0.000000,0.000000,0.000000,0.000000,0.000000,0.000000,0.000000,0.000000,0.000000,0.000000,0.000000,0.000000,0.000000,0.000000,0.000000,0.000000,0.000000,0.000000,0.000000,0.000000,0.000000,0.000000,0.000000,0.000000,0.000000,0.000000,0.000000,0.000000,0.000000,0.000000,0.000000,0.000000,0.000000,0.000000,0.000000,0.000000,0.000000,0.000000,0.000000,0.000000,0.000000,0.000000,0.000000,0.000000,0.000000,0.000000,0.000000,0.000000,0.000000,0.000000,0.000000,0.000000,0.000000,0.000000,0.000000,0.000000,0.000000,0.000000,0.000000,0.000000,0.000000,0.000000,0.000000,0.000000,0.000000,0.000000,0.000000,0.000000,0.000000,0.000000,0.000000,0.000000,0.000000,0.000000,0.000000,0.000000,0.000000,0.000000,0.000000,0.000000,0.000000,0.000000,0.000000,0.000000,0.000000,0.000000,0.000000,0.000000,0.000000,0.000000,0.000000,0.000000,0.000000,0.000000,0.000000,0.000000,0.000000,0.000000,0.000000,0.000000,0.000000,0.000000,0.000000,0.000000,0.000000,0.000000,0.000000,0.000000,0.000000,0.000000,0.000000,0.000000,0.000000,0.000000,0.000000,0.000000,0.000000,0.000000,0.000000,0.000000,0.000000,0.000000,0.000000,0.000000,0.000000,0.000000,0.000000,0.000000,0.000000,0.000000,0.000000,0.000000,0.000000,0.000000,0.000000,0.000000,0.000000,0.000000,0.000000,0.000000,0.000000,0.000000,0.000000,0.000000,0.000000,0.000000,0.000000,0.000000,0.000000,0.000000,0.000000,0.000000,0.000000,0.000000,0.000000,0.000000,0.000000,0.000000,0.000000,0.000000,0.000000,0.000000,0.000000,0.000000,0.000000,0.000000,0.000000,0.000000,0.000000,0.000000,0.000000,0.000000,0.000000,0.000000,0.000000,0.000000,0.000000,0.000000,0.000000,0.000000,0.000000,0.000000,0.000000,0.000000,0.000000,0.000000,0.000000,0.000000,0.000000,0.000000,0.000000,0.000000,0.000000,0.000000,0.000000,0.000000,0.000000,0.000000,0.000000,0.000000,0.000000,0.000000,0.000000,0.000000,0.000000,0.000000,0.000000,0.000000,0.000000,0.000000,0.000000,0.000000,0.000000,0.000000,0.000000,0.000000,0.000000,0.000000,0.000000,0.000000,0.000000,0.000000,0.000000,0.000000,0.000000,0.000000,0.000000],
	[-6.714400,-6.714400,-6.638100,-6.485500,-6.485500,-6.638100,-6.638100,-6.638100,-6.714400,-6.790700,-6.561800,-6.714400,-6.790700,-6.790700,-6.561800,-6.714400,-6.485500,-6.561800,-6.714400,-6.561800,-6.638100,-6.638100,-6.638100,-6.561800,-6.790700,-6.714400,-6.638100,-6.638100,-6.790700,-6.638100,-6.638100,-6.561800,-6.485500,-6.638100,-6.485500,-6.332900,-6.332900,-6.256600,-6.332900,-6.256600,-6.104000,-6.180300,-6.180300,-6.180300,-6.256600,-6.104000,-6.256600,-6.180300,-6.180300,-6.332900,-6.256600,-6.256600,-6.638100,-6.485500,-6.638100,-6.638100,-6.485500,-6.332900,-6.561800,-6.638100,-6.561800,-6.561800,-6.485500,-6.561800,-6.561800,-6.638100,-6.485500,-6.332900,-6.561800,-6.638100,-6.638100,-6.714400,-6.638100,-6.485500,-6.561800,-6.638100,-6.638100,-6.714400,-6.561800,-6.561800,-6.638100,-6.790700,-6.485500,-6.638100,-6.638100,-6.638100,-6.638100,-6.714400,-6.561800,-6.714400,-6.790700,-6.638100,-6.561800,-6.485500,-6.638100,-6.561800,-6.561800,-6.638100,-6.638100,-6.714400,-6.638100,-6.485500,-6.714400,-6.561800,-6.485500,-6.638100,-6.638100,-6.638100,-6.638100,-6.638100,-6.714400,-6.790700,-6.714400,-6.638100,-6.561800,-6.638100,-6.638100,-6.790700,-6.867000,-6.638100,-6.638100,-6.714400,-6.867000,-6.561800,-6.714400,-6.638100,-6.638100,-6.561800,-6.485500,-6.714400,-6.638100,-6.638100,-6.638100,-6.714400,-6.638100,-6.714400,-6.638100,-6.714400,-6.714400,-6.714400,-6.638100,-6.714400,-6.638100,-6.714400,-6.561800,-6.714400,-6.714400,-6.638100,-6.638100,-6.638100,-6.561800,-6.485500,-6.714400,-6.790700,-6.714400,-6.638100,-6.714400,-6.638100,-6.714400,-6.561800,-6.714400,-6.714400,-6.638100,-6.638100,-6.714400,-6.561800,-6.485500,-6.714400,-6.714400,-6.638100,-6.638100,-6.714400,-6.561800,-6.485500,-6.638100,-6.714400,-6.561800,-6.485500,-6.409200,-6.409200,-6.332900,-6.409200,-6.332900,-6.256600,-6.180300,-6.256600,-6.180300,-6.180300,-6.180300,-5.875100,-6.104000,-6.104000,-6.332900,-6.256600,-6.104000,-6.256600,-6.256600,-6.485500,-6.561800,-6.409200,-6.409200,-6.485500,-6.561800,-6.485500,-6.485500,-6.485500,-6.561800,-6.638100,-6.561800,-6.714400,-6.638100,-6.485500,-6.561800,-6.485500,-6.714400,-6.790700,-6.638100,-6.561800,-6.561800,-6.714400,-6.638100,-6.714400,-6.638100,-6.714400,-6.714400,-6.638100,-6.790700,-6.714400,-6.638100,-6.790700,-6.714400,-6.638100,-6.638100,-6.638100,-6.638100,-6.638100,-6.714400,-6.638100,-6.638100,-6.638100,-6.485500,-6.638100,-6.638100,-6.714400,-6.638100,-6.638100,-6.790700,-6.638100,-6.714400,-6.867000,-6.638100,-6.638100,-6.561800,-6.638100,-6.714400,-6.867000],
	[-7.248499,-6.867000,-6.867000,-6.867000,-7.248499,-7.248499,-6.867000,-7.248499,-7.248499,-7.248499,-7.248499,-7.248499,-7.248499,-7.630000,-7.630000,-7.248499,-7.630000,-7.630000,-7.248499,-7.248499,-7.248499,-7.630000,-7.630000,-7.630000,-7.630000,-7.248499,-7.248499,-7.248499,-7.248499,-7.630000,-7.630000,-7.630000,-7.248499,-7.630000,-6.867000,-7.248499,-6.867000,-6.867000,-6.867000,-6.867000,-6.867000,-6.867000,-6.867000,-6.867000,-6.867000,-6.867000,-6.867000,-6.485500,-6.867000,-6.485500,-6.867000,-6.485500,-6.867000,-6.867000,-7.248499,-6.867000,-6.485500,-6.867000,-6.867000,-6.867000,-6.867000,-6.867000,-6.867000,-6.485500,-6.867000,-6.867000,-6.867000,-6.867000,-6.485500,-6.867000,-6.867000,-6.867000,-6.867000,-6.867000,-7.248499,-6.867000,-7.248499,-7.248499,-7.248499,-7.248499,-7.248499,-7.630000,-7.630000,-7.248499,-7.248499,-7.248499,-7.630000,-7.248499,-7.630000,-7.248499,-7.630000,-7.630000,-7.248499,-7.248499,-7.248499,-7.630000,-7.630000,-7.248499,-7.248499,-7.248499,-7.248499,-7.630000,-7.248499,-7.248499,-7.248499,-7.630000,-7.248499,-7.248499,-7.630000,-7.630000,-7.630000,-7.630000,-7.248499,-7.248499,-7.248499,-7.248499,-7.630000,-7.248499,-7.248499,-7.248499,-7.630000,-7.630000,-7.248499,-7.630000,-7.248499,-6.867000,-7.248499,-7.248499,-7.248499,-7.248499,-7.248499,-7.248499,-7.630000,-7.248499,-7.248499,-7.248499,-7.630000,-7.630000,-7.248499,-7.248499,-7.248499,-7.248499,-7.630000,-7.248499,-7.248499,-7.630000,-7.248499,-6.867000,-7.248499,-7.630000,-7.630000,-7.248499,-7.248499,-6.867000,-7.630000,-7.630000,-7.248499,-7.248499,-6.867000,-6.867000,-7.630000,-7.630000,-7.248499,-6.867000,-6.867000,-7.630000,-7.630000,-6.485500,-6.867000,-7.248499,-7.630000,-7.630000,-7.248499,-6.867000,-6.867000,-6.485500,-5.722499,-8.011500,-10.300499,-7.630000,-3.052000,-4.578000,-9.156000,-9.156000,-5.341000,-3.815000,-6.867000,-10.300499,-6.867000,-3.052000,-6.485500,-11.444999,-6.104000,-1.144500,-7.630000,-4.959500,-16.785999,-11.063500,-1.907500,4.578000,-12.971000,-16.785999,-4.196499,8.392999,-16.023000,-16.023000,-8.392999,3.433500,-5.341000,-8.774499,-20.600999,-1.144500,2.289000,-10.682000,-20.600999,-1.907500,6.104000,-9.156000,-22.508501,-14.878500,15.260000,0.000000,-22.127000,-24.034500,8.392999,3.815000,-13.734000,-25.942001,3.815000,5.722499,-8.011500,-29.375499,-6.104000,5.341000,3.815000,-25.179000,-15.641500,6.485500,3.052000,-21.364000,-17.930500,3.052000,5.722499,-14.115500,-23.652999,-1.526000,5.722499,-6.485500,-24.416000,-3.815000,-1.907500,-0.381500,-17.930500,-9.537500,-0.381500,-3.433500],
	[-7.248499,-7.248499,-7.248499,-7.248499,-7.248499,-7.248499,-7.248499,-6.867000,-7.630000,-6.867000,-7.248499,-7.248499,-7.248499,-7.248499,-7.630000,-7.248499,-7.630000,-7.248499,-7.248499,-7.248499,-7.248499,-7.248499,-7.248499,-6.867000,-7.630000,-7.248499,-6.867000,-7.248499,-7.248499,-7.248499,-7.630000,-7.248499,-7.248499,-6.867000,-6.867000,-7.248499,-7.248499,-6.867000,-6.867000,-6.867000,-6.867000,-6.867000,-6.867000,-6.867000,-6.485500,-7.248499,-6.867000,-6.867000,-6.867000,-6.867000,-7.248499,-7.248499,-6.867000,-6.867000,-7.248499,-7.248499,-7.248499,-6.867000,-7.248499,-7.248499,-7.248499,-7.248499,-7.248499,-7.248499,-7.248499,-7.248499,-7.248499,-7.248499,-7.248499,-6.867000,-7.248499,-7.248499,-7.248499,-7.248499,-7.248499,-7.248499,-7.248499,-7.630000,-7.248499,-7.248499,-7.248499,-7.248499,-7.248499,-7.630000,-7.248499,-7.248499,-7.248499,-7.248499,-7.248499,-7.248499,-7.630000,-7.248499,-7.630000,-7.248499,-7.248499,-7.248499,-7.630000,-7.248499,-7.248499,-7.248499,-7.248499,-7.248499,-7.630000,-6.867000,-7.248499,-7.248499,-7.630000,-7.248499,-7.248499,-7.248499,-7.248499,-7.248499,-7.248499,-7.248499,-7.248499,-7.248499,-7.248499,-7.248499,-7.630000,-7.248499,-7.248499,-7.630000,-7.248499,-7.630000,-7.248499,-6.867000,-6.867000,-7.630000,-7.630000,-7.630000,-7.248499,-6.867000,-7.248499,-7.248499,-7.248499,-7.630000,-7.630000,-7.630000,-7.248499,-7.248499,-7.248499,-7.630000,-7.630000,-7.248499,-7.248499,-7.630000,-7.630000,-7.248499,-7.248499,-6.867000,-7.248499,-7.248499,-8.011500,-7.248499,-7.248499,-7.248499,-7.248499,-7.630000,-7.248499,-7.248499,-7.248499,-7.248499,-7.630000,-7.248499,-7.248499,-7.248499,-7.248499,-7.248499,-7.248499,-7.248499,-7.248499,-7.248499,-7.248499,-7.630000,-7.248499,-7.248499,-6.867000,-7.248499,-7.248499,-6.867000,-7.248499,-7.248499,-6.867000,-6.867000,-6.867000,-6.485500,-6.867000,-6.867000,-6.867000,-6.867000,-7.248499,-6.867000,-6.867000,-6.867000,-6.867000,-6.867000,-7.248499,-6.867000,-7.248499,-7.248499,-7.248499,-7.248499,-7.248499,-7.248499,-7.248499,-7.248499,-6.867000,-6.867000,-7.248499,-7.248499,-7.248499,-7.248499,-7.248499,-7.630000,-7.248499,-6.867000,-7.248499,-7.248499,-7.630000,-7.248499,-7.630000,-7.248499,-7.248499,-7.248499,-7.248499,-7.248499,-7.248499,-7.630000,-7.248499,-7.630000,-7.630000,-7.630000,-7.630000,-7.248499,-7.248499,-7.248499,-6.867000,-7.248499,-7.630000,-6.867000,-7.248499,-7.248499,-7.248499,-7.248499,-7.630000,-6.867000,-7.248499,-7.630000,-7.630000,-7.248499,-7.248499,-7.248499,-7.248499,-7.630000,-7.248499,-7.248499]
],
"normalized" : [
	[-0.004858,-0.007377,-0.006747,-0.004544,-0.006433,-0.008322,-0.007377,-0.008007,-0.005173,-0.002655,-0.006118,-0.006118,-0.005488,-0.005173,-0.005488,-0.005488,-0.006747,-0.006747,-0.002655,-0.002340,-0.004229,-0.003599,-0.004229,-0.007377,-0.006118,-0.005488,-0.009581,-0.008636,-0.007062,-0.007692,-0.006118,-0.007692,-0.009896,-0.007377,-0.003284,-0.006433,-0.006433,-0.003284,-0.002025,-0.000451,-0.000136,-0.005173,-0.007692,-0.004544,-0.003599,-0.004858,-0.004229,-0.004544,-0.004229,0.000807,-0.000766,-0.006118,-0.007692,-0.006433,-0.004544,-0.002969,-0.002969,-0.007062,-0.004229,-0.000766,-0.000136,-0.002969,-0.003599,-0.002969,-0.003284,-0.001395,-0.001710,-0.002655,-0.002969,-0.001710,-0.001395,0.001752,0.001122,-0.001081,0.000178,0.001122,-0.000451,0.000178,0.000493,-0.001710,-0.003599,-0.001081,-0.001395,-0.002969,-0.002969,-0.003599,-0.002025,0.000493,-0.003284,-0.003284,0.000493,-0.000136,-0.002025,-0.002969,-0.003284,-0.003599,-0.003599,-0.003284,-0.002655,-0.002655,-0.003914,-0.005488,-0.004544,-0.002969,-0.003914,-0.003599,-0.004229,-0.005803,-0.007692,-0.006747,-0.007062,-0.006433,-0.002969,-0.002655,-0.006433,-0.008322,-0.008636,-0.008007,-0.005803,-0.005173,-0.006433,-0.007062,-0.008636,-0.010211,-0.008007,-0.005488,-0.007377,-0.008636,-0.009581,-0.010211,-0.011470,-0.011785,-0.012414,-0.012100,-0.011470,-0.011155,-0.012100,-0.010211,-0.008951,-0.008007,-0.005803,-0.006433,-0.009581,-0.006118,-0.008322,-0.049565,-0.014933,0.069126,-0.003914,-0.074436,-0.014303,0.008049,0.007419,0.002696,-0.026267,0.003011,0.032605,-0.026267,-0.063732,0.015605,0.019068,-0.101197,-0.021230,0.091164,0.068811,0.113202,0.025994,-0.169515,-0.129532,-0.444049,0.622915,0.475259,-0.192498,-0.991541,-0.880720,1.644858,1.914040,-1.634112,-1.843160,0.875095,1.622505,-0.645541,-1.892589,0.752311,2.143237,-0.271521,-2.428118,-0.126698,2.282392,0.729328,-2.395060,-0.766121,2.095382,1.086032,-2.254645,-1.137938,2.111124,1.548520,-2.045282,-1.583424,1.551983,1.770161,-1.328411,-1.941388,1.036289,2.209352,-0.721100,-2.418358,0.462036,2.284911,-0.029101,-2.397264,-0.172664,2.313875,0.666047,-2.515641,-0.938964,2.217222,1.411568,-2.115175,-1.519199,1.789366,1.871222,-1.727932,-2.135639,1.438958,2.334969,-1.157142,-2.506196,0.763645,2.521979,-0.295763,-2.724374,-0.044842,2.605410,0.494149,-2.660778,-0.694655,2.299708,1.181741,-2.406394,-1.406804,2.160238,1.755994,-2.096915,-1.873384,1.643284,2.166220,-1.481734,-2.252442,1.150258,2.325210,-0.956595,-2.424969,0.587024,2.520405],
	[0.000000,0.000000,0.000000,0.000000,0.000000,0.000000,0.000000,0.000000,0.000000,0.000000,0.000000,0.000000,0.000000,0.000000,0.000000,0.000000,0.000000,0.000000,0.000000,0.000000,0.000000,0.000000,0.000000,0.000000,0.000000,0.000000,0.000000,0.000000,0.000000,0.000000,0.000000,0.000000,0.000000,0.000000,0.000000,0.000000,0.000000,0.000000,0.000000,0.000000,0.000000,0.000000,0.000000,0.000000,0.000000,0.000000,0.000000,0.000000,0.000000,0.000000,0.000000,0.000000,0.000000,0.000000,0.000000,0.000000,0.000000,0.000000,0.000000,0.000000,0.000000,0.000000,0.000000,0.000000,0.000000,0.000000,0.000000,0.000000,0.000000,0.000000,0.000000,0.000000,0.000000,0.000000,0.000000,0.000000,0.000000,0.000000,0.000000,0.000000,0.000000,0.000000,0.000000,0.000000,0.000000,0.000000,0.000000,0.000000,0.000000,0.000000,0.000000,0.000000,0.000000,0.000000,0.000000,0.000000,0.000000,0.000000,0.000000,0.000000,0.000000,0.000000,0.000000,0.000000,0.000000,0.000000,0.000000,0.000000,0.000000,0.000000,0.000000,0.000000,0.000000,0.000000,0.000000,0.000000,0.000000,0.000000,0.000000,0.000000,0.000000,0.000000,0.000000,0.000000,0.000000,0.000000,0.000000,0.000000,0.000000,0.000000,0.000000,0.000000,0.000000,0.000000,0.000000,0.000000,0.000000,0.000000,0.000000,0.000000,0.000000,0.000000,0.000000,0.000000,0.000000,0.000000,0.000000,0.000000,0.000000,0.000000,0.000000,0.000000,0.000000,0.000000,0.000000,0.000000,0.000000,0.000000,0.000000,0.000000,0.000000,0.000000,0.000000,0.000000,0.000000,0.000000,0.000000,0.000000,0.000000,0.000000,0.000000,0.000000,0.000000,0.000000,0.000000,0.000000,0.000000,0.000000,0.000000,0.000000,0.000000,0.000000,0.000000,0.000000,0.000000,0.000000,0.000000,0.000000,0.000000,0.000000,0.000000,0.000000,0.000000,0.000000,0.000000,0.000000,0.000000,0.000000,0.000000,0.000000,0.000000,0.000000,0.000000,0.000000,0.000000,0.000000,0.000000,0.000000,0.000000,0.000000,0.000000,0.000000,0.000000,0.000000,0.000000,0.000000,0.000000,0.000000,0.000000,0.000000,0.000000,0.000000,0.000000,0.000000,0.000000,0.000000,0.000000,0.000000,0.000000,0.000000,0.000000,0.000000,0.000000,0.000000,0.000000,0.000000,0.000000,0.000000,0.000000,0.000000,0.000000,0.000000,0.000000,0.000000,0.000000,0.000000,0.000000,0.000000,0.000000,0.000000,0.000000,0.000000,0.000000,0.000000,0.000000,0.000000],
	[-0.815376,-0.815376,-0.363592,0.539974,0.539974,-0.363592,-0.363592,-0.363592,-0.815376,-1.267161,0.088192,-0.815376,-1.267161,-1.267161,0.088192,-0.815376,0.539974,0.088192,-0.815376,0.088192,-0.363592,-0.363592,-0.363592,0.088192,-1.267161,-0.815376,-0.363592,-0.363592,-1.267161,-0.363592,-0.363592,0.088192,0.539974,-0.363592,0.539974,1.443543,1.443543,1.895325,1.443543,1.895325,2.798894,2.347110,2.347110,2.347110,1.895325,2.798894,1.895325,2.347110,2.347110,1.443543,1.895325,1.895325,-0.363592,0.539974,-0.363592,-0.363592,0.539974,1.443543,0.088192,-0.363592,0.088192,0.088192,0.539974,0.088192,0.088192,-0.363592,0.539974,1.443543,0.088192,-0.363592,-0.363592,-0.815376,-0.363592,0.539974,0.088192,-0.363592,-0.363592,-0.815376,0.088192,0.088192,-0.363592,-1.267161,0.539974,-0.363592,-0.363592,-0.363592,-0.363592,-0.815376,0.088192,-0.815376,-1.267161,-0.363592,0.088192,0.539974,-0.363592,0.088192,0.088192,-0.363592,-0.363592,-0.815376,-0.363592,0.539974,-0.815376,0.088192,0.539974,-0.363592,-0.363592,-0.363592,-0.363592,-0.363592,-0.815376,-1.267161,-0.815376,-0.363592,0.088192,-0.363592,-0.363592,-1.267161,-1.718943,-0.363592,-0.363592,-0.815376,-1.718943,0.088192,-0.815376,-0.363592,-0.363592,0.088192,0.539974,-0.815376,-0.363592,-0.363592,-0.363592,-0.815376,-0.363592,-0.815376,-0.363592,-0.815376,-0.815376,-0.815376,-0.363592,-0.815376,-0.363592,-0.815376,0.088192,-0.815376,-0.815376,-0.363592,-0.363592,-0.363592,0.088192,0.539974,-0.815376,-1.267161,-0.815376,-0.363592,-0.815376,-0.363592,-0.815376,0.088192,-0.815376,-0.815376,-0.363592,-0.363592,-0.815376,0.088192,0.539974,-0.815376,-0.815376,-0.363592,-0.363592,-0.815376,0.088192,0.539974,-0.363592,-0.815376,0.088192,0.539974,0.991759,0.991759,1.443543,0.991759,1.443543,1.895325,2.347110,1.895325,2.347110,2.347110,2.347110,4.154246,2.798894,2.798894,1.443543,1.895325,2.798894,1.895325,1.895325,0.539974,0.088192,0.991759,0.991759,0.539974,0.088192,0.539974,0.539974,0.539974,0.088192,-0.363592,0.088192,-0.815376,-0.363592,0.539974,0.088192,0.539974,-0.815376,-1.267161,-0.363592,0.088192,0.088192,-0.815376,-0.363592,-0.815376,-0.363592,-0.815376,-0.815376,-0.363592,-1.267161,-0.815376,-0.363592,-1.267161,-0.815376,-0.363592,-0.363592,-0.363592,-0.363592,-0.363592,-0.815376,-0.363592,-0.363592,-0.363592,0.539974,-0.363592,-0.363592,-0.815376,-0.363592,-0.363592,-1.267161,-0.363592,-0.815376,-1.718943,-0.363592,-0.363592,0.088192,-0.363592,-0.815376,-1.718943],
	[-0.009747,0.061542,0.061542,0.061542,-0.009747,-0.009747,0.061542,-0.009747,-0.009747,-0.009747,-0.009747,-0.009747,-0.009747,-0.081038,-0.081038,-0.009747,-0.081038,-0.081038,-0.009747,-0.009747,-0.009747,-0.081038,-0.081038,-0.081038,-0.081038,-0.009747,-0.009747,-0.009747,-0.009747,-0.081038,-0.081038,-0.081038,-0.009747,-0.081038,0.061542,-0.009747,0.061542,0.061542,0.061542,0.061542,0.061542,0.061542,0.061542,0.061542,0.061542,0.061542,0.061542,0.132833,0.061542,0.132833,0.061542,0.132833,0.061542,0.061542,-0.009747,0.061542,0.132833,0.061542,0.061542,0.061542,0.061542,0.061542,0.061542,0.132833,0.061542,0.061542,0.061542,0.061542,0.132833,0.061542,0.061542,0.061542,0.061542,0.061542,-0.009747,0.061542,-0.009747,-0.009747,-0.009747,-0.009747,-0.009747,-0.081038,-0.081038,-0.009747,-0.009747,-0.009747,-0.081038,-0.009747,-0.081038,-0.009747,-0.081038,-0.081038,-0.009747,-0.009747,-0.009747,-0.081038,-0.081038,-0.009747,-0.009747,-0.009747,-0.009747,-0.081038,-0.009747,-0.009747,-0.009747,-0.081038,-0.009747,-0.009747,-0.081038,-0.081038,-0.081038,-0.081038,-0.009747,-0.009747,-0.009747,-0.009747,-0.081038,-0.009747,-0.009747,-0.009747,-0.081038,-0.081038,-0.009747,-0.081038,-0.009747,0.061542,-0.009747,-0.009747,-0.009747,-0.009747,-0.009747,-0.009747,-0.081038,-0.009747,-0.009747,-0.009747,-0.081038,-0.081038,-0.009747,-0.009747,-0.009747,-0.009747,-0.081038,-0.009747,-0.009747,-0.081038,-0.009747,0.061542,-0.009747,-0.081038,-0.081038,-0.009747,-0.009747,0.061542,-0.081038,-0.081038,-0.009747,-0.009747,0.061542,0.061542,-0.081038,-0.081038,-0.009747,0.061542,0.061542,-0.081038,-0.081038,0.132833,0.061542,-0.009747,-0.081038,-0.081038,-0.009747,0.061542,0.061542,0.132833,0.275415,-0.152329,-0.580073,-0.081038,0.774450,0.489287,-0.366201,-0.366201,0.346705,0.631868,0.061542,-0.580073,0.061542,0.774450,0.132833,-0.793945,0.204124,1.130903,-0.081038,0.417996,-1.792015,-0.722655,0.988322,2.200264,-1.079108,-1.792015,0.560578,2.913172,-1.649434,-1.649434,-0.223619,1.986392,0.346705,-0.294910,-2.504923,1.130903,1.772520,-0.651364,-2.504923,0.988322,2.485427,-0.366201,-2.861377,-1.435562,4.196405,1.344776,-2.790086,-3.146539,2.913172,2.057683,-1.221690,-3.502993,2.057683,2.414136,-0.152329,-4.144609,0.204124,2.342846,2.057683,-3.360412,-1.578143,2.556718,1.915101,-2.647504,-2.005887,1.915101,2.414136,-1.292980,-3.075248,1.059613,2.414136,0.132833,-3.217830,0.631868,0.988322,1.273485,-2.005887,-0.437492,1.273485,0.703159],
	[-0.050056,-0.050056,-0.050056,-0.050056,-0.050056,-0.050056,-0.050056,1.551946,-1.652061,1.551946,-0.050056,-0.050056,-0.050056,-0.050056,-1.652061,-0.050056,-1.652061,-0.050056,-0.050056,-0.050056,-0.050056,-0.050056,-0.050056,1.551946,-1.652061,-0.050056,1.551946,-0.050056,-0.050056,-0.050056,-1.652061,-0.050056,-0.050056,1.551946,1.551946,-0.050056,-0.050056,1.551946,1.551946,1.551946,1.551946,1.551946,1.551946,1.551946,3.153949,-0.050056,1.551946,1.551946,1.551946,1.551946,-0.050056,-0.050056,1.551946,1.551946,-0.050056,-0.050056,-0.050056,1.551946,-0.050056,-0.050056,-0.050056,-0.050056,-0.050056,-0.050056,-0.050056,-0.050056,-0.050056,-0.050056,-0.050056,1.551946,-0.050056,-0.050056,-0.050056,-0.050056,-0.050056,-0.050056,-0.050056,-1.652061,-0.050056,-0.050056,-0.050056,-0.050056,-0.050056,-1.652061,-0.050056,-0.050056,-0.050056,-0.050056,-0.050056,-0.050056,-1.652061,-0.050056,-1.652061,-0.050056,-0.050056,-0.050056,-1.652061,-0.050056,-0.050056,-0.050056,-0.050056,-0.050056,-1.652061,1.551946,-0.050056,-0.050056,-1.652061,-0.050056,-0.050056,-0.050056,-0.050056,-0.050056,-0.050056,-0.050056,-0.050056,-0.050056,-0.050056,-0.050056,-1.652061,-0.050056,-0.050056,-1.652061,-0.050056,-1.652061,-0.050056,1.551946,1.551946,-1.652061,-1.652061,-1.652061,-0.050056,1.551946,-0.050056,-0.050056,-0.050056,-1.652061,-1.652061,-1.652061,-0.050056,-0.050056,-0.050056,-1.652061,-1.652061,-0.050056,-0.050056,-1.652061,-1.652061,-0.050056,-0.050056,1.551946,-0.050056,-0.050056,-3.254066,-0.050056,-0.050056,-0.050056,-0.050056,-1.652061,-0.050056,-0.050056,-0.050056,-0.050056,-1.652061,-0.050056,-0.050056,-0.050056,-0.050056,-0.050056,-0.050056,-0.050056,-0.050056,-0.050056,-0.050056,-1.652061,-0.050056,-0.050056,1.551946,-0.050056,-0.050056,1.551946,-0.050056,-0.050056,1.551946,1.551946,1.551946,3.153949,1.551946,1.551946,1.551946,1.551946,-0.050056,1.551946,1.551946,1.551946,1.551946,1.551946,-0.050056,1.551946,-0.050056,-0.050056,-0.050056,-0.050056,-0.050056,-0.050056,-0.050056,-0.050056,1.551946,1.551946,-0.050056,-0.050056,-0.050056,-0.050056,-0.050056,-1.652061,-0.050056,1.551946,-0.050056,-0.050056,-1.652061,-0.050056,-1.652061,-0.050056,-0.050056,-0.050056,-0.050056,-0.050056,-0.050056,-1.652061,-0.050056,-1.652061,-1.652061,-1.652061,-1.652061,-0.050056,-0.050056,-0.050056,1.551946,-0.050056,-1.652061,1.551946,-0.050056,-0.050056,-0.050056,-0.050056,-1.652061,1.551946,-0.050056,-1.652061,-1.652061,-0.050056,-0.050056,-0.050056,-0.050056,-1.652061,-0.050056,-0.050056]
],
"cwt" : [
	[0.635792,0.392593,0.201910,0.085239,0.029735,0.008674,0.001873,0.000679,0.000664,0.000773,0.000949,0.000709,0.000246,0.000128,0.000293,0.000478,0.000777,0.000881,0.000755,0.000602,0.000375,0.000131,0.000524,0.000590,0.000491,0.000654,0.000804,0.000648,0.000323,0.000309,0.000602,0.000908,0.001125,0.001176,0.001105,0.001008,0.000870,0.000677,0.000554,0.000845,0.001240,0.001379,0.001253,0.000982,0.000670,0.000414,0.000449,0.000761,0.001106,0.001429,0.001586,0.001449,0.001146,0.000895,0.000795,0.000917,0.001151,0.001297,0.001298,0.001220,0.001061,0.000786,0.000483,0.000291,0.000262,0.000350,0.000416,0.000373,0.000305,0.000386,0.000536,0.000678,0.000718,0.000602,0.000423,0.000288,0.000206,0.000342,0.000595,0.000723,0.000699,0.000629,0.000564,0.000481,0.000498,0.000655,0.000804,0.000932,0.001031,0.001049,0.000970,0.000813,0.000604,0.000347,0.000092,0.000060,0.000138,0.000229,0.000321,0.000431,0.000557,0.000584,0.000469,0.000304,0.000132,0.000097,0.000331,0.000414,0.000286,0.000079,0.000415,0.000776,0.000993,0.001044,0.000960,0.000755,0.000555,0.000520,0.000483,0.000361,0.000247,0.000339,0.000633,0.000860,0.000886,0.000787,0.000646,0.000431,0.000163,0.000027,0.000123,0.000183,0.000221,0.000248,0.000210,0.000274,0.000342,0.000296,0.000257,0.000434,0.000665,0.001509,0.003699,0.007636,0.013232,0.019546,0.025056,0.028337,0.028522,0.025529,0.020312,0.014859,0.011436,0.011014,0.012729,0.015594,0.018800,0.021552,0.023725,0.026413,0.030308,0.033023,0.030545,0.021634,0.013242,0.019484,0.038349,0.078834,0.141342,0.212193,0.278969,0.347674,0.445563,0.590584,0.764187,0.925319,1.036628,1.081995,1.072209,1.037052,1.007998,1.003162,1.023628,1.059687,1.099482,1.134427,1.160877,1.179413,1.192087,1.199773,1.202807,1.203537,1.206340,1.214409,1.227070,1.240154,1.248154,1.246247,1.232384,1.209387,1.184642,1.166180,1.158381,1.161095,1.171325,1.184372,1.194597,1.197922,1.194702,1.189413,1.187216,1.191306,1.202718,1.220459,1.240899,1.258641,1.269663,1.273548,1.272617,1.270170,1.269987,1.275517,1.287520,1.302851,1.316796,1.326426,1.331181,1.331480,1.328569,1.325188,1.324264,1.326400,1.329648,1.331620,1.330825,1.326654,1.319976,1.314069,1.313283,1.319622,1.330927,1.342579,1.350489,1.352663,1.349162,1.341578,1.332244,1.322958,1.313947,1.304208,1.292793,1.277862,1.250965,1.191377,1.071868,0.879521],
	[0.000000,0.000000,0.000000,0.000000,0.000000,0.000000,0.000000,0.000000,0.000000,0.000000,0.000000,0.000000,0.000000,0.000000,0.000000,0.000000,0.000000,0.000000,0.000000,0.000000,0.000000,0.000000,0.000000,0.000000,0.000000,0.000000,0.000000,0.000000,0.000000,0.000000,0.000000,0.000000,0.000000,0.000000,0.000000,0.000000,0.000000,0.000000,0.000000,0.000000,0.000000,0.000000,0.000000,0.000000,0.000000,0.000000,0.000000,0.000000,0.000000,0.000000,0.000000,0.000000,0.000000,0.000000,0.000000,0.000000,0.000000,0.000000,0.000000,0.000000,0.000000,0.000000,0.000000,0.000000,0.000000,0.000000,0.000000,0.000000,0.000000,0.000000,0.000000,0.000000,0.000000,0.000000,0.000000,0.000000,0.000000,0.000000,0.000000,0.000000,0.000000,0.000000,0.000000,0.000000,0.000000,0.000000,0.000000,0.000000,0.000000,0.000000,0.000000,0.000000,0.000000,0.000000,0.000000,0.000000,0.000000,0.000000,0.000000,0.000000,0.000000,0.000000,0.000000,0.000000,0.000000,0.000000,0.000000,0.000000,0.000000,0.000000,0.000000,0.000000,0.000000,0.000000,0.000000,0.000000,0.000000,0.000000,0.000000,0.000000,0.000000,0.000000,0.000000,0.000000,0.000000,0.000000,0.000000,0.000000,0.000000,0.000000,0.000000,0.000000,0.000000,0.000000,0.000000,0.000000,0.000000,0.000000,0.000000,0.000000,0.000000,0.000000,0.000000,0.000000,0.000000,0.000000,0.000000,0.000000,0.000000,0.000000,0.000000,0.000000,0.000000,0.000000,0.000000,0.000000,0.000000,0.000000,0.000000,0.000000,0.000000,0.000000,0.000000,0.000000,0.000000,0.000000,0.000000,0.000000,0.000000,0.000000,0.000000,0.000000,0.000000,0.000000,0.000000,0.000000,0.000000,0.000000,0.000000,0.000000,0.000000,0.000000,0.000000,0.000000,0.000000,0.000000,0.000000,0.000000,0.000000,0.000000,0.000000,0.000000,0.000000,0.000000,0.000000,0.000000,0.000000,0.000000,0.000000,0.000000,0.000000,0.000000,0.000000,0.000000,0.000000,0.000000,0.000000,0.000000,0.000000,0.000000,0.000000,0.000000,0.000000,0.000000,0.000000,0.000000,0.000000,0.000000,0.000000,0.000000,0.000000,0.000000,0.000000,0.000000,0.000000,0.000000,0.000000,0.000000,0.000000,0.000000,0.000000,0.000000,0.000000,0.000000,0.000000,0.000000,0.000000,0.000000,0.000000,0.000000,0.000000,0.000000,0.000000,0.000000,0.000000,0.000000,0.000000,0.000000,0.000000,0.000000,0.000000,0.000000,0.000000,0.000000,0.000000,0.000000],
	[0.099974,0.045914,0.164607,0.234115,0.234092,0.177546,0.105070,0.115515,0.189898,0.246807,0.279648,0.297937,0.286836,0.219471,0.096982,0.058137,0.155401,0.189143,0.165837,0.112633,0.069075,0.093969,0.152596,0.209837,0.248356,0.253712,0.233231,0.212665,0.192611,0.154293,0.129104,0.152625,0.191447,0.232726,0.246404,0.210244,0.160319,0.142489,0.160746,0.193195,0.188923,0.133720,0.075258,0.058704,0.069728,0.066340,0.018134,0.064833,0.099875,0.126210,0.216621,0.271121,0.208271,0.045132,0.142251,0.289846,0.375332,0.397319,0.358539,0.276479,0.187947,0.129478,0.119054,0.151985,0.214419,0.288482,0.346927,0.354420,0.286159,0.155728,0.061719,0.152468,0.218385,0.228806,0.194103,0.147978,0.149169,0.194362,0.242910,0.283102,0.304163,0.292878,0.248962,0.181529,0.098392,0.012511,0.062393,0.127139,0.197497,0.262167,0.293523,0.285697,0.253584,0.206974,0.152968,0.114992,0.107027,0.115356,0.146911,0.188247,0.207310,0.202277,0.201255,0.215750,0.219048,0.190235,0.140634,0.101743,0.098813,0.129757,0.168317,0.189336,0.183484,0.153412,0.110412,0.113669,0.200547,0.295137,0.350298,0.361562,0.351377,0.332547,0.292557,0.226434,0.167313,0.153829,0.177957,0.213908,0.231580,0.212676,0.166148,0.118152,0.086074,0.062155,0.041146,0.038048,0.054785,0.077680,0.090073,0.082841,0.066529,0.063811,0.082304,0.110838,0.137310,0.150577,0.134929,0.087230,0.074581,0.157681,0.250178,0.314496,0.331961,0.298216,0.227044,0.150006,0.102885,0.098058,0.116400,0.137617,0.151405,0.145124,0.122750,0.145364,0.222675,0.289631,0.314101,0.293919,0.236889,0.165561,0.153087,0.220887,0.285371,0.316732,0.320943,0.297545,0.236993,0.146225,0.054388,0.041602,0.079119,0.112330,0.146468,0.153471,0.116659,0.060203,0.067690,0.156912,0.267610,0.332932,0.330517,0.308241,0.299422,0.291461,0.264230,0.228368,0.246429,0.292782,0.304249,0.284663,0.254869,0.217776,0.176663,0.145137,0.131164,0.123459,0.094055,0.038993,0.095705,0.170658,0.196628,0.181959,0.189200,0.258814,0.327637,0.347154,0.322046,0.276936,0.222885,0.160477,0.101075,0.063153,0.052206,0.053596,0.060618,0.094707,0.126804,0.136471,0.149584,0.169515,0.163504,0.124140,0.069104,0.016923,0.034101,0.062623,0.060072,0.022364,0.059184,0.127325,0.168552,0.175294,0.161251,0.142140,0.125819,0.117049,0.113868,0.147103,0.216447,0.256489,0.234346,0.175392,0.148712,0.182991,0.213775,0.190317],
	[0.281144,0.158930,0.081115,0.041292,0.024946,0.018821,0.015780,0.012786,0.009039,0.005807,0.005837,0.009791,0.014566,0.017112,0.016547,0.015720,0.017348,0.018954,0.018376,0.016522,0.014348,0.011020,0.006637,0.006333,0.009156,0.008944,0.005862,0.006285,0.010723,0.013566,0.012977,0.008446,0.002648,0.005682,0.005897,0.001987,0.003850,0.004985,0.003310,0.001396,0.000757,0.000391,0.000959,0.002183,0.003974,0.006449,0.008217,0.007477,0.004906,0.003550,0.005580,0.009895,0.014694,0.019300,0.023174,0.024817,0.022680,0.016994,0.010172,0.005038,0.004535,0.008077,0.012067,0.014120,0.013170,0.010963,0.010784,0.012962,0.014435,0.013086,0.010124,0.008567,0.008941,0.008658,0.006901,0.007142,0.008820,0.009046,0.009332,0.011947,0.016361,0.019838,0.020547,0.019075,0.016737,0.013697,0.009812,0.006576,0.006591,0.010140,0.014849,0.017881,0.018563,0.018682,0.019720,0.020518,0.019020,0.014933,0.010485,0.009985,0.013160,0.015816,0.016854,0.017109,0.017282,0.017392,0.017448,0.016803,0.013868,0.008849,0.006830,0.009239,0.009589,0.008144,0.009432,0.013069,0.015940,0.017435,0.018236,0.018506,0.016909,0.011948,0.007280,0.013012,0.019069,0.019904,0.016233,0.010928,0.006816,0.006274,0.009242,0.013079,0.015964,0.017547,0.018658,0.019920,0.020638,0.019246,0.015164,0.010606,0.010046,0.012539,0.014047,0.014736,0.017955,0.023964,0.029280,0.031687,0.030948,0.027532,0.022711,0.020213,0.022835,0.026717,0.027300,0.022660,0.014985,0.015598,0.025363,0.033423,0.037162,0.037943,0.038672,0.041645,0.046643,0.051523,0.053580,0.050784,0.043407,0.034339,0.027404,0.022931,0.015950,0.014983,0.044935,0.091853,0.148348,0.206649,0.258492,0.296720,0.316740,0.319024,0.310403,0.300465,0.295977,0.299189,0.309513,0.325121,0.344077,0.364514,0.382399,0.387313,0.363013,0.309614,0.297216,0.411985,0.590637,0.759875,0.897242,1.003560,1.085021,1.146792,1.186219,1.188997,1.139752,1.041092,0.921485,0.827282,0.804608,0.863235,0.961699,1.053019,1.121853,1.178346,1.234912,1.295645,1.366668,1.463975,1.593343,1.728936,1.832268,1.884358,1.888596,1.855652,1.800033,1.742652,1.700638,1.676000,1.661729,1.653697,1.649230,1.641818,1.630648,1.628109,1.641732,1.657920,1.657655,1.637592,1.607539,1.575706,1.545144,1.520575,1.506290,1.496139,1.476941,1.441976,1.390452,1.316305,1.212502,1.089933,0.978735,0.897620,0.828556,0.735435,0.600268,0.437675],
	[0.108617,0.052001,0.031417,0.047754,0.099376,0.173317,0.236940,0.265414,0.267630,0.251349,0.196468,0.113714,0.107034,0.143943,0.111117,0.038795,0.118219,0.170304,0.157836,0.130683,0.153167,0.238155,0.353850,0.463828,0.538502,0.544360,0.453908,0.276186,0.070778,0.145174,0.252502,0.289749,0.338307,0.426313,0.489764,0.497761,0.454636,0.363267,0.235216,0.104441,0.023806,0.096819,0.206253,0.330635,0.408384,0.405741,0.351356,0.293500,0.293637,0.371959,0.457776,0.509996,0.526221,0.508130,0.466288,0.424313,0.393142,0.357450,0.293521,0.200433,0.108122,0.047079,0.019784,0.010421,0.016045,0.048122,0.110723,0.194268,0.271462,0.305757,0.274334,0.190187,0.092237,0.022399,0.092248,0.189083,0.273173,0.302185,0.255804,0.149087,0.041225,0.149951,0.258608,0.301628,0.269300,0.187296,0.099849,0.083261,0.140462,0.164739,0.112216,0.043358,0.164560,0.272944,0.338215,0.363178,0.344330,0.274890,0.164671,0.089545,0.195164,0.332195,0.437613,0.489354,0.486213,0.446172,0.384931,0.302064,0.202879,0.111062,0.048498,0.017854,0.009850,0.018207,0.047520,0.107830,0.192285,0.269457,0.304314,0.288899,0.232502,0.132832,0.158264,0.382533,0.599881,0.736638,0.762176,0.686562,0.577546,0.526367,0.514459,0.442141,0.278451,0.107126,0.187865,0.294720,0.336794,0.346493,0.354925,0.384222,0.441219,0.502108,0.538075,0.545339,0.535809,0.502121,0.421114,0.308962,0.258806,0.335246,0.471077,0.595335,0.639713,0.571144,0.433847,0.329726,0.314744,0.322780,0.295130,0.250440,0.249117,0.290153,0.312022,0.276948,0.194478,0.106595,0.047259,0.016853,0.012553,0.049130,0.111916,0.196836,0.284949,0.348108,0.376373,0.383134,0.367018,0.328572,0.303157,0.311492,0.334809,0.324087,0.225179,0.047154,0.154873,0.257702,0.242588,0.179569,0.198261,0.262671,0.288886,0.255957,0.162329,0.051801,0.114732,0.161167,0.149857,0.158779,0.177858,0.150380,0.092772,0.049749,0.057681,0.123905,0.229390,0.344277,0.422939,0.428410,0.364309,0.281405,0.246161,0.293926,0.402446,0.509239,0.557182,0.525887,0.433820,0.311878,0.170522,0.021169,0.107931,0.161270,0.140398,0.084369,0.081403,0.141031,0.175547,0.164589,0.162267,0.185827,0.184865,0.191791,0.202635,0.136143,0.076792,0.272909,0.449511,0.538675,0.532704,0.447132,0.298480,0.108171,0.114308,0.313766,0.485607,0.610160,0.665868,0.636540,0.529439,0.378257,0.243627,0.217127,0.275765,0.308054,0.274831,0.193714]
],
"envelope_edge" : [
	[0.013355,0.012981,0.012020,0.010835,0.009738,0.008855,0.008166,0.007618,0.007170,0.006787,0.006454,0.006159,0.005889,0.005642,0.005416,0.005207,0.005015,0.004837,0.004671,0.004512,0.004363,0.004219,0.004082,0.003956,0.003833,0.003716,0.003605,0.003499,0.003395,0.003292,0.003195,0.003102,0.003014,0.002929,0.002847,0.002766,0.002687,0.002610,0.002532,0.002457,0.002387,0.002320,0.002254,0.002189,0.002124,0.002058,0.001992,0.001929,0.001869,0.001812,0.001757,0.001703,0.001648,0.001592,0.001536,0.001481,0.001428,0.001378,0.001328,0.001279,0.001231,0.001182,0.001132,0.001082,0.001033,0.000984,0.000937,0.000890,0.000843,0.000796,0.000750,0.000705,0.000662,0.000618,0.000574,0.000529,0.000483,0.000437,0.000394,0.000351,0.000309,0.000266,0.000223,0.000179,0.000135,0.000092,0.000049,0.000007,-0.000034,-0.000075,-0.000117,-0.000158,-0.000201,-0.000244,-0.000289,-0.000334,-0.000379,-0.000423,-0.000468,-0.000512,-0.000556,-0.000599,-0.000643,-0.000688,-0.000734,-0.000782,-0.000829,-0.000874,-0.000920,-0.000970,-0.001020,-0.001068,-0.001115,-0.001162,-0.001210,-0.001259,-0.001311,-0.001363,-0.001416,-0.001469,-0.001524,-0.001581,-0.001638,-0.001693,-0.001749,-0.001806,-0.001865,-0.001926,-0.001989,-0.002055,-0.002122,-0.002189,-0.002259,-0.002329,-0.002402,-0.002478,-0.002556,-0.002636,-0.002722,-0.002811,-0.002907,-0.003010,-0.003120,-0.003230,-0.003332,-0.003416,-0.003483,-0.003537,-0.003591,-0.003656,-0.003749,-0.003874,-0.004029,-0.004195,-0.004363,-0.004527,-0.004691,-0.004856,-0.005034,-0.005226,-0.005426,-0.005617,-0.005826,-0.006097,-0.006513,-0.007027,-0.007597,-0.008214,-0.008749,-0.009155,-0.009499,-0.009929,-0.010452,-0.010824,-0.010751,-0.010149,-0.009162,-0.008087,-0.007213,-0.006699,-0.006515,-0.006511,-0.006520,-0.006441,-0.006245,-0.005961,-0.005632,-0.005299,-0.004975,-0.004668,-0.004388,-0.004154,-0.003964,-0.003788,-0.003585,-0.003328,-0.003017,-0.002680,-0.002367,-0.002134,-0.002012,-0.001983,-0.002000,-0.002013,-0.001983,-0.001892,-0.001744,-0.001573,-0.001426,-0.001333,-0.001290,-0.001273,-0.001250,-0.001190,-0.001066,-0.000879,-0.000655,-0.000435,-0.000245,-0.000097,0.000009,0.000095,0.000200,0.000354,0.000561,0.000800,0.001050,0.001294,0.001516,0.001709,0.001884,0.002065,0.002269,0.002497,0.002737,0.002975,0.003191,0.003370,0.003527,0.003698,0.003923,0.004216,0.004569,0.004959,0.005363,0.005769,0.006174,0.006593,0.007047,0.007556,0.008140,0.008842,0.009730,0.010831,0.012018,0.012980],
	[0.000000,0.000000,0.000000,0.000000,0.000000,0.000000,0.000000,0.000000,0.000000,0.000000,0.000000,0.000000,0.000000,0.000000,0.000000,0.000000,0.000000,0.000000,0.000000,0.000000,0.000000,0.000000,0.000000,0.000000,0.000000,0.000000,0.000000,0.000000,0.000000,0.000000,0.000000,0.000000,0.000000,0.000000,0.000000,0.000000,0.000000,0.000000,0.000000,0.000000,0.000000,0.000000,0.000000,0.000000,0.000000,0.000000,0.000000,0.000000,0.000000,0.000000,0.000000,0.000000,0.000000,0.000000,0.000000,0.000000,0.000000,0.000000,0.000000,0.000000,0.000000,0.000000,0.000000,0.000000,0.000000,0.000000,0.000000,0.000000,0.000000,0.000000,0.000000,0.000000,0.000000,0.000000,0.000000,0.000000,0.000000,0.000000,0.000000,0.000000,0.000000,0.000000,0.000000,0.000000,0.000000,0.000000,0.000000,0.000000,0.000000,0.000000,0.000000,0.000000,0.000000,0.000000,0.000000,0.000000,0.000000,0.000000,0.000000,0.000000,0.000000,0.000000,0.000000,0.000000,0.000000,0.000000,0.000000,0.000000,0.000000,0.000000,0.000000,0.000000,0.000000,0.000000,0.000000,0.000000,0.000000,0.000000,0.000000,0.000000,0.000000,0.000000,0.000000,0.000000,0.000000,0.000000,0.000000,0.000000,0.000000,0.000000,0.000000,0.000000,0.000000,0.000000,0.000000,0.000000,0.000000,0.000000,0.000000,0.000000,0.000000,0.000000,0.000000,0.000000,0.000000,0.000000,0.000000,0.000000,0.000000,0.000000,0.000000,0.000000,0.000000,0.000000,0.000000,0.000000,0.000000,0.000000,0.000000,0.000000,0.000000,0.000000,0.000000,0.000000,0.000000,0.000000,0.000000,0.000000,0.000000,0.000000,0.000000,0.000000,0.000000,0.000000,0.000000,0.000000,0.000000,0.000000,0.000000,0.000000,0.000000,0.000000,0.000000,0.000000,0.000000,0.000000,0.000000,0.000000,0.000000,0.000000,0.000000,0.000000,0.000000,0.000000,0.000000,0.000000,0.000000,0.000000,0.000000,0.000000,0.000000,0.000000,0.000000,0.000000,0.000000,0.000000,0.000000,0.000000,0.000000,0.000000,0.000000,0.000000,0.000000,0.000000,0.000000,0.000000,0.000000,0.000000,0.000000,0.000000,0.000000,0.000000,0.000000,0.000000,0.000000,0.000000,0.000000,0.000000,0.000000,0.000000,0.000000,0.000000,0.000000,0.000000,0.000000,0.000000,0.000000,0.000000,0.000000,0.000000,0.000000,0.000000,0.000000,0.000000,0.000000,0.000000,0.000000,0.000000,0.000000,0.000000,0.000000,0.000000,0.000000,0.000000,0.000000,0.000000],
	[0.000480,-0.000488,-0.001054,-0.000531,-0.000047,0.000323,-0.000010,-0.000671,-0.000921,-0.000705,-0.000404,0.000021,0.000562,0.001082,0.000970,-0.000032,-0.000424,0.000022,0.000274,0.000341,-0.000127,-0.000661,-0.000895,-0.000805,-0.000515,-0.000123,0.000114,0.000222,0.000309,0.000312,-0.000023,-0.000331,-0.000410,-0.000252,0.000157,0.000502,0.000463,0.000203,0.000007,0.000124,0.000508,0.000733,0.000515,0.000140,-0.000100,-0.000059,-0.000421,-0.001032,-0.000991,-0.001373,-0.001320,-0.000748,0.000188,-0.000525,-0.001894,-0.001729,-0.001148,-0.000255,0.000435,0.000883,0.000779,0.000386,-0.000214,-0.000647,-0.000918,-0.000779,-0.000335,0.000474,0.001121,0.001301,0.000279,-0.000502,-0.000229,0.000080,0.000353,0.000134,-0.000276,-0.000542,-0.000468,-0.000267,0.000173,0.000607,0.001037,0.001161,0.001153,0.000359,-0.000533,-0.000776,-0.000894,-0.000612,-0.000166,0.000325,0.000640,0.000836,0.000780,0.000508,0.000164,-0.000119,-0.000362,-0.000331,-0.000138,0.000007,-0.000002,0.000074,0.000314,0.000566,0.000570,0.000295,-0.000117,-0.000389,-0.000412,-0.000240,-0.000049,0.000029,-0.000221,-0.000878,-0.001316,-0.001125,-0.000622,-0.000068,0.000346,0.000738,0.001093,0.001251,0.001013,0.000622,0.000373,0.000414,0.000704,0.001060,0.001237,0.001185,0.001008,0.000835,0.000581,0.000268,0.000020,-0.000064,-0.000027,0.000018,-0.000090,-0.000323,-0.000543,-0.000626,-0.000587,-0.000418,-0.000240,-0.000333,-0.000988,-0.001468,-0.001325,-0.000844,-0.000152,0.000461,0.000808,0.000736,0.000365,-0.000049,-0.000297,-0.000396,-0.000378,-0.000335,-0.000537,-0.001015,-0.001173,-0.000857,-0.000323,0.000179,0.000472,0.000292,-0.000333,-0.000674,-0.000463,-0.000059,0.000413,0.000905,0.001310,0.001416,0.000981,0.000210,-0.000166,-0.000335,-0.000297,-0.000090,0.000056,-0.000302,-0.001074,-0.001611,-0.001506,-0.000925,-0.000341,-0.000102,0.000046,0.000218,0.000406,0.000256,-0.000021,0.000082,0.000480,0.000777,0.000994,0.001089,0.001091,0.000908,0.000764,0.000642,0.000681,0.000135,-0.000568,-0.000527,-0.000272,-0.000180,-0.000491,-0.000623,-0.000234,0.000403,0.000955,0.001317,0.001537,0.001589,0.001421,0.001075,0.000724,0.000450,0.000167,-0.000060,0.000006,0.000071,0.000110,0.000256,0.000606,0.000796,0.000835,0.000414,-0.000040,-0.000135,-0.000033,-0.000322,-0.000874,-0.000911,-0.000673,-0.000367,-0.000200,-0.000151,-0.000224,-0.000353,-0.000586,-0.000910,-0.000875,-0.000407,0.000106,0.000204,-0.000109,-0.000321,-0.000033,0.000369],
	[0.011318,0.010540,0.009648,0.008813,0.008119,0.007566,0.007116,0.006737,0.006398,0.006075,0.005767,0.005498,0.005280,0.005100,0.004932,0.004755,0.004590,0.004456,0.004334,0.004214,0.004096,0.003981,0.003848,0.003700,0.003586,0.003500,0.003393,0.003266,0.003166,0.003105,0.003054,0.002999,0.002890,0.002781,0.002734,0.002645,0.002553,0.002495,0.002435,0.002360,0.002283,0.002206,0.002129,0.002057,0.001989,0.001931,0.001889,0.001851,0.001795,0.001717,0.001634,0.001568,0.001520,0.001488,0.001473,0.001475,0.001482,0.001470,0.001425,0.001349,0.001258,0.001188,0.001147,0.001126,0.001105,0.001064,0.001009,0.000966,0.000944,0.000926,0.000890,0.000838,0.000791,0.000756,0.000711,0.000653,0.000609,0.000571,0.000520,0.000466,0.000431,0.000421,0.000419,0.000411,0.000392,0.000367,0.000328,0.000267,0.000192,0.000129,0.000092,0.000077,0.000061,0.000036,0.000011,-0.000001,-0.000008,-0.000027,-0.000079,-0.000150,-0.000203,-0.000231,-0.000254,-0.000279,-0.000307,-0.000333,-0.000357,-0.000374,-0.000391,-0.000432,-0.000506,-0.000561,-0.000592,-0.000641,-0.000705,-0.000750,-0.000778,-0.000800,-0.000824,-0.000841,-0.000857,-0.000882,-0.000969,-0.001055,-0.001070,-0.001068,-0.001075,-0.001116,-0.001184,-0.001270,-0.001342,-0.001394,-0.001431,-0.001466,-0.001502,-0.001538,-0.001564,-0.001587,-0.001622,-0.001692,-0.001782,-0.001856,-0.001914,-0.001984,-0.002064,-0.002125,-0.002156,-0.002173,-0.002191,-0.002224,-0.002285,-0.002381,-0.002474,-0.002533,-0.002571,-0.002618,-0.002725,-0.002892,-0.003014,-0.003079,-0.003131,-0.003199,-0.003290,-0.003391,-0.003482,-0.003553,-0.003606,-0.003663,-0.003750,-0.003893,-0.004082,-0.004301,-0.004561,-0.004984,-0.005446,-0.005777,-0.005991,-0.006045,-0.005970,-0.005785,-0.005570,-0.005389,-0.005319,-0.005358,-0.005488,-0.005652,-0.005831,-0.005990,-0.006134,-0.006235,-0.006291,-0.006283,-0.006343,-0.006786,-0.007947,-0.009164,-0.009666,-0.009571,-0.009128,-0.008529,-0.007841,-0.007087,-0.006225,-0.005275,-0.004382,-0.003816,-0.003799,-0.004383,-0.005331,-0.006174,-0.006580,-0.006616,-0.006516,-0.006437,-0.006392,-0.006368,-0.006382,-0.006386,-0.006158,-0.005495,-0.004437,-0.003212,-0.002024,-0.001001,-0.000235,0.000249,0.000550,0.000796,0.001052,0.001324,0.001634,0.001974,0.002276,0.002516,0.002815,0.003285,0.003880,0.004464,0.004968,0.005402,0.005786,0.006132,0.006508,0.007000,0.007618,0.008302,0.009021,0.009756,0.010397,0.010777,0.010876,0.010915,0.011134,0.011520,0.011824,0.011784],
	[0.001730,0.001205,0.000568,-0.000061,-0.000542,-0.000721,-0.000524,-0.000170,0.000183,0.000517,0.000836,0.000591,0.000011,-0.000086,0.000166,-0.000483,-0.001209,-0.000945,-0.000905,-0.001145,-0.001838,-0.002239,-0.002344,-0.001825,-0.001034,0.000226,0.001185,0.001811,0.000604,-0.000987,-0.001076,-0.001073,-0.001210,-0.001091,-0.000441,0.000361,0.001122,0.001691,0.001799,0.001362,0.000116,-0.001097,-0.001547,-0.001550,-0.000878,-0.000218,0.000148,-0.000065,-0.000617,-0.000976,-0.000720,-0.000214,0.000438,0.001013,0.001462,0.001680,0.001908,0.002191,0.002529,0.002597,0.002333,0.001778,0.001233,0.000689,0.000167,-0.000390,-0.000764,-0.000883,-0.000545,0.000064,0.000766,0.001050,0.000917,0.000008,-0.000906,-0.001030,-0.000767,-0.000023,0.000549,0.000831,-0.000156,-0.001183,-0.000853,-0.000295,0.000437,0.000627,0.000396,-0.000416,-0.000649,-0.000516,-0.000260,-0.001215,-0.002057,-0.001838,-0.001414,-0.000818,-0.000216,0.000189,0.000126,-0.000970,-0.002045,-0.002060,-0.001605,-0.000781,0.000001,0.000673,0.001152,0.001491,0.001524,0.001225,0.000684,0.000085,-0.000498,-0.001068,-0.001639,-0.002129,-0.002325,-0.002146,-0.001701,-0.001336,-0.001156,-0.001731,-0.003341,-0.004217,-0.003648,-0.002424,-0.000861,0.000279,0.000758,0.000696,0.001092,0.001662,0.001980,0.000684,-0.000817,-0.000917,-0.000801,-0.000706,-0.000843,-0.001009,-0.001088,-0.000832,-0.000389,0.000104,0.000558,0.001066,0.001423,0.001201,0.000232,-0.000670,-0.000830,-0.000219,0.000980,0.002106,0.002547,0.002163,0.001712,0.001676,0.001799,0.001615,0.001243,0.001158,0.001533,0.001997,0.002215,0.001970,0.001472,0.000851,0.000179,-0.000504,-0.000954,-0.001238,-0.001106,-0.000766,-0.000268,0.000106,0.000559,0.000697,0.000705,0.000557,0.000879,0.001293,0.002027,0.001037,-0.000273,0.000159,0.000654,0.000574,0.000050,0.000115,0.000592,0.001115,0.001425,0.000706,-0.000155,0.000062,0.000027,-0.000073,-0.000006,0.000245,0.000086,-0.000406,-0.001188,-0.001811,-0.002137,-0.001925,-0.001265,-0.000401,0.000144,0.000098,-0.000471,-0.001087,-0.001227,-0.000713,0.000303,0.001329,0.002148,0.002446,0.002540,0.001397,0.000234,0.000513,0.000586,0.000456,-0.000284,-0.000506,-0.000437,-0.000293,-0.000572,-0.000565,-0.000621,-0.000671,-0.000644,-0.000491,-0.001834,-0.002860,-0.002255,-0.001240,-0.000006,0.000849,0.001311,0.000485,-0.001473,-0.002340,-0.002020,-0.001199,0.000029,0.001296,0.002260,0.002602,0.002138,0.001263,0.000958,0.001304,0.001778,0.001969]
],
	"idxs" : [173,0,49,196,123]
,"hydrophone_pos" : [
	[0.000000,0.000000,0.000000],
	[0.000000,0.000000,0.000000],
	[0.450000,0.000000,0.000000],
	[0.000000,0.450000,0.000000],
	[0.000000,0.000000,-0.450000]
],
	"direction_of_arrival" : [0.635455,0.066889,0.769235]
,	"valid" : [0.000000,-0.000000,-0.000000,-0.000000,-0.000000]
}