dump = {
	"magnitude" : [0.000000,0.000102,0.000125,0.000133,0.000141,0.000171,0.000136,0.000339,0.000283,0.000330,0.000469,0.000468,0.002861,0.000100,0.016231,0.133557,0.041213,0.006101,0.003256,0.002382,0.000701,0.000813,0.000216,0.000283,0.000406,0.000238,0.000169,0.000235,0.000194,0.000181,0.000146,0.000045]
,	"raw_mv" : [
	[-7.630000,-7.630000,-7.248499,-7.248499,-7.248499,-7.248499,-7.248499,-7.248499,-7.248499,-7.248499,-7.630000,-7.248499,-7.248499,-7.248499,-7.630000,-7.248499,-7.630000,-7.630000,-7.248499,-7.630000,-7.248499,-7.248499,-7.248499,-7.630000,-7.630000,-7.248499,-7.248499,-7.248499,-7.630000,-7.630000,-7.630000,-7.630000,-7.630000,-7.630000,-7.248499,-7.630000,-7.630000,-7.630000,-7.248499,-7.630000,-7.630000,-7.248499,-6.867000,-7.248499,-7.248499,-7.630000,-7.248499,-7.248499,-7.630000,-7.630000,-7.630000,-7.630000,-7.248499,-7.248499,-7.630000,-7.248499,-7.248499,-7.248499,-7.248499,-7.248499,-7.248499,-7.630000,-7.248499,-7.248499,-7.248499,-7.248499,-7.630000,-6.867000,-7.248499,-7.630000,-7.248499,-7.248499,-7.248499,-7.248499,-7.248499,-7.248499,-7.248499,-6.867000,-7.630000,-7.630000,-7.248499,-7.630000,-7.248499,-7.248499,-7.248499,-7.248499,-7.248499,-7.630000,-7.630000,-7.630000,-7.248499,-7.248499,-7.630000,-7.248499,-7.630000,-7.630000,-8.011500,-7.630000,-7.630000,-7.248499,-7.630000,-7.248499,-7.248499,-7.630000,-7.630000,-7.630000,-7.630000,-7.630000,-7.630000,-7.630000,-7.630000,-7.630000,-7.630000,-7.248499,-7.630000,-8.011500,-7.630000,-7.248499,-7.630000,-7.630000,-7.248499,-7.630000,-7.248499,-7.630000,-7.630000,-7.248499,-7.248499,-7.630000,-7.630000,-7.248499,-7.248499,-7.248499,-7.630000,-7.248499,-6.867000,-7.248499,-7.630000,-7.248499,-7.248499,-6.104000,0.763000,-21.745500,-30.901500,28.231000,35.861000,-57.606502,-59.513999,41.201999,49.976501,-28.612501,-88.126502,-4.959500,96.519500,1.526000,-123.606002,-16.404500,124.369003,11.444999,-149.548004,-52.646999,139.247497,78.589004,-151.074005,-150.311004,135.813995,189.223999,-116.357498,-248.738006,62.947502,243.778503,-18.312000,-272.390991,-43.109500,243.397003,80.496498,-226.229507,-127.421005,162.518997,150.311004,-147.640502,-205.247009,126.658004,208.298995,-129.328506,-242.634002,121.317001,222.033004,-113.305503,-264.761016,88.126502,262.853515,-51.884002,-327.708496,1.144500,337.246002,44.254001,-386.078002,-108.346000,380.736999,139.628997,-379.592498,-206.391510,336.864501,238.437500,-308.633514,-313.974517,272.390991,321.604492,-233.096496,-387.985504,195.709503,379.592498,-146.877502,-432.239501,100.334503,417.742492,-54.173000,-451.696014,-2.289000,441.014007,33.190502,-460.470520,-99.953002,441.014007,140.773498,-432.621002,-223.940506,402.101013,259.038513,-371.962493,-347.546508,337.246002,362.425018,-289.177001,-429.187500,230.044509,436.817504,-164.044998,-505.106018,96.519500,508.158020,-40.820499,-539.059509,-35.861000,520.747497,85.074501,-514.262023,-165.570999,474.967498,205.628509,-447.499511,-297.188507,418.123992,330.378997,-383.789001,-415.453491],
	[0.000000,0.000000,0.000000,0.000000,0.000000,0.000000,0.000000,0.000000,0.000000,0.000000,0.000000,0.000000,0.000000,0.000000,0.000000,0.000000,0.000000,0.000000,0.000000,0.000000,0.000000,0.000000,0.000000,0.000000,0.000000,0.000000,0.000000,0.000000,0.000000,0.000000,0.000000,0.000000,0.000000,0.000000,0.000000,0.000000,0.000000,0.000000,0.000000,0.000000,0.000000,0.000000,0.000000,0.000000,0.000000,0.000000,0.000000,0.000000,0.000000,0.000000,0.000000,0.000000,0.000000,0.000000,0.000000,0.000000,0.000000,0.000000,0.000000,0.000000,0.000000,0.000000,0.000000,0.000000,0.000000,0.000000,0.000000,0.000000,0.000000,0.000000,0.000000,0.000000,0.000000,0.000000,0.000000,0.000000,0.000000,0.000000,0.000000,0.000000,0.000000,0.000000,0.000000,0.000000,0.000000,0.000000,0.000000,0.000000,0.000000,0.000000,0.000000,0.000000,0.000000,0.000000,0.000000,0.000000,0.000000,0.000000,0.000000,0.000000,0.000000,0.000000,0.000000,0.000000,0.000000,0.000000,0.000000,0.000000,0.000000,0.000000,0.000000,0.000000,0.000000,0.000000,0.000000,0.000000,0.000000,0.000000,0.000000,0.000000,0.000000,0.000000,0.000000,0.000000,0.000000,0.000000,0.000000,0.000000,0.000000,0.000000,0.000000,0.000000,0.000000,0.000000,0.000000,0.000000,0.000000,0.000000,0.000000,0.000000,0.000000,0.000000,0.000000,0.000000,0.000000,0.000000,0.000000,0.000000,0.000000,0.000000,0.000000,0.000000,0.000000,0.000000,0.000000,0.000000,0.000000,0.000000,0.000000,0.000000,0.000000,0.000000,0.000000,0.000000,0.000000,0.000000,0.000000,0.000000,0.000000,0.000000,0.000000,0.000000,0.000000,0.000000,0.000000,0.000000,0.000000,0.000000,0.000000,0.000000,0.000000,0.000000,0.000000,0.000000,0.000000,0.000000,0.000000,0.000000,0.000000,0.000000,0.000000,0.000000,0.000000,0.000000,0.000000,0.000000,0.000000,0.000000,0.000000,0.000000,0.000000,0.000000,0.000000,0.000000,0.000000,0.000000,0.000000,0.000000,0.000000,0.000000,0.000000,0.000000,0.000000,0.000000,0.000000,0.000000,0.000000,0.000000,0.000000,0.000000,0.000000,0.000000,0.000000,0.000000,0.000000,0.000000,0.000000,0.000000,0.000000,0.000000,0.000000,0.000000,0.000000,0.000000,0.000000,0.000000,0.000000,0.000000,0.000000,0.000000,0.000000,0.000000,0.000000,0.000000,0.000000,0.000000,0.000000,0.000000,0.000000,0.000000,0.000000,0.000000,0.000000,0.000000,0.000000,0.000000],
	[-7.019600,-6.867000,-6.867000,-6.790700,-6.714400,-6.867000,-7.019600,-6.943300,-6.867000,-6.790700,-6.867000,-6.790700,-6.867000,-6.943300,-6.790700,-6.714400,-6.714400,-6.714400,-6.638100,-6.638100,-6.561800,-6.561800,-6.561800,-6.561800,-6.409200,-6.409200,-6.485500,-6.485500,-6.332900,-6.409200,-6.332900,-6.409200,-6.332900,-6.409200,-6.409200,-6.409200,-6.409200,-6.180300,-6.409200,-6.485500,-6.409200,-6.409200,-6.332900,-6.485500,-6.638100,-6.561800,-6.485500,-6.638100,-6.561800,-6.561800,-6.638100,-6.638100,-6.561800,-6.714400,-6.790700,-6.943300,-6.790700,-6.867000,-6.790700,-6.867000,-6.867000,-6.714400,-6.943300,-6.867000,-6.714400,-6.561800,-6.714400,-6.790700,-6.714400,-6.867000,-6.561800,-6.714400,-6.867000,-6.714400,-6.714400,-6.638100,-6.714400,-6.561800,-6.638100,-6.561800,-6.638100,-6.638100,-6.485500,-6.485500,-6.714400,-6.790700,-6.638100,-6.485500,-6.638100,-6.867000,-6.638100,-6.485500,-6.485500,-6.638100,-6.714400,-6.638100,-6.638100,-6.638100,-6.790700,-6.638100,-6.638100,-6.714400,-6.714400,-6.638100,-6.561800,-6.790700,-6.943300,-6.790700,-6.638100,-6.714400,-6.867000,-6.867000,-6.561800,-6.561800,-6.714400,-6.943300,-2.975700,-13.505100,-4.883200,-3.738700,-8.393000,-7.401100,-6.256600,-6.332900,-7.630000,-4.349100,-9.232300,-7.095900,-4.120200,-7.019600,-10.682000,-3.891300,-6.714400,-12.589500,3.280900,4.349100,-35.174301,-0.763000,10.758300,-1.449700,-26.399801,-17.014900,1.678600,19.914300,-10.758300,-40.973102,-1.678600,34.029800,-11.445000,-42.422801,-11.750200,30.596300,-5.569900,-18.998701,-17.320100,-15.641500,21.669200,5.341000,-21.287700,-41.507202,24.110801,5.341000,4.425400,-34.029800,-29.985900,9.003399,53.257400,-41.812400,-54.173000,2.212700,65.083900,-16.633399,-66.457305,-23.805601,64.855003,16.328201,-70.119705,-39.676002,46.237800,46.237800,-60.811103,-53.486301,21.440300,69.661903,-52.112903,-64.473503,8.469300,80.115005,-35.326900,-70.195999,-10.682000,81.183204,-16.786001,-75.002899,-23.958200,78.360099,6.409200,-78.283805,-37.997402,62.718601,34.563900,-72.256103,-48.755703,53.638900,42.880600,-88.279106,-34.106101,62.489700,29.070301,-92.017799,-23.347801,47.916400,47.534900,-88.660606,-45.856300,48.832000,69.280403,-84.006301,-73.782104,44.254001,86.066406,-67.372901,-86.676803,29.833301,85.913803,-39.981201,-96.138000,10.376800,77.597099,-3.662400,-98.808502,-5.798800,65.312805,20.143199,-95.298706,-17.548999,44.788101,38.226303,-71.874603,-24.797500,17.014900,32.198600,-48.069000,-7.095900,7.935200,6.714400,-48.450500,12.589500,25.255300,-26.018301,-53.638900,19.685400,57.606502,-33.343101,-78.817901,-2.289000],
	[-7.248499,-6.867000,-7.248499,-7.248499,-7.248499,-7.248499,-7.248499,-7.248499,-7.248499,-7.248499,-7.248499,-7.630000,-7.248499,-6.867000,-6.867000,-6.867000,-7.248499,-6.867000,-6.867000,-6.867000,-6.867000,-6.867000,-7.248499,-7.248499,-6.867000,-6.867000,-6.867000,-7.248499,-7.248499,-7.248499,-6.867000,-7.248499,-6.867000,-7.248499,-6.867000,-7.248499,-7.630000,-7.630000,-7.630000,-7.630000,-7.248499,-7.630000,-7.248499,-7.630000,-7.630000,-7.630000,-7.630000,-7.630000,-8.011500,-8.011500,-8.011500,-8.011500,-8.011500,-7.630000,-7.630000,-8.011500,-7.630000,-8.011500,-8.011500,-7.630000,-8.011500,-8.011500,-8.011500,-8.011500,-8.011500,-8.011500,-8.011500,-8.011500,-8.011500,-7.630000,-8.011500,-7.630000,-7.630000,-7.630000,-7.630000,-7.248499,-7.630000,-6.867000,-6.867000,-6.485500,-6.867000,-6.485500,-6.485500,-6.485500,-6.485500,-6.485500,-6.104000,-6.104000,-6.104000,-6.485500,-6.104000,-6.104000,-6.104000,-6.104000,-6.485500,-6.485500,-6.485500,-6.485500,-6.867000,-6.485500,-6.867000,-6.485500,-6.485500,-6.867000,-6.867000,-6.867000,-6.867000,-6.867000,-7.248499,-7.248499,-7.248499,-7.248499,-7.248499,-7.248499,-7.630000,-8.011500,-7.630000,-7.630000,-7.630000,-7.248499,-7.630000,-7.248499,-7.248499,-7.630000,-7.248499,-7.630000,-7.630000,-8.011500,-7.630000,-7.630000,-7.248499,-7.630000,-7.630000,-7.248499,-7.248499,-6.867000,-7.630000,-7.630000,-7.630000,-7.248499,-7.248499,-7.248499,-7.630000,-7.248499,-7.630000,-7.630000,-7.630000,-7.248499,-7.630000,-7.630000,-7.630000,-7.248499,-7.248499,-6.867000,-6.867000,-6.867000,-7.248499,-7.248499,-7.248499,-6.867000,-6.867000,-7.248499,-8.011500,-5.341000,-6.867000,-10.300499,-5.341000,-5.341000,-8.011500,-9.537500,-6.104000,-5.341000,-6.104000,-11.063500,-6.867000,-3.815000,-7.630000,-10.682000,-4.578000,-6.485500,-11.444999,-4.196499,-3.815000,-11.826499,-11.444999,-3.052000,-2.289000,-7.630000,-17.930500,-4.196499,2.289000,-8.011500,-19.075000,-7.248499,2.289000,-4.196499,-17.548999,-10.682000,-2.289000,-0.381500,-10.682000,-16.785999,-1.526000,-0.763000,-10.300499,-14.115500,-4.578000,-1.526000,-7.630000,-16.023000,-3.052000,-2.670500,-10.300499,-13.352499,0.763000,-5.722499,-14.878500,-13.352499,3.052000,-1.526000,-16.785999,-17.548999,2.289000,3.052000,-16.785999,-19.838001,-0.381500,5.341000,-13.734000,-20.219499,-5.722499,8.392999,-8.392999,-20.982500,-10.682000,9.156000,-5.341000,-19.838001,-13.734000,7.630000,-3.052000,-16.785999,-14.496999,4.196499,0.381500,-15.641500,-14.878500,4.959500,0.763000,-17.930500,-17.167499,7.248499,6.485500,-21.745500,-20.982500,5.722499],
	[138.865997,138.865997,139.247497,138.865997,138.865997,138.865997,138.865997,138.865997,139.247497,138.865997,138.865997,138.865997,138.865997,139.247497,138.865997,138.865997,138.484497,138.865997,138.865997,138.865997,139.247497,138.865997,138.865997,138.865997,138.865997,139.247497,138.865997,138.865997,138.865997,138.865997,139.247497,138.865997,139.247497,138.865997,139.247497,139.247497,139.247497,139.247497,138.865997,139.247497,138.865997,139.247497,138.865997,139.247497,139.247497,139.247497,139.247497,139.247497,139.247497,139.247497,139.247497,138.865997,138.865997,139.247497,139.247497,139.247497,138.865997,138.865997,139.247497,139.247497,138.865997,139.247497,138.865997,139.247497,139.247497,139.247497,139.247497,139.247497,139.247497,138.865997,139.247497,139.247497,138.865997,139.247497,138.865997,139.247497,139.247497,139.247497,138.865997,139.247497,139.247497,138.865997,138.865997,139.247497,138.865997,139.247497,138.865997,139.247497,138.865997,138.865997,138.865997,138.865997,138.865997,138.865997,138.865997,138.865997,139.247497,138.865997,139.247497,138.865997,138.865997,139.247497,138.865997,138.865997,138.865997,138.865997,138.865997,138.865997,139.628997,138.865997,138.865997,138.865997,138.865997,139.247497,138.865997,139.247497,138.484497,139.247497,138.865997,139.247497,138.865997,138.865997,139.247497,139.247497,138.865997,138.484497,139.247497,138.865997,138.865997,139.247497,138.865997,138.865997,138.865997,138.865997,138.865997,139.247497,138.484497,138.865997,138.865997,139.247497,138.865997,138.865997,139.247497,138.865997,138.865997,138.865997,139.247497,138.865997,139.247497,138.865997,138.865997,139.247497,138.865997,138.865997,140.391998,138.484497,130.473007,151.455505,141.917999,124.750503,139.247497,154.126007,133.143508,128.947006,141.536499,150.311004,138.484497,128.947006,135.813995,147.259002,147.640502,130.091506,130.091506,147.640502,150.692504,123.987503,127.421005,157.559509,152.981506,121.317001,125.895004,152.218505,149.929504,134.287994,116.357498,151.074005,159.085494,132.380508,117.501998,142.299499,160.229995,145.351501,110.253501,133.906509,164.807998,143.825500,122.843002,124.750503,153.363006,160.611496,129.710006,103.005004,153.744506,170.149002,137.339996,96.138000,148.403503,169.386001,147.640502,99.190002,130.473007,172.438003,157.559509,104.149497,119.409500,167.097000,167.097000,115.213005,102.623504,163.281997,173.964004,126.276504,93.848999,153.744506,176.634506,141.536499,88.889503,141.917999,177.016006,152.981506,91.559997,130.091506,172.438003,160.992996,105.675498,117.501998,160.992996,170.912002,115.594505,106.438499,159.848495,167.097000,131.236007,103.768005,148.785003,160.992996,151.074005,103.386505,130.091506,163.663497,163.663497,102.242004,130.473007,152.600006,169.004501,111.779502]
],
"normalized" : [
	[0.007404,0.007404,0.009565,0.009565,0.009565,0.009565,0.009565,0.009565,0.009565,0.009565,0.007404,0.009565,0.009565,0.009565,0.007404,0.009565,0.007404,0.007404,0.009565,0.007404,0.009565,0.009565,0.009565,0.007404,0.007404,0.009565,0.009565,0.009565,0.007404,0.007404,0.007404,0.007404,0.007404,0.007404,0.009565,0.007404,0.007404,0.007404,0.009565,0.007404,0.007404,0.009565,0.011727,0.009565,0.009565,0.007404,0.009565,0.009565,0.007404,0.007404,0.007404,0.007404,0.009565,0.009565,0.007404,0.009565,0.009565,0.009565,0.009565,0.009565,0.009565,0.007404,0.009565,0.009565,0.009565,0.009565,0.007404,0.011727,0.009565,0.007404,0.009565,0.009565,0.009565,0.009565,0.009565,0.009565,0.009565,0.011727,0.007404,0.007404,0.009565,0.007404,0.009565,0.009565,0.009565,0.009565,0.009565,0.007404,0.007404,0.007404,0.009565,0.009565,0.007404,0.009565,0.007404,0.007404,0.005243,0.007404,0.007404,0.009565,0.007404,0.009565,0.009565,0.007404,0.007404,0.007404,0.007404,0.007404,0.007404,0.007404,0.007404,0.007404,0.007404,0.009565,0.007404,0.005243,0.007404,0.009565,0.007404,0.007404,0.009565,0.007404,0.009565,0.007404,0.007404,0.009565,0.009565,0.007404,0.007404,0.009565,0.009565,0.009565,0.007404,0.009565,0.011727,0.009565,0.007404,0.009565,0.009565,0.016049,0.054954,-0.072566,-0.124440,0.210574,0.253802,-0.275736,-0.286543,0.284061,0.333773,-0.111471,-0.448647,0.022534,0.597462,0.059277,-0.649656,-0.042307,0.755243,0.115473,-0.796630,-0.247638,0.839537,0.495877,-0.805276,-0.800953,0.820085,1.122678,-0.608590,-1.358590,0.407260,1.431756,-0.053114,-1.492596,-0.193604,1.429595,0.506684,-1.231068,-0.671270,0.971381,0.902217,-0.785823,-1.112192,0.768211,1.230748,-0.682077,-1.324008,0.737952,1.308558,-0.591299,-1.449368,0.549912,1.539826,-0.243316,-1.805997,0.057116,1.961296,0.301352,-2.136688,-0.563201,2.207694,0.841698,-2.099945,-1.118677,1.959134,1.401497,-1.697928,-1.728187,1.593860,1.872679,-1.269973,-2.147496,1.159422,2.201209,-0.781500,-2.398216,0.619076,2.417348,-0.256284,-2.508447,0.037663,2.549192,0.238672,-2.558159,-0.515650,2.549192,0.848183,-2.400378,-1.218100,2.328731,1.518212,-2.056717,-1.918389,1.961296,2.103947,-1.587697,-2.380925,1.353947,2.525417,-0.878763,-2.811041,0.597462,2.929596,-0.180636,-3.003404,-0.152538,3.000922,0.532620,-2.862914,-0.887408,2.741555,1.215618,-2.484672,-1.633086,2.419509,1.922391,-2.123720,-2.303115],
	[0.000000,0.000000,0.000000,0.000000,0.000000,0.000000,0.000000,0.000000,0.000000,0.000000,0.000000,0.000000,0.000000,0.000000,0.000000,0.000000,0.000000,0.000000,0.000000,0.000000,0.000000,0.000000,0.000000,0.000000,0.000000,0.000000,0.000000,0.000000,0.000000,0.000000,0.000000,0.000000,0.000000,0.000000,0.000000,0.000000,0.000000,0.000000,0.000000,0.000000,0.000000,0.000000,0.000000,0.000000,0.000000,0.000000,0.000000,0.000000,0.000000,0.000000,0.000000,0.000000,0.000000,0.000000,0.000000,0.000000,0.000000,0.000000,0.000000,0.000000,0.000000,0.000000,0.000000,0.000000,0.000000,0.000000,0.000000,0.000000,0.000000,0.000000,0.000000,0.000000,0.000000,0.000000,0.000000,0.000000,0.000000,0.000000,0.000000,0.000000,0.000000,0.000000,0.000000,0.000000,0.000000,0.000000,0.000000,0.000000,0.000000,0.000000,0.000000,0.000000,0.000000,0.000000,0.000000,0.000000,0.000000,0.000000,0.000000,0.000000,0.000000,0.000000,0.000000,0.000000,0.000000,0.000000,0.000000,0.000000,0.000000,0.000000,0.000000,0.000000,0.000000,0.000000,0.000000,0.000000,0.000000,0.000000,0.000000,0.000000,0.000000,0.000000,0.000000,0.000000,0.000000,0.000000,0.000000,0.000000,0.000000,0.000000,0.000000,0.000000,0.000000,0.000000,0.000000,0.000000,0.000000,0.000000,0.000000,0.000000,0.000000,0.000000,0.000000,0.000000,0.000000,0.000000,0.000000,0.000000,0.000000,0.000000,0.000000,0.000000,0.000000,0.000000,0.000000,0.000000,0.000000,0.000000,0.000000,0.000000,0.000000,0.000000,0.000000,0.000000,0.000000,0.000000,0.000000,0.000000,0.000000,0.000000,0.000000,0.000000,0.000000,0.000000,0.000000,0.000000,0.000000,0.000000,0.000000,0.000000,0.000000,0.000000,0.000000,0.000000,0.000000,0.000000,0.000000,0.000000,0.000000,0.000000,0.000000,0.000000,0.000000,0.000000,0.000000,0.000000,0.000000,0.000000,0.000000,0.000000,0.000000,0.000000,0.000000,0.000000,0.000000,0.000000,0.000000,0.000000,0.000000,0.000000,0.000000,0.000000,0.000000,0.000000,0.000000,0.000000,0.000000,0.000000,0.000000,0.000000,0.000000,0.000000,0.000000,0.000000,0.000000,0.000000,0.000000,0.000000,0.000000,0.000000,0.000000,0.000000,0.000000,0.000000,0.000000,0.000000,0.000000,0.000000,0.000000,0.000000,0.000000,0.000000,0.000000,0.000000,0.000000,0.000000,0.000000,0.000000,0.000000,0.000000,0.000000,0.000000,0.000000,0.000000,0.000000,0.000000],
	[-0.007119,-0.002469,-0.002469,-0.000145,0.002179,-0.002469,-0.007119,-0.004794,-0.002469,-0.000145,-0.002469,-0.000145,-0.002469,-0.004794,-0.000145,0.002179,0.002179,0.002179,0.004504,0.004504,0.006828,0.006828,0.006828,0.006828,0.011477,0.011477,0.009153,0.009153,0.013802,0.011477,0.013802,0.011477,0.013802,0.011477,0.011477,0.011477,0.011477,0.018451,0.011477,0.009153,0.011477,0.011477,0.013802,0.009153,0.004504,0.006828,0.009153,0.004504,0.006828,0.006828,0.004504,0.004504,0.006828,0.002179,-0.000145,-0.004794,-0.000145,-0.002469,-0.000145,-0.002469,-0.002469,0.002179,-0.004794,-0.002469,0.002179,0.006828,0.002179,-0.000145,0.002179,-0.002469,0.006828,0.002179,-0.002469,0.002179,0.002179,0.004504,0.002179,0.006828,0.004504,0.006828,0.004504,0.004504,0.009153,0.009153,0.002179,-0.000145,0.004504,0.009153,0.004504,-0.002469,0.004504,0.009153,0.009153,0.004504,0.002179,0.004504,0.004504,0.004504,-0.000145,0.004504,0.004504,0.002179,0.002179,0.004504,0.006828,-0.000145,-0.004794,-0.000145,0.004504,0.002179,-0.002469,-0.002469,0.006828,0.006828,0.002179,-0.004794,0.116085,-0.204711,0.057970,0.092839,-0.048962,-0.018742,0.016127,0.013802,-0.025715,0.074242,-0.074532,-0.009443,0.081216,-0.007119,-0.118700,0.088190,0.002179,-0.176816,0.306704,0.339248,-0.864902,0.183499,0.534516,0.162577,-0.597571,-0.311643,0.257887,0.813470,-0.121025,-1.041573,0.155604,1.243524,-0.141946,-1.085740,-0.151245,1.138916,0.037048,-0.372083,-0.320942,-0.269800,0.866936,0.369468,-0.441822,-1.057845,0.941324,0.369468,0.341573,-0.830033,-0.706828,0.481050,1.829327,-1.067143,-1.443731,0.274159,2.189643,-0.300020,-1.817995,-0.518534,2.182669,0.704213,-1.929576,-1.002054,1.615463,1.615463,-1.645973,-1.422810,0.859962,2.329120,-1.380967,-1.757555,0.464778,2.647592,-0.869551,-1.931901,-0.118700,2.680137,-0.304669,-2.078351,-0.523183,2.594126,0.402013,-2.178310,-0.950913,2.117579,1.259796,-1.994665,-1.278684,1.840950,1.513179,-2.482835,-0.832357,2.110606,1.092424,-2.596741,-0.504586,1.666604,1.654981,-2.494458,-1.190348,1.694500,2.317497,-2.352656,-2.041158,1.555022,2.828912,-1.845890,-2.434018,1.115670,2.824263,-1.011353,-2.722270,0.522893,2.570880,0.095164,-2.803632,0.030074,2.196617,0.820444,-2.696699,-0.327916,1.571295,1.371378,-1.983042,-0.548754,0.725135,1.187733,-1.257762,-0.009443,0.448505,0.411311,-1.269385,0.590307,0.976193,-0.585948,-1.427459,0.806496,1.961830,-0.809111,-2.194582,0.137007],
	[0.001579,0.082473,0.001579,0.001579,0.001579,0.001579,0.001579,0.001579,0.001579,0.001579,0.001579,-0.079314,0.001579,0.082473,0.082473,0.082473,0.001579,0.082473,0.082473,0.082473,0.082473,0.082473,0.001579,0.001579,0.082473,0.082473,0.082473,0.001579,0.001579,0.001579,0.082473,0.001579,0.082473,0.001579,0.082473,0.001579,-0.079314,-0.079314,-0.079314,-0.079314,0.001579,-0.079314,0.001579,-0.079314,-0.079314,-0.079314,-0.079314,-0.079314,-0.160208,-0.160208,-0.160208,-0.160208,-0.160208,-0.079314,-0.079314,-0.160208,-0.079314,-0.160208,-0.160208,-0.079314,-0.160208,-0.160208,-0.160208,-0.160208,-0.160208,-0.160208,-0.160208,-0.160208,-0.160208,-0.079314,-0.160208,-0.079314,-0.079314,-0.079314,-0.079314,0.001579,-0.079314,0.082473,0.082473,0.163367,0.082473,0.163367,0.163367,0.163367,0.163367,0.163367,0.244260,0.244260,0.244260,0.163367,0.244260,0.244260,0.244260,0.244260,0.163367,0.163367,0.163367,0.163367,0.082473,0.163367,0.082473,0.163367,0.163367,0.082473,0.082473,0.082473,0.082473,0.082473,0.001579,0.001579,0.001579,0.001579,0.001579,0.001579,-0.079314,-0.160208,-0.079314,-0.079314,-0.079314,0.001579,-0.079314,0.001579,0.001579,-0.079314,0.001579,-0.079314,-0.079314,-0.160208,-0.079314,-0.079314,0.001579,-0.079314,-0.079314,0.001579,0.001579,0.082473,-0.079314,-0.079314,-0.079314,0.001579,0.001579,0.001579,-0.079314,0.001579,-0.079314,-0.079314,-0.079314,0.001579,-0.079314,-0.079314,-0.079314,0.001579,0.001579,0.082473,0.082473,0.082473,0.001579,0.001579,0.001579,0.082473,0.082473,0.001579,-0.160208,0.406048,0.082473,-0.645571,0.406048,0.406048,-0.160208,-0.483783,0.244260,0.406048,0.244260,-0.807359,0.082473,0.729624,-0.079314,-0.726465,0.567836,0.163367,-0.888253,0.648730,0.729624,-0.969146,-0.888253,0.891411,1.053199,-0.079314,-2.263448,0.648730,2.023925,-0.160208,-2.506130,0.001579,2.023925,0.648730,-2.182554,-0.726465,1.053199,1.457668,-0.726465,-2.020766,1.214987,1.376775,-0.645571,-1.454510,0.567836,1.214987,-0.079314,-1.858979,0.891411,0.972305,-0.645571,-1.292722,1.700350,0.325154,-1.616297,-1.292722,2.185713,1.214987,-2.020766,-2.182554,2.023925,2.185713,-2.020766,-2.667918,1.457668,2.671076,-1.373616,-2.748811,0.325154,3.318227,-0.241102,-2.910599,-0.726465,3.480015,0.406048,-2.667918,-1.373616,3.156439,0.891411,-2.020766,-1.535403,2.428395,1.619456,-1.778085,-1.616297,2.590182,1.700350,-2.263448,-2.101660,3.075546,2.913758,-3.072387,-2.910599,2.751970],
	[-0.010319,-0.010319,0.017200,-0.010319,-0.010319,-0.010319,-0.010319,-0.010319,0.017200,-0.010319,-0.010319,-0.010319,-0.010319,0.017200,-0.010319,-0.010319,-0.037839,-0.010319,-0.010319,-0.010319,0.017200,-0.010319,-0.010319,-0.010319,-0.010319,0.017200,-0.010319,-0.010319,-0.010319,-0.010319,0.017200,-0.010319,0.017200,-0.010319,0.017200,0.017200,0.017200,0.017200,-0.010319,0.017200,-0.010319,0.017200,-0.010319,0.017200,0.017200,0.017200,0.017200,0.017200,0.017200,0.017200,0.017200,-0.010319,-0.010319,0.017200,0.017200,0.017200,-0.010319,-0.010319,0.017200,0.017200,-0.010319,0.017200,-0.010319,0.017200,0.017200,0.017200,0.017200,0.017200,0.017200,-0.010319,0.017200,0.017200,-0.010319,0.017200,-0.010319,0.017200,0.017200,0.017200,-0.010319,0.017200,0.017200,-0.010319,-0.010319,0.017200,-0.010319,0.017200,-0.010319,0.017200,-0.010319,-0.010319,-0.010319,-0.010319,-0.010319,-0.010319,-0.010319,-0.010319,0.017200,-0.010319,0.017200,-0.010319,-0.010319,0.017200,-0.010319,-0.010319,-0.010319,-0.010319,-0.010319,-0.010319,0.044721,-0.010319,-0.010319,-0.010319,-0.010319,0.017200,-0.010319,0.017200,-0.037839,0.017200,-0.010319,0.017200,-0.010319,-0.010319,0.017200,0.017200,-0.010319,-0.037839,0.017200,-0.010319,-0.010319,0.017200,-0.010319,-0.010319,-0.010319,-0.010319,-0.010319,0.017200,-0.037839,-0.010319,-0.010319,0.017200,-0.010319,-0.010319,0.017200,-0.010319,-0.010319,-0.010319,0.017200,-0.010319,0.017200,-0.010319,-0.010319,0.017200,-0.010319,-0.010319,0.099761,-0.037839,-0.615762,0.897847,0.209842,-1.028565,0.017200,1.090488,-0.423121,-0.725843,0.182322,0.815286,-0.037839,-0.725843,-0.230480,0.595125,0.622645,-0.643282,-0.643282,0.622645,0.842806,-1.083606,-0.835924,1.338170,1.007928,-1.276247,-0.946004,0.952887,0.787766,-0.340561,-1.634009,0.870327,1.448250,-0.478161,-1.551449,0.237362,1.530810,0.457524,-2.074332,-0.368080,1.861053,0.347443,-1.166166,-1.028565,1.035448,1.558331,-0.670802,-2.597215,1.062968,2.246335,-0.120400,-3.092579,0.677685,2.191295,0.622645,-2.872417,-0.615762,2.411457,1.338170,-2.514655,-1.413848,2.026174,2.026174,-1.716570,-2.624736,1.750972,2.521538,-0.918484,-3.257700,1.062968,2.714179,0.182322,-3.615462,0.209842,2.741699,1.007928,-3.422821,-0.643282,2.411457,1.585851,-2.404575,-1.551449,1.585851,2.301376,-1.689049,-2.349534,1.503290,2.026174,-0.560722,-2.542175,0.705206,1.585851,0.870327,-2.569695,-0.643282,1.778492,1.778492,-2.652256,-0.615762,0.980407,2.163775,-1.964251]
],
"cwt" : [
	[0.654401,0.391728,0.196006,0.080700,0.027421,0.007717,0.001469,0.000220,0.000467,0.000267,0.000383,0.000663,0.000589,0.000231,0.000247,0.000283,0.000073,0.000313,0.000256,0.000121,0.000489,0.000607,0.000531,0.000526,0.000657,0.000683,0.000574,0.000412,0.000289,0.000284,0.000250,0.000114,0.000244,0.000461,0.000514,0.000450,0.000498,0.000610,0.000614,0.000610,0.000761,0.000867,0.000787,0.000612,0.000509,0.000556,0.000623,0.000547,0.000365,0.000226,0.000257,0.000450,0.000561,0.000495,0.000418,0.000412,0.000301,0.000092,0.000165,0.000297,0.000333,0.000383,0.000444,0.000441,0.000425,0.000477,0.000655,0.000787,0.000738,0.000621,0.000528,0.000365,0.000149,0.000051,0.000120,0.000322,0.000588,0.000725,0.000667,0.000509,0.000299,0.000079,0.000182,0.000166,0.000044,0.000246,0.000374,0.000426,0.000478,0.000547,0.000554,0.000418,0.000258,0.000324,0.000406,0.000429,0.000441,0.000451,0.000420,0.000303,0.000253,0.000418,0.000488,0.000402,0.000272,0.000177,0.000094,0.000026,0.000041,0.000098,0.000159,0.000306,0.000548,0.000765,0.000870,0.000897,0.000875,0.000746,0.000525,0.000360,0.000272,0.000216,0.000306,0.000431,0.000581,0.000715,0.000743,0.000696,0.000668,0.000673,0.000677,0.000693,0.000770,0.000891,0.000897,0.000851,0.002049,0.005775,0.013403,0.026442,0.045690,0.070734,0.099649,0.129151,0.155517,0.175974,0.189852,0.199119,0.207958,0.220739,0.239227,0.261813,0.285531,0.308396,0.330106,0.351203,0.372051,0.392784,0.413939,0.436839,0.463329,0.494939,0.531795,0.572020,0.612206,0.648632,0.678457,0.700483,0.715294,0.724559,0.729653,0.730599,0.726295,0.715816,0.699725,0.680708,0.663334,0.652641,0.651762,0.660274,0.674916,0.691794,0.707923,0.721636,0.732644,0.742010,0.751680,0.763684,0.779613,0.800725,0.828095,0.862092,0.901702,0.944824,0.989204,1.032611,1.072333,1.105420,1.129910,1.145746,1.154582,1.159083,1.162254,1.166531,1.172788,1.180357,1.188283,1.196229,1.204063,1.211257,1.217295,1.222391,1.227229,1.232118,1.236957,1.242007,1.248079,1.255752,1.264787,1.274462,1.284116,1.293232,1.301367,1.308448,1.315018,1.321896,1.329668,1.338645,1.348936,1.360064,1.370677,1.379206,1.385042,1.389068,1.393201,1.399546,1.409649,1.423810,1.440724,1.457982,1.473200,1.484853,1.492342,1.495520,1.494321,1.489021,1.480910,1.472314,1.465585,1.461965,1.460279,1.453386,1.422770,1.339039,1.176499,0.935751],
	[0.000000,0.000000,0.000000,0.000000,0.000000,0.000000,0.000000,0.000000,0.000000,0.000000,0.000000,0.000000,0.000000,0.000000,0.000000,0.000000,0.000000,0.000000,0.000000,0.000000,0.000000,0.000000,0.000000,0.000000,0.000000,0.000000,0.000000,0.000000,0.000000,0.000000,0.000000,0.000000,0.000000,0.000000,0.000000,0.000000,0.000000,0.000000,0.000000,0.000000,0.000000,0.000000,0.000000,0.000000,0.000000,0.000000,0.000000,0.000000,0.000000,0.000000,0.000000,0.000000,0.000000,0.000000,0.000000,0.000000,0.000000,0.000000,0.000000,0.000000,0.000000,0.000000,0.000000,0.000000,0.000000,0.000000,0.000000,0.000000,0.000000,0.000000,0.000000,0.000000,0.000000,0.000000,0.000000,0.000000,0.000000,0.000000,0.000000,0.000000,0.000000,0.000000,0.000000,0.000000,0.000000,0.000000,0.000000,0.000000,0.000000,0.000000,0.000000,0.000000,0.000000,0.000000,0.000000,0.000000,0.000000,0.000000,0.000000,0.000000,0.000000,0.000000,0.000000,0.000000,0.000000,0.000000,0.000000,0.000000,0.000000,0.000000,0.000000,0.000000,0.000000,0.000000,0.000000,0.000000,0.000000,0.000000,0.000000,0.000000,0.000000,0.000000,0.000000,0.000000,0.000000,0.000000,0.000000,0.000000,0.000000,0.000000,0.000000,0.000000,0.000000,0.000000,0.000000,0.000000,0.000000,0.000000,0.000000,0.000000,0.000000,0.000000,0.000000,0.000000,0.000000,0.000000,0.000000,0.000000,0.000000,0.000000,0.000000,0.000000,0.000000,0.000000,0.000000,0.000000,0.000000,0.000000,0.000000,0.000000,0.000000,0.000000,0.000000,0.000000,0.000000,0.000000,0.000000,0.000000,0.000000,0.000000,0.000000,0.000000,0.000000,0.000000,0.000000,0.000000,0.000000,0.000000,0.000000,0.000000,0.000000,0.000000,0.000000,0.000000,0.000000,0.000000,0.000000,0.000000,0.000000,0.000000,0.000000,0.000000,0.000000,0.000000,0.000000,0.000000,0.000000,0.000000,0.000000,0.000000,0.000000,0.000000,0.000000,0.000000,0.000000,0.000000,0.000000,0.000000,0.000000,0.000000,0.000000,0.000000,0.000000,0.000000,0.000000,0.000000,0.000000,0.000000,0.000000,0.000000,0.000000,0.000000,0.000000,0.000000,0.000000,0.000000,0.000000,0.000000,0.000000,0.000000,0.000000,0.000000,0.000000,0.000000,0.000000,0.000000,0.000000,0.000000,0.000000,0.000000,0.000000,0.000000,0.000000,0.000000,0.000000,0.000000,0.000000,0.000000,0.000000,0.000000,0.000000,0.000000,0.000000,0.000000,0.000000,0.000000],
	[0.340677,0.175850,0.074565,0.026681,0.008695,0.002966,0.001676,0.001572,0.001062,0.000415,0.000136,0.000436,0.000870,0.001199,0.001114,0.000868,0.000552,0.000401,0.000242,0.000411,0.000449,0.000380,0.000619,0.001045,0.001148,0.000999,0.000939,0.000979,0.000771,0.000407,0.000187,0.000273,0.000358,0.000337,0.000561,0.000961,0.001377,0.001666,0.001656,0.001381,0.001153,0.001258,0.001463,0.001470,0.001371,0.001204,0.000888,0.000508,0.000369,0.000426,0.000556,0.000830,0.001058,0.001134,0.001171,0.001050,0.000741,0.000535,0.000541,0.000668,0.000858,0.001162,0.001600,0.001937,0.001950,0.001696,0.001288,0.000813,0.000794,0.001272,0.001576,0.001595,0.001462,0.001206,0.000799,0.000417,0.000339,0.000432,0.000481,0.000577,0.000897,0.001387,0.001821,0.002102,0.002307,0.002449,0.002530,0.002617,0.002710,0.002699,0.002522,0.002251,0.001929,0.001545,0.001230,0.001089,0.001034,0.000990,0.000987,0.001021,0.001036,0.001084,0.001295,0.001689,0.002092,0.002325,0.002400,0.002386,0.002316,0.002316,0.002522,0.002950,0.004182,0.008297,0.016630,0.028221,0.039964,0.047837,0.049104,0.043855,0.034506,0.023743,0.012987,0.002805,0.007686,0.016704,0.024529,0.030699,0.034320,0.034127,0.031247,0.039184,0.072915,0.125762,0.186333,0.242343,0.283113,0.303324,0.305324,0.298545,0.296060,0.309862,0.345265,0.397041,0.453290,0.503054,0.539637,0.559710,0.561643,0.543916,0.503638,0.438006,0.351822,0.269586,0.238963,0.276774,0.339691,0.395115,0.429273,0.432864,0.405661,0.370775,0.375328,0.446130,0.559034,0.678578,0.780969,0.855864,0.906217,0.942016,0.970220,0.992647,1.011845,1.031280,1.049087,1.059515,1.062170,1.063307,1.066792,1.070735,1.075203,1.085454,1.103723,1.124420,1.141330,1.154140,1.164563,1.170992,1.171839,1.170655,1.172459,1.177198,1.181728,1.186056,1.192217,1.198179,1.198925,1.194020,1.188655,1.186251,1.185556,1.186289,1.191530,1.202386,1.214732,1.223282,1.226180,1.223994,1.216916,1.206876,1.201562,1.210787,1.236938,1.273915,1.316363,1.363510,1.412771,1.456540,1.488606,1.508541,1.517220,1.513516,1.498783,1.479179,1.458996,1.435859,1.407204,1.377063,1.350724,1.326855,1.301274,1.274274,1.247395,1.216302,1.174020,1.119567,1.056862,0.986400,0.905185,0.814440,0.720476,0.628803,0.544345,0.476982,0.440233,0.442411,0.480958,0.545343,0.624377,0.711431,0.801090,0.878106,0.912314,0.870666,0.740636,0.546310],
	[0.813123,0.469421,0.225474,0.088276,0.027739,0.006578,0.001111,0.002930,0.006184,0.011959,0.019208,0.024698,0.026337,0.024899,0.022344,0.019851,0.017371,0.013864,0.007903,0.000582,0.009524,0.016953,0.021492,0.022683,0.021444,0.019762,0.018837,0.018068,0.016777,0.014425,0.010843,0.007296,0.006520,0.010406,0.016647,0.020061,0.017513,0.011046,0.007351,0.007451,0.005192,0.001046,0.005843,0.009415,0.010110,0.009894,0.010990,0.012843,0.012491,0.007775,0.001886,0.009647,0.015255,0.016328,0.013194,0.006692,0.003179,0.010561,0.014232,0.014388,0.013271,0.010467,0.005812,0.001578,0.000330,0.001064,0.004588,0.008422,0.009028,0.006884,0.007793,0.008568,0.006160,0.005170,0.004327,0.007145,0.015514,0.020481,0.019524,0.014985,0.011577,0.011690,0.011340,0.010092,0.011074,0.014851,0.018566,0.019969,0.018810,0.016640,0.014608,0.011832,0.011066,0.012802,0.012476,0.010782,0.010531,0.009486,0.005832,0.003609,0.008838,0.015332,0.018592,0.016800,0.012783,0.010802,0.011907,0.013543,0.012659,0.008698,0.003982,0.005406,0.012405,0.020130,0.024625,0.022461,0.014229,0.004977,0.002934,0.004570,0.006436,0.008968,0.009580,0.008488,0.010246,0.014205,0.017024,0.018239,0.018567,0.019198,0.020326,0.021339,0.021604,0.022184,0.025179,0.028873,0.029818,0.027189,0.023028,0.019816,0.017543,0.014450,0.010518,0.009938,0.014056,0.017748,0.019168,0.019251,0.018880,0.017090,0.012583,0.005965,0.005020,0.010986,0.014920,0.016624,0.017830,0.020894,0.028106,0.040571,0.059020,0.085477,0.121293,0.163057,0.203156,0.234280,0.252610,0.258753,0.257433,0.255901,0.261560,0.278345,0.302680,0.325071,0.336526,0.332018,0.310933,0.280017,0.259521,0.277652,0.339658,0.423164,0.504641,0.570982,0.623527,0.678267,0.753107,0.848244,0.945538,1.026196,1.082023,1.113406,1.123197,1.113985,1.088071,1.046978,0.993690,0.940065,0.907370,0.907326,0.925213,0.933844,0.917394,0.878180,0.829643,0.786923,0.760183,0.750066,0.747164,0.739778,0.724837,0.711367,0.714755,0.747427,0.810722,0.894794,0.988140,1.083651,1.176002,1.260727,1.336577,1.403575,1.459133,1.499608,1.524078,1.534029,1.531899,1.523260,1.517813,1.522956,1.536917,1.552691,1.567072,1.580032,1.588057,1.585649,1.572069,1.550003,1.518755,1.476002,1.426724,1.383440,1.355208,1.341480,1.339341,1.351980,1.385927,1.443625,1.523568,1.623551,1.734730,1.829503,1.859326,1.772311,1.543813,1.199839],
	[0.509389,0.311425,0.159538,0.067910,0.023746,0.005607,0.001967,0.004108,0.005066,0.005178,0.004293,0.004085,0.005289,0.005924,0.005924,0.006031,0.005263,0.002951,0.000692,0.002798,0.004424,0.004808,0.004238,0.004231,0.005138,0.005436,0.004836,0.004121,0.003747,0.003379,0.002771,0.002050,0.001884,0.002716,0.003491,0.003464,0.003361,0.003413,0.002802,0.001820,0.001400,0.001882,0.002732,0.003094,0.002656,0.001697,0.000803,0.000863,0.002162,0.004035,0.005959,0.007423,0.007923,0.007608,0.007438,0.007893,0.008368,0.008325,0.007513,0.005787,0.003381,0.001362,0.002064,0.002815,0.002469,0.001434,0.001677,0.003291,0.004541,0.005098,0.005035,0.004273,0.002700,0.001463,0.002943,0.004707,0.005880,0.006398,0.006566,0.006908,0.007269,0.006944,0.005650,0.003797,0.002154,0.001405,0.001819,0.002738,0.003137,0.002633,0.001657,0.000878,0.000841,0.001658,0.002612,0.002858,0.002086,0.001382,0.002713,0.004188,0.005032,0.005179,0.004507,0.003070,0.001778,0.003474,0.006629,0.009356,0.010519,0.009646,0.007294,0.004952,0.003823,0.003524,0.003942,0.004978,0.005552,0.005257,0.004903,0.005477,0.006845,0.008526,0.010191,0.011367,0.011400,0.009854,0.007002,0.004112,0.003459,0.004250,0.004068,0.002710,0.001676,0.003369,0.005660,0.007519,0.008479,0.008448,0.007829,0.006962,0.006101,0.005716,0.005895,0.006110,0.005810,0.004721,0.002949,0.001502,0.002346,0.002896,0.003168,0.011027,0.030251,0.065316,0.119682,0.191362,0.271360,0.346727,0.406324,0.444870,0.462937,0.464319,0.453697,0.436016,0.416337,0.398502,0.384454,0.376617,0.379138,0.393941,0.418096,0.448068,0.484176,0.529396,0.584720,0.645440,0.701278,0.740336,0.754168,0.741921,0.713038,0.686417,0.681826,0.705473,0.744515,0.778922,0.797296,0.802811,0.807920,0.824479,0.855664,0.892175,0.915797,0.911173,0.877999,0.833978,0.806446,0.818346,0.876926,0.970759,1.076042,1.169512,1.239812,1.287653,1.316412,1.327045,1.323732,1.318425,1.322973,1.337732,1.353781,1.364703,1.370695,1.374326,1.379218,1.391798,1.416952,1.450613,1.482533,1.507002,1.525748,1.540859,1.551364,1.558342,1.566575,1.577322,1.584920,1.584409,1.577076,1.564302,1.541461,1.504217,1.457636,1.413188,1.379036,1.358406,1.352385,1.355659,1.353634,1.332918,1.293458,1.245066,1.194401,1.143835,1.102718,1.087210,1.103192,1.138571,1.175050,1.197524,1.194562,1.160890,1.099068,1.010453,0.885309,0.713788]
],
"envelope_edge" : [
	[0.014490,0.013899,0.012754,0.011445,0.010272,0.009338,0.008610,0.008027,0.007549,0.007141,0.006780,0.006462,0.006177,0.005915,0.005673,0.005452,0.005245,0.005051,0.004873,0.004701,0.004540,0.004391,0.004248,0.004111,0.003980,0.003857,0.003739,0.003624,0.003514,0.003407,0.003304,0.003205,0.003107,0.003015,0.002926,0.002839,0.002754,0.002672,0.002592,0.002514,0.002438,0.002365,0.002294,0.002223,0.002153,0.002084,0.002018,0.001954,0.001890,0.001825,0.001762,0.001700,0.001641,0.001583,0.001525,0.001467,0.001411,0.001354,0.001297,0.001242,0.001188,0.001134,0.001081,0.001029,0.000977,0.000925,0.000874,0.000825,0.000776,0.000727,0.000677,0.000628,0.000579,0.000528,0.000477,0.000428,0.000380,0.000333,0.000287,0.000240,0.000193,0.000143,0.000094,0.000047,-0.000002,-0.000051,-0.000098,-0.000146,-0.000194,-0.000242,-0.000289,-0.000337,-0.000386,-0.000436,-0.000485,-0.000535,-0.000584,-0.000634,-0.000684,-0.000735,-0.000788,-0.000840,-0.000891,-0.000943,-0.000997,-0.001051,-0.001106,-0.001163,-0.001220,-0.001278,-0.001337,-0.001397,-0.001457,-0.001517,-0.001577,-0.001639,-0.001702,-0.001767,-0.001834,-0.001904,-0.001975,-0.002049,-0.002126,-0.002203,-0.002283,-0.002365,-0.002450,-0.002538,-0.002631,-0.002728,-0.002830,-0.002939,-0.003054,-0.003177,-0.003310,-0.003462,-0.003637,-0.003834,-0.004051,-0.004277,-0.004495,-0.004683,-0.004823,-0.004905,-0.004934,-0.004935,-0.004938,-0.004974,-0.005058,-0.005178,-0.005302,-0.005403,-0.005473,-0.005523,-0.005565,-0.005605,-0.005644,-0.005686,-0.005736,-0.005796,-0.005863,-0.005920,-0.005944,-0.005911,-0.005810,-0.005644,-0.005430,-0.005195,-0.004959,-0.004736,-0.004526,-0.004324,-0.004133,-0.003970,-0.003859,-0.003821,-0.003867,-0.003983,-0.004131,-0.004270,-0.004372,-0.004431,-0.004455,-0.004463,-0.004472,-0.004499,-0.004553,-0.004632,-0.004731,-0.004839,-0.004944,-0.005026,-0.005064,-0.005045,-0.004963,-0.004815,-0.004603,-0.004339,-0.004047,-0.003756,-0.003491,-0.003265,-0.003079,-0.002924,-0.002783,-0.002641,-0.002497,-0.002351,-0.002202,-0.002049,-0.001896,-0.001749,-0.001610,-0.001476,-0.001346,-0.001223,-0.001108,-0.000993,-0.000870,-0.000736,-0.000590,-0.000434,-0.000272,-0.000109,0.000048,0.000203,0.000356,0.000513,0.000680,0.000865,0.001072,0.001297,0.001525,0.001742,0.001943,0.002132,0.002324,0.002538,0.002794,0.003101,0.003457,0.003854,0.004282,0.004733,0.005201,0.005680,0.006161,0.006648,0.007162,0.007740,0.008443,0.009351,0.010530,0.011931,0.013308,0.014273],
	[0.000000,0.000000,0.000000,0.000000,0.000000,0.000000,0.000000,0.000000,0.000000,0.000000,0.000000,0.000000,0.000000,0.000000,0.000000,0.000000,0.000000,0.000000,0.000000,0.000000,0.000000,0.000000,0.000000,0.000000,0.000000,0.000000,0.000000,0.000000,0.000000,0.000000,0.000000,0.000000,0.000000,0.000000,0.000000,0.000000,0.000000,0.000000,0.000000,0.000000,0.000000,0.000000,0.000000,0.000000,0.000000,0.000000,0.000000,0.000000,0.000000,0.000000,0.000000,0.000000,0.000000,0.000000,0.000000,0.000000,0.000000,0.000000,0.000000,0.000000,0.000000,0.000000,0.000000,0.000000,0.000000,0.000000,0.000000,0.000000,0.000000,0.000000,0.000000,0.000000,0.000000,0.000000,0.000000,0.000000,0.000000,0.000000,0.000000,0.000000,0.000000,0.000000,0.000000,0.000000,0.000000,0.000000,0.000000,0.000000,0.000000,0.000000,0.000000,0.000000,0.000000,0.000000,0.000000,0.000000,0.000000,0.000000,0.000000,0.000000,0.000000,0.000000,0.000000,0.000000,0.000000,0.000000,0.000000,0.000000,0.000000,0.000000,0.000000,0.000000,0.000000,0.000000,0.000000,0.000000,0.000000,0.000000,0.000000,0.000000,0.000000,0.000000,0.000000,0.000000,0.000000,0.000000,0.000000,0.000000,0.000000,0.000000,0.000000,0.000000,0.000000,0.000000,0.000000,0.000000,0.000000,0.000000,0.000000,0.000000,0.000000,0.000000,0.000000,0.000000,0.000000,0.000000,0.000000,0.000000,0.000000,0.000000,0.000000,0.000000,0.000000,0.000000,0.000000,0.000000,0.000000,0.000000,0.000000,0.000000,0.000000,0.000000,0.000000,0.000000,0.000000,0.000000,0.000000,0.000000,0.000000,0.000000,0.000000,0.000000,0.000000,0.000000,0.000000,0.000000,0.000000,0.000000,0.000000,0.000000,0.000000,0.000000,0.000000,0.000000,0.000000,0.000000,0.000000,0.000000,0.000000,0.000000,0.000000,0.000000,0.000000,0.000000,0.000000,0.000000,0.000000,0.000000,0.000000,0.000000,0.000000,0.000000,0.000000,0.000000,0.000000,0.000000,0.000000,0.000000,0.000000,0.000000,0.000000,0.000000,0.000000,0.000000,0.000000,0.000000,0.000000,0.000000,0.000000,0.000000,0.000000,0.000000,0.000000,0.000000,0.000000,0.000000,0.000000,0.000000,0.000000,0.000000,0.000000,0.000000,0.000000,0.000000,0.000000,0.000000,0.000000,0.000000,0.000000,0.000000,0.000000,0.000000,0.000000,0.000000,0.000000,0.000000,0.000000,0.000000,0.000000,0.000000,0.000000,0.000000,0.000000,0.000000,0.000000,0.000000],
	[0.010182,0.009533,0.008635,0.007785,0.007102,0.006574,0.006156,0.005815,0.005525,0.005266,0.005030,0.004817,0.004624,0.004449,0.004287,0.004134,0.003989,0.003851,0.003719,0.003593,0.003476,0.003362,0.003252,0.003148,0.003052,0.002956,0.002864,0.002774,0.002689,0.002604,0.002519,0.002437,0.002359,0.002281,0.002204,0.002131,0.002061,0.001995,0.001930,0.001865,0.001800,0.001734,0.001672,0.001612,0.001553,0.001494,0.001436,0.001376,0.001316,0.001257,0.001199,0.001142,0.001089,0.001035,0.000983,0.000931,0.000878,0.000824,0.000770,0.000716,0.000664,0.000611,0.000561,0.000514,0.000467,0.000420,0.000371,0.000320,0.000266,0.000215,0.000168,0.000120,0.000073,0.000025,-0.000023,-0.000075,-0.000127,-0.000179,-0.000231,-0.000283,-0.000336,-0.000387,-0.000436,-0.000486,-0.000535,-0.000585,-0.000635,-0.000685,-0.000736,-0.000786,-0.000837,-0.000890,-0.000943,-0.000999,-0.001056,-0.001115,-0.001174,-0.001234,-0.001295,-0.001357,-0.001419,-0.001485,-0.001551,-0.001619,-0.001685,-0.001754,-0.001823,-0.001897,-0.001974,-0.002057,-0.002144,-0.002241,-0.002350,-0.002473,-0.002587,-0.002673,-0.002711,-0.002711,-0.002693,-0.002698,-0.002735,-0.002827,-0.002949,-0.003157,-0.003393,-0.003559,-0.003708,-0.003842,-0.003985,-0.004151,-0.004404,-0.004787,-0.005190,-0.005469,-0.005583,-0.005521,-0.005340,-0.005122,-0.004973,-0.004955,-0.005088,-0.005313,-0.005529,-0.005623,-0.005552,-0.005324,-0.004987,-0.004581,-0.004150,-0.003723,-0.003348,-0.003107,-0.003149,-0.003623,-0.004457,-0.005189,-0.005550,-0.005629,-0.005539,-0.005416,-0.005456,-0.005872,-0.006651,-0.007426,-0.007864,-0.007914,-0.007666,-0.007270,-0.006859,-0.006493,-0.006164,-0.005865,-0.005601,-0.005352,-0.005081,-0.004798,-0.004556,-0.004376,-0.004230,-0.004099,-0.004003,-0.003941,-0.003858,-0.003713,-0.003524,-0.003325,-0.003119,-0.002903,-0.002704,-0.002550,-0.002428,-0.002300,-0.002162,-0.002030,-0.001894,-0.001727,-0.001542,-0.001386,-0.001277,-0.001194,-0.001117,-0.001058,-0.001013,-0.000947,-0.000829,-0.000671,-0.000505,-0.000353,-0.000236,-0.000192,-0.000247,-0.000366,-0.000460,-0.000472,-0.000403,-0.000250,0.000018,0.000413,0.000894,0.001415,0.001957,0.002499,0.002997,0.003433,0.003836,0.004234,0.004603,0.004915,0.005196,0.005490,0.005801,0.006111,0.006441,0.006821,0.007229,0.007608,0.007934,0.008216,0.008432,0.008526,0.008464,0.008242,0.007843,0.007255,0.006526,0.005778,0.005148,0.004729,0.004554,0.004633,0.005020,0.005798,0.006973,0.008359,0.009580,0.010246],
	[0.016136,0.015343,0.013871,0.012252,0.010845,0.009745,0.008891,0.008213,0.007663,0.007192,0.006814,0.006507,0.006252,0.006011,0.005786,0.005563,0.005366,0.005171,0.004994,0.004741,0.004502,0.004365,0.004242,0.004147,0.004039,0.003930,0.003815,0.003714,0.003615,0.003523,0.003422,0.003306,0.003172,0.003050,0.002967,0.002929,0.002897,0.002832,0.002730,0.002642,0.002575,0.002465,0.002352,0.002300,0.002240,0.002184,0.002111,0.002068,0.002027,0.001995,0.001878,0.001774,0.001750,0.001735,0.001718,0.001669,0.001558,0.001473,0.001459,0.001431,0.001410,0.001379,0.001339,0.001266,0.001189,0.001108,0.001042,0.001003,0.000983,0.000939,0.000884,0.000853,0.000812,0.000752,0.000688,0.000602,0.000556,0.000562,0.000572,0.000554,0.000501,0.000448,0.000409,0.000357,0.000294,0.000244,0.000221,0.000211,0.000200,0.000173,0.000142,0.000099,0.000041,-0.000001,-0.000026,-0.000066,-0.000108,-0.000141,-0.000185,-0.000272,-0.000353,-0.000384,-0.000385,-0.000385,-0.000419,-0.000475,-0.000530,-0.000561,-0.000582,-0.000615,-0.000689,-0.000790,-0.000860,-0.000886,-0.000870,-0.000844,-0.000847,-0.000918,-0.001019,-0.001096,-0.001161,-0.001214,-0.001255,-0.001314,-0.001389,-0.001444,-0.001483,-0.001520,-0.001564,-0.001614,-0.001664,-0.001711,-0.001760,-0.001820,-0.001880,-0.001915,-0.001932,-0.001955,-0.002003,-0.002068,-0.002135,-0.002205,-0.002297,-0.002415,-0.002517,-0.002588,-0.002653,-0.002723,-0.002797,-0.002872,-0.002958,-0.003088,-0.003270,-0.003424,-0.003549,-0.003688,-0.003852,-0.004049,-0.004272,-0.004508,-0.004750,-0.004987,-0.005179,-0.005280,-0.005272,-0.005181,-0.005058,-0.004964,-0.004943,-0.005012,-0.005146,-0.005285,-0.005357,-0.005335,-0.005253,-0.005175,-0.005190,-0.005405,-0.005895,-0.006561,-0.007137,-0.007460,-0.007547,-0.007509,-0.007488,-0.007558,-0.007640,-0.007562,-0.007224,-0.006666,-0.005990,-0.005279,-0.004583,-0.003937,-0.003367,-0.002904,-0.002605,-0.002536,-0.002665,-0.002800,-0.002747,-0.002493,-0.002176,-0.001954,-0.001914,-0.002053,-0.002296,-0.002544,-0.002732,-0.002887,-0.003107,-0.003475,-0.003994,-0.004577,-0.005088,-0.005434,-0.005595,-0.005588,-0.005425,-0.005136,-0.004753,-0.004288,-0.003743,-0.003147,-0.002543,-0.001970,-0.001465,-0.001065,-0.000772,-0.000525,-0.000243,0.000094,0.000473,0.000896,0.001379,0.001899,0.002412,0.002895,0.003351,0.003734,0.003978,0.004065,0.004060,0.004031,0.003991,0.003932,0.003895,0.003960,0.004209,0.004738,0.005703,0.007264,0.009442,0.011966,0.014293,0.015807],
	[0.012369,0.011920,0.011033,0.010001,0.009061,0.008287,0.007661,0.007179,0.006789,0.006454,0.006153,0.005873,0.005624,0.005406,0.005202,0.005017,0.004847,0.004684,0.004504,0.004336,0.004200,0.004072,0.003948,0.003821,0.003706,0.003601,0.003501,0.003398,0.003299,0.003203,0.003111,0.003017,0.002922,0.002832,0.002754,0.002678,0.002602,0.002529,0.002460,0.002386,0.002309,0.002233,0.002166,0.002105,0.002046,0.001982,0.001913,0.001839,0.001768,0.001705,0.001651,0.001604,0.001562,0.001516,0.001465,0.001415,0.001371,0.001331,0.001293,0.001251,0.001204,0.001139,0.001075,0.001027,0.000982,0.000929,0.000868,0.000816,0.000774,0.000735,0.000698,0.000659,0.000615,0.000555,0.000495,0.000451,0.000412,0.000376,0.000337,0.000299,0.000263,0.000232,0.000198,0.000158,0.000108,0.000054,0.000000,-0.000044,-0.000083,-0.000122,-0.000166,-0.000216,-0.000270,-0.000321,-0.000364,-0.000404,-0.000446,-0.000501,-0.000557,-0.000599,-0.000639,-0.000676,-0.000716,-0.000761,-0.000824,-0.000892,-0.000943,-0.000978,-0.001003,-0.001029,-0.001067,-0.001119,-0.001180,-0.001241,-0.001303,-0.001358,-0.001408,-0.001460,-0.001521,-0.001585,-0.001646,-0.001703,-0.001754,-0.001799,-0.001840,-0.001883,-0.001939,-0.002013,-0.002099,-0.002174,-0.002243,-0.002318,-0.002412,-0.002509,-0.002592,-0.002670,-0.002745,-0.002824,-0.002911,-0.003006,-0.003110,-0.003223,-0.003340,-0.003461,-0.003587,-0.003725,-0.003881,-0.004067,-0.004275,-0.004496,-0.004781,-0.005136,-0.005536,-0.005957,-0.006334,-0.006589,-0.006652,-0.006512,-0.006217,-0.005846,-0.005472,-0.005150,-0.004909,-0.004768,-0.004726,-0.004773,-0.004894,-0.005087,-0.005333,-0.005588,-0.005814,-0.006010,-0.006187,-0.006333,-0.006399,-0.006328,-0.006092,-0.005720,-0.005300,-0.004952,-0.004789,-0.004862,-0.005093,-0.005310,-0.005371,-0.005271,-0.005111,-0.005011,-0.005016,-0.005080,-0.005098,-0.004971,-0.004689,-0.004364,-0.004182,-0.004290,-0.004706,-0.005300,-0.005857,-0.006178,-0.006170,-0.005876,-0.005421,-0.004910,-0.004393,-0.003914,-0.003538,-0.003304,-0.003153,-0.002988,-0.002766,-0.002522,-0.002296,-0.002111,-0.001981,-0.001899,-0.001807,-0.001627,-0.001344,-0.001008,-0.000660,-0.000300,0.000067,0.000420,0.000760,0.001133,0.001567,0.002032,0.002496,0.002972,0.003463,0.003912,0.004241,0.004436,0.004540,0.004611,0.004714,0.004934,0.005304,0.005748,0.006141,0.006427,0.006612,0.006683,0.006607,0.006439,0.006345,0.006472,0.006861,0.007485,0.008276,0.009138,0.009996,0.010840,0.011643,0.012237]
],
	"idxs" : [3,0,3,3,3]
,"hydrophone_pos" : [
	[0.000000,0.000000,0.000000],
	[0.000000,0.000000,0.000000],
	[32.299999,-4.300000,3.660000],
	[-6.599999,34.700000,1.659999],
	[-4.599999,0.000000,-34.340000]
],
	"direction_of_arrival" : [0.000000,0.000000,0.000000]
,	"valid" : [0.000000,-0.203052,-0.000000,-0.000000,-0.000000]
}
dump = {
	"magnitude" : [0.000000,0.000519,0.000534,0.000543,0.000600,0.000658,0.000726,0.000666,0.001013,0.001138,0.001404,0.001753,0.001824,0.017749,0.002993,0.271648,0.065791,0.014444,0.003739,0.002785,0.002205,0.000670,0.000831,0.000258,0.000229,0.000108,0.000076,0.000085,0.000090,0.000096,0.000107,0.000022]
,	"raw_mv" : [
	[-7.630000,-7.630000,-7.248499,-7.630000,-7.248499,-7.248499,-7.248499,-7.630000,-7.248499,-7.630000,-7.630000,-7.248499,-7.248499,-7.248499,-7.248499,-7.630000,-7.248499,-7.248499,-7.248499,-7.248499,-7.630000,-7.248499,-7.630000,-7.248499,-7.248499,-7.630000,-7.630000,-7.630000,-7.248499,-7.630000,-7.248499,-7.248499,-7.248499,-7.248499,-7.248499,-7.630000,-7.248499,-7.630000,-7.248499,-7.248499,-6.867000,-7.248499,-7.248499,-7.630000,-7.630000,-7.248499,-7.248499,-7.248499,-7.248499,-6.867000,-7.248499,-7.248499,-7.248499,-7.248499,-7.248499,-6.867000,-6.867000,-6.867000,-7.248499,-7.630000,-6.867000,-7.248499,-7.248499,-7.248499,-7.248499,-7.248499,-6.867000,-7.248499,-7.248499,-7.248499,-7.630000,-7.248499,-7.248499,-7.248499,-7.248499,-6.867000,-7.248499,-7.248499,-7.248499,-7.248499,-7.630000,-7.248499,-7.630000,-7.630000,-7.630000,-7.248499,-7.630000,-7.630000,-7.630000,-7.630000,-7.630000,-7.630000,-7.630000,-7.630000,-7.630000,-7.630000,-7.630000,-7.630000,-7.630000,-7.630000,-7.630000,-7.248499,-7.630000,-8.011500,-7.630000,-7.248499,-7.630000,-7.630000,-7.630000,-7.248499,-7.630000,-6.867000,-7.248499,-7.630000,-6.867000,-7.248499,-7.248499,-7.248499,-6.867000,-6.867000,-7.248499,-7.248499,-6.867000,-7.248499,-7.630000,-7.248499,-6.867000,-6.867000,-0.763000,-10.682000,-36.624000,6.104000,46.924499,-25.560501,-79.733497,11.063500,60.658500,0.000000,-80.496498,-47.305999,80.877998,49.976501,-103.386505,-75.537002,103.386505,70.195999,-119.791000,-113.687004,96.901001,129.710006,-86.600502,-194.565002,46.161499,221.270004,-10.300499,-261.709014,-51.884002,238.437500,89.652503,-237.674499,-150.692504,197.235504,167.097000,-161.755996,-197.617004,97.664001,186.934997,-59.132499,-235.766998,29.375499,231.951995,-22.508501,-267.431518,13.352499,249.119506,-8.011500,-279.257995,-24.416000,270.101989,61.421501,-302.529510,-132.380508,301.003509,176.634506,-313.974517,-256.749511,301.766510,276.968994,-278.494995,-335.338500,230.807510,339.535003,-178.923507,-400.956512,133.143508,391.800506,-85.837501,-437.199005,37.387001,419.649993,4.959500,-443.303009,-64.855003,424.990997,98.045501,-428.424499,-165.189498,413.164520,187.316497,-411.257019,-256.368011,383.026000,280.020996,-350.598510,-357.847015,307.107513,371.580993,-257.131011,-447.118011,204.484008,449.407012,-154.126007,-492.135009,85.074501,479.164001,-18.693500,-514.262023,-67.525497,505.487518,115.975997,-511.210021,-199.143005,481.834503,232.714996,-457.418518,-305.581512,408.586517,324.274993,-363.951019,-403.245513,317.026519,426.135498,-270.483490,-497.476013,214.784500,490.227508,-153.744506,-528.759033,82.785499,514.262023,-25.560501,-532.574035,-54.173000,513.499023,104.149497,-511.210021],
	[0.000000,0.000000,0.000000,0.000000,0.000000,0.000000,0.000000,0.000000,0.000000,0.000000,0.000000,0.000000,0.000000,0.000000,0.000000,0.000000,0.000000,0.000000,0.000000,0.000000,0.000000,0.000000,0.000000,0.000000,0.000000,0.000000,0.000000,0.000000,0.000000,0.000000,0.000000,0.000000,0.000000,0.000000,0.000000,0.000000,0.000000,0.000000,0.000000,0.000000,0.000000,0.000000,0.000000,0.000000,0.000000,0.000000,0.000000,0.000000,0.000000,0.000000,0.000000,0.000000,0.000000,0.000000,0.000000,0.000000,0.000000,0.000000,0.000000,0.000000,0.000000,0.000000,0.000000,0.000000,0.000000,0.000000,0.000000,0.000000,0.000000,0.000000,0.000000,0.000000,0.000000,0.000000,0.000000,0.000000,0.000000,0.000000,0.000000,0.000000,0.000000,0.000000,0.000000,0.000000,0.000000,0.000000,0.000000,0.000000,0.000000,0.000000,0.000000,0.000000,0.000000,0.000000,0.000000,0.000000,0.000000,0.000000,0.000000,0.000000,0.000000,0.000000,0.000000,0.000000,0.000000,0.000000,0.000000,0.000000,0.000000,0.000000,0.000000,0.000000,0.000000,0.000000,0.000000,0.000000,0.000000,0.000000,0.000000,0.000000,0.000000,0.000000,0.000000,0.000000,0.000000,0.000000,0.000000,0.000000,0.000000,0.000000,0.000000,0.000000,0.000000,0.000000,0.000000,0.000000,0.000000,0.000000,0.000000,0.000000,0.000000,0.000000,0.000000,0.000000,0.000000,0.000000,0.000000,0.000000,0.000000,0.000000,0.000000,0.000000,0.000000,0.000000,0.000000,0.000000,0.000000,0.000000,0.000000,0.000000,0.000000,0.000000,0.000000,0.000000,0.000000,0.000000,0.000000,0.000000,0.000000,0.000000,0.000000,0.000000,0.000000,0.000000,0.000000,0.000000,0.000000,0.000000,0.000000,0.000000,0.000000,0.000000,0.000000,0.000000,0.000000,0.000000,0.000000,0.000000,0.000000,0.000000,0.000000,0.000000,0.000000,0.000000,0.000000,0.000000,0.000000,0.000000,0.000000,0.000000,0.000000,0.000000,0.000000,0.000000,0.000000,0.000000,0.000000,0.000000,0.000000,0.000000,0.000000,0.000000,0.000000,0.000000,0.000000,0.000000,0.000000,0.000000,0.000000,0.000000,0.000000,0.000000,0.000000,0.000000,0.000000,0.000000,0.000000,0.000000,0.000000,0.000000,0.000000,0.000000,0.000000,0.000000,0.000000,0.000000,0.000000,0.000000,0.000000,0.000000,0.000000,0.000000,0.000000,0.000000,0.000000,0.000000,0.000000,0.000000,0.000000,0.000000,0.000000,0.000000,0.000000,0.000000,0.000000,0.000000],
	[-6.867000,-6.943300,-6.867000,-6.943300,-6.867000,-6.790700,-6.943300,-6.867000,-6.943300,-6.867000,-6.867000,-6.790700,-6.867000,-6.714400,-6.867000,-6.714400,-6.714400,-6.714400,-6.714400,-6.714400,-6.867000,-6.867000,-6.714400,-6.561800,-6.790700,-6.714400,-6.714400,-6.561800,-6.714400,-6.714400,-6.790700,-6.638100,-6.714400,-6.638100,-6.638100,-6.485500,-6.638100,-6.714400,-6.714400,-6.638100,-6.638100,-6.638100,-6.638100,-6.409200,-6.561800,-6.409200,-6.409200,-6.409200,-6.409200,-6.561800,-6.409200,-6.561800,-6.409200,-6.409200,-6.485500,-6.409200,-6.485500,-6.332900,-6.409200,-6.409200,-6.332900,-6.409200,-6.332900,-6.180300,-6.409200,-6.485500,-6.256600,-6.180300,-6.409200,-6.409200,-6.409200,-6.180300,-6.256600,-6.638100,-6.485500,-6.409200,-6.332900,-6.561800,-6.485500,-6.256600,-6.332900,-6.485500,-6.561800,-6.561800,-6.561800,-6.485500,-6.714400,-6.638100,-6.714400,-6.561800,-6.714400,-6.714400,-6.561800,-6.867000,-6.714400,-6.790700,-6.485500,-6.790700,-6.867000,-6.943300,-6.790700,-6.867000,-6.790700,-7.019600,-4.272799,-9.384900,-10.834600,-0.991900,-8.316699,-7.782600,-6.561800,-5.951400,-7.095900,-4.959500,-7.553700,-7.782600,-5.341000,-3.586100,-11.445000,-4.654300,-5.417300,-10.529400,-6.332900,14.420700,-28.688800,-14.344400,11.826499,4.806900,-19.761701,-24.110801,-3.128300,14.725900,6.409200,-40.439003,-18.540901,30.138500,9.079700,-42.728000,-25.102701,22.355901,12.284300,-26.781301,-8.698200,-25.636800,15.870400,7.172200,-4.806900,-48.297901,6.714400,13.047300,6.027700,-21.364000,-35.555801,-11.063500,51.349903,-7.095900,-63.100101,-20.372100,51.273601,22.508501,-64.015701,-45.551101,37.081802,54.783401,-57.682800,-57.682800,13.581400,74.087303,-40.667900,-63.863101,-10.987200,80.878006,-21.058801,-72.561302,-21.669200,78.665306,0.152600,-71.264205,-37.081802,67.296600,22.432201,-71.187904,-47.916400,55.470100,46.924503,-69.509300,-58.598403,35.097999,67.907005,-56.767200,-66.228401,23.347801,78.360099,-71.722000,-63.710502,42.956901,69.738204,-84.464103,-53.028503,36.013599,74.163604,-66.915100,-75.918502,28.917701,90.186599,-48.221603,-101.860504,14.497000,101.555305,-23.271501,-112.008407,0.076300,92.704505,6.104000,-114.984100,-17.014900,75.155502,38.378902,-107.659301,-31.969701,60.124401,55.164901,-98.121803,-41.125701,41.659801,58.674701,-69.661903,-41.583499,20.677301,39.218200,-47.534900,-24.721200,21.440300,16.862300,-54.249301,-18.006799,49.060901,-3.509800,-65.312805,-23.576700,78.970504,4.730600,-80.878006,-60.277000,94.764602,37.234401,-74.545105,-96.824707,82.022499,75.231803,-59.666603,-133.372406,66.152099,100.792305,-41.736103,-139.476409],
	[-8.011500,-8.011500,-8.011500,-8.011500,-8.392999,-7.630000,-8.011500,-8.011500,-7.630000,-7.630000,-7.630000,-8.011500,-7.630000,-8.011500,-7.630000,-7.630000,-8.011500,-8.011500,-7.630000,-7.630000,-7.630000,-7.630000,-7.248499,-7.248499,-6.867000,-7.248499,-7.248499,-7.248499,-7.248499,-7.248499,-6.867000,-6.867000,-6.867000,-7.248499,-6.867000,-6.867000,-6.867000,-6.867000,-6.867000,-6.485500,-6.485500,-6.485500,-6.485500,-6.485500,-6.485500,-6.485500,-6.485500,-6.485500,-6.485500,-6.485500,-6.485500,-6.485500,-6.485500,-6.485500,-6.485500,-6.485500,-6.485500,-6.485500,-6.485500,-6.485500,-6.485500,-6.104000,-5.722499,-5.722499,-5.722499,-5.722499,-5.722499,-6.104000,-5.722499,-5.722499,-5.722499,-5.722499,-5.722499,-6.104000,-6.104000,-6.104000,-6.104000,-6.104000,-6.104000,-5.722499,-6.104000,-6.104000,-6.104000,-5.722499,-5.722499,-6.104000,-6.104000,-6.104000,-6.485500,-6.485500,-6.104000,-6.867000,-6.485500,-6.485500,-6.104000,-6.485500,-6.485500,-6.867000,-6.485500,-6.485500,-6.485500,-6.485500,-6.867000,-6.867000,-6.867000,-7.248499,-7.248499,-7.248499,-7.630000,-7.630000,-7.630000,-7.630000,-7.630000,-7.630000,-7.630000,-7.630000,-7.630000,-6.867000,-7.248499,-7.248499,-7.248499,-7.630000,-7.630000,-7.630000,-7.630000,-8.011500,-7.248499,-7.630000,-7.248499,-6.867000,-7.248499,-7.248499,-7.248499,-6.867000,-7.248499,-7.248499,-6.867000,-6.867000,-6.867000,-6.867000,-6.867000,-7.248499,-7.248499,-7.630000,-6.867000,-6.867000,-7.248499,-7.248499,-7.248499,-7.630000,-8.011500,-7.248499,-6.104000,-10.682000,-7.248499,-5.722499,-8.011500,-10.300499,-7.630000,-5.722499,-5.722499,-10.682000,-9.919000,-4.196499,-6.485500,-11.444999,-8.011500,-4.578000,-12.208000,-7.248499,-3.052000,-9.537500,-14.496999,-6.104000,-3.433500,-4.959500,-17.930500,-11.826499,1.526000,-4.578000,-18.693500,-14.115500,0.381500,-1.144500,-15.260000,-16.023000,-4.578000,-1.907500,-7.248499,-19.456501,-6.104000,-0.763000,-8.011500,-16.785999,-6.867000,-3.052000,-5.341000,-17.167499,-7.630000,-2.289000,-9.156000,-16.404500,-3.433500,-2.670500,-14.115500,-17.167499,-1.907500,2.670500,-13.734000,-20.982500,-4.196499,8.392999,-11.826499,-22.127000,-8.011500,8.774499,-8.011500,-21.364000,-12.589500,8.392999,-2.670500,-20.219499,-17.548999,6.867000,0.763000,-18.312000,-19.075000,4.959500,2.289000,-16.404500,-18.312000,0.381500,4.196499,-13.734000,-19.456501,0.381500,6.104000,-14.496999,-21.364000,0.381500,13.352499,-15.260000,-25.942001,-1.907500,17.548999,-9.537500,-29.757000,-10.682000,22.889999,-1.144500,-34.334999,-20.982500,23.652999,10.682000,-32.046001,-29.757000],
	[138.865997,138.865997,138.865997,138.865997,139.247497,139.247497,139.247497,138.865997,139.247497,138.865997,138.865997,139.247497,139.247497,139.247497,139.247497,139.247497,138.865997,139.247497,138.865997,139.247497,138.865997,139.247497,139.247497,139.247497,139.247497,139.247497,138.865997,138.865997,138.865997,139.247497,138.865997,139.247497,139.247497,139.247497,138.865997,139.247497,139.247497,138.865997,139.247497,139.247497,138.865997,139.247497,138.865997,139.247497,139.247497,139.247497,138.865997,139.247497,139.247497,139.247497,139.247497,138.865997,138.865997,139.247497,139.247497,139.628997,139.247497,138.865997,139.247497,139.247497,139.247497,138.865997,139.247497,138.865997,139.247497,139.247497,138.865997,139.247497,139.247497,139.247497,139.247497,139.247497,139.247497,139.247497,139.247497,139.247497,138.865997,139.247497,139.247497,139.247497,139.247497,139.247497,139.247497,139.247497,139.247497,138.865997,139.247497,138.865997,138.865997,139.247497,138.865997,139.247497,139.247497,139.247497,139.247497,138.865997,138.865997,139.247497,138.865997,138.865997,138.865997,138.865997,139.247497,138.865997,138.865997,139.247497,139.247497,138.865997,139.247497,139.247497,139.247497,138.865997,139.247497,139.247497,139.247497,139.247497,139.247497,139.247497,139.247497,139.247497,139.247497,138.865997,139.247497,139.247497,139.247497,138.865997,139.247497,139.247497,139.247497,139.247497,138.865997,139.247497,139.247497,139.247497,139.247497,139.247497,138.865997,139.247497,139.247497,138.865997,139.247497,138.865997,139.628997,140.773498,130.473007,143.825500,150.311004,126.276504,132.380508,152.218505,141.917999,126.276504,137.721496,148.403503,145.351501,128.565506,133.906509,143.062500,151.074005,134.287994,127.421005,142.299499,154.889007,131.617507,120.935501,149.929504,160.992996,128.947006,118.646499,147.259002,154.126007,140.391998,117.120498,138.484497,164.044998,140.010498,118.264999,132.380508,159.085494,152.981506,118.646499,118.264999,165.189498,149.929504,128.947006,119.027999,148.403503,160.229995,143.825500,101.860504,140.010498,169.004501,152.600006,99.953002,131.236007,170.530502,155.652008,111.398002,114.068504,166.715499,165.952499,119.027999,105.293998,159.085494,170.149002,133.525009,93.848999,149.929504,175.871505,143.444000,91.559997,138.865997,175.871505,155.652008,94.993499,126.276504,173.582504,162.900497,104.530998,114.450004,167.860000,164.807998,119.791000,108.346000,154.126007,168.623001,134.669494,98.427001,151.837005,165.952499,144.207000,101.860504,143.444000,157.559509,155.652008,112.161003,124.750503,154.507507,166.715499,114.068504,124.750503,149.166503,162.518997,129.328506,114.831504,147.259002,162.900497,135.432495,110.253501,148.022003,158.322509,147.259002,105.293998,141.917999,159.466995,153.363006]
],
"normalized" : [
	[0.002234,0.002234,0.004193,0.002234,0.004193,0.004193,0.004193,0.002234,0.004193,0.002234,0.002234,0.004193,0.004193,0.004193,0.004193,0.002234,0.004193,0.004193,0.004193,0.004193,0.002234,0.004193,0.002234,0.004193,0.004193,0.002234,0.002234,0.002234,0.004193,0.002234,0.004193,0.004193,0.004193,0.004193,0.004193,0.002234,0.004193,0.002234,0.004193,0.004193,0.006152,0.004193,0.004193,0.002234,0.002234,0.004193,0.004193,0.004193,0.004193,0.006152,0.004193,0.004193,0.004193,0.004193,0.004193,0.006152,0.006152,0.006152,0.004193,0.002234,0.006152,0.004193,0.004193,0.004193,0.004193,0.004193,0.006152,0.004193,0.004193,0.004193,0.002234,0.004193,0.004193,0.004193,0.004193,0.006152,0.004193,0.004193,0.004193,0.004193,0.002234,0.004193,0.002234,0.002234,0.002234,0.004193,0.002234,0.002234,0.002234,0.002234,0.002234,0.002234,0.002234,0.002234,0.002234,0.002234,0.002234,0.002234,0.002234,0.002234,0.002234,0.004193,0.002234,0.000275,0.002234,0.004193,0.002234,0.002234,0.002234,0.004193,0.002234,0.006152,0.004193,0.002234,0.006152,0.004193,0.004193,0.004193,0.006152,0.006152,0.004193,0.004193,0.006152,0.004193,0.002234,0.004193,0.006152,0.006152,0.037499,-0.013438,-0.146660,0.072763,0.282391,-0.089844,-0.368042,0.098232,0.352920,0.041417,-0.371961,-0.201515,0.456755,0.298064,-0.489509,-0.346492,0.572344,0.401899,-0.573752,-0.542406,0.539039,0.707525,-0.403307,-0.957744,0.278473,1.177718,-0.011479,-1.302552,-0.225025,1.265880,0.501815,-1.179126,-0.732442,1.054293,0.899520,-0.789257,-0.973417,0.542957,1.001396,-0.262249,-1.169331,0.192271,1.232574,-0.074171,-1.331939,0.109987,1.320736,0.000275,-1.392673,-0.083967,1.428488,0.356839,-1.512180,-0.638404,1.587179,0.948499,-1.570955,-1.277084,1.591097,1.463753,-1.388754,-1.680666,1.226697,1.785052,-0.877419,-2.017638,0.725157,2.053454,-0.399389,-2.203757,0.233413,2.196471,0.066886,-2.235103,-0.291636,2.223899,0.544916,-2.158697,-0.806890,2.163166,1.003355,-2.070535,-1.275124,2.008394,1.479426,-1.759032,-1.796256,1.618525,1.949620,-1.279043,-2.254694,1.091516,2.349284,-0.750075,-2.485873,0.478305,2.502097,-0.054580,-2.599503,-0.305350,2.637278,0.636996,-2.583830,-0.981253,2.515811,1.236492,-2.307591,-1.527853,2.139656,1.706686,-1.827602,-2.029393,1.669463,2.229777,-1.347612,-2.513301,1.144413,2.558912,-0.748116,-2.673951,0.466550,2.682338,-0.089844,-2.693542,-0.236780,2.678420,0.576262,-2.583830],
	[0.000000,0.000000,0.000000,0.000000,0.000000,0.000000,0.000000,0.000000,0.000000,0.000000,0.000000,0.000000,0.000000,0.000000,0.000000,0.000000,0.000000,0.000000,0.000000,0.000000,0.000000,0.000000,0.000000,0.000000,0.000000,0.000000,0.000000,0.000000,0.000000,0.000000,0.000000,0.000000,0.000000,0.000000,0.000000,0.000000,0.000000,0.000000,0.000000,0.000000,0.000000,0.000000,0.000000,0.000000,0.000000,0.000000,0.000000,0.000000,0.000000,0.000000,0.000000,0.000000,0.000000,0.000000,0.000000,0.000000,0.000000,0.000000,0.000000,0.000000,0.000000,0.000000,0.000000,0.000000,0.000000,0.000000,0.000000,0.000000,0.000000,0.000000,0.000000,0.000000,0.000000,0.000000,0.000000,0.000000,0.000000,0.000000,0.000000,0.000000,0.000000,0.000000,0.000000,0.000000,0.000000,0.000000,0.000000,0.000000,0.000000,0.000000,0.000000,0.000000,0.000000,0.000000,0.000000,0.000000,0.000000,0.000000,0.000000,0.000000,0.000000,0.000000,0.000000,0.000000,0.000000,0.000000,0.000000,0.000000,0.000000,0.000000,0.000000,0.000000,0.000000,0.000000,0.000000,0.000000,0.000000,0.000000,0.000000,0.000000,0.000000,0.000000,0.000000,0.000000,0.000000,0.000000,0.000000,0.000000,0.000000,0.000000,0.000000,0.000000,0.000000,0.000000,0.000000,0.000000,0.000000,0.000000,0.000000,0.000000,0.000000,0.000000,0.000000,0.000000,0.000000,0.000000,0.000000,0.000000,0.000000,0.000000,0.000000,0.000000,0.000000,0.000000,0.000000,0.000000,0.000000,0.000000,0.000000,0.000000,0.000000,0.000000,0.000000,0.000000,0.000000,0.000000,0.000000,0.000000,0.000000,0.000000,0.000000,0.000000,0.000000,0.000000,0.000000,0.000000,0.000000,0.000000,0.000000,0.000000,0.000000,0.000000,0.000000,0.000000,0.000000,0.000000,0.000000,0.000000,0.000000,0.000000,0.000000,0.000000,0.000000,0.000000,0.000000,0.000000,0.000000,0.000000,0.000000,0.000000,0.000000,0.000000,0.000000,0.000000,0.000000,0.000000,0.000000,0.000000,0.000000,0.000000,0.000000,0.000000,0.000000,0.000000,0.000000,0.000000,0.000000,0.000000,0.000000,0.000000,0.000000,0.000000,0.000000,0.000000,0.000000,0.000000,0.000000,0.000000,0.000000,0.000000,0.000000,0.000000,0.000000,0.000000,0.000000,0.000000,0.000000,0.000000,0.000000,0.000000,0.000000,0.000000,0.000000,0.000000,0.000000,0.000000,0.000000,0.000000,0.000000,0.000000,0.000000,0.000000,0.000000,0.000000,0.000000,0.000000],
	[0.001976,0.000059,0.001976,0.000059,0.001976,0.003893,0.000059,0.001976,0.000059,0.001976,0.001976,0.003893,0.001976,0.005810,0.001976,0.005810,0.005810,0.005810,0.005810,0.005810,0.001976,0.001976,0.005810,0.009644,0.003893,0.005810,0.005810,0.009644,0.005810,0.005810,0.003893,0.007727,0.005810,0.007727,0.007727,0.011561,0.007727,0.005810,0.005810,0.007727,0.007727,0.007727,0.007727,0.013478,0.009644,0.013478,0.013478,0.013478,0.013478,0.009644,0.013478,0.009644,0.013478,0.013478,0.011561,0.013478,0.011561,0.015395,0.013478,0.013478,0.015395,0.013478,0.015395,0.019228,0.013478,0.011561,0.017312,0.019228,0.013478,0.013478,0.013478,0.019228,0.017312,0.007727,0.011561,0.013478,0.015395,0.009644,0.011561,0.017312,0.015395,0.011561,0.009644,0.009644,0.009644,0.011561,0.005810,0.007727,0.005810,0.009644,0.005810,0.005810,0.009644,0.001976,0.005810,0.003893,0.011561,0.003893,0.001976,0.000059,0.003893,0.001976,0.003893,-0.001857,0.067151,-0.061281,-0.097702,0.149578,-0.034444,-0.021026,0.009644,0.024979,-0.003773,0.049899,-0.015275,-0.021026,0.040314,0.084403,-0.113037,0.057567,0.038398,-0.090034,0.015395,0.536794,-0.546259,-0.185880,0.471619,0.295263,-0.321980,-0.431244,0.095905,0.544461,0.335518,-0.841462,-0.291310,0.931677,0.402610,-0.898970,-0.456164,0.736152,0.483120,-0.498336,-0.044028,-0.469582,0.573215,0.354687,0.053733,-1.038904,0.343186,0.502289,0.325934,-0.362235,-0.718780,-0.103453,1.464577,-0.003773,-1.410784,-0.337315,1.462660,0.739986,-1.433787,-0.969895,1.106116,1.550838,-1.274684,-1.274684,0.515708,2.035816,-0.847213,-1.429953,-0.101536,2.206421,-0.354568,-1.648481,-0.369903,2.150831,0.178332,-1.615893,-0.757118,1.865211,0.738069,-1.613976,-1.029319,1.568090,1.353397,-1.571804,-1.297687,1.056276,1.880547,-1.251681,-1.489377,0.761072,2.143163,-1.627395,-1.426119,1.253718,1.926552,-1.947518,-1.157752,1.079279,2.037733,-1.506629,-1.732825,0.901006,2.440284,-1.036987,-2.384573,0.538711,2.725903,-0.410158,-2.639522,0.176415,2.503542,0.327851,-2.714282,-0.252971,2.062653,1.138703,-2.530258,-0.628686,1.685022,1.560423,-2.290645,-0.858715,1.221130,1.648600,-1.575638,-0.870216,0.693980,1.159789,-1.019735,-0.446579,0.713149,0.598135,-1.188423,-0.277891,1.407070,0.086320,-1.466375,-0.417826,2.158498,0.293346,-1.857424,-1.339858,2.555298,1.109949,-1.698320,-2.258058,2.235174,2.064570,-1.324523,-3.176257,1.836457,2.706734,-0.874050,-3.329610],
	[-0.100497,-0.100497,-0.100497,-0.100497,-0.156916,-0.044077,-0.100497,-0.100497,-0.044077,-0.044077,-0.044077,-0.100497,-0.044077,-0.100497,-0.044077,-0.044077,-0.100497,-0.100497,-0.044077,-0.044077,-0.044077,-0.044077,0.012341,0.012341,0.068760,0.012341,0.012341,0.012341,0.012341,0.012341,0.068760,0.068760,0.068760,0.012341,0.068760,0.068760,0.068760,0.068760,0.068760,0.125180,0.125180,0.125180,0.125180,0.125180,0.125180,0.125180,0.125180,0.125180,0.125180,0.125180,0.125180,0.125180,0.125180,0.125180,0.125180,0.125180,0.125180,0.125180,0.125180,0.125180,0.125180,0.181599,0.238018,0.238018,0.238018,0.238018,0.238018,0.181599,0.238018,0.238018,0.238018,0.238018,0.238018,0.181599,0.181599,0.181599,0.181599,0.181599,0.181599,0.238018,0.181599,0.181599,0.181599,0.238018,0.238018,0.181599,0.181599,0.181599,0.125180,0.125180,0.181599,0.068760,0.125180,0.125180,0.181599,0.125180,0.125180,0.068760,0.125180,0.125180,0.125180,0.125180,0.068760,0.068760,0.068760,0.012341,0.012341,0.012341,-0.044077,-0.044077,-0.044077,-0.044077,-0.044077,-0.044077,-0.044077,-0.044077,-0.044077,0.068760,0.012341,0.012341,0.012341,-0.044077,-0.044077,-0.044077,-0.044077,-0.100497,0.012341,-0.044077,0.012341,0.068760,0.012341,0.012341,0.012341,0.068760,0.012341,0.012341,0.068760,0.068760,0.068760,0.068760,0.068760,0.012341,0.012341,-0.044077,0.068760,0.068760,0.012341,0.012341,0.012341,-0.044077,-0.100497,0.012341,0.181599,-0.495432,0.012341,0.238018,-0.100497,-0.439012,-0.044077,0.238018,0.238018,-0.495432,-0.382593,0.463696,0.125180,-0.608270,-0.100497,0.407276,-0.721109,0.012341,0.632954,-0.326174,-1.059625,0.181599,0.576534,0.350857,-1.567399,-0.664690,1.309985,0.407276,-1.680237,-1.003206,1.140727,0.915050,-1.172464,-1.285302,0.407276,0.802211,0.012341,-1.793076,0.181599,0.971469,-0.100497,-1.398141,0.068760,0.632954,0.294438,-1.454560,-0.044077,0.745792,-0.269755,-1.341722,0.576534,0.689373,-1.003206,-1.454560,0.802211,1.479243,-0.946786,-2.018753,0.463696,2.325533,-0.664690,-2.188011,-0.100497,2.381952,-0.100497,-2.075173,-0.777528,2.325533,0.689373,-1.905915,-1.510979,2.099856,1.197147,-1.623818,-1.736657,1.817759,1.422824,-1.341722,-1.623818,1.140727,1.704921,-0.946786,-1.793076,1.140727,1.987017,-1.059625,-2.075173,1.140727,3.058984,-1.172464,-2.752205,0.802211,3.679596,-0.326174,-3.316398,-0.495432,4.469467,0.915050,-3.993429,-2.018753,4.582305,2.664049,-3.654914,-3.316398],
	[-0.026095,-0.026095,-0.026095,-0.026095,0.001504,0.001504,0.001504,-0.026095,0.001504,-0.026095,-0.026095,0.001504,0.001504,0.001504,0.001504,0.001504,-0.026095,0.001504,-0.026095,0.001504,-0.026095,0.001504,0.001504,0.001504,0.001504,0.001504,-0.026095,-0.026095,-0.026095,0.001504,-0.026095,0.001504,0.001504,0.001504,-0.026095,0.001504,0.001504,-0.026095,0.001504,0.001504,-0.026095,0.001504,-0.026095,0.001504,0.001504,0.001504,-0.026095,0.001504,0.001504,0.001504,0.001504,-0.026095,-0.026095,0.001504,0.001504,0.029105,0.001504,-0.026095,0.001504,0.001504,0.001504,-0.026095,0.001504,-0.026095,0.001504,0.001504,-0.026095,0.001504,0.001504,0.001504,0.001504,0.001504,0.001504,0.001504,0.001504,0.001504,-0.026095,0.001504,0.001504,0.001504,0.001504,0.001504,0.001504,0.001504,0.001504,-0.026095,0.001504,-0.026095,-0.026095,0.001504,-0.026095,0.001504,0.001504,0.001504,0.001504,-0.026095,-0.026095,0.001504,-0.026095,-0.026095,-0.026095,-0.026095,0.001504,-0.026095,-0.026095,0.001504,0.001504,-0.026095,0.001504,0.001504,0.001504,-0.026095,0.001504,0.001504,0.001504,0.001504,0.001504,0.001504,0.001504,0.001504,0.001504,-0.026095,0.001504,0.001504,0.001504,-0.026095,0.001504,0.001504,0.001504,0.001504,-0.026095,0.001504,0.001504,0.001504,0.001504,0.001504,-0.026095,0.001504,0.001504,-0.026095,0.001504,-0.026095,0.029105,0.111907,-0.633308,0.332712,0.801922,-0.936915,-0.495305,0.939925,0.194709,-0.936915,-0.108897,0.663919,0.443114,-0.771311,-0.384902,0.277510,0.857123,-0.357303,-0.854113,0.222309,1.133130,-0.550506,-1.323323,0.774322,1.574738,-0.743711,-1.488927,0.581117,1.077928,0.084306,-1.599330,-0.053696,1.795543,0.056705,-1.516528,-0.495305,1.436735,0.995126,-1.488927,-1.516528,1.878345,0.774322,-0.743711,-1.461327,0.663919,1.519537,0.332712,-2.703353,0.056705,2.154351,0.967526,-2.841357,-0.578107,2.264754,1.188331,-2.013339,-1.820134,1.988748,1.933546,-1.461327,-2.454948,1.436735,2.237153,-0.412503,-3.282966,0.774322,2.651163,0.305111,-3.448570,-0.026095,2.651163,1.188331,-3.200165,-0.936915,2.485559,1.712742,-2.510150,-1.792534,2.071550,1.850745,-1.406125,-2.234143,1.077928,2.126751,-0.329702,-2.951759,0.912325,1.933546,0.360312,-2.703353,0.305111,1.326334,1.188331,-1.958137,-1.047317,1.105529,1.988748,-1.820134,-1.047317,0.719120,1.685141,-0.716110,-1.764933,0.581117,1.712742,-0.274501,-2.096140,0.636318,1.381535,0.581117,-2.454948,0.194709,1.464336,1.022727]
],
"cwt" : [
	[0.654627,0.402133,0.206017,0.086648,0.029991,0.008658,0.001940,0.000273,0.000249,0.000284,0.000476,0.000432,0.000339,0.000339,0.000228,0.000303,0.000454,0.000355,0.000217,0.000209,0.000149,0.000038,0.000290,0.000418,0.000447,0.000476,0.000475,0.000377,0.000232,0.000165,0.000257,0.000176,0.000076,0.000167,0.000128,0.000089,0.000042,0.000154,0.000344,0.000388,0.000374,0.000358,0.000332,0.000431,0.000523,0.000456,0.000304,0.000258,0.000376,0.000402,0.000278,0.000145,0.000043,0.000148,0.000330,0.000420,0.000523,0.000658,0.000707,0.000691,0.000624,0.000456,0.000226,0.000083,0.000195,0.000301,0.000318,0.000216,0.000040,0.000202,0.000311,0.000306,0.000225,0.000205,0.000334,0.000393,0.000302,0.000194,0.000190,0.000196,0.000188,0.000255,0.000326,0.000392,0.000455,0.000445,0.000341,0.000223,0.000146,0.000078,0.000009,0.000014,0.000013,0.000019,0.000010,0.000014,0.000031,0.000084,0.000146,0.000282,0.000496,0.000687,0.000790,0.000831,0.000825,0.000732,0.000564,0.000395,0.000222,0.000033,0.000346,0.000557,0.000595,0.000577,0.000577,0.000554,0.000533,0.000565,0.000625,0.000644,0.000601,0.000601,0.000633,0.000527,0.000946,0.003502,0.009138,0.019251,0.034881,0.056053,0.081407,0.108332,0.133623,0.154411,0.169191,0.178740,0.186344,0.196372,0.211493,0.231142,0.252850,0.274460,0.295127,0.314989,0.334405,0.353585,0.372851,0.393072,0.415737,0.442410,0.473743,0.508723,0.544748,0.578507,0.607103,0.628878,0.643748,0.652901,0.657789,0.658918,0.655513,0.646477,0.631811,0.613404,0.594932,0.581020,0.575504,0.579455,0.590757,0.605802,0.621503,0.636053,0.648771,0.659982,0.670923,0.683226,0.698263,0.717075,0.740710,0.769953,0.804489,0.842804,0.883021,0.923276,0.961239,0.994100,1.019614,1.037091,1.047426,1.052619,1.055333,1.058161,1.062558,1.068447,1.075091,1.082075,1.089255,1.096211,1.102390,1.107770,1.112916,1.118264,1.123769,1.129449,1.135899,1.143886,1.153564,1.164342,1.175367,1.185837,1.195066,1.202758,1.209309,1.215492,1.221840,1.228644,1.236334,1.245106,1.254096,1.261640,1.266689,1.269613,1.271707,1.274582,1.280024,1.289360,1.302293,1.316833,1.330744,1.342625,1.351590,1.356828,1.357974,1.355426,1.350042,1.343034,1.336345,1.332421,1.333014,1.338338,1.347278,1.357836,1.367417,1.373649,1.375519,1.373592,1.369271,1.364102,1.359278,1.354984,1.349882,1.339761,1.313262,1.248009,1.117360,0.911186],
	[0.000000,0.000000,0.000000,0.000000,0.000000,0.000000,0.000000,0.000000,0.000000,0.000000,0.000000,0.000000,0.000000,0.000000,0.000000,0.000000,0.000000,0.000000,0.000000,0.000000,0.000000,0.000000,0.000000,0.000000,0.000000,0.000000,0.000000,0.000000,0.000000,0.000000,0.000000,0.000000,0.000000,0.000000,0.000000,0.000000,0.000000,0.000000,0.000000,0.000000,0.000000,0.000000,0.000000,0.000000,0.000000,0.000000,0.000000,0.000000,0.000000,0.000000,0.000000,0.000000,0.000000,0.000000,0.000000,0.000000,0.000000,0.000000,0.000000,0.000000,0.000000,0.000000,0.000000,0.000000,0.000000,0.000000,0.000000,0.000000,0.000000,0.000000,0.000000,0.000000,0.000000,0.000000,0.000000,0.000000,0.000000,0.000000,0.000000,0.000000,0.000000,0.000000,0.000000,0.000000,0.000000,0.000000,0.000000,0.000000,0.000000,0.000000,0.000000,0.000000,0.000000,0.000000,0.000000,0.000000,0.000000,0.000000,0.000000,0.000000,0.000000,0.000000,0.000000,0.000000,0.000000,0.000000,0.000000,0.000000,0.000000,0.000000,0.000000,0.000000,0.000000,0.000000,0.000000,0.000000,0.000000,0.000000,0.000000,0.000000,0.000000,0.000000,0.000000,0.000000,0.000000,0.000000,0.000000,0.000000,0.000000,0.000000,0.000000,0.000000,0.000000,0.000000,0.000000,0.000000,0.000000,0.000000,0.000000,0.000000,0.000000,0.000000,0.000000,0.000000,0.000000,0.000000,0.000000,0.000000,0.000000,0.000000,0.000000,0.000000,0.000000,0.000000,0.000000,0.000000,0.000000,0.000000,0.000000,0.000000,0.000000,0.000000,0.000000,0.000000,0.000000,0.000000,0.000000,0.000000,0.000000,0.000000,0.000000,0.000000,0.000000,0.000000,0.000000,0.000000,0.000000,0.000000,0.000000,0.000000,0.000000,0.000000,0.000000,0.000000,0.000000,0.000000,0.000000,0.000000,0.000000,0.000000,0.000000,0.000000,0.000000,0.000000,0.000000,0.000000,0.000000,0.000000,0.000000,0.000000,0.000000,0.000000,0.000000,0.000000,0.000000,0.000000,0.000000,0.000000,0.000000,0.000000,0.000000,0.000000,0.000000,0.000000,0.000000,0.000000,0.000000,0.000000,0.000000,0.000000,0.000000,0.000000,0.000000,0.000000,0.000000,0.000000,0.000000,0.000000,0.000000,0.000000,0.000000,0.000000,0.000000,0.000000,0.000000,0.000000,0.000000,0.000000,0.000000,0.000000,0.000000,0.000000,0.000000,0.000000,0.000000,0.000000,0.000000,0.000000,0.000000,0.000000,0.000000,0.000000,0.000000,0.000000,0.000000,0.000000],
	[0.814347,0.505977,0.261333,0.110564,0.038689,0.011322,0.002420,0.000379,0.000478,0.000329,0.000437,0.000219,0.000356,0.000289,0.000376,0.000439,0.000364,0.000153,0.000610,0.000923,0.001105,0.001425,0.001713,0.001515,0.001109,0.001055,0.001189,0.001036,0.000724,0.000677,0.000736,0.000521,0.000246,0.000511,0.000957,0.001079,0.000924,0.000865,0.000863,0.000673,0.000443,0.000541,0.000770,0.000606,0.000238,0.000369,0.000532,0.000525,0.000337,0.000200,0.000133,0.000255,0.000532,0.000520,0.000308,0.000282,0.000452,0.000448,0.000186,0.000051,0.000193,0.000607,0.001217,0.001609,0.001715,0.001832,0.001985,0.001921,0.001680,0.001644,0.001945,0.002260,0.002323,0.002205,0.002046,0.001860,0.001683,0.001653,0.001780,0.001788,0.001523,0.001159,0.000847,0.000702,0.000792,0.000890,0.000817,0.000706,0.000680,0.000615,0.000492,0.000620,0.000905,0.001161,0.001373,0.001551,0.001699,0.001721,0.001562,0.001494,0.002391,0.005474,0.011381,0.019918,0.029609,0.037753,0.041510,0.039589,0.033044,0.024158,0.014687,0.005552,0.003809,0.011081,0.017571,0.023118,0.026928,0.027517,0.024936,0.027854,0.050621,0.090520,0.139125,0.186731,0.224141,0.245973,0.252503,0.249376,0.245465,0.250669,0.273036,0.312730,0.360810,0.406468,0.442484,0.465152,0.472564,0.463432,0.435736,0.386519,0.316132,0.236890,0.182168,0.188685,0.235948,0.286569,0.324242,0.339830,0.329475,0.304450,0.297018,0.338126,0.420873,0.516988,0.603753,0.669503,0.714202,0.745790,0.771892,0.795342,0.817456,0.840161,0.862368,0.879590,0.890239,0.898087,0.906048,0.912176,0.915207,0.919236,0.928273,0.939858,0.948680,0.953396,0.955695,0.955332,0.951202,0.946007,0.944501,0.947464,0.952187,0.958255,0.967650,0.979079,0.987718,0.991845,0.994924,0.999704,1.005247,1.011574,1.021986,1.038230,1.057174,1.074229,1.087394,1.096247,1.099384,1.096413,1.092214,1.095245,1.109776,1.133088,1.161583,1.194752,1.231133,1.265393,1.292657,1.312091,1.323731,1.325901,1.318950,1.307685,1.296071,1.282360,1.263692,1.242670,1.224237,1.208304,1.191219,1.172464,1.153565,1.131441,1.099264,1.054506,1.000625,0.939904,0.870630,0.793608,0.715897,0.645754,0.588708,0.550156,0.536188,0.548802,0.583024,0.630648,0.686499,0.750521,0.823324,0.901192,0.978441,1.052921,1.124452,1.189670,1.244740,1.292089,1.338768,1.388752,1.441042,1.493126,1.540578,1.572696,1.570367,1.507910,1.360467,1.120110],
	[0.982124,0.576803,0.287228,0.123131,0.050008,0.022888,0.013888,0.013703,0.014326,0.012558,0.009477,0.005979,0.003374,0.007353,0.011868,0.014719,0.016612,0.016614,0.013855,0.010132,0.008664,0.008834,0.009061,0.009972,0.010194,0.008376,0.005108,0.000897,0.004952,0.009822,0.012692,0.013299,0.012749,0.012315,0.011349,0.009050,0.007134,0.007677,0.009489,0.009520,0.006803,0.003182,0.001281,0.001158,0.000838,0.000675,0.000649,0.000659,0.000628,0.000634,0.000602,0.000611,0.000579,0.000593,0.000527,0.000414,0.000976,0.002395,0.004348,0.007499,0.011513,0.013958,0.012549,0.007177,0.000963,0.006215,0.008828,0.009316,0.009069,0.006255,0.000857,0.005768,0.008788,0.008128,0.005871,0.004551,0.004388,0.006169,0.010163,0.013398,0.014145,0.014013,0.015202,0.016584,0.014888,0.009060,0.004417,0.007848,0.009534,0.011322,0.014743,0.016365,0.016006,0.015217,0.014372,0.013489,0.012533,0.011169,0.009435,0.007585,0.007263,0.008270,0.006730,0.004475,0.006219,0.006004,0.004406,0.007077,0.008440,0.006363,0.003093,0.001097,0.000231,0.002909,0.007642,0.012897,0.016307,0.015772,0.010615,0.002688,0.004543,0.007428,0.006327,0.006467,0.009412,0.009163,0.004202,0.005197,0.012183,0.015972,0.016196,0.014754,0.013853,0.014034,0.014109,0.013176,0.010945,0.007025,0.002220,0.004570,0.008581,0.012534,0.017169,0.020836,0.021954,0.019321,0.012751,0.010029,0.021736,0.038423,0.058736,0.084584,0.113105,0.137156,0.153668,0.164576,0.171726,0.177159,0.185502,0.201021,0.222220,0.241909,0.253454,0.254233,0.242560,0.217690,0.189587,0.185375,0.221985,0.282492,0.344370,0.393879,0.429278,0.462720,0.511182,0.578920,0.652145,0.714020,0.758417,0.787131,0.801233,0.800054,0.784543,0.756756,0.718411,0.675558,0.642656,0.632537,0.640905,0.649466,0.643901,0.623374,0.595053,0.566083,0.542554,0.529267,0.525022,0.522228,0.516209,0.512338,0.520029,0.543517,0.582992,0.637971,0.704795,0.776226,0.845796,0.911744,0.975757,1.036494,1.086781,1.119885,1.136282,1.141582,1.140469,1.135956,1.132244,1.133508,1.139878,1.148192,1.156625,1.164943,1.170751,1.170400,1.163898,1.154169,1.140933,1.120209,1.091451,1.061140,1.037330,1.023780,1.021395,1.031713,1.055498,1.091285,1.139341,1.203810,1.285897,1.376738,1.462334,1.535663,1.600058,1.661643,1.724344,1.793071,1.874527,1.969928,2.070572,2.164398,2.242112,2.288467,2.267913,2.130603,1.846025,1.437237],
	[0.322862,0.183637,0.087583,0.032712,0.007826,0.002767,0.004073,0.002797,0.002672,0.004919,0.005844,0.004983,0.003003,0.000566,0.001688,0.002933,0.002725,0.001742,0.001323,0.001920,0.002706,0.002766,0.001753,0.000277,0.002584,0.004658,0.005777,0.005751,0.004750,0.003491,0.003539,0.004708,0.005712,0.006107,0.005793,0.005130,0.004745,0.004632,0.004471,0.003975,0.002717,0.001535,0.003002,0.004734,0.005831,0.006300,0.006046,0.005021,0.003812,0.004006,0.005557,0.006656,0.006478,0.005808,0.006682,0.008630,0.009671,0.009290,0.008093,0.006690,0.005074,0.003058,0.001576,0.002722,0.004139,0.005036,0.005268,0.004615,0.003287,0.001870,0.000777,0.000140,0.000764,0.001855,0.003334,0.004720,0.005285,0.004695,0.003340,0.001943,0.001028,0.000893,0.001579,0.002527,0.002803,0.002006,0.001931,0.003080,0.003084,0.002062,0.002273,0.003023,0.003218,0.004071,0.005633,0.006646,0.006651,0.006077,0.005334,0.004613,0.004652,0.005339,0.006046,0.006836,0.007442,0.007404,0.006944,0.006653,0.006638,0.006671,0.006541,0.006032,0.004983,0.003474,0.001891,0.000711,0.000188,0.000729,0.001855,0.003465,0.005021,0.006043,0.006518,0.006681,0.006600,0.006146,0.005300,0.004444,0.004328,0.004978,0.005302,0.004485,0.002584,0.000835,0.002596,0.004371,0.005343,0.005768,0.006809,0.011630,0.025784,0.055007,0.103540,0.170676,0.248929,0.326350,0.391108,0.435483,0.457926,0.462360,0.454911,0.440951,0.424720,0.409430,0.396558,0.387424,0.386083,0.397271,0.421006,0.453228,0.491524,0.537135,0.591815,0.653494,0.714314,0.762699,0.788136,0.786184,0.762370,0.732863,0.718125,0.729558,0.760531,0.793154,0.813157,0.818893,0.820296,0.831211,0.859725,0.900443,0.934702,0.941937,0.914848,0.866582,0.824692,0.816249,0.853825,0.930633,1.025760,1.115730,1.186699,1.237937,1.273237,1.292130,1.293532,1.284984,1.280973,1.289554,1.306039,1.322185,1.334784,1.344133,1.352057,1.364298,1.388023,1.422605,1.458034,1.485672,1.505471,1.520404,1.529834,1.532741,1.532463,1.532222,1.529239,1.519023,1.502441,1.482568,1.456917,1.419911,1.372646,1.324314,1.284122,1.257155,1.246554,1.250820,1.258440,1.253679,1.229559,1.190599,1.142824,1.088072,1.031906,0.989597,0.974978,0.985503,1.005620,1.019500,1.016034,0.991154,0.952724,0.919122,0.904922,0.908039,0.916939,0.925163,0.932057,0.935507,0.932930,0.928345,0.928766,0.927636,0.898581,0.813949,0.670292,0.494116]
],
"envelope_edge" : [
	[0.013762,0.013345,0.012333,0.011101,0.009966,0.009054,0.008345,0.007779,0.007313,0.006916,0.006569,0.006261,0.005982,0.005728,0.005494,0.005277,0.005077,0.004891,0.004715,0.004549,0.004392,0.004242,0.004100,0.003966,0.003838,0.003716,0.003598,0.003486,0.003376,0.003270,0.003168,0.003070,0.002974,0.002881,0.002791,0.002704,0.002618,0.002534,0.002453,0.002375,0.002299,0.002224,0.002150,0.002077,0.002007,0.001939,0.001871,0.001803,0.001737,0.001673,0.001610,0.001547,0.001483,0.001421,0.001360,0.001301,0.001242,0.001184,0.001128,0.001072,0.001017,0.000962,0.000906,0.000849,0.000793,0.000739,0.000685,0.000632,0.000578,0.000523,0.000471,0.000418,0.000366,0.000313,0.000260,0.000209,0.000157,0.000104,0.000052,-0.000000,-0.000053,-0.000106,-0.000158,-0.000211,-0.000263,-0.000315,-0.000367,-0.000421,-0.000475,-0.000529,-0.000585,-0.000640,-0.000696,-0.000752,-0.000809,-0.000867,-0.000925,-0.000984,-0.001043,-0.001104,-0.001165,-0.001225,-0.001286,-0.001349,-0.001412,-0.001477,-0.001543,-0.001612,-0.001682,-0.001756,-0.001832,-0.001906,-0.001983,-0.002063,-0.002145,-0.002231,-0.002320,-0.002413,-0.002511,-0.002612,-0.002720,-0.002836,-0.002960,-0.003097,-0.003255,-0.003435,-0.003633,-0.003843,-0.004052,-0.004240,-0.004390,-0.004488,-0.004537,-0.004550,-0.004554,-0.004579,-0.004647,-0.004754,-0.004876,-0.004983,-0.005064,-0.005122,-0.005167,-0.005207,-0.005245,-0.005283,-0.005326,-0.005377,-0.005436,-0.005492,-0.005527,-0.005518,-0.005450,-0.005323,-0.005147,-0.004943,-0.004732,-0.004530,-0.004340,-0.004160,-0.003989,-0.003838,-0.003728,-0.003682,-0.003713,-0.003818,-0.003970,-0.004129,-0.004264,-0.004359,-0.004420,-0.004459,-0.004491,-0.004529,-0.004583,-0.004657,-0.004746,-0.004845,-0.004946,-0.005033,-0.005089,-0.005099,-0.005055,-0.004953,-0.004791,-0.004576,-0.004327,-0.004069,-0.003826,-0.003615,-0.003443,-0.003306,-0.003188,-0.003077,-0.002967,-0.002856,-0.002745,-0.002630,-0.002514,-0.002403,-0.002299,-0.002201,-0.002106,-0.002016,-0.001934,-0.001855,-0.001770,-0.001673,-0.001562,-0.001438,-0.001304,-0.001167,-0.001034,-0.000906,-0.000783,-0.000661,-0.000539,-0.000409,-0.000262,-0.000100,0.000066,0.000223,0.000364,0.000485,0.000593,0.000702,0.000833,0.001000,0.001202,0.001435,0.001690,0.001960,0.002234,0.002500,0.002750,0.002974,0.003171,0.003343,0.003511,0.003694,0.003912,0.004179,0.004498,0.004862,0.005254,0.005664,0.006085,0.006524,0.006997,0.007531,0.008164,0.008946,0.009937,0.011142,0.012408,0.013402],
	[0.000000,0.000000,0.000000,0.000000,0.000000,0.000000,0.000000,0.000000,0.000000,0.000000,0.000000,0.000000,0.000000,0.000000,0.000000,0.000000,0.000000,0.000000,0.000000,0.000000,0.000000,0.000000,0.000000,0.000000,0.000000,0.000000,0.000000,0.000000,0.000000,0.000000,0.000000,0.000000,0.000000,0.000000,0.000000,0.000000,0.000000,0.000000,0.000000,0.000000,0.000000,0.000000,0.000000,0.000000,0.000000,0.000000,0.000000,0.000000,0.000000,0.000000,0.000000,0.000000,0.000000,0.000000,0.000000,0.000000,0.000000,0.000000,0.000000,0.000000,0.000000,0.000000,0.000000,0.000000,0.000000,0.000000,0.000000,0.000000,0.000000,0.000000,0.000000,0.000000,0.000000,0.000000,0.000000,0.000000,0.000000,0.000000,0.000000,0.000000,0.000000,0.000000,0.000000,0.000000,0.000000,0.000000,0.000000,0.000000,0.000000,0.000000,0.000000,0.000000,0.000000,0.000000,0.000000,0.000000,0.000000,0.000000,0.000000,0.000000,0.000000,0.000000,0.000000,0.000000,0.000000,0.000000,0.000000,0.000000,0.000000,0.000000,0.000000,0.000000,0.000000,0.000000,0.000000,0.000000,0.000000,0.000000,0.000000,0.000000,0.000000,0.000000,0.000000,0.000000,0.000000,0.000000,0.000000,0.000000,0.000000,0.000000,0.000000,0.000000,0.000000,0.000000,0.000000,0.000000,0.000000,0.000000,0.000000,0.000000,0.000000,0.000000,0.000000,0.000000,0.000000,0.000000,0.000000,0.000000,0.000000,0.000000,0.000000,0.000000,0.000000,0.000000,0.000000,0.000000,0.000000,0.000000,0.000000,0.000000,0.000000,0.000000,0.000000,0.000000,0.000000,0.000000,0.000000,0.000000,0.000000,0.000000,0.000000,0.000000,0.000000,0.000000,0.000000,0.000000,0.000000,0.000000,0.000000,0.000000,0.000000,0.000000,0.000000,0.000000,0.000000,0.000000,0.000000,0.000000,0.000000,0.000000,0.000000,0.000000,0.000000,0.000000,0.000000,0.000000,0.000000,0.000000,0.000000,0.000000,0.000000,0.000000,0.000000,0.000000,0.000000,0.000000,0.000000,0.000000,0.000000,0.000000,0.000000,0.000000,0.000000,0.000000,0.000000,0.000000,0.000000,0.000000,0.000000,0.000000,0.000000,0.000000,0.000000,0.000000,0.000000,0.000000,0.000000,0.000000,0.000000,0.000000,0.000000,0.000000,0.000000,0.000000,0.000000,0.000000,0.000000,0.000000,0.000000,0.000000,0.000000,0.000000,0.000000,0.000000,0.000000,0.000000,0.000000,0.000000,0.000000,0.000000,0.000000,0.000000,0.000000,0.000000,0.000000,0.000000],
	[0.013869,0.013596,0.012544,0.011169,0.009886,0.008863,0.008081,0.007467,0.006975,0.006561,0.006203,0.005887,0.005602,0.005347,0.005112,0.004898,0.004699,0.004512,0.004335,0.004174,0.004021,0.003877,0.003742,0.003616,0.003490,0.003370,0.003255,0.003147,0.003041,0.002937,0.002838,0.002743,0.002648,0.002555,0.002468,0.002386,0.002304,0.002223,0.002145,0.002069,0.001992,0.001917,0.001845,0.001777,0.001706,0.001635,0.001568,0.001503,0.001438,0.001373,0.001308,0.001243,0.001182,0.001122,0.001062,0.001000,0.000940,0.000882,0.000824,0.000763,0.000702,0.000642,0.000585,0.000532,0.000477,0.000423,0.000369,0.000316,0.000261,0.000204,0.000147,0.000094,0.000042,-0.000010,-0.000065,-0.000119,-0.000175,-0.000232,-0.000288,-0.000342,-0.000397,-0.000454,-0.000513,-0.000573,-0.000634,-0.000693,-0.000753,-0.000814,-0.000877,-0.000940,-0.001005,-0.001072,-0.001140,-0.001207,-0.001276,-0.001346,-0.001419,-0.001494,-0.001574,-0.001663,-0.001765,-0.001873,-0.001978,-0.002066,-0.002124,-0.002147,-0.002146,-0.002146,-0.002172,-0.002235,-0.002336,-0.002487,-0.002691,-0.002864,-0.002996,-0.003125,-0.003248,-0.003388,-0.003582,-0.003888,-0.004235,-0.004503,-0.004645,-0.004643,-0.004530,-0.004368,-0.004236,-0.004192,-0.004264,-0.004436,-0.004644,-0.004784,-0.004787,-0.004645,-0.004392,-0.004065,-0.003702,-0.003329,-0.002983,-0.002715,-0.002637,-0.002878,-0.003512,-0.004260,-0.004742,-0.004939,-0.004955,-0.004889,-0.004887,-0.005126,-0.005678,-0.006336,-0.006794,-0.006941,-0.006823,-0.006558,-0.006261,-0.006005,-0.005788,-0.005595,-0.005419,-0.005246,-0.005048,-0.004824,-0.004612,-0.004433,-0.004270,-0.004108,-0.003969,-0.003871,-0.003782,-0.003660,-0.003508,-0.003354,-0.003210,-0.003072,-0.002957,-0.002890,-0.002861,-0.002835,-0.002802,-0.002773,-0.002740,-0.002675,-0.002578,-0.002488,-0.002427,-0.002380,-0.002338,-0.002312,-0.002303,-0.002277,-0.002202,-0.002082,-0.001937,-0.001780,-0.001625,-0.001509,-0.001470,-0.001502,-0.001546,-0.001553,-0.001513,-0.001422,-0.001254,-0.000994,-0.000667,-0.000301,0.000090,0.000493,0.000869,0.001197,0.001500,0.001803,0.002090,0.002331,0.002541,0.002758,0.002991,0.003225,0.003474,0.003765,0.004087,0.004384,0.004620,0.004794,0.004893,0.004866,0.004673,0.004319,0.003828,0.003220,0.002545,0.001884,0.001312,0.000852,0.000490,0.000209,0.000031,-0.000015,0.000064,0.000246,0.000528,0.000912,0.001365,0.001836,0.002320,0.002862,0.003512,0.004309,0.005309,0.006573,0.008130,0.009916,0.011722,0.013177],
	[0.018101,0.017192,0.015489,0.013612,0.011984,0.010727,0.009755,0.008997,0.008402,0.007906,0.007466,0.007067,0.006680,0.006328,0.006048,0.005802,0.005588,0.005397,0.005218,0.005025,0.004832,0.004655,0.004494,0.004344,0.004218,0.004092,0.003970,0.003810,0.003647,0.003540,0.003449,0.003371,0.003284,0.003202,0.003122,0.003042,0.002944,0.002850,0.002773,0.002719,0.002658,0.002583,0.002491,0.002410,0.002333,0.002260,0.002187,0.002119,0.002050,0.001987,0.001921,0.001859,0.001795,0.001735,0.001672,0.001610,0.001540,0.001479,0.001414,0.001361,0.001318,0.001308,0.001294,0.001276,0.001181,0.001097,0.001070,0.001036,0.001006,0.000982,0.000904,0.000819,0.000800,0.000771,0.000734,0.000674,0.000615,0.000548,0.000501,0.000473,0.000453,0.000420,0.000385,0.000367,0.000360,0.000334,0.000251,0.000176,0.000139,0.000085,0.000054,0.000034,0.000016,-0.000014,-0.000043,-0.000078,-0.000109,-0.000146,-0.000183,-0.000231,-0.000284,-0.000325,-0.000355,-0.000414,-0.000469,-0.000500,-0.000558,-0.000613,-0.000635,-0.000663,-0.000711,-0.000776,-0.000850,-0.000931,-0.000988,-0.001026,-0.001033,-0.001037,-0.001045,-0.001121,-0.001221,-0.001265,-0.001313,-0.001382,-0.001437,-0.001464,-0.001529,-0.001639,-0.001708,-0.001736,-0.001768,-0.001814,-0.001876,-0.001938,-0.001996,-0.002051,-0.002114,-0.002185,-0.002301,-0.002436,-0.002538,-0.002639,-0.002727,-0.002806,-0.002876,-0.002963,-0.003092,-0.003320,-0.003559,-0.003748,-0.003924,-0.004063,-0.004132,-0.004132,-0.004111,-0.004100,-0.004112,-0.004161,-0.004253,-0.004351,-0.004400,-0.004375,-0.004301,-0.004220,-0.004173,-0.004235,-0.004517,-0.005029,-0.005543,-0.005857,-0.005963,-0.005943,-0.005927,-0.005999,-0.006121,-0.006147,-0.005972,-0.005620,-0.005181,-0.004707,-0.004221,-0.003747,-0.003320,-0.002967,-0.002723,-0.002639,-0.002727,-0.002879,-0.002941,-0.002855,-0.002695,-0.002572,-0.002542,-0.002615,-0.002781,-0.002998,-0.003208,-0.003392,-0.003604,-0.003903,-0.004279,-0.004679,-0.005059,-0.005377,-0.005583,-0.005656,-0.005614,-0.005491,-0.005294,-0.004997,-0.004593,-0.004132,-0.003689,-0.003304,-0.002983,-0.002728,-0.002541,-0.002394,-0.002246,-0.002078,-0.001894,-0.001689,-0.001452,-0.001200,-0.000964,-0.000753,-0.000552,-0.000371,-0.000266,-0.000280,-0.000403,-0.000598,-0.000842,-0.001113,-0.001385,-0.001636,-0.001868,-0.002058,-0.002131,-0.002013,-0.001711,-0.001307,-0.000874,-0.000428,0.000034,0.000522,0.001085,0.001825,0.002837,0.004165,0.005840,0.007947,0.010531,0.013396,0.016015,0.017727],
	[0.010562,0.009941,0.009135,0.008314,0.007584,0.006990,0.006553,0.006194,0.005868,0.005591,0.005361,0.005150,0.004954,0.004751,0.004558,0.004398,0.004250,0.004104,0.003959,0.003822,0.003699,0.003584,0.003475,0.003350,0.003228,0.003134,0.003046,0.002965,0.002881,0.002791,0.002695,0.002609,0.002532,0.002462,0.002393,0.002322,0.002249,0.002178,0.002111,0.002046,0.001980,0.001900,0.001821,0.001759,0.001702,0.001651,0.001599,0.001545,0.001482,0.001413,0.001352,0.001303,0.001256,0.001200,0.001138,0.001090,0.001052,0.001018,0.000977,0.000933,0.000885,0.000833,0.000766,0.000701,0.000651,0.000607,0.000568,0.000528,0.000484,0.000433,0.000379,0.000318,0.000258,0.000204,0.000155,0.000113,0.000078,0.000042,0.000000,-0.000048,-0.000103,-0.000161,-0.000216,-0.000264,-0.000306,-0.000353,-0.000410,-0.000460,-0.000501,-0.000552,-0.000611,-0.000662,-0.000714,-0.000770,-0.000819,-0.000861,-0.000902,-0.000947,-0.000997,-0.001053,-0.001113,-0.001170,-0.001225,-0.001277,-0.001327,-0.001376,-0.001429,-0.001486,-0.001544,-0.001601,-0.001657,-0.001714,-0.001772,-0.001836,-0.001908,-0.001986,-0.002071,-0.002157,-0.002241,-0.002322,-0.002398,-0.002472,-0.002548,-0.002628,-0.002710,-0.002798,-0.002891,-0.002995,-0.003106,-0.003220,-0.003330,-0.003449,-0.003580,-0.003743,-0.003918,-0.004088,-0.004275,-0.004489,-0.004750,-0.005074,-0.005462,-0.005886,-0.006290,-0.006589,-0.006715,-0.006638,-0.006387,-0.006034,-0.005662,-0.005341,-0.005103,-0.004958,-0.004904,-0.004929,-0.005022,-0.005184,-0.005418,-0.005690,-0.005947,-0.006163,-0.006343,-0.006488,-0.006569,-0.006534,-0.006340,-0.005991,-0.005552,-0.005135,-0.004864,-0.004820,-0.004969,-0.005170,-0.005265,-0.005203,-0.005055,-0.004935,-0.004920,-0.004997,-0.005065,-0.004996,-0.004730,-0.004349,-0.004043,-0.004002,-0.004298,-0.004837,-0.005414,-0.005817,-0.005924,-0.005744,-0.005386,-0.004955,-0.004497,-0.004033,-0.003624,-0.003347,-0.003204,-0.003104,-0.002965,-0.002780,-0.002581,-0.002394,-0.002245,-0.002149,-0.002065,-0.001907,-0.001634,-0.001283,-0.000908,-0.000522,-0.000118,0.000281,0.000658,0.001035,0.001443,0.001866,0.002269,0.002659,0.003058,0.003435,0.003719,0.003870,0.003910,0.003888,0.003863,0.003923,0.004140,0.004487,0.004861,0.005175,0.005406,0.005534,0.005504,0.005304,0.005043,0.004884,0.004909,0.005106,0.005403,0.005684,0.005830,0.005807,0.005712,0.005677,0.005747,0.005896,0.006107,0.006384,0.006703,0.007037,0.007441,0.008047,0.008904,0.009845,0.010562,0.010812]
],
	"idxs" : [3,0,3,3,3]
,"hydrophone_pos" : [
	[0.000000,0.000000,0.000000],
	[0.000000,0.000000,0.000000],
	[32.299999,-4.300000,3.660000],
	[-6.599999,34.700000,1.659999],
	[-4.599999,0.000000,-34.340000]
],
	"direction_of_arrival" : [0.000000,0.000000,0.000000]
,	"valid" : [0.000000,-0.203052,-0.000000,-0.000000,-0.000000]
}
dump = {
	"magnitude" : [0.000000,0.000046,0.000053,0.000064,0.000083,0.000110,0.000090,0.000232,0.000227,0.000413,0.000504,0.000608,0.001049,0.014433,0.004541,0.278943,0.077329,0.018706,0.005230,0.004835,0.002036,0.000927,0.001868,0.000843,0.001027,0.000699,0.000664,0.000566,0.000514,0.000507,0.000237,0.000769]
,	"raw_mv" : [
	[-7.248499,-6.867000,-7.248499,-7.248499,-7.630000,-7.248499,-7.248499,-7.248499,-7.248499,-7.248499,-7.248499,-7.248499,-6.867000,-7.630000,-7.248499,-6.867000,-6.867000,-6.867000,-6.867000,-7.248499,-7.248499,-7.248499,-7.248499,-7.248499,-7.248499,-7.248499,-7.630000,-7.248499,-7.248499,-7.248499,-7.248499,-7.248499,-6.867000,-6.867000,-7.248499,-7.630000,-7.248499,-7.630000,-7.630000,-7.248499,-7.248499,-7.630000,-7.630000,-7.630000,-7.248499,-7.248499,-7.630000,-7.630000,-7.630000,-7.630000,-7.630000,-7.630000,-7.630000,-7.630000,-7.630000,-7.248499,-7.630000,-7.248499,-7.630000,-7.248499,-7.248499,-7.630000,-7.630000,-8.011500,-8.011500,-7.248499,-7.630000,-7.630000,-7.630000,-7.630000,-7.630000,-7.248499,-7.630000,-7.630000,-7.630000,-7.630000,-7.248499,-7.248499,-7.630000,-7.248499,-7.630000,-7.630000,-7.248499,-7.630000,-7.248499,-7.630000,-7.630000,-7.248499,-7.248499,-7.248499,-7.248499,-7.248499,-6.867000,-6.867000,-6.867000,-6.867000,-7.248499,-7.248499,-6.867000,-6.867000,-6.867000,-6.867000,-6.867000,-6.867000,-6.867000,-6.867000,-7.248499,-6.867000,-6.867000,-6.867000,-6.867000,-6.867000,-6.867000,-7.248499,-7.248499,-7.248499,-7.248499,-6.485500,-7.630000,-7.248499,-7.248499,-6.867000,-6.867000,-7.630000,-7.248499,-7.248499,-5.722499,0.381500,-24.797500,-28.612501,31.664501,31.283000,-63.710502,-54.173000,46.161499,45.779998,-36.624000,-88.126502,6.485500,96.138000,-13.734000,-126.276504,0.000000,126.276504,-7.248499,-156.033508,-33.190502,148.403503,58.750999,-169.386001,-129.328506,159.085494,169.386001,-149.166503,-231.951995,99.953002,232.714996,-59.513999,-269.338989,1.526000,245.304504,37.005500,-237.674499,-84.693000,178.923507,113.305503,-176.253005,-166.715499,159.848495,173.201004,-172.056503,-205.247009,165.570999,190.368499,-165.189498,-235.766998,144.588501,242.252502,-115.975997,-315.882019,74.392501,333.049499,-32.809001,-395.997009,-20.982500,396.760009,56.080501,-411.638519,-117.501998,376.158996,159.848495,-368.528991,-231.951995,339.153503,251.790008,-316.645019,-320.078491,287.651001,323.893493,-250.264007,-386.459503,214.402999,383.026000,-173.201004,-433.765502,128.947006,432.239501,-96.519500,-472.296997,41.201999,462.378021,8.392999,-481.071502,-83.166999,460.089019,132.762008,-458.563018,-218.218002,434.147003,249.501007,-408.205017,-322.748992,361.662017,349.454010,-313.211517,-434.528503,262.090515,453.985015,-214.402999,-510.447021,152.218505,507.013519,-99.190002,-533.337036,30.520000,507.395019,22.508501,-517.314025,-106.056999,502.435516,156.415008,-503.961517,-241.871002,471.915496,267.813018,-434.528503,-346.402008,390.656005,362.806518,-341.442504,-435.291503,287.269500,442.158508,-219.744003,-505.487518,145.351501],
	[0.000000,0.000000,0.000000,0.000000,0.000000,0.000000,0.000000,0.000000,0.000000,0.000000,0.000000,0.000000,0.000000,0.000000,0.000000,0.000000,0.000000,0.000000,0.000000,0.000000,0.000000,0.000000,0.000000,0.000000,0.000000,0.000000,0.000000,0.000000,0.000000,0.000000,0.000000,0.000000,0.000000,0.000000,0.000000,0.000000,0.000000,0.000000,0.000000,0.000000,0.000000,0.000000,0.000000,0.000000,0.000000,0.000000,0.000000,0.000000,0.000000,0.000000,0.000000,0.000000,0.000000,0.000000,0.000000,0.000000,0.000000,0.000000,0.000000,0.000000,0.000000,0.000000,0.000000,0.000000,0.000000,0.000000,0.000000,0.000000,0.000000,0.000000,0.000000,0.000000,0.000000,0.000000,0.000000,0.000000,0.000000,0.000000,0.000000,0.000000,0.000000,0.000000,0.000000,0.000000,0.000000,0.000000,0.000000,0.000000,0.000000,0.000000,0.000000,0.000000,0.000000,0.000000,0.000000,0.000000,0.000000,0.000000,0.000000,0.000000,0.000000,0.000000,0.000000,0.000000,0.000000,0.000000,0.000000,0.000000,0.000000,0.000000,0.000000,0.000000,0.000000,0.000000,0.000000,0.000000,0.000000,0.000000,0.000000,0.000000,0.000000,0.000000,0.000000,0.000000,0.000000,0.000000,0.000000,0.000000,0.000000,0.000000,0.000000,0.000000,0.000000,0.000000,0.000000,0.000000,0.000000,0.000000,0.000000,0.000000,0.000000,0.000000,0.000000,0.000000,0.000000,0.000000,0.000000,0.000000,0.000000,0.000000,0.000000,0.000000,0.000000,0.000000,0.000000,0.000000,0.000000,0.000000,0.000000,0.000000,0.000000,0.000000,0.000000,0.000000,0.000000,0.000000,0.000000,0.000000,0.000000,0.000000,0.000000,0.000000,0.000000,0.000000,0.000000,0.000000,0.000000,0.000000,0.000000,0.000000,0.000000,0.000000,0.000000,0.000000,0.000000,0.000000,0.000000,0.000000,0.000000,0.000000,0.000000,0.000000,0.000000,0.000000,0.000000,0.000000,0.000000,0.000000,0.000000,0.000000,0.000000,0.000000,0.000000,0.000000,0.000000,0.000000,0.000000,0.000000,0.000000,0.000000,0.000000,0.000000,0.000000,0.000000,0.000000,0.000000,0.000000,0.000000,0.000000,0.000000,0.000000,0.000000,0.000000,0.000000,0.000000,0.000000,0.000000,0.000000,0.000000,0.000000,0.000000,0.000000,0.000000,0.000000,0.000000,0.000000,0.000000,0.000000,0.000000,0.000000,0.000000,0.000000,0.000000,0.000000,0.000000,0.000000,0.000000,0.000000,0.000000,0.000000,0.000000,0.000000,0.000000,0.000000,0.000000,0.000000],
	[-6.561800,-6.790700,-6.714400,-6.638100,-6.714400,-6.485500,-6.638100,-6.638100,-6.561800,-6.638100,-6.561800,-6.638100,-6.638100,-6.790700,-6.714400,-6.638100,-6.561800,-6.638100,-6.638100,-6.561800,-6.561800,-6.409200,-6.332900,-6.561800,-6.638100,-6.561800,-6.638100,-6.485500,-6.714400,-6.561800,-6.332900,-6.332900,-6.332900,-6.409200,-6.561800,-6.561800,-6.561800,-6.561800,-6.256600,-6.638100,-6.714400,-6.714400,-6.714400,-6.485500,-6.561800,-6.561800,-6.638100,-6.561800,-6.561800,-6.638100,-6.638100,-6.638100,-6.638100,-6.714400,-6.638100,-6.790700,-6.714400,-6.638100,-6.790700,-6.943300,-6.638100,-6.638100,-6.714400,-6.943300,-6.943300,-6.867000,-6.714400,-6.867000,-6.943300,-6.790700,-6.714400,-6.790700,-6.943300,-6.943300,-6.714400,-6.790700,-6.867000,-6.714400,-6.638100,-6.714400,-6.790700,-6.790700,-6.561800,-6.714400,-6.790700,-6.867000,-6.714400,-6.561800,-6.638100,-6.714400,-6.561800,-6.332900,-6.485500,-6.409200,-6.180300,-6.256600,-6.332900,-6.256600,-6.256600,-6.104000,-6.104000,-6.104000,-5.951400,-2.212700,-13.581400,-3.204600,-3.891300,-7.858900,-6.714400,-5.341000,-5.646200,-6.943300,-4.349100,-8.698200,-6.714400,-3.128300,-7.477400,-9.613800,-3.738700,-6.485500,-12.894700,5.646200,1.297100,-34.716499,1.678600,10.376800,-2.823100,-28.002101,-15.260000,2.365300,20.219501,-16.328201,-39.904899,2.212700,33.800899,-18.235700,-41.354602,-8.240400,31.969701,-12.360600,-17.472700,-18.998701,-10.605700,18.006799,3.815000,-24.644901,-35.708400,22.966300,2.517900,3.586100,-33.419399,-29.757001,10.987200,51.349903,-46.848201,-50.815803,4.425400,66.838798,-25.789400,-64.168304,-21.440300,72.027198,3.052000,-69.356704,-37.768501,57.682800,32.122303,-62.871200,-51.960300,35.250602,57.759101,-58.522102,-62.108203,21.592901,72.637603,-46.390399,-68.135902,1.373400,81.335800,-33.114200,-73.553199,-13.505100,86.219001,-15.031100,-78.283805,-29.222900,77.749702,10.758300,-74.774002,-40.820503,73.476905,17.167501,-91.788902,-24.034500,81.106903,5.493600,-97.129905,-13.810300,65.999504,31.206701,-102.165702,-34.640201,67.296600,60.124401,-107.125205,-60.963703,63.710502,84.769302,-98.961105,-74.163604,48.755703,93.849006,-77.749702,-85.837501,29.146600,93.162300,-44.406600,-93.467506,13.505100,84.769302,-18.083101,-96.901001,2.060100,65.312805,9.308600,-83.319602,-6.104000,34.869102,14.954800,-62.794902,3.815000,25.026401,1.754900,-73.782104,26.323501,39.065601,-22.813701,-86.676803,38.913002,68.288505,-29.070301,-113.534400,18.693500,99.190002,-7.401100,-119.256904,-32.274902,121.851104,30.062200,-129.404800,-75.002899,131.617507,55.775302,-109.414207,-105.904403,96.901001],
	[-8.774499,-8.774499,-8.774499,-8.774499,-8.774499,-8.774499,-8.774499,-8.392999,-8.774499,-8.774499,-8.392999,-8.011500,-8.011500,-8.392999,-8.011500,-8.011500,-8.011500,-7.630000,-7.248499,-6.867000,-7.248499,-6.867000,-6.485500,-6.485500,-6.485500,-6.485500,-6.485500,-6.867000,-6.485500,-6.867000,-6.867000,-6.867000,-6.485500,-6.104000,-6.104000,-6.485500,-6.104000,-5.722499,-6.104000,-6.104000,-6.104000,-5.722499,-6.485500,-6.104000,-5.722499,-6.104000,-6.104000,-6.104000,-6.485500,-6.104000,-6.104000,-6.104000,-6.485500,-6.485500,-6.867000,-6.104000,-6.485500,-6.104000,-6.104000,-6.104000,-6.104000,-6.485500,-6.485500,-6.485500,-6.104000,-6.104000,-6.104000,-6.485500,-6.104000,-6.485500,-6.104000,-6.104000,-6.104000,-6.485500,-6.867000,-6.485500,-6.867000,-6.867000,-6.867000,-6.867000,-6.867000,-6.867000,-7.248499,-6.867000,-6.867000,-7.630000,-7.630000,-7.248499,-7.630000,-7.630000,-7.630000,-7.248499,-7.248499,-7.630000,-7.248499,-7.630000,-7.630000,-7.630000,-7.630000,-7.630000,-7.630000,-7.630000,-7.630000,-7.630000,-7.630000,-7.630000,-8.011500,-7.630000,-7.630000,-7.630000,-7.630000,-7.630000,-7.630000,-8.011500,-8.011500,-8.011500,-8.011500,-8.011500,-8.392999,-8.392999,-8.774499,-8.392999,-8.774499,-8.392999,-8.392999,-8.392999,-8.774499,-8.392999,-8.392999,-7.630000,-8.392999,-8.392999,-8.392999,-8.392999,-8.011500,-8.011500,-8.011500,-7.630000,-7.630000,-7.630000,-7.630000,-7.630000,-7.630000,-7.248499,-7.248499,-6.867000,-6.867000,-6.867000,-6.867000,-7.630000,-4.959500,-6.867000,-9.537500,-4.578000,-4.578000,-7.630000,-8.392999,-5.341000,-4.578000,-5.722499,-10.682000,-5.722499,-2.670500,-7.630000,-10.300499,-3.433500,-6.104000,-10.300499,-2.670500,-3.052000,-11.826499,-9.919000,-2.289000,-1.144500,-7.630000,-17.548999,-2.289000,3.433500,-8.011500,-18.312000,-5.341000,3.815000,-4.196499,-17.167499,-8.011500,-0.763000,0.381500,-11.826499,-14.115500,0.000000,-0.763000,-11.444999,-12.208000,-2.670500,-1.144500,-9.919000,-15.641500,-1.907500,-3.433500,-12.589500,-12.971000,1.144500,-7.630000,-16.404500,-13.352499,4.578000,-3.433500,-19.075000,-17.930500,5.341000,1.526000,-19.075000,-20.600999,2.670500,4.196499,-16.023000,-22.127000,-2.289000,7.248499,-11.826499,-23.652999,-8.011500,8.774499,-8.774499,-22.508501,-11.063500,8.392999,-7.248499,-19.838001,-13.734000,6.104000,-4.196499,-20.219499,-15.260000,7.248499,-3.052000,-22.127000,-17.930500,10.682000,1.526000,-26.704999,-22.508501,9.919000,8.011500,-24.034500,-29.375499,5.722499,18.312000,-19.456501,-37.005500,-2.670500,26.323499,-10.682000,-41.201999,-12.208000,27.849500],
	[140.010498,139.628997,140.010498,139.628997,139.628997,139.628997,140.010498,139.628997,140.010498,140.010498,140.010498,140.010498,139.628997,140.010498,140.010498,139.628997,140.010498,140.010498,140.010498,140.010498,140.391998,140.010498,140.010498,140.010498,140.010498,140.010498,139.628997,140.010498,139.628997,140.010498,140.010498,140.010498,140.010498,139.628997,140.010498,139.628997,140.010498,140.010498,140.010498,140.010498,140.010498,140.010498,140.010498,140.010498,140.010498,139.628997,139.628997,139.628997,140.010498,140.010498,139.628997,140.010498,140.010498,140.010498,139.628997,139.628997,140.010498,139.628997,139.628997,139.628997,140.010498,139.628997,139.628997,139.628997,140.010498,139.628997,140.010498,140.010498,139.628997,139.628997,139.628997,140.010498,140.010498,140.010498,140.010498,140.010498,139.628997,140.010498,139.628997,139.628997,139.628997,140.010498,140.010498,140.010498,140.010498,140.010498,140.010498,140.010498,140.010498,140.010498,139.628997,140.010498,140.010498,139.628997,140.010498,140.010498,140.391998,140.010498,140.010498,140.010498,140.010498,140.010498,139.628997,140.010498,140.010498,140.010498,140.010498,140.010498,140.010498,140.010498,140.010498,140.010498,140.010498,140.010498,140.010498,140.010498,140.010498,140.391998,140.010498,139.628997,140.391998,140.010498,139.628997,140.010498,140.010498,140.010498,139.628997,140.010498,140.010498,140.010498,140.010498,140.010498,140.010498,140.010498,140.010498,139.628997,140.010498,140.391998,140.010498,140.010498,140.010498,141.917999,138.102996,131.999008,153.363006,140.773498,125.895004,141.536499,154.507507,132.380508,130.854507,142.680999,151.455505,137.721496,130.473007,136.958496,149.929504,146.496002,129.328506,131.999008,151.074005,149.166503,122.843002,130.091506,160.992996,151.074005,119.409500,129.328506,155.270507,150.311004,131.236007,118.264999,156.415008,158.322509,128.947006,118.646499,147.259002,161.374496,141.536499,108.727500,140.773498,165.570999,140.391998,121.317001,130.473007,157.178009,158.704010,124.750503,108.727500,159.085494,168.623001,131.236007,99.953002,156.415008,168.241500,141.917999,99.190002,140.391998,173.964004,151.455505,101.097503,129.710006,169.767501,162.137496,108.727500,112.924003,170.149002,169.767501,117.120498,103.005004,162.137496,174.345504,130.854507,94.611999,152.981506,176.253005,143.062500,93.467498,143.062500,173.201004,151.837005,102.242004,130.854507,164.426498,164.044998,106.819999,121.317001,165.189498,162.518997,119.791000,117.120498,156.033508,157.941009,139.247497,111.779502,140.391998,162.900497,151.455505,107.201499,142.299499,152.600006,159.466995,110.635002,133.525009,154.126007,162.137496,112.161003,130.091506,153.363006,161.755996,122.080001,120.554000,151.837005,164.044998,127.421005,117.120498]
],
"normalized" : [
	[0.004371,0.006321,0.004371,0.004371,0.002421,0.004371,0.004371,0.004371,0.004371,0.004371,0.004371,0.004371,0.006321,0.002421,0.004371,0.006321,0.006321,0.006321,0.006321,0.004371,0.004371,0.004371,0.004371,0.004371,0.004371,0.004371,0.002421,0.004371,0.004371,0.004371,0.004371,0.004371,0.006321,0.006321,0.004371,0.002421,0.004371,0.002421,0.002421,0.004371,0.004371,0.002421,0.002421,0.002421,0.004371,0.004371,0.002421,0.002421,0.002421,0.002421,0.002421,0.002421,0.002421,0.002421,0.002421,0.004371,0.002421,0.004371,0.002421,0.004371,0.004371,0.002421,0.002421,0.000472,0.000472,0.004371,0.002421,0.002421,0.002421,0.002421,0.002421,0.004371,0.002421,0.002421,0.002421,0.002421,0.004371,0.004371,0.002421,0.004371,0.002421,0.002421,0.004371,0.002421,0.004371,0.002421,0.002421,0.004371,0.004371,0.004371,0.004371,0.004371,0.006321,0.006321,0.006321,0.006321,0.004371,0.004371,0.006321,0.006321,0.006321,0.006321,0.006321,0.006321,0.006321,0.006321,0.004371,0.006321,0.006321,0.006321,0.006321,0.006321,0.006321,0.004371,0.004371,0.004371,0.004371,0.008270,0.002421,0.004371,0.004371,0.006321,0.006321,0.002421,0.004371,0.004371,0.012170,0.043364,-0.085312,-0.104809,0.203236,0.201287,-0.284178,-0.235436,0.277323,0.275374,-0.145752,-0.408956,0.074559,0.532729,-0.028772,-0.603922,0.041415,0.686752,0.004371,-0.755996,-0.128205,0.799832,0.341662,-0.824234,-0.619519,0.854423,0.907064,-0.720902,-1.143978,0.552226,1.230707,-0.262731,-1.335045,0.049213,1.295046,0.230532,-1.173223,-0.391409,0.955805,0.620464,-0.859328,-0.810586,0.858322,0.926560,-0.837881,-1.007502,0.887567,1.014295,-0.802787,-1.163475,0.780336,1.279449,-0.551281,-1.572903,0.421598,1.743468,-0.126255,-1.982332,-0.065816,2.069061,0.328015,-2.062268,-0.559080,1.963780,0.858322,-1.841956,-1.143978,1.774663,1.328190,-1.576803,-1.594350,1.511458,1.696676,-1.237562,-1.933591,1.137124,1.998873,-0.843730,-2.175348,0.700400,2.250380,-0.451849,-2.372264,0.251978,2.404403,0.084307,-2.417106,-0.383610,2.392705,0.719896,-2.302076,-1.073790,2.260128,1.316492,-2.044721,-1.607997,1.889693,1.827303,-1.559256,-2.179248,1.380831,2.361510,-1.054293,-2.567230,0.819329,2.632513,-0.465496,-2.684210,0.197387,2.634463,0.156445,-2.602324,-0.500590,2.609117,0.840775,-2.534086,-1.194669,2.453144,1.410076,-2.179248,-1.728876,2.037867,1.895542,-1.703531,-2.183147,1.509509,2.301071,-1.081589,-2.541885,0.784235],
	[0.000000,0.000000,0.000000,0.000000,0.000000,0.000000,0.000000,0.000000,0.000000,0.000000,0.000000,0.000000,0.000000,0.000000,0.000000,0.000000,0.000000,0.000000,0.000000,0.000000,0.000000,0.000000,0.000000,0.000000,0.000000,0.000000,0.000000,0.000000,0.000000,0.000000,0.000000,0.000000,0.000000,0.000000,0.000000,0.000000,0.000000,0.000000,0.000000,0.000000,0.000000,0.000000,0.000000,0.000000,0.000000,0.000000,0.000000,0.000000,0.000000,0.000000,0.000000,0.000000,0.000000,0.000000,0.000000,0.000000,0.000000,0.000000,0.000000,0.000000,0.000000,0.000000,0.000000,0.000000,0.000000,0.000000,0.000000,0.000000,0.000000,0.000000,0.000000,0.000000,0.000000,0.000000,0.000000,0.000000,0.000000,0.000000,0.000000,0.000000,0.000000,0.000000,0.000000,0.000000,0.000000,0.000000,0.000000,0.000000,0.000000,0.000000,0.000000,0.000000,0.000000,0.000000,0.000000,0.000000,0.000000,0.000000,0.000000,0.000000,0.000000,0.000000,0.000000,0.000000,0.000000,0.000000,0.000000,0.000000,0.000000,0.000000,0.000000,0.000000,0.000000,0.000000,0.000000,0.000000,0.000000,0.000000,0.000000,0.000000,0.000000,0.000000,0.000000,0.000000,0.000000,0.000000,0.000000,0.000000,0.000000,0.000000,0.000000,0.000000,0.000000,0.000000,0.000000,0.000000,0.000000,0.000000,0.000000,0.000000,0.000000,0.000000,0.000000,0.000000,0.000000,0.000000,0.000000,0.000000,0.000000,0.000000,0.000000,0.000000,0.000000,0.000000,0.000000,0.000000,0.000000,0.000000,0.000000,0.000000,0.000000,0.000000,0.000000,0.000000,0.000000,0.000000,0.000000,0.000000,0.000000,0.000000,0.000000,0.000000,0.000000,0.000000,0.000000,0.000000,0.000000,0.000000,0.000000,0.000000,0.000000,0.000000,0.000000,0.000000,0.000000,0.000000,0.000000,0.000000,0.000000,0.000000,0.000000,0.000000,0.000000,0.000000,0.000000,0.000000,0.000000,0.000000,0.000000,0.000000,0.000000,0.000000,0.000000,0.000000,0.000000,0.000000,0.000000,0.000000,0.000000,0.000000,0.000000,0.000000,0.000000,0.000000,0.000000,0.000000,0.000000,0.000000,0.000000,0.000000,0.000000,0.000000,0.000000,0.000000,0.000000,0.000000,0.000000,0.000000,0.000000,0.000000,0.000000,0.000000,0.000000,0.000000,0.000000,0.000000,0.000000,0.000000,0.000000,0.000000,0.000000,0.000000,0.000000,0.000000,0.000000,0.000000,0.000000,0.000000,0.000000,0.000000,0.000000,0.000000,0.000000,0.000000,0.000000,0.000000],
	[0.000794,-0.004703,-0.002870,-0.001038,-0.002870,0.002627,-0.001038,-0.001038,0.000794,-0.001038,0.000794,-0.001038,-0.001038,-0.004703,-0.002870,-0.001038,0.000794,-0.001038,-0.001038,0.000794,0.000794,0.004460,0.006292,0.000794,-0.001038,0.000794,-0.001038,0.002627,-0.002870,0.000794,0.006292,0.006292,0.006292,0.004460,0.000794,0.000794,0.000794,0.000794,0.008125,-0.001038,-0.002870,-0.002870,-0.002870,0.002627,0.000794,0.000794,-0.001038,0.000794,0.000794,-0.001038,-0.001038,-0.001038,-0.001038,-0.002870,-0.001038,-0.004703,-0.002870,-0.001038,-0.004703,-0.008368,-0.001038,-0.001038,-0.002870,-0.008368,-0.008368,-0.006536,-0.002870,-0.006536,-0.008368,-0.004703,-0.002870,-0.004703,-0.008368,-0.008368,-0.002870,-0.004703,-0.006536,-0.002870,-0.001038,-0.002870,-0.004703,-0.004703,0.000794,-0.002870,-0.004703,-0.006536,-0.002870,0.000794,-0.001038,-0.002870,0.000794,0.006292,0.002627,0.004460,0.009958,0.008125,0.006292,0.008125,0.008125,0.011790,0.011790,0.011790,0.015456,0.105257,-0.167812,0.081432,0.064938,-0.030361,-0.002870,0.030117,0.022786,-0.008368,0.053942,-0.050520,-0.002870,0.083265,-0.021197,-0.072512,0.068604,0.002627,-0.151318,0.294024,0.189561,-0.675467,0.198725,0.407651,0.090596,-0.514190,-0.208131,0.215219,0.644068,-0.233789,-0.800089,0.211553,0.970286,-0.279606,-0.834911,-0.039524,0.926302,-0.138489,-0.261279,-0.297933,-0.096337,0.590920,0.250040,-0.433552,-0.699292,0.710045,0.218884,0.244542,-0.644311,-0.556342,0.422312,1.391804,-0.966864,-1.062164,0.264701,1.763840,-0.461042,-1.382884,-0.356579,1.888463,0.231713,-1.507507,-0.748774,1.543918,0.929967,-1.351729,-1.089654,1.005107,1.545750,-1.247265,-1.333402,0.677056,1.903124,-0.955868,-1.478184,0.191394,2.112051,-0.636980,-1.608305,-0.165979,2.229343,-0.202633,-1.721932,-0.543513,2.025915,0.416814,-1.637628,-0.822082,1.923284,0.570760,-2.046317,-0.418890,2.106553,0.290359,-2.174606,-0.173310,1.743681,0.907975,-2.295563,-0.673634,1.774836,1.602564,-2.414688,-1.305912,1.688700,2.194522,-2.218590,-1.622967,1.329493,2.412612,-1.709103,-1.903368,0.858492,2.396117,-0.908218,-2.086637,0.482791,2.194522,-0.275941,-2.169107,0.207888,1.727186,0.381993,-1.842889,0.011790,0.995944,0.517612,-1.349896,0.250040,0.759527,0.200557,-1.613803,0.790683,1.096742,-0.389567,-1.923527,1.093076,1.798661,-0.539848,-2.568633,0.607414,2.540900,-0.019364,-2.706085,-0.616821,3.085208,0.880484,-2.949832,-1.643126,3.319792,1.498100,-2.469668,-2.385365,2.485919],
	[-0.209051,-0.209051,-0.209051,-0.209051,-0.209051,-0.209051,-0.209051,-0.156272,-0.209051,-0.209051,-0.156272,-0.103494,-0.103494,-0.156272,-0.103494,-0.103494,-0.103494,-0.050716,0.002061,0.054839,0.002061,0.054839,0.107617,0.107617,0.107617,0.107617,0.107617,0.054839,0.107617,0.054839,0.054839,0.054839,0.107617,0.160395,0.160395,0.107617,0.160395,0.213173,0.160395,0.160395,0.160395,0.213173,0.107617,0.160395,0.213173,0.160395,0.160395,0.160395,0.107617,0.160395,0.160395,0.160395,0.107617,0.107617,0.054839,0.160395,0.107617,0.160395,0.160395,0.160395,0.160395,0.107617,0.107617,0.107617,0.160395,0.160395,0.160395,0.107617,0.160395,0.107617,0.160395,0.160395,0.160395,0.107617,0.054839,0.107617,0.054839,0.054839,0.054839,0.054839,0.054839,0.054839,0.002061,0.054839,0.054839,-0.050716,-0.050716,0.002061,-0.050716,-0.050716,-0.050716,0.002061,0.002061,-0.050716,0.002061,-0.050716,-0.050716,-0.050716,-0.050716,-0.050716,-0.050716,-0.050716,-0.050716,-0.050716,-0.050716,-0.050716,-0.103494,-0.050716,-0.050716,-0.050716,-0.050716,-0.050716,-0.050716,-0.103494,-0.103494,-0.103494,-0.103494,-0.103494,-0.156272,-0.156272,-0.209051,-0.156272,-0.209051,-0.156272,-0.156272,-0.156272,-0.209051,-0.156272,-0.156272,-0.050716,-0.156272,-0.156272,-0.156272,-0.156272,-0.103494,-0.103494,-0.103494,-0.050716,-0.050716,-0.050716,-0.050716,-0.050716,-0.050716,0.002061,0.002061,0.054839,0.054839,0.054839,0.054839,-0.050716,0.318729,0.054839,-0.314607,0.371508,0.371508,-0.050716,-0.156272,0.265951,0.371508,0.213173,-0.472941,0.213173,0.635398,-0.050716,-0.420163,0.529842,0.160395,-0.420163,0.635398,0.582620,-0.631275,-0.367385,0.688176,0.846510,-0.050716,-1.422947,0.688176,1.479848,-0.103494,-1.528503,0.265951,1.532626,0.424286,-1.370169,-0.103494,0.899288,1.057623,-0.631275,-0.947944,1.004845,0.899288,-0.578497,-0.684053,0.635398,0.846510,-0.367385,-1.159056,0.740954,0.529842,-0.736832,-0.789610,1.163179,-0.050716,-1.264613,-0.842388,1.638182,0.529842,-1.634059,-1.475725,1.743738,1.215957,-1.634059,-1.845172,1.374291,1.585404,-1.211835,-2.056284,0.688176,2.007628,-0.631275,-2.267396,-0.103494,2.218741,-0.209051,-2.109062,-0.525719,2.165963,0.002061,-1.739616,-0.895166,1.849294,0.424286,-1.792393,-1.106278,2.007628,0.582620,-2.056284,-1.475725,2.482631,1.215957,-2.689621,-2.109062,2.377075,2.113185,-2.320174,-3.059067,1.796516,3.538193,-1.686837,-4.114630,0.635398,4.646533,-0.472941,-4.695189,-0.684053,4.857646],
	[0.011346,-0.016325,0.011346,-0.016325,-0.016325,-0.016325,0.011346,-0.016325,0.011346,0.011346,0.011346,0.011346,-0.016325,0.011346,0.011346,-0.016325,0.011346,0.011346,0.011346,0.011346,0.039019,0.011346,0.011346,0.011346,0.011346,0.011346,-0.016325,0.011346,-0.016325,0.011346,0.011346,0.011346,0.011346,-0.016325,0.011346,-0.016325,0.011346,0.011346,0.011346,0.011346,0.011346,0.011346,0.011346,0.011346,0.011346,-0.016325,-0.016325,-0.016325,0.011346,0.011346,-0.016325,0.011346,0.011346,0.011346,-0.016325,-0.016325,0.011346,-0.016325,-0.016325,-0.016325,0.011346,-0.016325,-0.016325,-0.016325,0.011346,-0.016325,0.011346,0.011346,-0.016325,-0.016325,-0.016325,0.011346,0.011346,0.011346,0.011346,0.011346,-0.016325,0.011346,-0.016325,-0.016325,-0.016325,0.011346,0.011346,0.011346,0.011346,0.011346,0.011346,0.011346,0.011346,0.011346,-0.016325,0.011346,0.011346,-0.016325,0.011346,0.011346,0.039019,0.011346,0.011346,0.011346,0.011346,0.011346,-0.016325,0.011346,0.011346,0.011346,0.011346,0.011346,0.011346,0.011346,0.011346,0.011346,0.011346,0.011346,0.011346,0.011346,0.011346,0.039019,0.011346,-0.016325,0.039019,0.011346,-0.016325,0.011346,0.011346,0.011346,-0.016325,0.011346,0.011346,0.011346,0.011346,0.011346,0.011346,0.011346,0.011346,-0.016325,0.011346,0.039019,0.011346,0.011346,0.011346,0.149707,-0.127013,-0.569767,0.979872,0.066691,-1.012521,0.122035,1.062888,-0.542095,-0.652783,0.205051,0.841511,-0.154686,-0.680455,-0.210030,0.730822,0.481773,-0.763472,-0.569767,0.813839,0.675478,-1.233899,-0.708128,1.533314,0.813839,-1.482948,-0.763472,1.118233,0.758495,-0.625111,-1.565964,1.201249,1.339610,-0.791144,-1.538292,0.537117,1.560986,0.122035,-2.257768,0.066691,1.865380,0.039019,-1.344587,-0.680455,1.256593,1.367282,-1.095538,-2.257768,1.394953,2.086757,-0.625111,-2.894227,1.201249,2.059085,0.149707,-2.949571,0.039019,2.474167,0.841511,-2.811210,-0.735800,2.169773,1.616330,-2.257768,-1.953374,2.197446,2.169773,-1.648981,-2.672849,1.616330,2.501839,-0.652783,-3.281637,0.952200,2.640200,0.232724,-3.364653,0.232724,2.418823,0.869183,-2.728194,-0.652783,1.782363,1.754691,-2.396128,-1.344587,1.837708,1.644002,-1.455276,-1.648981,1.173577,1.311938,-0.043997,-2.036390,0.039019,1.671675,0.841511,-2.368456,0.177379,0.924528,1.422625,-2.119407,-0.459078,1.035216,1.616330,-2.008718,-0.708128,0.979872,1.588658,-1.289243,-1.399931,0.869183,1.754691,-0.901833,-1.648981]
],
"cwt" : [
	[0.438304,0.233701,0.103729,0.038276,0.011562,0.002528,0.000390,0.000157,0.000147,0.000095,0.000218,0.000542,0.000650,0.000622,0.000639,0.000609,0.000341,0.000140,0.000276,0.000209,0.000165,0.000187,0.000055,0.000187,0.000278,0.000262,0.000332,0.000419,0.000345,0.000226,0.000307,0.000523,0.000644,0.000651,0.000589,0.000438,0.000281,0.000307,0.000479,0.000619,0.000617,0.000516,0.000497,0.000577,0.000584,0.000502,0.000409,0.000297,0.000156,0.000060,0.000031,0.000044,0.000107,0.000193,0.000228,0.000207,0.000171,0.000156,0.000239,0.000370,0.000376,0.000279,0.000408,0.000620,0.000722,0.000682,0.000509,0.000269,0.000091,0.000203,0.000322,0.000365,0.000338,0.000260,0.000261,0.000396,0.000434,0.000306,0.000125,0.000090,0.000197,0.000265,0.000212,0.000148,0.000258,0.000356,0.000415,0.000420,0.000347,0.000248,0.000243,0.000310,0.000290,0.000195,0.000268,0.000382,0.000467,0.000508,0.000444,0.000287,0.000144,0.000055,0.000042,0.000145,0.000276,0.000325,0.000331,0.000336,0.000274,0.000133,0.000117,0.000233,0.000315,0.000295,0.000318,0.000519,0.000745,0.000871,0.000877,0.000820,0.000767,0.000801,0.001109,0.002375,0.005825,0.012933,0.025061,0.042853,0.065778,0.091972,0.118492,0.142113,0.160424,0.172848,0.181232,0.189432,0.201321,0.218279,0.238798,0.260430,0.281596,0.301948,0.321756,0.341274,0.360646,0.380274,0.401230,0.425177,0.453516,0.486256,0.521616,0.556621,0.588102,0.613585,0.631999,0.643896,0.650787,0.653835,0.652980,0.647242,0.635884,0.619516,0.600604,0.583256,0.572044,0.569977,0.576956,0.590198,0.606182,0.622228,0.636878,0.649759,0.661504,0.673521,0.687353,0.704146,0.724802,0.750275,0.781084,0.816518,0.854870,0.894346,0.933135,0.968801,0.998572,1.020637,1.034950,1.042909,1.046798,1.049366,1.052956,1.058407,1.065129,1.072372,1.079957,1.087732,1.095105,1.101599,1.107464,1.113269,1.119184,1.125116,1.131379,1.138707,1.147570,1.157732,1.168495,1.179086,1.188782,1.197040,1.203796,1.209575,1.215143,1.221111,1.227923,1.235866,1.244647,1.253097,1.259770,1.264073,1.266704,1.269149,1.273078,1.280004,1.290653,1.304214,1.318592,1.331706,1.342316,1.349705,1.353271,1.352833,1.348930,1.342608,1.335295,1.329038,1.326162,1.328073,1.334495,1.343887,1.354075,1.362559,1.367254,1.367622,1.364772,1.360331,1.355545,1.351195,1.347416,1.343094,1.334547,1.311884,1.254711,1.136283,0.942439,0.692605],
	[0.000000,0.000000,0.000000,0.000000,0.000000,0.000000,0.000000,0.000000,0.000000,0.000000,0.000000,0.000000,0.000000,0.000000,0.000000,0.000000,0.000000,0.000000,0.000000,0.000000,0.000000,0.000000,0.000000,0.000000,0.000000,0.000000,0.000000,0.000000,0.000000,0.000000,0.000000,0.000000,0.000000,0.000000,0.000000,0.000000,0.000000,0.000000,0.000000,0.000000,0.000000,0.000000,0.000000,0.000000,0.000000,0.000000,0.000000,0.000000,0.000000,0.000000,0.000000,0.000000,0.000000,0.000000,0.000000,0.000000,0.000000,0.000000,0.000000,0.000000,0.000000,0.000000,0.000000,0.000000,0.000000,0.000000,0.000000,0.000000,0.000000,0.000000,0.000000,0.000000,0.000000,0.000000,0.000000,0.000000,0.000000,0.000000,0.000000,0.000000,0.000000,0.000000,0.000000,0.000000,0.000000,0.000000,0.000000,0.000000,0.000000,0.000000,0.000000,0.000000,0.000000,0.000000,0.000000,0.000000,0.000000,0.000000,0.000000,0.000000,0.000000,0.000000,0.000000,0.000000,0.000000,0.000000,0.000000,0.000000,0.000000,0.000000,0.000000,0.000000,0.000000,0.000000,0.000000,0.000000,0.000000,0.000000,0.000000,0.000000,0.000000,0.000000,0.000000,0.000000,0.000000,0.000000,0.000000,0.000000,0.000000,0.000000,0.000000,0.000000,0.000000,0.000000,0.000000,0.000000,0.000000,0.000000,0.000000,0.000000,0.000000,0.000000,0.000000,0.000000,0.000000,0.000000,0.000000,0.000000,0.000000,0.000000,0.000000,0.000000,0.000000,0.000000,0.000000,0.000000,0.000000,0.000000,0.000000,0.000000,0.000000,0.000000,0.000000,0.000000,0.000000,0.000000,0.000000,0.000000,0.000000,0.000000,0.000000,0.000000,0.000000,0.000000,0.000000,0.000000,0.000000,0.000000,0.000000,0.000000,0.000000,0.000000,0.000000,0.000000,0.000000,0.000000,0.000000,0.000000,0.000000,0.000000,0.000000,0.000000,0.000000,0.000000,0.000000,0.000000,0.000000,0.000000,0.000000,0.000000,0.000000,0.000000,0.000000,0.000000,0.000000,0.000000,0.000000,0.000000,0.000000,0.000000,0.000000,0.000000,0.000000,0.000000,0.000000,0.000000,0.000000,0.000000,0.000000,0.000000,0.000000,0.000000,0.000000,0.000000,0.000000,0.000000,0.000000,0.000000,0.000000,0.000000,0.000000,0.000000,0.000000,0.000000,0.000000,0.000000,0.000000,0.000000,0.000000,0.000000,0.000000,0.000000,0.000000,0.000000,0.000000,0.000000,0.000000,0.000000,0.000000,0.000000,0.000000,0.000000,0.000000,0.000000,0.000000,0.000000],
	[0.703653,0.418137,0.208637,0.085920,0.028789,0.007484,0.001167,0.000415,0.000175,0.000150,0.000234,0.000374,0.000758,0.000875,0.000805,0.000846,0.000759,0.000497,0.000327,0.000409,0.000708,0.001194,0.001414,0.001229,0.000947,0.000788,0.000743,0.000899,0.001231,0.001420,0.001210,0.000812,0.000610,0.000518,0.000486,0.000533,0.000921,0.001479,0.001793,0.001691,0.001349,0.001045,0.000916,0.000920,0.000853,0.000674,0.000538,0.000511,0.000496,0.000392,0.000252,0.000169,0.000098,0.000102,0.000409,0.000689,0.000939,0.001267,0.001627,0.001833,0.001818,0.001717,0.001641,0.001553,0.001464,0.001418,0.001385,0.001382,0.001406,0.001421,0.001418,0.001438,0.001489,0.001448,0.001243,0.001076,0.001105,0.001175,0.001173,0.001165,0.001246,0.001363,0.001389,0.001350,0.001374,0.001455,0.001455,0.001379,0.001383,0.001487,0.001458,0.001203,0.001031,0.001188,0.001255,0.001038,0.000814,0.000901,0.001525,0.003336,0.007665,0.015281,0.025000,0.033946,0.039211,0.039315,0.034713,0.027407,0.019575,0.012040,0.004306,0.003983,0.012193,0.019383,0.024887,0.027888,0.027355,0.024896,0.032482,0.060164,0.102093,0.149736,0.193445,0.224879,0.240379,0.242256,0.237734,0.236617,0.248327,0.277129,0.318498,0.362751,0.401403,0.429481,0.444492,0.445106,0.430132,0.397331,0.344326,0.274418,0.205831,0.175478,0.199820,0.245922,0.287353,0.312211,0.312527,0.289225,0.263477,0.274894,0.340194,0.435267,0.532149,0.613568,0.673239,0.714754,0.745699,0.770566,0.790635,0.808210,0.825476,0.840176,0.848104,0.849705,0.849614,0.850075,0.849959,0.850572,0.856430,0.868659,0.882811,0.894859,0.904915,0.913685,0.919675,0.922541,0.925566,0.931615,0.939432,0.946812,0.954418,0.963157,0.970213,0.971792,0.968480,0.964174,0.960947,0.959069,0.960768,0.969227,0.984174,1.001703,1.018033,1.031198,1.039474,1.041167,1.038220,1.038232,1.049127,1.072057,1.103049,1.139663,1.181130,1.223689,1.261274,1.290615,1.311581,1.323229,1.324128,1.316447,1.304982,1.291171,1.272245,1.247581,1.221393,1.197030,1.173066,1.147704,1.122339,1.097320,1.068047,1.029528,0.982131,0.928827,0.869350,0.802323,0.731583,0.665444,0.610840,0.572210,0.554269,0.560868,0.590935,0.638156,0.695855,0.761594,0.835867,0.916680,0.998178,1.075439,1.147014,1.211167,1.264793,1.309634,1.354767,1.408157,1.468894,1.530905,1.589111,1.637758,1.666763,1.663098,1.611931,1.494485,1.294141,1.016590],
	[1.222326,0.763651,0.395837,0.167397,0.060119,0.023030,0.013025,0.012109,0.016216,0.019938,0.020127,0.017810,0.014992,0.012086,0.007426,0.005127,0.011089,0.015961,0.016973,0.015153,0.014471,0.015252,0.012989,0.007157,0.001051,0.003581,0.004713,0.005479,0.007429,0.009426,0.011718,0.014739,0.017850,0.019308,0.018622,0.018375,0.019469,0.018684,0.015348,0.013214,0.014658,0.016334,0.017122,0.017773,0.015717,0.009400,0.002528,0.005498,0.009095,0.011384,0.011764,0.010690,0.010612,0.011679,0.011544,0.008765,0.003833,0.002577,0.004861,0.006694,0.008972,0.010133,0.010487,0.011139,0.011901,0.011583,0.009026,0.004474,0.000358,0.004556,0.008981,0.012966,0.015333,0.014637,0.011079,0.008154,0.007106,0.005339,0.003692,0.004365,0.007297,0.010382,0.013343,0.018036,0.022436,0.022555,0.018500,0.014799,0.014131,0.014186,0.013675,0.012519,0.010001,0.005778,0.003732,0.005494,0.005004,0.002785,0.001154,0.000757,0.000438,0.000890,0.001742,0.003291,0.006237,0.009266,0.010257,0.008749,0.006168,0.004056,0.003759,0.005882,0.008319,0.008971,0.007611,0.006061,0.005791,0.006445,0.007040,0.006800,0.004237,0.000926,0.006095,0.009096,0.010742,0.012901,0.015414,0.018061,0.020134,0.020293,0.018073,0.013599,0.009129,0.007686,0.006072,0.005016,0.007170,0.007537,0.005362,0.002838,0.002485,0.004459,0.005344,0.003919,0.003504,0.007464,0.014496,0.026089,0.045071,0.071290,0.100346,0.128481,0.152388,0.166886,0.169736,0.165917,0.163931,0.170090,0.185891,0.207587,0.228843,0.243137,0.244582,0.230695,0.205336,0.181401,0.183576,0.225990,0.288266,0.345221,0.387346,0.420240,0.458275,0.512995,0.581459,0.649420,0.703621,0.738341,0.755142,0.758636,0.751633,0.733617,0.703385,0.663821,0.625086,0.600840,0.596035,0.600359,0.599812,0.588232,0.566422,0.540060,0.519032,0.511492,0.515654,0.520374,0.517036,0.508726,0.504491,0.510676,0.532666,0.574958,0.634500,0.702766,0.773314,0.842706,0.908328,0.967690,1.018296,1.057712,1.084483,1.098974,1.103284,1.100655,1.095091,1.090648,1.089794,1.092385,1.096942,1.102060,1.105636,1.104696,1.097942,1.086753,1.072170,1.052965,1.028570,1.002638,0.981882,0.971562,0.973210,0.986126,1.009041,1.041122,1.083473,1.139029,1.209240,1.290604,1.374908,1.453190,1.520053,1.575722,1.625662,1.678577,1.742148,1.817639,1.899399,1.981395,2.061993,2.140068,2.209431,2.258386,2.267118,2.199451,2.008183,1.669627],
	[0.442985,0.268474,0.136353,0.057430,0.020772,0.008237,0.004375,0.003080,0.003467,0.003943,0.004389,0.004834,0.005296,0.005483,0.005295,0.005006,0.004284,0.003077,0.003102,0.004668,0.005402,0.004830,0.003938,0.003524,0.003428,0.003046,0.001995,0.000496,0.001957,0.003204,0.003360,0.003271,0.003126,0.002025,0.000413,0.001991,0.002842,0.002559,0.001614,0.000620,0.000061,0.000707,0.001782,0.003372,0.004882,0.005843,0.006602,0.007290,0.007440,0.007103,0.006893,0.007057,0.007315,0.007517,0.007536,0.007186,0.006761,0.006661,0.006788,0.006862,0.006751,0.006476,0.005887,0.004579,0.002661,0.002855,0.005033,0.006510,0.006917,0.006557,0.005800,0.004613,0.002669,0.000232,0.001817,0.002713,0.002796,0.003452,0.004841,0.005779,0.005768,0.004917,0.003422,0.001785,0.000662,0.000094,0.000676,0.001908,0.003385,0.004599,0.005284,0.005594,0.005964,0.006404,0.006571,0.006531,0.006167,0.005212,0.004146,0.003761,0.004220,0.004965,0.005299,0.004772,0.003421,0.001852,0.000768,0.000321,0.000153,0.000038,0.000068,0.000082,0.000332,0.000936,0.002162,0.004114,0.006500,0.008579,0.009711,0.010050,0.010141,0.009934,0.009220,0.008264,0.007432,0.006794,0.006116,0.005047,0.003500,0.001933,0.001013,0.001084,0.002194,0.004250,0.006727,0.008987,0.010993,0.014029,0.021996,0.041467,0.078442,0.134995,0.207046,0.284894,0.356522,0.412031,0.446968,0.462418,0.462308,0.451076,0.433485,0.414651,0.398480,0.387187,0.383591,0.391256,0.410471,0.437443,0.469264,0.507290,0.554987,0.613108,0.676374,0.734085,0.774202,0.788510,0.776947,0.749850,0.726037,0.723957,0.748597,0.787225,0.820583,0.837638,0.841529,0.844953,0.860286,0.890677,0.925880,0.946557,0.937086,0.897882,0.847228,0.812114,0.815240,0.864776,0.950490,1.049260,1.138463,1.207291,1.256093,1.286930,1.299626,1.298115,1.294572,1.300891,1.317270,1.334592,1.345825,1.350082,1.349465,1.348745,1.356415,1.378628,1.411117,1.442473,1.465329,1.480042,1.488955,1.493141,1.495512,1.500645,1.508485,1.513130,1.510360,1.501457,1.487101,1.462984,1.425836,1.380115,1.334876,1.297192,1.271978,1.262476,1.263976,1.261574,1.241112,1.200256,1.145351,1.081048,1.010463,0.944641,0.901712,0.891268,0.905944,0.930496,0.949604,0.950370,0.930058,0.901996,0.885795,0.888500,0.901178,0.914130,0.925032,0.932211,0.931035,0.921339,0.911692,0.910513,0.915897,0.918106,0.905559,0.862793,0.771241,0.624343]
],
"envelope_edge" : [
	[0.013389,0.012459,0.011258,0.010113,0.009172,0.008432,0.007845,0.007366,0.006961,0.006606,0.006290,0.006008,0.005752,0.005517,0.005300,0.005099,0.004911,0.004731,0.004564,0.004407,0.004256,0.004114,0.003978,0.003848,0.003724,0.003605,0.003491,0.003382,0.003277,0.003173,0.003073,0.002977,0.002886,0.002796,0.002710,0.002625,0.002541,0.002459,0.002379,0.002303,0.002228,0.002155,0.002082,0.002011,0.001942,0.001875,0.001808,0.001742,0.001677,0.001612,0.001548,0.001485,0.001423,0.001362,0.001303,0.001244,0.001185,0.001127,0.001069,0.001012,0.000957,0.000900,0.000844,0.000790,0.000736,0.000684,0.000631,0.000578,0.000523,0.000468,0.000415,0.000363,0.000310,0.000258,0.000204,0.000152,0.000100,0.000049,-0.000003,-0.000057,-0.000110,-0.000163,-0.000215,-0.000269,-0.000323,-0.000377,-0.000430,-0.000483,-0.000537,-0.000592,-0.000648,-0.000704,-0.000760,-0.000817,-0.000875,-0.000933,-0.000991,-0.001049,-0.001109,-0.001169,-0.001231,-0.001295,-0.001360,-0.001426,-0.001493,-0.001560,-0.001629,-0.001699,-0.001771,-0.001846,-0.001924,-0.002003,-0.002084,-0.002168,-0.002256,-0.002348,-0.002442,-0.002540,-0.002643,-0.002753,-0.002872,-0.003001,-0.003146,-0.003310,-0.003495,-0.003698,-0.003909,-0.004111,-0.004286,-0.004415,-0.004493,-0.004525,-0.004532,-0.004542,-0.004583,-0.004667,-0.004783,-0.004900,-0.004997,-0.005069,-0.005122,-0.005166,-0.005206,-0.005243,-0.005282,-0.005325,-0.005377,-0.005435,-0.005482,-0.005499,-0.005466,-0.005373,-0.005224,-0.005034,-0.004826,-0.004620,-0.004425,-0.004243,-0.004069,-0.003908,-0.003775,-0.003691,-0.003676,-0.003738,-0.003868,-0.004031,-0.004189,-0.004315,-0.004402,-0.004458,-0.004495,-0.004529,-0.004572,-0.004631,-0.004707,-0.004795,-0.004888,-0.004978,-0.005050,-0.005086,-0.005074,-0.005008,-0.004886,-0.004707,-0.004481,-0.004231,-0.003982,-0.003756,-0.003565,-0.003414,-0.003291,-0.003182,-0.003076,-0.002969,-0.002862,-0.002751,-0.002637,-0.002523,-0.002415,-0.002312,-0.002212,-0.002117,-0.002028,-0.001944,-0.001859,-0.001765,-0.001659,-0.001540,-0.001409,-0.001271,-0.001134,-0.001002,-0.000878,-0.000758,-0.000641,-0.000519,-0.000387,-0.000237,-0.000076,0.000084,0.000233,0.000364,0.000479,0.000586,0.000701,0.000843,0.001022,0.001235,0.001474,0.001733,0.002002,0.002271,0.002528,0.002765,0.002976,0.003158,0.003321,0.003484,0.003670,0.003894,0.004167,0.004490,0.004851,0.005234,0.005627,0.006031,0.006454,0.006911,0.007428,0.008037,0.008787,0.009738,0.010906,0.012170,0.013222,0.013690],
	[0.000000,0.000000,0.000000,0.000000,0.000000,0.000000,0.000000,0.000000,0.000000,0.000000,0.000000,0.000000,0.000000,0.000000,0.000000,0.000000,0.000000,0.000000,0.000000,0.000000,0.000000,0.000000,0.000000,0.000000,0.000000,0.000000,0.000000,0.000000,0.000000,0.000000,0.000000,0.000000,0.000000,0.000000,0.000000,0.000000,0.000000,0.000000,0.000000,0.000000,0.000000,0.000000,0.000000,0.000000,0.000000,0.000000,0.000000,0.000000,0.000000,0.000000,0.000000,0.000000,0.000000,0.000000,0.000000,0.000000,0.000000,0.000000,0.000000,0.000000,0.000000,0.000000,0.000000,0.000000,0.000000,0.000000,0.000000,0.000000,0.000000,0.000000,0.000000,0.000000,0.000000,0.000000,0.000000,0.000000,0.000000,0.000000,0.000000,0.000000,0.000000,0.000000,0.000000,0.000000,0.000000,0.000000,0.000000,0.000000,0.000000,0.000000,0.000000,0.000000,0.000000,0.000000,0.000000,0.000000,0.000000,0.000000,0.000000,0.000000,0.000000,0.000000,0.000000,0.000000,0.000000,0.000000,0.000000,0.000000,0.000000,0.000000,0.000000,0.000000,0.000000,0.000000,0.000000,0.000000,0.000000,0.000000,0.000000,0.000000,0.000000,0.000000,0.000000,0.000000,0.000000,0.000000,0.000000,0.000000,0.000000,0.000000,0.000000,0.000000,0.000000,0.000000,0.000000,0.000000,0.000000,0.000000,0.000000,0.000000,0.000000,0.000000,0.000000,0.000000,0.000000,0.000000,0.000000,0.000000,0.000000,0.000000,0.000000,0.000000,0.000000,0.000000,0.000000,0.000000,0.000000,0.000000,0.000000,0.000000,0.000000,0.000000,0.000000,0.000000,0.000000,0.000000,0.000000,0.000000,0.000000,0.000000,0.000000,0.000000,0.000000,0.000000,0.000000,0.000000,0.000000,0.000000,0.000000,0.000000,0.000000,0.000000,0.000000,0.000000,0.000000,0.000000,0.000000,0.000000,0.000000,0.000000,0.000000,0.000000,0.000000,0.000000,0.000000,0.000000,0.000000,0.000000,0.000000,0.000000,0.000000,0.000000,0.000000,0.000000,0.000000,0.000000,0.000000,0.000000,0.000000,0.000000,0.000000,0.000000,0.000000,0.000000,0.000000,0.000000,0.000000,0.000000,0.000000,0.000000,0.000000,0.000000,0.000000,0.000000,0.000000,0.000000,0.000000,0.000000,0.000000,0.000000,0.000000,0.000000,0.000000,0.000000,0.000000,0.000000,0.000000,0.000000,0.000000,0.000000,0.000000,0.000000,0.000000,0.000000,0.000000,0.000000,0.000000,0.000000,0.000000,0.000000,0.000000,0.000000,0.000000,0.000000,0.000000,0.000000],
	[0.014240,0.013602,0.012388,0.011020,0.009802,0.008837,0.008089,0.007502,0.007023,0.006614,0.006259,0.005942,0.005660,0.005406,0.005172,0.004957,0.004758,0.004572,0.004395,0.004229,0.004072,0.003926,0.003790,0.003660,0.003534,0.003412,0.003295,0.003182,0.003075,0.002974,0.002877,0.002780,0.002685,0.002593,0.002503,0.002414,0.002328,0.002248,0.002172,0.002098,0.002024,0.001950,0.001876,0.001804,0.001734,0.001665,0.001597,0.001529,0.001463,0.001398,0.001333,0.001269,0.001205,0.001140,0.001077,0.001017,0.000956,0.000897,0.000840,0.000784,0.000729,0.000673,0.000617,0.000560,0.000504,0.000448,0.000392,0.000336,0.000280,0.000224,0.000169,0.000113,0.000058,0.000004,-0.000051,-0.000108,-0.000165,-0.000222,-0.000278,-0.000336,-0.000394,-0.000451,-0.000509,-0.000567,-0.000627,-0.000687,-0.000746,-0.000808,-0.000871,-0.000934,-0.000997,-0.001062,-0.001131,-0.001202,-0.001272,-0.001345,-0.001425,-0.001511,-0.001604,-0.001706,-0.001814,-0.001912,-0.001981,-0.002014,-0.002019,-0.002019,-0.002036,-0.002085,-0.002168,-0.002276,-0.002428,-0.002630,-0.002797,-0.002922,-0.003041,-0.003159,-0.003302,-0.003519,-0.003838,-0.004159,-0.004384,-0.004478,-0.004437,-0.004303,-0.004148,-0.004046,-0.004047,-0.004161,-0.004346,-0.004521,-0.004596,-0.004538,-0.004359,-0.004096,-0.003780,-0.003443,-0.003111,-0.002818,-0.002628,-0.002658,-0.003025,-0.003693,-0.004306,-0.004635,-0.004742,-0.004714,-0.004667,-0.004767,-0.005184,-0.005871,-0.006506,-0.006842,-0.006872,-0.006678,-0.006382,-0.006078,-0.005805,-0.005554,-0.005325,-0.005119,-0.004918,-0.004696,-0.004469,-0.004276,-0.004133,-0.004016,-0.003924,-0.003871,-0.003849,-0.003813,-0.003737,-0.003634,-0.003525,-0.003409,-0.003289,-0.003185,-0.003112,-0.003050,-0.002976,-0.002893,-0.002810,-0.002713,-0.002587,-0.002451,-0.002344,-0.002278,-0.002241,-0.002233,-0.002258,-0.002294,-0.002305,-0.002267,-0.002186,-0.002077,-0.001952,-0.001841,-0.001790,-0.001825,-0.001909,-0.001977,-0.001995,-0.001957,-0.001847,-0.001639,-0.001337,-0.000973,-0.000570,-0.000138,0.000293,0.000692,0.001051,0.001397,0.001735,0.002036,0.002283,0.002502,0.002716,0.002922,0.003115,0.003320,0.003555,0.003792,0.003986,0.004123,0.004202,0.004190,0.004038,0.003726,0.003278,0.002720,0.002083,0.001425,0.000822,0.000321,-0.000070,-0.000371,-0.000573,-0.000648,-0.000582,-0.000396,-0.000115,0.000251,0.000674,0.001094,0.001489,0.001912,0.002445,0.003131,0.003990,0.005054,0.006347,0.007860,0.009551,0.011321,0.012929,0.014007],
	[0.018296,0.018041,0.016585,0.014603,0.012727,0.011251,0.010150,0.009297,0.008623,0.008095,0.007655,0.007265,0.006908,0.006584,0.006277,0.005954,0.005669,0.005462,0.005278,0.005101,0.004912,0.004758,0.004619,0.004481,0.004290,0.004108,0.003970,0.003825,0.003694,0.003571,0.003456,0.003350,0.003262,0.003190,0.003114,0.003029,0.002953,0.002895,0.002822,0.002727,0.002635,0.002569,0.002506,0.002459,0.002420,0.002374,0.002262,0.002145,0.002079,0.002023,0.001980,0.001925,0.001863,0.001811,0.001774,0.001737,0.001673,0.001580,0.001508,0.001448,0.001397,0.001357,0.001312,0.001269,0.001230,0.001203,0.001171,0.001127,0.001034,0.000943,0.000896,0.000859,0.000846,0.000834,0.000810,0.000757,0.000708,0.000658,0.000596,0.000523,0.000462,0.000414,0.000369,0.000332,0.000327,0.000338,0.000330,0.000287,0.000240,0.000204,0.000174,0.000146,0.000119,0.000076,0.000007,-0.000045,-0.000074,-0.000119,-0.000173,-0.000230,-0.000284,-0.000343,-0.000397,-0.000454,-0.000502,-0.000534,-0.000552,-0.000576,-0.000615,-0.000671,-0.000735,-0.000795,-0.000834,-0.000864,-0.000898,-0.000950,-0.001005,-0.001061,-0.001104,-0.001149,-0.001190,-0.001283,-0.001369,-0.001411,-0.001466,-0.001517,-0.001569,-0.001610,-0.001643,-0.001666,-0.001695,-0.001738,-0.001812,-0.001895,-0.001971,-0.002066,-0.002152,-0.002216,-0.002294,-0.002393,-0.002512,-0.002623,-0.002726,-0.002845,-0.003004,-0.003182,-0.003368,-0.003569,-0.003767,-0.003922,-0.004010,-0.004032,-0.003992,-0.003909,-0.003844,-0.003854,-0.003948,-0.004089,-0.004220,-0.004292,-0.004289,-0.004221,-0.004128,-0.004084,-0.004179,-0.004491,-0.005002,-0.005481,-0.005731,-0.005781,-0.005759,-0.005781,-0.005877,-0.005965,-0.005916,-0.005676,-0.005282,-0.004815,-0.004345,-0.003907,-0.003501,-0.003132,-0.002831,-0.002655,-0.002644,-0.002758,-0.002872,-0.002888,-0.002815,-0.002724,-0.002682,-0.002742,-0.002914,-0.003139,-0.003325,-0.003440,-0.003547,-0.003729,-0.004009,-0.004365,-0.004772,-0.005164,-0.005459,-0.005621,-0.005660,-0.005589,-0.005418,-0.005158,-0.004822,-0.004432,-0.004019,-0.003615,-0.003251,-0.002946,-0.002707,-0.002525,-0.002375,-0.002231,-0.002077,-0.001905,-0.001710,-0.001496,-0.001291,-0.001112,-0.000959,-0.000836,-0.000775,-0.000811,-0.000948,-0.001159,-0.001404,-0.001656,-0.001901,-0.002134,-0.002356,-0.002550,-0.002669,-0.002657,-0.002483,-0.002164,-0.001756,-0.001324,-0.000916,-0.000539,-0.000147,0.000338,0.000976,0.001778,0.002749,0.003932,0.005391,0.007192,0.009396,0.012000,0.014759,0.017088],
	[0.010674,0.010314,0.009558,0.008675,0.007866,0.007218,0.006715,0.006304,0.005959,0.005665,0.005404,0.005171,0.004961,0.004770,0.004593,0.004428,0.004274,0.004122,0.003970,0.003834,0.003718,0.003605,0.003492,0.003379,0.003274,0.003174,0.003078,0.002971,0.002865,0.002782,0.002699,0.002620,0.002541,0.002469,0.002379,0.002292,0.002226,0.002159,0.002091,0.002017,0.001939,0.001860,0.001788,0.001719,0.001660,0.001603,0.001548,0.001495,0.001445,0.001393,0.001337,0.001282,0.001229,0.001178,0.001129,0.001080,0.001029,0.000976,0.000925,0.000877,0.000830,0.000783,0.000739,0.000692,0.000635,0.000565,0.000510,0.000468,0.000431,0.000391,0.000352,0.000308,0.000264,0.000197,0.000130,0.000085,0.000034,-0.000018,-0.000066,-0.000105,-0.000142,-0.000180,-0.000224,-0.000276,-0.000334,-0.000395,-0.000458,-0.000515,-0.000568,-0.000614,-0.000659,-0.000705,-0.000753,-0.000799,-0.000845,-0.000891,-0.000936,-0.000984,-0.001040,-0.001100,-0.001160,-0.001213,-0.001262,-0.001310,-0.001362,-0.001423,-0.001490,-0.001559,-0.001628,-0.001698,-0.001769,-0.001841,-0.001917,-0.001995,-0.002076,-0.002154,-0.002227,-0.002293,-0.002357,-0.002424,-0.002495,-0.002569,-0.002648,-0.002734,-0.002826,-0.002924,-0.003025,-0.003130,-0.003246,-0.003376,-0.003520,-0.003675,-0.003841,-0.004014,-0.004196,-0.004393,-0.004619,-0.004892,-0.005233,-0.005634,-0.006052,-0.006412,-0.006636,-0.006672,-0.006517,-0.006223,-0.005865,-0.005515,-0.005219,-0.005005,-0.004891,-0.004879,-0.004954,-0.005104,-0.005319,-0.005573,-0.005820,-0.006032,-0.006218,-0.006392,-0.006533,-0.006590,-0.006503,-0.006247,-0.005857,-0.005421,-0.005064,-0.004895,-0.004952,-0.005154,-0.005334,-0.005361,-0.005230,-0.005044,-0.004918,-0.004902,-0.004946,-0.004939,-0.004777,-0.004454,-0.004091,-0.003880,-0.003967,-0.004367,-0.004959,-0.005534,-0.005891,-0.005933,-0.005701,-0.005308,-0.004849,-0.004369,-0.003914,-0.003557,-0.003335,-0.003191,-0.003026,-0.002796,-0.002534,-0.002284,-0.002081,-0.001952,-0.001891,-0.001828,-0.001672,-0.001400,-0.001062,-0.000708,-0.000357,-0.000019,0.000289,0.000586,0.000920,0.001310,0.001728,0.002147,0.002578,0.003020,0.003421,0.003716,0.003891,0.003971,0.003998,0.004043,0.004200,0.004514,0.004919,0.005300,0.005591,0.005771,0.005797,0.005615,0.005263,0.004888,0.004641,0.004585,0.004711,0.004942,0.005135,0.005179,0.005096,0.005018,0.005038,0.005148,0.005323,0.005562,0.005847,0.006118,0.006343,0.006580,0.006922,0.007424,0.008102,0.008937,0.009814,0.010481]
],
	"idxs" : [3,0,3,3,3]
,"hydrophone_pos" : [
	[0.000000,0.000000,0.000000],
	[0.000000,0.000000,0.000000],
	[32.299999,-4.300000,3.660000],
	[-6.599999,34.700000,1.659999],
	[-4.599999,0.000000,-34.340000]
],
	"direction_of_arrival" : [0.000000,0.000000,0.000000]
,	"valid" : [0.000000,-0.203052,-0.000000,-0.000000,-0.000000]
}
dump = {
	"magnitude" : [0.000000,0.000031,0.000024,0.000027,0.000027,0.000029,0.000032,0.000042,0.000061,0.000064,0.000055,0.000122,0.000430,0.000990,0.001614,0.001929,0.001674,0.001030,0.000394,0.000069,0.000066,0.000176,0.000203,0.000150,0.000078,0.000039,0.000028,0.000021,0.000018,0.000023,0.000029,0.000030]
,	"raw_mv" : [
	[-7.630000,-7.630000,-7.630000,-7.248499,-7.630000,-7.630000,-7.248499,-7.630000,-7.630000,-7.630000,-7.630000,-7.630000,-7.630000,-7.630000,-7.630000,-7.630000,-7.248499,-7.248499,-7.248499,-7.630000,-7.248499,-7.630000,-7.630000,-7.630000,-7.630000,-7.630000,-7.630000,-7.630000,-7.248499,-7.630000,-7.630000,-7.630000,-7.248499,-7.630000,-7.630000,-7.630000,-7.630000,-7.630000,-7.248499,-7.630000,-7.630000,-7.248499,-7.248499,-7.630000,-7.630000,-7.248499,-7.248499,-7.248499,-7.248499,-6.867000,-7.248499,-7.248499,-7.248499,-7.248499,-7.248499,-7.248499,-7.248499,-7.248499,-6.867000,-6.867000,-7.248499,-6.867000,-6.867000,-6.867000,-7.248499,-6.485500,-6.867000,-6.867000,-7.248499,-7.248499,-7.248499,-7.248499,-6.867000,-6.867000,-6.867000,-7.248499,-7.248499,-7.248499,-6.867000,-7.248499,-7.248499,-7.248499,-7.248499,-7.248499,-6.867000,-7.248499,-7.248499,-7.630000,-7.248499,-7.248499,-7.630000,-7.630000,-7.630000,-7.630000,-7.248499,-7.248499,-7.630000,-8.011500,-7.630000,-7.630000,-7.630000,-7.630000,-7.630000,-7.630000,-7.630000,-7.630000,-7.630000,-7.630000,-7.248499,-7.630000,-7.248499,-7.630000,-7.630000,-8.011500,-7.630000,-7.630000,-8.011500,-8.011500,-7.630000,-7.630000,-7.630000,-7.630000,-7.630000,-7.630000,-7.248499,-7.630000,-7.630000,-7.630000,-7.630000,-7.630000,-7.248499,-7.630000,-7.630000,-7.630000,-7.248499,-7.630000,-7.630000,-7.630000,-8.011500,-7.630000,-7.248499,-7.630000,-8.011500,-7.630000,-7.248499,-7.248499,-7.248499,-7.630000,-7.630000,-7.248499,-7.630000,-7.630000,-7.248499,-7.248499,-7.248499,-7.248499,-6.867000,-6.867000,-6.867000,-7.248499,-6.867000,-6.485500,-6.485500,-6.867000,-6.867000,-6.867000,-6.485500,-6.485500,-6.867000,-6.867000,-6.485500,-6.867000,-6.867000,-6.867000,-6.485500,-4.959500,0.763000,-22.889999,-29.375499,30.520000,33.953498,-60.277000,-57.225002,43.872501,48.069000,-31.664501,-88.126502,0.000000,96.138000,-4.578000,-124.750503,-10.300499,124.750503,4.196499,-151.455505,-45.779998,141.917999,71.722000,-157.559509,-143.825500,143.444000,182.738510,-127.802505,-244.541503,75.155502,241.489501,-31.283000,-273.153991,-29.757000,245.686004,68.669998,-231.570510,-117.883499,168.623001,143.062500,-157.559509,-198.380004,136.958496,202.195007,-142.299499,-235.766998,133.143508,216.310501,-126.276504,-259.801513,101.860504,259.420013,-67.143997,-327.708496,18.693500,338.009002,26.323499,-391.419006,-87.745002,386.459503,120.172500,-389.130004,-187.316497,347.546508,222.414505,-323.893493,-298.714508,288.795501,309.015014,-251.790008,-376.921997,215.547500,370.054992,-167.860000,-426.516998,122.843002,413.546020,-75.918502,-451.314514,21.745500,441.777008],
	[0.000000,0.000000,0.000000,0.000000,0.000000,0.000000,0.000000,0.000000,0.000000,0.000000,0.000000,0.000000,0.000000,0.000000,0.000000,0.000000,0.000000,0.000000,0.000000,0.000000,0.000000,0.000000,0.000000,0.000000,0.000000,0.000000,0.000000,0.000000,0.000000,0.000000,0.000000,0.000000,0.000000,0.000000,0.000000,0.000000,0.000000,0.000000,0.000000,0.000000,0.000000,0.000000,0.000000,0.000000,0.000000,0.000000,0.000000,0.000000,0.000000,0.000000,0.000000,0.000000,0.000000,0.000000,0.000000,0.000000,0.000000,0.000000,0.000000,0.000000,0.000000,0.000000,0.000000,0.000000,0.000000,0.000000,0.000000,0.000000,0.000000,0.000000,0.000000,0.000000,0.000000,0.000000,0.000000,0.000000,0.000000,0.000000,0.000000,0.000000,0.000000,0.000000,0.000000,0.000000,0.000000,0.000000,0.000000,0.000000,0.000000,0.000000,0.000000,0.000000,0.000000,0.000000,0.000000,0.000000,0.000000,0.000000,0.000000,0.000000,0.000000,0.000000,0.000000,0.000000,0.000000,0.000000,0.000000,0.000000,0.000000,0.000000,0.000000,0.000000,0.000000,0.000000,0.000000,0.000000,0.000000,0.000000,0.000000,0.000000,0.000000,0.000000,0.000000,0.000000,0.000000,0.000000,0.000000,0.000000,0.000000,0.000000,0.000000,0.000000,0.000000,0.000000,0.000000,0.000000,0.000000,0.000000,0.000000,0.000000,0.000000,0.000000,0.000000,0.000000,0.000000,0.000000,0.000000,0.000000,0.000000,0.000000,0.000000,0.000000,0.000000,0.000000,0.000000,0.000000,0.000000,0.000000,0.000000,0.000000,0.000000,0.000000,0.000000,0.000000,0.000000,0.000000,0.000000,0.000000,0.000000,0.000000,0.000000,0.000000,0.000000,0.000000,0.000000,0.000000,0.000000,0.000000,0.000000,0.000000,0.000000,0.000000,0.000000,0.000000,0.000000,0.000000,0.000000,0.000000,0.000000,0.000000,0.000000,0.000000,0.000000,0.000000,0.000000,0.000000,0.000000,0.000000,0.000000,0.000000,0.000000,0.000000,0.000000,0.000000,0.000000,0.000000,0.000000,0.000000,0.000000,0.000000,0.000000,0.000000,0.000000,0.000000,0.000000,0.000000,0.000000,0.000000,0.000000,0.000000,0.000000,0.000000,0.000000,0.000000,0.000000,0.000000,0.000000,0.000000,0.000000,0.000000,0.000000,0.000000,0.000000,0.000000,0.000000,0.000000,0.000000,0.000000,0.000000,0.000000,0.000000,0.000000,0.000000,0.000000,0.000000,0.000000,0.000000,0.000000,0.000000,0.000000,0.000000,0.000000,0.000000,0.000000,0.000000,0.000000],
	[-6.714400,-6.714400,-6.714400,-6.790700,-6.638100,-6.714400,-6.714400,-6.790700,-6.790700,-6.790700,-6.714400,-6.714400,-6.561800,-6.714400,-6.561800,-6.638100,-6.561800,-6.561800,-6.790700,-6.638100,-6.638100,-6.638100,-6.561800,-6.638100,-6.714400,-6.714400,-6.790700,-6.714400,-6.714400,-6.638100,-6.867000,-6.867000,-6.790700,-6.638100,-6.790700,-6.790700,-6.714400,-6.790700,-6.714400,-6.790700,-6.867000,-6.790700,-6.790700,-6.943300,-7.019600,-6.714400,-6.638100,-6.790700,-6.790700,-6.638100,-6.790700,-6.638100,-6.943300,-6.638100,-6.638100,-6.867000,-6.867000,-6.561800,-6.485500,-6.714400,-6.409200,-6.409200,-6.409200,-6.409200,-6.409200,-6.256600,-6.332900,-6.104000,-6.409200,-6.332900,-6.409200,-6.332900,-6.256600,-6.180300,-6.256600,-6.409200,-6.332900,-6.104000,-6.027700,-6.104000,-6.409200,-6.256600,-6.256600,-6.256600,-6.256600,-6.104000,-6.180300,-6.256600,-6.409200,-6.180300,-6.485500,-6.485500,-6.409200,-6.409200,-6.561800,-6.409200,-6.561800,-6.485500,-6.332900,-6.485500,-6.638100,-6.638100,-6.561800,-6.638100,-6.714400,-6.485500,-6.714400,-6.714400,-6.790700,-6.790700,-6.561800,-6.714400,-6.867000,-7.019600,-6.714400,-6.714400,-6.714400,-6.867000,-6.867000,-6.790700,-6.790700,-6.867000,-6.790700,-6.638100,-6.790700,-6.714400,-6.714400,-6.638100,-6.714400,-6.638100,-6.790700,-6.790700,-6.638100,-6.714400,-6.867000,-6.790700,-6.561800,-7.019600,-7.019600,-6.638100,-6.790700,-6.943300,-7.019600,-6.867000,-6.943300,-6.714400,-7.019600,-6.943300,-6.790700,-6.867000,-6.943300,-7.095900,-2.975700,-14.191800,-4.501699,-4.196500,-8.621900,-7.248500,-6.180300,-6.256600,-7.630000,-4.272799,-9.079700,-6.561800,-3.586100,-7.095900,-10.376800,-3.586100,-6.485500,-12.665800,4.578000,3.128300,-34.716499,0.839300,10.987200,-1.831200,-26.628700,-15.946700,2.289000,20.295801,-12.665800,-40.286399,0.457800,34.335002,-13.505100,-41.659801,-9.919000,31.130401,-7.248500,-18.006799,-17.930500,-13.810300,21.821800,5.112100,-22.966300,-39.828601,25.102701,4.654300,3.738700,-34.716499,-28.994001,11.063500,52.341800,-44.940700,-52.570701,4.425400,65.160202,-21.211400,-66.152099,-21.592901,66.838798,11.139800,-70.730102,-37.539600,49.442401,41.583499,-62.871200,-52.189201,25.407901,66.228401,-55.470100,-63.252700,11.979100,77.978599,-39.523403,-69.890800,-7.248500,81.641006,-21.745500,-75.308105,-20.906200,80.038703,0.534100,-79.123100,-35.097999,66.152099,29.222900,-73.858406,-46.161502,57.835403,37.234401,-89.347305,-30.367401,64.855003,23.729301,-92.323005,-19.914300,50.129100,44.101402,-90.644401,-42.270202,51.349903,66.533599,-88.126502,-70.119705,47.916400],
	[-6.485500,-6.485500,-6.104000,-6.104000,-6.485500,-6.485500,-6.104000,-6.104000,-6.485500,-6.867000,-6.485500,-6.485500,-6.485500,-7.248499,-6.867000,-6.867000,-6.485500,-6.485500,-6.485500,-6.867000,-6.867000,-6.867000,-6.867000,-6.867000,-6.867000,-6.485500,-6.867000,-6.867000,-7.248499,-6.867000,-6.867000,-7.248499,-6.867000,-7.248499,-6.867000,-7.248499,-7.248499,-7.630000,-6.867000,-6.867000,-6.867000,-7.248499,-7.248499,-7.248499,-7.248499,-7.248499,-8.011500,-7.248499,-7.248499,-7.630000,-7.630000,-7.630000,-7.248499,-7.630000,-7.630000,-7.630000,-7.630000,-7.248499,-6.867000,-6.867000,-7.248499,-7.248499,-7.248499,-7.248499,-7.248499,-7.248499,-7.248499,-7.630000,-7.630000,-7.630000,-7.248499,-7.248499,-7.248499,-7.248499,-7.248499,-7.248499,-7.248499,-7.248499,-7.248499,-7.248499,-7.248499,-7.248499,-6.867000,-7.248499,-7.248499,-7.248499,-7.248499,-7.248499,-7.630000,-7.630000,-7.630000,-7.630000,-7.630000,-7.630000,-7.248499,-7.630000,-7.630000,-7.630000,-7.630000,-8.011500,-8.011500,-7.248499,-7.630000,-7.630000,-8.011500,-7.248499,-7.248499,-7.630000,-7.630000,-7.630000,-7.630000,-7.630000,-8.011500,-8.011500,-8.011500,-8.011500,-8.011500,-8.392999,-8.011500,-8.011500,-8.392999,-8.011500,-8.011500,-8.011500,-7.630000,-7.630000,-7.630000,-7.248499,-7.630000,-7.630000,-7.630000,-7.630000,-7.630000,-7.248499,-7.248499,-7.248499,-7.248499,-7.248499,-7.248499,-7.248499,-7.248499,-7.630000,-7.248499,-7.630000,-8.011500,-7.630000,-8.011500,-7.630000,-7.248499,-7.630000,-7.248499,-7.248499,-7.248499,-7.248499,-6.867000,-6.867000,-6.867000,-6.867000,-6.867000,-7.248499,-7.248499,-7.248499,-7.248499,-7.248499,-7.248499,-7.248499,-6.485500,-6.867000,-6.485500,-6.485500,-6.867000,-6.485500,-6.104000,-6.867000,-6.485500,-6.867000,-6.867000,-6.867000,-6.867000,-7.248499,-6.867000,-7.248499,-7.248499,-7.248499,-6.867000,-7.248499,-7.248499,-7.248499,-6.867000,-6.867000,-6.867000,-6.867000,-7.248499,-7.248499,-7.248499,-7.248499,-7.630000,-7.248499,-7.630000,-5.341000,-7.248499,-9.919000,-5.341000,-5.341000,-8.392999,-9.919000,-6.867000,-6.104000,-6.867000,-11.826499,-7.630000,-3.815000,-8.392999,-11.444999,-4.959500,-6.867000,-11.826499,-4.578000,-4.196499,-12.589500,-11.444999,-3.433500,-2.289000,-7.630000,-17.930500,-3.815000,2.289000,-8.392999,-18.693500,-6.867000,2.289000,-4.196499,-17.167499,-9.537500,-1.907500,-0.381500,-11.444999,-16.023000,-1.144500,-0.763000,-10.682000,-13.734000,-3.815000,-1.526000,-8.011500,-16.023000,-2.289000,-2.289000,-10.300499,-12.208000,1.144500,-5.722499,-14.496999,-12.208000,3.815000,-1.907500],
	[138.865997,138.484497,138.484497,138.484497,138.865997,138.484497,138.484497,138.484497,138.102996,138.484497,138.484497,138.484497,138.484497,138.484497,138.484497,138.484497,138.484497,138.484497,138.484497,138.484497,138.865997,138.484497,138.484497,138.484497,138.484497,138.484497,138.484497,138.102996,138.484497,138.102996,138.102996,138.102996,138.484497,138.484497,138.102996,138.865997,138.484497,138.484497,138.484497,138.484497,138.102996,138.102996,138.865997,138.484497,138.484497,138.484497,138.484497,138.484497,138.484497,138.484497,138.484497,138.865997,138.484497,138.484497,138.484497,138.484497,138.484497,138.484497,138.865997,138.484497,138.484497,138.484497,138.484497,138.484497,138.484497,138.865997,138.865997,138.484497,138.484497,138.484497,138.484497,138.865997,138.865997,138.865997,138.484497,138.865997,138.484497,138.484497,138.865997,138.865997,138.865997,138.102996,138.865997,138.484497,138.484497,138.484497,138.484497,138.865997,138.865997,138.865997,138.102996,138.865997,138.484497,138.865997,138.865997,138.484497,138.865997,138.484497,138.865997,138.484497,138.865997,138.484497,138.484497,138.865997,138.484497,138.484497,138.484497,138.865997,138.865997,138.484497,138.865997,138.484497,138.484497,138.865997,138.484497,138.484497,138.484497,138.484497,138.484497,138.484497,138.865997,138.102996,138.484497,138.484497,138.865997,138.484497,138.484497,138.865997,138.102996,138.865997,138.484497,138.484497,138.102996,138.484497,138.484497,138.484497,138.865997,138.484497,138.484497,138.484497,138.484497,138.484497,138.484497,138.484497,138.484497,138.484497,138.484497,138.484497,138.484497,138.484497,138.484497,138.865997,138.484497,138.102996,138.484497,138.484497,138.865997,138.865997,138.484497,138.484497,138.484497,138.484497,138.484497,138.484497,138.102996,138.865997,138.484497,139.247497,138.484497,138.865997,138.484497,138.865997,138.865997,138.484497,138.865997,138.484497,138.865997,138.484497,138.865997,138.484497,138.484497,138.865997,138.865997,138.865997,138.484497,138.484497,138.484497,138.484497,138.484497,138.865997,140.391998,137.721496,130.473007,151.455505,140.773498,124.750503,140.010498,153.744506,131.999008,128.947006,141.154998,150.311004,137.339996,128.947006,135.432495,147.640502,146.496002,128.947006,130.091506,148.022003,149.548004,122.843002,127.802505,158.322509,151.837005,119.791000,126.658004,152.600006,149.548004,132.762008,115.975997,152.600006,157.559509,131.236007,116.738998,143.062500,159.848495,143.825500,109.109001,135.050994,164.426498,142.299499,122.080001,125.132003,154.126007,159.848495,127.421005,103.386505,154.507507,169.386001,135.050994,95.756500,149.929504,168.623001,145.733001,98.045501,131.999008,172.819503,155.652008,102.242004,120.935501,167.097000,165.570999,112.542503,103.768005,164.807998]
],
"normalized" : [
	[-0.009688,-0.009688,-0.009688,-0.006429,-0.009688,-0.009688,-0.006429,-0.009688,-0.009688,-0.009688,-0.009688,-0.009688,-0.009688,-0.009688,-0.009688,-0.009688,-0.006429,-0.006429,-0.006429,-0.009688,-0.006429,-0.009688,-0.009688,-0.009688,-0.009688,-0.009688,-0.009688,-0.009688,-0.006429,-0.009688,-0.009688,-0.009688,-0.006429,-0.009688,-0.009688,-0.009688,-0.009688,-0.009688,-0.006429,-0.009688,-0.009688,-0.006429,-0.006429,-0.009688,-0.009688,-0.006429,-0.006429,-0.006429,-0.006429,-0.003170,-0.006429,-0.006429,-0.006429,-0.006429,-0.006429,-0.006429,-0.006429,-0.006429,-0.003170,-0.003170,-0.006429,-0.003170,-0.003170,-0.003170,-0.006429,0.000089,-0.003170,-0.003170,-0.006429,-0.006429,-0.006429,-0.006429,-0.003170,-0.003170,-0.003170,-0.006429,-0.006429,-0.006429,-0.003170,-0.006429,-0.006429,-0.006429,-0.006429,-0.006429,-0.003170,-0.006429,-0.006429,-0.009688,-0.006429,-0.006429,-0.009688,-0.009688,-0.009688,-0.009688,-0.006429,-0.006429,-0.009688,-0.012947,-0.009688,-0.009688,-0.009688,-0.009688,-0.009688,-0.009688,-0.009688,-0.009688,-0.009688,-0.009688,-0.006429,-0.009688,-0.006429,-0.009688,-0.009688,-0.012947,-0.009688,-0.009688,-0.012947,-0.012947,-0.009688,-0.009688,-0.009688,-0.009688,-0.009688,-0.009688,-0.006429,-0.009688,-0.009688,-0.009688,-0.009688,-0.009688,-0.006429,-0.009688,-0.009688,-0.009688,-0.006429,-0.009688,-0.009688,-0.009688,-0.012947,-0.009688,-0.006429,-0.009688,-0.012947,-0.009688,-0.006429,-0.006429,-0.006429,-0.009688,-0.009688,-0.006429,-0.009688,-0.009688,-0.006429,-0.006429,-0.006429,-0.006429,-0.003170,-0.003170,-0.003170,-0.006429,-0.003170,0.000089,0.000089,-0.003170,-0.003170,-0.003170,0.000089,0.000089,-0.003170,-0.003170,0.000089,-0.003170,-0.003170,-0.003170,0.000089,0.013125,0.062013,-0.140055,-0.195461,0.316228,0.345560,-0.459453,-0.433380,0.430299,0.466150,-0.215016,-0.697373,0.055494,0.876805,0.016384,-1.010253,-0.032502,1.121243,0.091345,-1.238395,-0.335605,1.267905,0.668218,-1.290541,-1.173211,1.280942,1.616637,-1.036326,-2.033632,0.697551,2.118548,-0.211756,-2.278069,-0.198720,2.154399,0.642145,-1.922820,-0.951588,1.496047,1.277683,-1.290541,-1.639272,1.225536,1.782854,-1.160175,-1.958671,1.192945,1.903443,-1.023290,-2.163999,0.925693,2.271729,-0.518118,-2.744131,0.215194,2.943118,0.280377,-3.288412,-0.694113,3.357033,1.082133,-3.268857,-1.544757,3.024598,1.955590,-2.711539,-2.496434,2.522686,2.695421,-2.095556,-3.164563,1.896925,3.216888,-1.378539,-3.588255,1.104947,3.588434,-0.593079,-3.800102,0.241267,3.829612],
	[0.000000,0.000000,0.000000,0.000000,0.000000,0.000000,0.000000,0.000000,0.000000,0.000000,0.000000,0.000000,0.000000,0.000000,0.000000,0.000000,0.000000,0.000000,0.000000,0.000000,0.000000,0.000000,0.000000,0.000000,0.000000,0.000000,0.000000,0.000000,0.000000,0.000000,0.000000,0.000000,0.000000,0.000000,0.000000,0.000000,0.000000,0.000000,0.000000,0.000000,0.000000,0.000000,0.000000,0.000000,0.000000,0.000000,0.000000,0.000000,0.000000,0.000000,0.000000,0.000000,0.000000,0.000000,0.000000,0.000000,0.000000,0.000000,0.000000,0.000000,0.000000,0.000000,0.000000,0.000000,0.000000,0.000000,0.000000,0.000000,0.000000,0.000000,0.000000,0.000000,0.000000,0.000000,0.000000,0.000000,0.000000,0.000000,0.000000,0.000000,0.000000,0.000000,0.000000,0.000000,0.000000,0.000000,0.000000,0.000000,0.000000,0.000000,0.000000,0.000000,0.000000,0.000000,0.000000,0.000000,0.000000,0.000000,0.000000,0.000000,0.000000,0.000000,0.000000,0.000000,0.000000,0.000000,0.000000,0.000000,0.000000,0.000000,0.000000,0.000000,0.000000,0.000000,0.000000,0.000000,0.000000,0.000000,0.000000,0.000000,0.000000,0.000000,0.000000,0.000000,0.000000,0.000000,0.000000,0.000000,0.000000,0.000000,0.000000,0.000000,0.000000,0.000000,0.000000,0.000000,0.000000,0.000000,0.000000,0.000000,0.000000,0.000000,0.000000,0.000000,0.000000,0.000000,0.000000,0.000000,0.000000,0.000000,0.000000,0.000000,0.000000,0.000000,0.000000,0.000000,0.000000,0.000000,0.000000,0.000000,0.000000,0.000000,0.000000,0.000000,0.000000,0.000000,0.000000,0.000000,0.000000,0.000000,0.000000,0.000000,0.000000,0.000000,0.000000,0.000000,0.000000,0.000000,0.000000,0.000000,0.000000,0.000000,0.000000,0.000000,0.000000,0.000000,0.000000,0.000000,0.000000,0.000000,0.000000,0.000000,0.000000,0.000000,0.000000,0.000000,0.000000,0.000000,0.000000,0.000000,0.000000,0.000000,0.000000,0.000000,0.000000,0.000000,0.000000,0.000000,0.000000,0.000000,0.000000,0.000000,0.000000,0.000000,0.000000,0.000000,0.000000,0.000000,0.000000,0.000000,0.000000,0.000000,0.000000,0.000000,0.000000,0.000000,0.000000,0.000000,0.000000,0.000000,0.000000,0.000000,0.000000,0.000000,0.000000,0.000000,0.000000,0.000000,0.000000,0.000000,0.000000,0.000000,0.000000,0.000000,0.000000,0.000000,0.000000,0.000000,0.000000,0.000000,0.000000,0.000000,0.000000,0.000000,0.000000,0.000000],
	[-0.002423,-0.002423,-0.002423,-0.005308,0.000462,-0.002423,-0.002423,-0.005308,-0.005308,-0.005308,-0.002423,-0.002423,0.003347,-0.002423,0.003347,0.000462,0.003347,0.003347,-0.005308,0.000462,0.000462,0.000462,0.003347,0.000462,-0.002423,-0.002423,-0.005308,-0.002423,-0.002423,0.000462,-0.008193,-0.008193,-0.005308,0.000462,-0.005308,-0.005308,-0.002423,-0.005308,-0.002423,-0.005308,-0.008193,-0.005308,-0.005308,-0.011079,-0.013964,-0.002423,0.000462,-0.005308,-0.005308,0.000462,-0.005308,0.000462,-0.011079,0.000462,0.000462,-0.008193,-0.008193,0.003347,0.006232,-0.002423,0.009118,0.009118,0.009118,0.009118,0.009118,0.014889,0.012003,0.020659,0.009118,0.012003,0.009118,0.012003,0.014889,0.017774,0.014889,0.009118,0.012003,0.020659,0.023545,0.020659,0.009118,0.014889,0.014889,0.014889,0.014889,0.020659,0.017774,0.014889,0.009118,0.017774,0.006232,0.006232,0.009118,0.009118,0.003347,0.009118,0.003347,0.006232,0.012003,0.006232,0.000462,0.000462,0.003347,0.000462,-0.002423,0.006232,-0.002423,-0.002423,-0.005308,-0.005308,0.003347,-0.002423,-0.008193,-0.013964,-0.002423,-0.002423,-0.002423,-0.008193,-0.008193,-0.005308,-0.005308,-0.008193,-0.005308,0.000462,-0.005308,-0.002423,-0.002423,0.000462,-0.002423,0.000462,-0.005308,-0.005308,0.000462,-0.002423,-0.008193,-0.005308,0.003347,-0.013964,-0.013964,0.000462,-0.005308,-0.011079,-0.013964,-0.008193,-0.011079,-0.002423,-0.013964,-0.011079,-0.005308,-0.008193,-0.011079,-0.016850,0.138960,-0.285190,0.081252,0.092794,-0.074557,-0.022620,0.017774,0.014889,-0.037047,0.089908,-0.091869,0.003347,0.115877,-0.016850,-0.140921,0.115877,0.006232,-0.227482,0.424612,0.369790,-1.061356,0.283229,0.666984,0.182240,-0.755506,-0.351553,0.338051,1.019000,-0.227482,-1.271988,0.268802,1.549909,-0.259221,-1.323925,-0.123608,1.428723,-0.022620,-0.429458,-0.426573,-0.270763,1.076707,0.444810,-0.617008,-1.254676,1.200778,0.427497,0.392873,-1.061356,-0.844953,0.669869,2.230857,-1.447996,-1.736534,0.418841,2.715601,-0.550644,-2.250131,-0.565071,2.779079,0.672754,-2.423253,-1.168115,2.121213,1.824019,-2.126060,-1.722107,1.212320,2.755996,-1.846178,-2.140486,0.704494,3.200344,-1.243134,-2.391514,-0.022620,3.338842,-0.570842,-2.596376,-0.539103,3.278249,0.271687,-2.740645,-1.075783,2.753110,1.356588,-2.541554,-1.494162,2.438605,1.659553,-3.127285,-0.896889,2.704059,1.148841,-3.239815,-0.501593,2.147181,1.919237,-3.176337,-1.347008,2.193348,2.767537,-3.081119,-2.400170,2.063506],
	[0.292278,0.292278,0.444360,0.444360,0.292278,0.292278,0.444360,0.444360,0.292278,0.140196,0.292278,0.292278,0.292278,-0.011884,0.140196,0.140196,0.292278,0.292278,0.292278,0.140196,0.140196,0.140196,0.140196,0.140196,0.140196,0.292278,0.140196,0.140196,-0.011884,0.140196,0.140196,-0.011884,0.140196,-0.011884,0.140196,-0.011884,-0.011884,-0.163966,0.140196,0.140196,0.140196,-0.011884,-0.011884,-0.011884,-0.011884,-0.011884,-0.316048,-0.011884,-0.011884,-0.163966,-0.163966,-0.163966,-0.011884,-0.163966,-0.163966,-0.163966,-0.163966,-0.011884,0.140196,0.140196,-0.011884,-0.011884,-0.011884,-0.011884,-0.011884,-0.011884,-0.011884,-0.163966,-0.163966,-0.163966,-0.011884,-0.011884,-0.011884,-0.011884,-0.011884,-0.011884,-0.011884,-0.011884,-0.011884,-0.011884,-0.011884,-0.011884,0.140196,-0.011884,-0.011884,-0.011884,-0.011884,-0.011884,-0.163966,-0.163966,-0.163966,-0.163966,-0.163966,-0.163966,-0.011884,-0.163966,-0.163966,-0.163966,-0.163966,-0.316048,-0.316048,-0.011884,-0.163966,-0.163966,-0.316048,-0.011884,-0.011884,-0.163966,-0.163966,-0.163966,-0.163966,-0.163966,-0.316048,-0.316048,-0.316048,-0.316048,-0.316048,-0.468129,-0.316048,-0.316048,-0.468129,-0.316048,-0.316048,-0.316048,-0.163966,-0.163966,-0.163966,-0.011884,-0.163966,-0.163966,-0.163966,-0.163966,-0.163966,-0.011884,-0.011884,-0.011884,-0.011884,-0.011884,-0.011884,-0.011884,-0.011884,-0.163966,-0.011884,-0.163966,-0.316048,-0.163966,-0.316048,-0.163966,-0.011884,-0.163966,-0.011884,-0.011884,-0.011884,-0.011884,0.140196,0.140196,0.140196,0.140196,0.140196,-0.011884,-0.011884,-0.011884,-0.011884,-0.011884,-0.011884,-0.011884,0.292278,0.140196,0.292278,0.292278,0.140196,0.292278,0.444360,0.140196,0.292278,0.140196,0.140196,0.140196,0.140196,-0.011884,0.140196,-0.011884,-0.011884,-0.011884,0.140196,-0.011884,-0.011884,-0.011884,0.140196,0.140196,0.140196,0.140196,-0.011884,-0.011884,-0.011884,-0.011884,-0.163966,-0.011884,-0.163966,0.748523,-0.011884,-1.076456,0.748523,0.748523,-0.468129,-1.076456,0.140196,0.444360,0.140196,-1.836864,-0.163966,1.356850,-0.468129,-1.684782,0.900605,0.140196,-1.836864,1.052686,1.204768,-2.141027,-1.684782,1.508931,1.965176,-0.163966,-4.270170,1.356850,3.790156,-0.468129,-4.574334,0.140196,3.790156,1.204768,-3.966007,-0.924374,2.117258,2.725585,-1.684782,-3.509763,2.421421,2.573503,-1.380619,-2.597272,1.356850,2.269340,-0.316048,-3.509763,1.965176,1.965176,-1.228537,-1.988946,3.333911,0.596442,-2.901435,-1.988946,4.398483,2.117258],
	[0.032870,-0.007771,-0.007771,-0.007771,0.032870,-0.007771,-0.007771,-0.007771,-0.048414,-0.007771,-0.007771,-0.007771,-0.007771,-0.007771,-0.007771,-0.007771,-0.007771,-0.007771,-0.007771,-0.007771,0.032870,-0.007771,-0.007771,-0.007771,-0.007771,-0.007771,-0.007771,-0.048414,-0.007771,-0.048414,-0.048414,-0.048414,-0.007771,-0.007771,-0.048414,0.032870,-0.007771,-0.007771,-0.007771,-0.007771,-0.048414,-0.048414,0.032870,-0.007771,-0.007771,-0.007771,-0.007771,-0.007771,-0.007771,-0.007771,-0.007771,0.032870,-0.007771,-0.007771,-0.007771,-0.007771,-0.007771,-0.007771,0.032870,-0.007771,-0.007771,-0.007771,-0.007771,-0.007771,-0.007771,0.032870,0.032870,-0.007771,-0.007771,-0.007771,-0.007771,0.032870,0.032870,0.032870,-0.007771,0.032870,-0.007771,-0.007771,0.032870,0.032870,0.032870,-0.048414,0.032870,-0.007771,-0.007771,-0.007771,-0.007771,0.032870,0.032870,0.032870,-0.048414,0.032870,-0.007771,0.032870,0.032870,-0.007771,0.032870,-0.007771,0.032870,-0.007771,0.032870,-0.007771,-0.007771,0.032870,-0.007771,-0.007771,-0.007771,0.032870,0.032870,-0.007771,0.032870,-0.007771,-0.007771,0.032870,-0.007771,-0.007771,-0.007771,-0.007771,-0.007771,-0.007771,0.032870,-0.048414,-0.007771,-0.007771,0.032870,-0.007771,-0.007771,0.032870,-0.048414,0.032870,-0.007771,-0.007771,-0.048414,-0.007771,-0.007771,-0.007771,0.032870,-0.007771,-0.007771,-0.007771,-0.007771,-0.007771,-0.007771,-0.007771,-0.007771,-0.007771,-0.007771,-0.007771,-0.007771,-0.007771,-0.007771,0.032870,-0.007771,-0.048414,-0.007771,-0.007771,0.032870,0.032870,-0.007771,-0.007771,-0.007771,-0.007771,-0.007771,-0.007771,-0.048414,0.032870,-0.007771,0.073513,-0.007771,0.032870,-0.007771,0.032870,0.032870,-0.007771,0.032870,-0.007771,0.032870,-0.007771,0.032870,-0.007771,-0.007771,0.032870,0.032870,0.032870,-0.007771,-0.007771,-0.007771,-0.007771,-0.007771,0.032870,0.195441,-0.089057,-0.861267,1.374081,0.236084,-1.470908,0.154799,1.617937,-0.698696,-1.023838,0.276727,1.252152,-0.129700,-1.023838,-0.332913,0.967653,0.845725,-1.023838,-0.901910,1.008296,1.170867,-1.674122,-1.145766,2.105650,1.414723,-1.999264,-1.267695,1.496009,1.170867,-0.617411,-2.405691,1.496009,2.024364,-0.779982,-2.324406,0.479940,2.268219,0.561226,-3.137260,-0.373556,2.755932,0.398655,-1.755407,-1.430266,1.658580,2.268219,-1.186409,-3.746900,1.699223,3.284288,-0.373556,-4.559755,1.211510,3.203002,0.764440,-4.315898,-0.698696,3.650072,1.821151,-3.868828,-1.877336,3.040431,2.877860,-2.771475,-3.706257,2.796575]
],
"cwt" : [
	[0.956844,0.592060,0.304859,0.128548,0.044421,0.012619,0.002533,0.000504,0.000582,0.000287,0.000169,0.000189,0.000173,0.000311,0.000548,0.000610,0.000522,0.000618,0.000716,0.000469,0.000242,0.000411,0.000393,0.000193,0.000172,0.000322,0.000456,0.000542,0.000685,0.000820,0.000827,0.000733,0.000670,0.000593,0.000377,0.000160,0.000336,0.000506,0.000700,0.000884,0.000948,0.000998,0.001104,0.001109,0.000944,0.000721,0.000576,0.000529,0.000526,0.000583,0.000596,0.000435,0.000191,0.000072,0.000117,0.000262,0.000482,0.000668,0.000765,0.000804,0.000784,0.000743,0.000781,0.000867,0.000916,0.000926,0.000850,0.000651,0.000426,0.000224,0.000285,0.000494,0.000592,0.000658,0.000742,0.000782,0.000775,0.000747,0.000694,0.000574,0.000337,0.000110,0.000323,0.000537,0.000675,0.000762,0.000836,0.000854,0.000804,0.000763,0.000662,0.000438,0.000433,0.000725,0.000977,0.001167,0.001251,0.001116,0.000778,0.000449,0.000271,0.000159,0.000057,0.000039,0.000066,0.000207,0.000326,0.000330,0.000190,0.000075,0.000298,0.000544,0.000757,0.000865,0.000865,0.000922,0.001020,0.000961,0.000708,0.000426,0.000269,0.000284,0.000431,0.000557,0.000583,0.000518,0.000334,0.000131,0.000346,0.000560,0.000678,0.000764,0.000803,0.000746,0.000585,0.000331,0.000136,0.000606,0.001063,0.001339,0.001460,0.001523,0.001503,0.001326,0.001040,0.000833,0.000834,0.000888,0.000814,0.000690,0.000747,0.000829,0.000726,0.000563,0.000580,0.000707,0.000790,0.000847,0.000983,0.001178,0.001283,0.001234,0.001096,0.000953,0.000889,0.000946,0.001014,0.000999,0.000944,0.000898,0.000878,0.001283,0.003560,0.009459,0.021223,0.041169,0.070579,0.108677,0.152334,0.196683,0.236357,0.267127,0.287763,0.301325,0.314431,0.333712,0.361571,0.395484,0.431204,0.465926,0.498989,0.530889,0.562226,0.593470,0.625485,0.660160,0.700289,0.748253,0.804127,0.864814,0.925128,0.979779,1.024743,1.058009,1.080129,1.093691,1.101073,1.102290,1.095452,1.079287,1.055036,1.026787,1.001064,0.985310,0.984449,0.997883,1.020374,1.045858,1.070113,1.090908,1.107641,1.121709,1.136284,1.154692,1.179131,1.211221,1.252705,1.304326,1.364338,1.429269,1.495838,1.561045,1.620819,1.670362,1.706648,1.730044,1.743371,1.750367,1.755218,1.761803,1.771741,1.783661,1.795501,1.806955,1.818555,1.829434,1.838148,1.845322,1.852952,1.860895,1.866156,1.863724,1.840730,1.766758,1.600026,1.319371],
	[0.000000,0.000000,0.000000,0.000000,0.000000,0.000000,0.000000,0.000000,0.000000,0.000000,0.000000,0.000000,0.000000,0.000000,0.000000,0.000000,0.000000,0.000000,0.000000,0.000000,0.000000,0.000000,0.000000,0.000000,0.000000,0.000000,0.000000,0.000000,0.000000,0.000000,0.000000,0.000000,0.000000,0.000000,0.000000,0.000000,0.000000,0.000000,0.000000,0.000000,0.000000,0.000000,0.000000,0.000000,0.000000,0.000000,0.000000,0.000000,0.000000,0.000000,0.000000,0.000000,0.000000,0.000000,0.000000,0.000000,0.000000,0.000000,0.000000,0.000000,0.000000,0.000000,0.000000,0.000000,0.000000,0.000000,0.000000,0.000000,0.000000,0.000000,0.000000,0.000000,0.000000,0.000000,0.000000,0.000000,0.000000,0.000000,0.000000,0.000000,0.000000,0.000000,0.000000,0.000000,0.000000,0.000000,0.000000,0.000000,0.000000,0.000000,0.000000,0.000000,0.000000,0.000000,0.000000,0.000000,0.000000,0.000000,0.000000,0.000000,0.000000,0.000000,0.000000,0.000000,0.000000,0.000000,0.000000,0.000000,0.000000,0.000000,0.000000,0.000000,0.000000,0.000000,0.000000,0.000000,0.000000,0.000000,0.000000,0.000000,0.000000,0.000000,0.000000,0.000000,0.000000,0.000000,0.000000,0.000000,0.000000,0.000000,0.000000,0.000000,0.000000,0.000000,0.000000,0.000000,0.000000,0.000000,0.000000,0.000000,0.000000,0.000000,0.000000,0.000000,0.000000,0.000000,0.000000,0.000000,0.000000,0.000000,0.000000,0.000000,0.000000,0.000000,0.000000,0.000000,0.000000,0.000000,0.000000,0.000000,0.000000,0.000000,0.000000,0.000000,0.000000,0.000000,0.000000,0.000000,0.000000,0.000000,0.000000,0.000000,0.000000,0.000000,0.000000,0.000000,0.000000,0.000000,0.000000,0.000000,0.000000,0.000000,0.000000,0.000000,0.000000,0.000000,0.000000,0.000000,0.000000,0.000000,0.000000,0.000000,0.000000,0.000000,0.000000,0.000000,0.000000,0.000000,0.000000,0.000000,0.000000,0.000000,0.000000,0.000000,0.000000,0.000000,0.000000,0.000000,0.000000,0.000000,0.000000,0.000000,0.000000,0.000000,0.000000,0.000000,0.000000,0.000000,0.000000,0.000000,0.000000,0.000000,0.000000,0.000000,0.000000,0.000000,0.000000,0.000000,0.000000,0.000000,0.000000,0.000000,0.000000,0.000000,0.000000,0.000000,0.000000,0.000000,0.000000,0.000000,0.000000,0.000000,0.000000,0.000000,0.000000,0.000000,0.000000,0.000000,0.000000,0.000000,0.000000,0.000000,0.000000,0.000000,0.000000,0.000000],
	[0.684620,0.391344,0.188801,0.075693,0.024721,0.006361,0.001085,0.000180,0.000363,0.000333,0.000521,0.000626,0.000551,0.000443,0.000484,0.000689,0.001084,0.001364,0.001336,0.000999,0.000488,0.000310,0.000613,0.000659,0.000435,0.000366,0.000652,0.000991,0.001376,0.001735,0.001982,0.002074,0.001963,0.001639,0.001232,0.000860,0.000525,0.000375,0.000575,0.000871,0.001150,0.001459,0.001952,0.002572,0.002976,0.002893,0.002415,0.001878,0.001483,0.001210,0.001181,0.001513,0.002031,0.002472,0.002828,0.003185,0.003317,0.002944,0.002262,0.001885,0.001786,0.001453,0.000987,0.000711,0.000607,0.000691,0.001121,0.001401,0.001242,0.000846,0.000636,0.000934,0.001425,0.001845,0.002142,0.002406,0.002688,0.002917,0.002998,0.002797,0.002271,0.001601,0.000993,0.000733,0.001117,0.001556,0.001682,0.001477,0.001316,0.001536,0.001662,0.001482,0.001214,0.000890,0.000371,0.000332,0.000996,0.001624,0.002080,0.002171,0.001859,0.001354,0.001013,0.001011,0.001193,0.001392,0.001411,0.001372,0.001622,0.002068,0.002527,0.002906,0.003074,0.002947,0.002590,0.002170,0.001828,0.001579,0.001329,0.001087,0.001073,0.001245,0.001319,0.001209,0.001014,0.000806,0.000571,0.000334,0.000472,0.000930,0.001342,0.001614,0.001827,0.002081,0.002405,0.002867,0.003469,0.003951,0.004040,0.003734,0.003204,0.002561,0.001886,0.001430,0.001460,0.001757,0.002086,0.002680,0.005172,0.011603,0.022713,0.037333,0.051839,0.061187,0.061859,0.054389,0.042460,0.029508,0.016880,0.005080,0.008036,0.019149,0.029946,0.039282,0.045045,0.045184,0.041247,0.050345,0.092082,0.157819,0.232808,0.301874,0.352110,0.377050,0.379482,0.371017,0.367973,0.385512,0.430236,0.495138,0.565118,0.626711,0.671697,0.695738,0.696714,0.673103,0.621803,0.539521,0.432388,0.331563,0.296550,0.345591,0.424188,0.492813,0.534352,0.537244,0.501867,0.457851,0.464327,0.553965,0.695629,0.844847,0.972083,1.064786,1.127058,1.171597,1.207045,1.235435,1.259544,1.283377,1.304677,1.316629,1.318941,1.319422,1.322984,1.327383,1.332564,1.344804,1.366823,1.391832,1.412274,1.427933,1.441262,1.450663,1.454285,1.456088,1.461421,1.469469,1.476160,1.481745,1.489023,1.495771,1.496177,1.489872,1.482927,1.479157,1.477201,1.477207,1.482948,1.495294,1.509027,1.518050,1.520460,1.516985,1.507823,1.495483,1.489537,1.501838,1.534662,1.579187,1.624836,1.658310,1.649534,1.552640,1.337821,1.025623],
	[0.798205,0.468676,0.247070,0.127546,0.074951,0.059635,0.060772,0.063528,0.061756,0.057899,0.056971,0.059125,0.059508,0.053802,0.042036,0.029789,0.025798,0.028663,0.029647,0.025656,0.017876,0.011397,0.011852,0.018170,0.026733,0.033444,0.036168,0.036297,0.034305,0.030801,0.026071,0.018938,0.012495,0.013326,0.023209,0.036722,0.048598,0.055712,0.056488,0.051062,0.042043,0.033267,0.028136,0.030457,0.041564,0.055209,0.062458,0.061595,0.057087,0.051217,0.044424,0.038184,0.033018,0.026520,0.017132,0.018316,0.032877,0.044835,0.049371,0.045612,0.035000,0.021637,0.009854,0.001572,0.008246,0.017532,0.026000,0.031151,0.032386,0.030478,0.025666,0.018362,0.010481,0.004443,0.001322,0.000644,0.000484,0.001303,0.004689,0.010708,0.018349,0.025633,0.029600,0.028035,0.022908,0.019816,0.021783,0.025366,0.024685,0.018131,0.010197,0.011218,0.018995,0.025331,0.028246,0.026912,0.023384,0.027596,0.042187,0.056898,0.064358,0.064683,0.063376,0.064268,0.065779,0.063702,0.055852,0.043401,0.030439,0.022361,0.021685,0.025019,0.026254,0.023276,0.019873,0.021195,0.027435,0.030832,0.027972,0.026576,0.026107,0.016454,0.001914,0.011703,0.010312,0.004797,0.016747,0.023594,0.022261,0.013995,0.000815,0.013244,0.022566,0.023411,0.017229,0.009542,0.004872,0.004974,0.009288,0.014067,0.016945,0.020169,0.026744,0.030339,0.022309,0.007916,0.022577,0.031275,0.025969,0.018105,0.016714,0.016585,0.020183,0.025063,0.023752,0.014429,0.004271,0.014726,0.022139,0.022765,0.018578,0.013567,0.012689,0.019226,0.030095,0.035349,0.026657,0.007418,0.017206,0.031558,0.042201,0.049734,0.046033,0.029441,0.009427,0.003700,0.009494,0.013716,0.015191,0.013936,0.018174,0.026497,0.032751,0.035997,0.037321,0.037257,0.035562,0.031555,0.024177,0.014584,0.014158,0.022000,0.024841,0.023290,0.025343,0.038234,0.070521,0.128845,0.208252,0.294499,0.372618,0.433980,0.474849,0.492412,0.488855,0.477984,0.482367,0.518461,0.581234,0.645406,0.683843,0.683544,0.644798,0.577374,0.515563,0.525639,0.634275,0.792755,0.949839,1.078003,1.176365,1.275495,1.413136,1.591821,1.775834,1.925301,2.022428,2.071312,2.081425,2.057571,2.002817,1.922012,1.824074,1.731061,1.679245,1.687490,1.727281,1.747862,1.720186,1.650143,1.564180,1.489891,1.445653,1.434472,1.439610,1.433507,1.400450,1.355575,1.339190,1.383853,1.485721,1.607444,1.691657,1.670948,1.495294,1.176073],
	[0.873127,0.511441,0.253510,0.106238,0.038389,0.011902,0.001309,0.004025,0.006518,0.006534,0.004812,0.002700,0.001215,0.000454,0.000089,0.000422,0.001220,0.002752,0.004922,0.006946,0.007778,0.006979,0.005113,0.003407,0.003085,0.003956,0.004568,0.004353,0.005050,0.007391,0.009405,0.010060,0.009367,0.008670,0.009104,0.008985,0.007040,0.004796,0.006430,0.010704,0.014468,0.015918,0.014359,0.010688,0.006650,0.003524,0.001774,0.001561,0.002812,0.004977,0.006983,0.007724,0.006834,0.004788,0.002532,0.002444,0.004789,0.006921,0.007713,0.006863,0.004904,0.002957,0.003218,0.005860,0.008820,0.010643,0.010397,0.008052,0.004681,0.003776,0.006278,0.008118,0.008258,0.006626,0.004075,0.004423,0.007787,0.010869,0.013032,0.014322,0.014365,0.012783,0.010278,0.008074,0.006546,0.006274,0.008102,0.010889,0.013182,0.013750,0.011839,0.007937,0.004475,0.004731,0.005297,0.004162,0.002335,0.000783,0.000679,0.002444,0.004559,0.006413,0.007810,0.008950,0.009837,0.010431,0.010633,0.009818,0.007239,0.003154,0.001893,0.005060,0.006949,0.007531,0.006709,0.004603,0.001972,0.002207,0.005285,0.008487,0.011127,0.012494,0.012353,0.011107,0.009006,0.006001,0.003322,0.004382,0.006956,0.009085,0.010291,0.010148,0.008369,0.004876,0.000918,0.004212,0.006542,0.006515,0.004825,0.002736,0.001196,0.000427,0.000152,0.000060,0.000045,0.000175,0.000483,0.001302,0.003168,0.006192,0.009723,0.012616,0.013753,0.012572,0.009912,0.008607,0.009622,0.009975,0.008432,0.005859,0.003743,0.003627,0.005437,0.007611,0.008543,0.008007,0.007757,0.007997,0.007442,0.006646,0.006625,0.006845,0.006173,0.004433,0.002404,0.000743,0.000806,0.002807,0.005534,0.008223,0.009895,0.010222,0.009696,0.008648,0.006911,0.004874,0.009041,0.025270,0.057032,0.110620,0.189860,0.291647,0.404058,0.509880,0.594450,0.651244,0.680798,0.686525,0.673158,0.647692,0.618513,0.591937,0.571271,0.560742,0.566573,0.590630,0.627507,0.671834,0.724837,0.791914,0.875083,0.967230,1.052400,1.111958,1.132700,1.113703,1.070307,1.031571,1.026065,1.060862,1.115935,1.162935,1.187087,1.194240,1.202551,1.228257,1.274692,1.327589,1.360305,1.350719,1.299155,1.232886,1.193283,1.213718,1.302676,1.441557,1.595370,1.731151,1.833624,1.904409,1.947739,1.963871,1.958761,1.951042,1.959241,1.983716,2.010069,2.027340,2.034470,2.034180,2.029274,2.018295,1.980127,1.866315,1.630572,1.276919]
],
"envelope_edge" : [
	[0.016932,0.016522,0.015207,0.013536,0.011984,0.010745,0.009795,0.009051,0.008453,0.007951,0.007514,0.007131,0.006788,0.006480,0.006200,0.005946,0.005711,0.005493,0.005292,0.005104,0.004925,0.004758,0.004602,0.004453,0.004310,0.004175,0.004048,0.003926,0.003810,0.003700,0.003595,0.003494,0.003396,0.003301,0.003210,0.003120,0.003032,0.002950,0.002869,0.002793,0.002718,0.002646,0.002576,0.002509,0.002443,0.002378,0.002313,0.002250,0.002188,0.002129,0.002071,0.002015,0.001958,0.001901,0.001846,0.001791,0.001739,0.001689,0.001639,0.001591,0.001543,0.001495,0.001448,0.001402,0.001357,0.001313,0.001270,0.001227,0.001183,0.001139,0.001094,0.001052,0.001011,0.000970,0.000929,0.000890,0.000850,0.000811,0.000773,0.000734,0.000696,0.000655,0.000614,0.000576,0.000538,0.000501,0.000465,0.000428,0.000392,0.000355,0.000319,0.000282,0.000243,0.000205,0.000169,0.000134,0.000100,0.000067,0.000032,-0.000004,-0.000041,-0.000079,-0.000116,-0.000154,-0.000192,-0.000230,-0.000266,-0.000302,-0.000339,-0.000378,-0.000417,-0.000455,-0.000492,-0.000528,-0.000565,-0.000603,-0.000640,-0.000677,-0.000715,-0.000754,-0.000796,-0.000837,-0.000879,-0.000919,-0.000959,-0.001000,-0.001042,-0.001086,-0.001131,-0.001175,-0.001218,-0.001262,-0.001307,-0.001351,-0.001398,-0.001445,-0.001497,-0.001549,-0.001598,-0.001647,-0.001696,-0.001747,-0.001798,-0.001851,-0.001906,-0.001964,-0.002024,-0.002083,-0.002144,-0.002208,-0.002273,-0.002339,-0.002407,-0.002478,-0.002552,-0.002628,-0.002705,-0.002786,-0.002870,-0.002957,-0.003046,-0.003139,-0.003237,-0.003342,-0.003452,-0.003569,-0.003693,-0.003825,-0.003968,-0.004124,-0.004298,-0.004497,-0.004729,-0.004994,-0.005288,-0.005596,-0.005890,-0.006138,-0.006311,-0.006397,-0.006406,-0.006369,-0.006336,-0.006355,-0.006447,-0.006592,-0.006742,-0.006857,-0.006927,-0.006965,-0.006988,-0.007006,-0.007024,-0.007046,-0.007080,-0.007128,-0.007185,-0.007227,-0.007215,-0.007115,-0.006912,-0.006613,-0.006242,-0.005835,-0.005426,-0.005037,-0.004667,-0.004307,-0.003965,-0.003664,-0.003442,-0.003328,-0.003335,-0.003446,-0.003604,-0.003744,-0.003823,-0.003835,-0.003795,-0.003727,-0.003658,-0.003614,-0.003608,-0.003638,-0.003691,-0.003754,-0.003808,-0.003822,-0.003763,-0.003611,-0.003361,-0.003006,-0.002547,-0.002001,-0.001407,-0.000810,-0.000241,0.000282,0.000758,0.001201,0.001642,0.002106,0.002598,0.003114,0.003662,0.004254,0.004892,0.005571,0.006309,0.007147,0.008130,0.009317,0.010796,0.012606,0.014565,0.016194],
	[0.000000,0.000000,0.000000,0.000000,0.000000,0.000000,0.000000,0.000000,0.000000,0.000000,0.000000,0.000000,0.000000,0.000000,0.000000,0.000000,0.000000,0.000000,0.000000,0.000000,0.000000,0.000000,0.000000,0.000000,0.000000,0.000000,0.000000,0.000000,0.000000,0.000000,0.000000,0.000000,0.000000,0.000000,0.000000,0.000000,0.000000,0.000000,0.000000,0.000000,0.000000,0.000000,0.000000,0.000000,0.000000,0.000000,0.000000,0.000000,0.000000,0.000000,0.000000,0.000000,0.000000,0.000000,0.000000,0.000000,0.000000,0.000000,0.000000,0.000000,0.000000,0.000000,0.000000,0.000000,0.000000,0.000000,0.000000,0.000000,0.000000,0.000000,0.000000,0.000000,0.000000,0.000000,0.000000,0.000000,0.000000,0.000000,0.000000,0.000000,0.000000,0.000000,0.000000,0.000000,0.000000,0.000000,0.000000,0.000000,0.000000,0.000000,0.000000,0.000000,0.000000,0.000000,0.000000,0.000000,0.000000,0.000000,0.000000,0.000000,0.000000,0.000000,0.000000,0.000000,0.000000,0.000000,0.000000,0.000000,0.000000,0.000000,0.000000,0.000000,0.000000,0.000000,0.000000,0.000000,0.000000,0.000000,0.000000,0.000000,0.000000,0.000000,0.000000,0.000000,0.000000,0.000000,0.000000,0.000000,0.000000,0.000000,0.000000,0.000000,0.000000,0.000000,0.000000,0.000000,0.000000,0.000000,0.000000,0.000000,0.000000,0.000000,0.000000,0.000000,0.000000,0.000000,0.000000,0.000000,0.000000,0.000000,0.000000,0.000000,0.000000,0.000000,0.000000,0.000000,0.000000,0.000000,0.000000,0.000000,0.000000,0.000000,0.000000,0.000000,0.000000,0.000000,0.000000,0.000000,0.000000,0.000000,0.000000,0.000000,0.000000,0.000000,0.000000,0.000000,0.000000,0.000000,0.000000,0.000000,0.000000,0.000000,0.000000,0.000000,0.000000,0.000000,0.000000,0.000000,0.000000,0.000000,0.000000,0.000000,0.000000,0.000000,0.000000,0.000000,0.000000,0.000000,0.000000,0.000000,0.000000,0.000000,0.000000,0.000000,0.000000,0.000000,0.000000,0.000000,0.000000,0.000000,0.000000,0.000000,0.000000,0.000000,0.000000,0.000000,0.000000,0.000000,0.000000,0.000000,0.000000,0.000000,0.000000,0.000000,0.000000,0.000000,0.000000,0.000000,0.000000,0.000000,0.000000,0.000000,0.000000,0.000000,0.000000,0.000000,0.000000,0.000000,0.000000,0.000000,0.000000,0.000000,0.000000,0.000000,0.000000,0.000000,0.000000,0.000000,0.000000,0.000000,0.000000,0.000000,0.000000,0.000000,0.000000,0.000000],
	[0.015428,0.014565,0.013189,0.011747,0.010502,0.009521,0.008761,0.008155,0.007657,0.007232,0.006859,0.006531,0.006235,0.005965,0.005718,0.005491,0.005282,0.005090,0.004911,0.004744,0.004583,0.004428,0.004283,0.004149,0.004019,0.003893,0.003773,0.003660,0.003552,0.003451,0.003354,0.003261,0.003172,0.003085,0.003000,0.002916,0.002833,0.002751,0.002672,0.002596,0.002523,0.002452,0.002383,0.002319,0.002259,0.002201,0.002143,0.002083,0.002023,0.001962,0.001902,0.001843,0.001787,0.001735,0.001684,0.001635,0.001590,0.001545,0.001498,0.001447,0.001400,0.001353,0.001305,0.001256,0.001208,0.001159,0.001113,0.001071,0.001030,0.000986,0.000940,0.000893,0.000850,0.000809,0.000769,0.000729,0.000690,0.000653,0.000617,0.000581,0.000545,0.000506,0.000465,0.000420,0.000377,0.000339,0.000302,0.000265,0.000225,0.000186,0.000149,0.000113,0.000075,0.000036,-0.000003,-0.000048,-0.000090,-0.000128,-0.000164,-0.000198,-0.000233,-0.000272,-0.000313,-0.000355,-0.000396,-0.000436,-0.000475,-0.000516,-0.000559,-0.000600,-0.000639,-0.000677,-0.000714,-0.000751,-0.000790,-0.000831,-0.000874,-0.000917,-0.000961,-0.001007,-0.001054,-0.001100,-0.001145,-0.001191,-0.001238,-0.001287,-0.001336,-0.001389,-0.001444,-0.001498,-0.001550,-0.001603,-0.001657,-0.001713,-0.001770,-0.001828,-0.001886,-0.001942,-0.001998,-0.002058,-0.002121,-0.002190,-0.002263,-0.002344,-0.002428,-0.002517,-0.002611,-0.002719,-0.002843,-0.002977,-0.003095,-0.003177,-0.003200,-0.003176,-0.003133,-0.003122,-0.003160,-0.003259,-0.003396,-0.003621,-0.003894,-0.004103,-0.004276,-0.004429,-0.004579,-0.004758,-0.005045,-0.005499,-0.005982,-0.006308,-0.006427,-0.006329,-0.006085,-0.005796,-0.005592,-0.005552,-0.005698,-0.005960,-0.006207,-0.006298,-0.006180,-0.005869,-0.005422,-0.004889,-0.004327,-0.003777,-0.003297,-0.002986,-0.003030,-0.003613,-0.004629,-0.005499,-0.005908,-0.005969,-0.005821,-0.005636,-0.005664,-0.006166,-0.007117,-0.008056,-0.008565,-0.008588,-0.008241,-0.007712,-0.007167,-0.006679,-0.006234,-0.005823,-0.005450,-0.005094,-0.004711,-0.004315,-0.003972,-0.003707,-0.003484,-0.003279,-0.003115,-0.002990,-0.002840,-0.002613,-0.002332,-0.002041,-0.001742,-0.001428,-0.001128,-0.000871,-0.000638,-0.000387,-0.000117,0.000147,0.000420,0.000730,0.001066,0.001373,0.001629,0.001862,0.002093,0.002308,0.002518,0.002769,0.003094,0.003482,0.003896,0.004314,0.004718,0.005067,0.005339,0.005598,0.005973,0.006571,0.007452,0.008702,0.010392,0.012385,0.014230,0.015354],
	[0.014898,0.014099,0.012668,0.011174,0.009895,0.008892,0.008151,0.007611,0.007179,0.006789,0.006432,0.006138,0.005914,0.005729,0.005533,0.005285,0.005015,0.004798,0.004642,0.004502,0.004342,0.004139,0.003923,0.003738,0.003602,0.003513,0.003443,0.003375,0.003307,0.003231,0.003150,0.003050,0.002902,0.002721,0.002566,0.002475,0.002443,0.002452,0.002475,0.002482,0.002449,0.002368,0.002246,0.002104,0.001997,0.001971,0.002009,0.002047,0.002059,0.002052,0.002026,0.001981,0.001932,0.001882,0.001784,0.001616,0.001525,0.001534,0.001587,0.001643,0.001669,0.001633,0.001555,0.001406,0.001259,0.001194,0.001163,0.001173,0.001185,0.001201,0.001203,0.001189,0.001141,0.001071,0.000986,0.000910,0.000836,0.000758,0.000676,0.000611,0.000568,0.000560,0.000578,0.000600,0.000584,0.000532,0.000476,0.000460,0.000467,0.000459,0.000382,0.000267,0.000197,0.000175,0.000167,0.000155,0.000090,-0.000020,-0.000089,-0.000068,-0.000003,0.000052,0.000071,0.000084,0.000116,0.000175,0.000224,0.000240,0.000194,0.000106,0.000010,-0.000040,-0.000060,-0.000078,-0.000136,-0.000205,-0.000248,-0.000229,-0.000231,-0.000247,-0.000248,-0.000215,-0.000340,-0.000451,-0.000432,-0.000545,-0.000627,-0.000595,-0.000575,-0.000553,-0.000675,-0.000812,-0.000786,-0.000766,-0.000746,-0.000800,-0.000869,-0.000970,-0.001035,-0.001088,-0.001112,-0.001167,-0.001179,-0.001161,-0.001107,-0.001238,-0.001368,-0.001314,-0.001289,-0.001332,-0.001410,-0.001468,-0.001538,-0.001548,-0.001542,-0.001550,-0.001687,-0.001818,-0.001826,-0.001840,-0.001860,-0.001940,-0.002040,-0.002154,-0.002185,-0.002167,-0.002114,-0.002257,-0.002467,-0.002522,-0.002549,-0.002508,-0.002444,-0.002425,-0.002547,-0.002752,-0.002903,-0.003002,-0.003093,-0.003210,-0.003358,-0.003466,-0.003546,-0.003619,-0.003701,-0.003789,-0.003887,-0.003996,-0.004132,-0.004340,-0.004617,-0.004854,-0.005068,-0.005346,-0.005720,-0.006183,-0.006707,-0.007195,-0.007526,-0.007634,-0.007542,-0.007315,-0.007022,-0.006735,-0.006565,-0.006609,-0.006859,-0.007159,-0.007293,-0.007149,-0.006797,-0.006412,-0.006186,-0.006321,-0.007039,-0.008243,-0.009342,-0.009915,-0.010000,-0.009807,-0.009623,-0.009620,-0.009661,-0.009393,-0.008609,-0.007377,-0.005925,-0.004443,-0.003014,-0.001680,-0.000497,0.000465,0.001118,0.001373,0.001310,0.001281,0.001632,0.002383,0.003265,0.003981,0.004382,0.004489,0.004438,0.004425,0.004610,0.004987,0.005359,0.005488,0.005336,0.005172,0.005398,0.006319,0.008042,0.010393,0.012810,0.014495],
	[0.017368,0.016486,0.014901,0.013179,0.011671,0.010495,0.009553,0.008807,0.008241,0.007762,0.007347,0.006967,0.006623,0.006307,0.006020,0.005754,0.005511,0.005286,0.005086,0.004907,0.004751,0.004602,0.004455,0.004302,0.004152,0.004013,0.003889,0.003767,0.003642,0.003530,0.003437,0.003353,0.003269,0.003178,0.003092,0.003017,0.002942,0.002845,0.002740,0.002660,0.002607,0.002573,0.002540,0.002495,0.002432,0.002357,0.002277,0.002195,0.002120,0.002056,0.002007,0.001968,0.001929,0.001882,0.001821,0.001747,0.001687,0.001645,0.001612,0.001578,0.001537,0.001480,0.001412,0.001356,0.001318,0.001295,0.001277,0.001252,0.001206,0.001140,0.001087,0.001057,0.001032,0.001004,0.000954,0.000888,0.000837,0.000807,0.000784,0.000768,0.000755,0.000740,0.000713,0.000675,0.000630,0.000578,0.000529,0.000497,0.000479,0.000474,0.000466,0.000445,0.000396,0.000344,0.000314,0.000285,0.000248,0.000201,0.000145,0.000096,0.000058,0.000026,-0.000000,-0.000026,-0.000050,-0.000071,-0.000090,-0.000104,-0.000123,-0.000161,-0.000230,-0.000279,-0.000303,-0.000325,-0.000346,-0.000374,-0.000422,-0.000486,-0.000537,-0.000570,-0.000592,-0.000604,-0.000618,-0.000634,-0.000658,-0.000690,-0.000747,-0.000808,-0.000852,-0.000880,-0.000903,-0.000918,-0.000940,-0.000967,-0.001036,-0.001104,-0.001129,-0.001155,-0.001182,-0.001226,-0.001275,-0.001330,-0.001382,-0.001436,-0.001488,-0.001544,-0.001601,-0.001663,-0.001725,-0.001782,-0.001826,-0.001859,-0.001882,-0.001909,-0.001954,-0.002019,-0.002077,-0.002122,-0.002169,-0.002229,-0.002306,-0.002393,-0.002473,-0.002541,-0.002601,-0.002668,-0.002744,-0.002821,-0.002898,-0.002985,-0.003078,-0.003169,-0.003260,-0.003361,-0.003477,-0.003610,-0.003759,-0.003909,-0.004057,-0.004205,-0.004355,-0.004520,-0.004707,-0.004923,-0.005175,-0.005496,-0.005909,-0.006390,-0.006921,-0.007467,-0.007944,-0.008247,-0.008291,-0.008060,-0.007618,-0.007071,-0.006508,-0.005996,-0.005588,-0.005324,-0.005214,-0.005237,-0.005376,-0.005622,-0.005941,-0.006261,-0.006529,-0.006754,-0.006959,-0.007122,-0.007168,-0.007002,-0.006580,-0.005946,-0.005235,-0.004634,-0.004318,-0.004346,-0.004595,-0.004808,-0.004792,-0.004550,-0.004235,-0.004011,-0.003931,-0.003922,-0.003831,-0.003519,-0.002977,-0.002376,-0.001991,-0.002038,-0.002534,-0.003269,-0.003920,-0.004203,-0.003995,-0.003365,-0.002495,-0.001525,-0.000520,0.000458,0.001305,0.001969,0.002545,0.003198,0.004005,0.004935,0.005940,0.007018,0.008205,0.009612,0.011392,0.013539,0.015657,0.017097]
],
	"idxs" : [5,0,3,5,5]
,"hydrophone_pos" : [
	[0.000000,0.000000,0.000000],
	[0.000000,0.000000,0.000000],
	[32.299999,-4.300000,3.660000],
	[-6.599999,34.700000,1.659999],
	[-4.599999,0.000000,-34.340000]
],
	"direction_of_arrival" : [0.972847,0.191271,-0.130317]
,	"valid" : [0.000000,-0.203052,-0.000000,-0.000000,-0.000000]
}
dump = {
	"magnitude" : [0.000000,0.000078,0.000073,0.000078,0.000095,0.000115,0.000119,0.000102,0.000180,0.000237,0.000383,0.000666,0.002750,0.003516,0.015279,0.034242,0.021279,0.003335,0.001916,0.000924,0.001254,0.000276,0.000315,0.000338,0.000179,0.000276,0.000180,0.000170,0.000198,0.000148,0.000234,0.000182]
,	"raw_mv" : [
	[-8.011500,-7.630000,-7.630000,-8.011500,-7.630000,-7.630000,-7.630000,-7.248499,-7.630000,-7.630000,-7.630000,-7.248499,-7.248499,-7.630000,-7.248499,-7.248499,-7.248499,-7.630000,-7.248499,-7.248499,-7.248499,-7.248499,-7.248499,-7.248499,-7.248499,-6.867000,-7.248499,-7.248499,-6.867000,-7.248499,-6.867000,-7.248499,-7.248499,-7.248499,-7.248499,-6.867000,-6.867000,-7.248499,-6.867000,-7.248499,-7.248499,-7.248499,-7.248499,-7.248499,-7.248499,-7.248499,-7.248499,-7.248499,-6.867000,-7.248499,-7.630000,-6.867000,-6.867000,-7.248499,-7.248499,-6.867000,-6.867000,-7.248499,-7.630000,-7.248499,-7.248499,-7.248499,-7.630000,-7.630000,-7.248499,-7.248499,-6.867000,-7.248499,-7.248499,-7.248499,-7.630000,-7.630000,-7.248499,-7.248499,-7.248499,-7.248499,-7.248499,-7.248499,-7.248499,-7.248499,-7.248499,-7.630000,-7.630000,-7.248499,-7.248499,-7.248499,-7.630000,-7.630000,-7.248499,-7.630000,-7.630000,-7.630000,-7.248499,-7.248499,-7.248499,-7.248499,-7.248499,-7.630000,-7.248499,-7.248499,-7.248499,-7.630000,-7.248499,-7.630000,-7.248499,-7.248499,-7.630000,-7.630000,-8.011500,-7.630000,-7.630000,-7.248499,-7.630000,-7.630000,-7.630000,-7.630000,-7.248499,-7.248499,-7.630000,-7.248499,-7.630000,-7.630000,-7.248499,-7.248499,-7.630000,-7.630000,-7.630000,-7.630000,-7.248499,-7.248499,-7.630000,-6.867000,-7.248499,-7.248499,-7.248499,-7.248499,-6.867000,-7.248499,-7.248499,-6.867000,-6.867000,-7.248499,-7.248499,-7.248499,-7.248499,-7.248499,-7.248499,-6.867000,-6.867000,-6.867000,-6.867000,-7.248499,-6.867000,-6.867000,-7.248499,-7.248499,-6.867000,-6.867000,-4.196499,-1.144500,-30.138500,-19.838001,40.438999,17.930500,-75.155502,-35.861000,55.699001,34.716499,-51.121002,-83.166999,31.664501,90.797004,-42.728000,-121.698501,35.097999,119.791000,-43.491001,-155.270507,6.867000,154.507507,18.312000,-190.750000,-84.693000,193.039001,127.039505,-197.617004,-193.420501,154.126007,206.010009,-120.554000,-254.842010,65.999504,240.345001,-22.889999,-244.923004,-32.046001,195.328002,71.722000,-210.587997,-120.172500,197.617004,129.710006,-218.599502,-154.889007,208.298995,145.733001,-214.021499,-190.368499,196.091003,206.010009,-180.068008,-287.269500,151.837005,312.067016,-119.409500,-387.985504,80.114997,392.563507,-42.728000,-423.083496,-16.404500,394.852508,70.577499,-408.968017,-138.102996,383.407501,170.149002,-378.447998,-237.674499,352.887512,252.553009,-326.945495,-321.985992,296.807006,326.563995,-261.327514,-389.893005,225.848007,392.945007,-196.854003,-446.355011,148.403503,442.540008,-95.375000,-481.834503,27.468000,467.718994,29.757000,-489.083007,-110.635002,472.296997,150.692504,-461.615020,-228.900009,422.701995,269.720489],
	[0.000000,0.000000,0.000000,0.000000,0.000000,0.000000,0.000000,0.000000,0.000000,0.000000,0.000000,0.000000,0.000000,0.000000,0.000000,0.000000,0.000000,0.000000,0.000000,0.000000,0.000000,0.000000,0.000000,0.000000,0.000000,0.000000,0.000000,0.000000,0.000000,0.000000,0.000000,0.000000,0.000000,0.000000,0.000000,0.000000,0.000000,0.000000,0.000000,0.000000,0.000000,0.000000,0.000000,0.000000,0.000000,0.000000,0.000000,0.000000,0.000000,0.000000,0.000000,0.000000,0.000000,0.000000,0.000000,0.000000,0.000000,0.000000,0.000000,0.000000,0.000000,0.000000,0.000000,0.000000,0.000000,0.000000,0.000000,0.000000,0.000000,0.000000,0.000000,0.000000,0.000000,0.000000,0.000000,0.000000,0.000000,0.000000,0.000000,0.000000,0.000000,0.000000,0.000000,0.000000,0.000000,0.000000,0.000000,0.000000,0.000000,0.000000,0.000000,0.000000,0.000000,0.000000,0.000000,0.000000,0.000000,0.000000,0.000000,0.000000,0.000000,0.000000,0.000000,0.000000,0.000000,0.000000,0.000000,0.000000,0.000000,0.000000,0.000000,0.000000,0.000000,0.000000,0.000000,0.000000,0.000000,0.000000,0.000000,0.000000,0.000000,0.000000,0.000000,0.000000,0.000000,0.000000,0.000000,0.000000,0.000000,0.000000,0.000000,0.000000,0.000000,0.000000,0.000000,0.000000,0.000000,0.000000,0.000000,0.000000,0.000000,0.000000,0.000000,0.000000,0.000000,0.000000,0.000000,0.000000,0.000000,0.000000,0.000000,0.000000,0.000000,0.000000,0.000000,0.000000,0.000000,0.000000,0.000000,0.000000,0.000000,0.000000,0.000000,0.000000,0.000000,0.000000,0.000000,0.000000,0.000000,0.000000,0.000000,0.000000,0.000000,0.000000,0.000000,0.000000,0.000000,0.000000,0.000000,0.000000,0.000000,0.000000,0.000000,0.000000,0.000000,0.000000,0.000000,0.000000,0.000000,0.000000,0.000000,0.000000,0.000000,0.000000,0.000000,0.000000,0.000000,0.000000,0.000000,0.000000,0.000000,0.000000,0.000000,0.000000,0.000000,0.000000,0.000000,0.000000,0.000000,0.000000,0.000000,0.000000,0.000000,0.000000,0.000000,0.000000,0.000000,0.000000,0.000000,0.000000,0.000000,0.000000,0.000000,0.000000,0.000000,0.000000,0.000000,0.000000,0.000000,0.000000,0.000000,0.000000,0.000000,0.000000,0.000000,0.000000,0.000000,0.000000,0.000000,0.000000,0.000000,0.000000,0.000000,0.000000,0.000000,0.000000,0.000000,0.000000,0.000000,0.000000,0.000000,0.000000,0.000000,0.000000,0.000000,0.000000],
	[-6.943300,-7.019600,-7.019600,-7.095900,-7.095900,-7.019600,-6.943300,-7.019600,-6.943300,-6.867000,-7.019600,-7.095900,-7.019600,-7.172200,-7.095900,-7.019600,-7.019600,-6.867000,-6.714400,-6.867000,-6.790700,-6.790700,-6.714400,-6.790700,-6.790700,-6.714400,-6.790700,-6.714400,-6.485500,-6.561800,-6.561800,-6.561800,-6.485500,-6.409200,-6.409200,-6.485500,-6.332900,-6.409200,-6.332900,-6.332900,-6.409200,-6.332900,-6.332900,-6.256600,-6.332900,-6.485500,-6.409200,-6.332900,-6.332900,-6.485500,-6.561800,-6.332900,-6.332900,-6.409200,-6.180300,-6.485500,-6.485500,-6.561800,-6.485500,-6.409200,-6.561800,-6.409200,-6.485500,-6.561800,-6.561800,-6.714400,-6.714400,-6.485500,-6.485500,-6.561800,-6.561800,-6.561800,-6.561800,-6.485500,-6.409200,-6.561800,-6.561800,-6.638100,-6.561800,-6.256600,-6.332900,-6.561800,-6.714400,-6.561800,-6.485500,-6.409200,-6.485500,-6.256600,-6.332900,-6.104000,-6.332900,-6.409200,-6.256600,-6.256600,-6.256600,-6.104000,-6.332900,-6.180300,-6.180300,-6.332900,-6.332900,-6.332900,-6.485500,-6.332900,-6.485500,-6.256600,-6.409200,-6.714400,-6.867000,-6.790700,-6.485500,-6.638100,-6.867000,-6.867000,-6.714400,-6.790700,-6.943300,-6.790700,-6.867000,-6.790700,-6.943300,-6.943300,-6.790700,-6.714400,-7.019600,-7.019600,-6.943300,-6.714400,-6.867000,-6.790700,-6.790700,-6.714400,-6.714400,-6.790700,-6.409200,-3.738700,-14.497000,-1.297100,-6.027700,-8.316699,-6.943300,-5.646200,-6.485500,-6.867000,-5.035799,-8.927100,-6.561800,-2.517900,-9.461200,-8.316699,-4.043900,-7.324800,-12.513200,10.834600,-7.858900,-31.588201,6.790700,9.384900,-7.401100,-28.459901,-11.139800,5.875100,19.838001,-25.484201,-35.479499,12.055400,30.291101,-28.002101,-37.463302,1.220800,30.291101,-20.295801,-11.750200,-24.110801,-1.754900,16.023000,3.433500,-34.945400,-24.339700,24.339700,1.907500,-2.212700,-36.242500,-25.331600,24.187101,39.752300,-57.759101,-42.728000,18.312000,61.574100,-42.728000,-60.811103,-6.256600,76.757804,-18.922401,-68.975204,-25.407901,70.958999,8.621900,-66.228401,-43.033203,54.096702,36.700302,-66.991401,-52.799602,40.896801,57.148700,-57.911701,-61.955600,20.524700,73.171699,-49.137203,-69.509300,4.578000,85.227104,-35.861000,-75.689605,-13.047300,84.998199,-11.902800,-76.071105,-25.255300,85.227104,-11.673900,-88.965805,-4.425400,85.761199,-24.721200,-88.279106,1.907500,72.179801,4.120200,-100.868606,-15.641500,76.757804,33.495700,-114.068504,-40.133800,77.673400,60.811103,-112.313606,-53.333702,63.023803,77.063003,-97.664001,-67.296600,42.804302,86.066406,-69.738204,-78.589004,27.315401,83.166999,-45.322200,-84.006301,13.810300,66.304702],
	[-6.867000,-6.104000,-6.485500,-6.867000,-7.248499,-6.867000,-7.248499,-7.248499,-7.630000,-7.248499,-7.248499,-7.630000,-7.630000,-8.011500,-8.011500,-8.392999,-8.011500,-8.392999,-8.392999,-8.774499,-8.774499,-8.774499,-8.392999,-8.392999,-8.774499,-8.774499,-8.774499,-8.774499,-8.774499,-8.774499,-8.774499,-8.392999,-8.774499,-8.392999,-8.774499,-8.774499,-9.156000,-8.774499,-8.774499,-8.774499,-8.774499,-8.392999,-8.774499,-8.392999,-8.774499,-8.774499,-9.156000,-8.774499,-8.774499,-8.774499,-8.774499,-9.156000,-8.774499,-8.774499,-8.774499,-8.774499,-8.392999,-8.392999,-8.392999,-8.392999,-8.392999,-8.392999,-8.392999,-8.392999,-8.392999,-8.392999,-8.774499,-8.774499,-8.392999,-8.774499,-8.392999,-8.011500,-8.011500,-8.392999,-8.011500,-8.392999,-8.392999,-8.392999,-8.392999,-8.011500,-8.011500,-8.011500,-8.011500,-8.011500,-8.011500,-7.630000,-8.011500,-8.011500,-8.011500,-7.630000,-7.248499,-7.630000,-7.630000,-7.630000,-7.630000,-7.630000,-7.630000,-7.630000,-7.630000,-7.248499,-7.248499,-7.248499,-7.630000,-7.248499,-7.248499,-7.248499,-7.630000,-7.630000,-7.630000,-7.630000,-7.630000,-7.630000,-7.248499,-7.248499,-7.248499,-6.867000,-6.867000,-6.867000,-6.867000,-6.867000,-6.867000,-6.485500,-6.867000,-6.867000,-6.867000,-6.867000,-6.867000,-6.867000,-6.485500,-6.104000,-6.485500,-6.485500,-6.867000,-6.485500,-6.867000,-7.248499,-7.248499,-6.485500,-6.485500,-6.104000,-6.485500,-6.485500,-6.485500,-6.485500,-6.104000,-6.104000,-6.104000,-6.485500,-6.104000,-5.722499,-6.104000,-6.104000,-6.104000,-5.722499,-6.485500,-6.104000,-6.104000,-6.104000,-6.104000,-5.722499,-5.722499,-5.722499,-5.341000,-6.104000,-5.722499,-5.341000,-5.341000,-4.959500,-5.341000,-5.341000,-4.959500,-5.341000,-5.341000,-5.341000,-5.722499,-4.959500,-5.341000,-5.341000,-5.341000,-5.341000,-5.341000,-5.722499,-3.433500,-7.248499,-7.630000,-3.052000,-3.815000,-7.630000,-7.248499,-4.578000,-4.578000,-6.485500,-9.919000,-3.815000,-2.670500,-8.011500,-9.537500,-2.670500,-8.011500,-9.537500,-2.289000,-4.578000,-13.352499,-8.774499,-2.670500,-1.907500,-10.682000,-16.785999,-1.144500,0.763000,-12.208000,-18.693500,-3.433500,1.907500,-8.392999,-18.693500,-7.630000,-2.670500,-2.670500,-17.167499,-14.115500,-1.907500,-3.815000,-15.641500,-12.971000,-4.578000,-3.815000,-13.734000,-15.260000,-2.289000,-6.485500,-15.260000,-11.444999,0.000000,-11.063500,-18.693500,-11.826499,3.815000,-8.392999,-21.745500,-16.785999,6.104000,-3.815000,-22.889999,-19.838001,3.815000,-1.144500,-20.219499,-22.127000,-0.381500,3.052000,-16.785999,-24.797500,-5.341000,5.341000,-14.115500],
	[139.247497,139.247497,139.247497,138.865997,138.865997,138.865997,138.865997,138.865997,139.247497,139.247497,139.247497,139.247497,139.247497,138.865997,138.865997,138.865997,139.247497,139.247497,138.865997,138.865997,138.865997,138.865997,138.865997,139.247497,138.865997,138.865997,139.247497,138.865997,138.865997,138.865997,139.247497,139.247497,138.865997,139.247497,138.865997,139.247497,139.247497,139.247497,139.247497,139.247497,139.247497,139.247497,139.247497,138.865997,138.865997,139.247497,139.247497,139.247497,139.247497,139.247497,139.247497,139.247497,139.247497,139.247497,139.247497,139.247497,139.247497,139.247497,139.247497,139.247497,139.247497,138.865997,139.247497,139.247497,139.247497,139.247497,139.247497,139.628997,139.247497,139.247497,139.247497,139.247497,139.247497,139.247497,139.247497,138.865997,139.628997,139.628997,138.865997,138.865997,139.247497,138.865997,138.865997,139.247497,139.247497,139.247497,139.247497,138.865997,139.247497,139.247497,139.247497,138.865997,139.247497,138.865997,138.865997,139.247497,139.247497,139.247497,139.247497,138.865997,139.247497,138.865997,139.247497,139.247497,138.865997,139.247497,139.247497,139.247497,138.865997,139.247497,139.247497,139.247497,138.865997,139.247497,139.247497,138.865997,139.247497,138.865997,139.247497,138.865997,138.865997,139.247497,138.865997,139.247497,139.247497,139.247497,138.865997,139.247497,139.247497,139.247497,139.247497,139.247497,139.247497,139.247497,138.865997,139.247497,138.865997,139.247497,139.247497,139.247497,139.247497,138.865997,139.247497,139.247497,138.865997,139.247497,138.865997,139.628997,138.865997,139.247497,138.865997,138.865997,138.865997,139.247497,139.628997,138.865997,139.247497,139.247497,139.247497,139.247497,138.865997,139.247497,139.247497,139.247497,138.865997,139.247497,139.247497,139.247497,139.247497,139.247497,139.247497,138.865997,139.247497,141.154998,135.050994,133.906509,154.507507,135.050994,126.658004,144.588501,151.837005,128.565506,132.762008,143.825500,150.692504,133.143508,130.854507,138.102996,151.074005,142.680999,127.421005,133.906509,152.981506,143.825500,120.172500,135.050994,162.518997,144.207000,116.738998,134.669494,155.652008,147.259002,125.513504,121.698501,160.611496,152.981506,125.132003,120.935501,151.455505,160.229995,135.050994,107.583000,149.929504,161.755996,136.958496,118.264999,135.050994,158.322509,156.415008,115.594505,115.594505,162.900497,165.570999,120.172500,105.293998,162.137496,164.807998,133.525009,98.808502,148.785003,173.201004,143.444000,97.282501,137.721496,171.675003,155.652008,99.571502,122.461502,173.201004,164.044998,105.675498,111.398002,167.097000,170.912002,119.027999,99.953002,159.848495,173.964004,132.380508,93.848999,151.074005,171.675003,144.588501,98.808502,137.721496,165.952499]
],
"normalized" : [
	[-0.014180,-0.011561,-0.011561,-0.014180,-0.011561,-0.011561,-0.011561,-0.008942,-0.011561,-0.011561,-0.011561,-0.008942,-0.008942,-0.011561,-0.008942,-0.008942,-0.008942,-0.011561,-0.008942,-0.008942,-0.008942,-0.008942,-0.008942,-0.008942,-0.008942,-0.006323,-0.008942,-0.008942,-0.006323,-0.008942,-0.006323,-0.008942,-0.008942,-0.008942,-0.008942,-0.006323,-0.006323,-0.008942,-0.006323,-0.008942,-0.008942,-0.008942,-0.008942,-0.008942,-0.008942,-0.008942,-0.008942,-0.008942,-0.006323,-0.008942,-0.011561,-0.006323,-0.006323,-0.008942,-0.008942,-0.006323,-0.006323,-0.008942,-0.011561,-0.008942,-0.008942,-0.008942,-0.011561,-0.011561,-0.008942,-0.008942,-0.006323,-0.008942,-0.008942,-0.008942,-0.011561,-0.011561,-0.008942,-0.008942,-0.008942,-0.008942,-0.008942,-0.008942,-0.008942,-0.008942,-0.008942,-0.011561,-0.011561,-0.008942,-0.008942,-0.008942,-0.011561,-0.011561,-0.008942,-0.011561,-0.011561,-0.011561,-0.008942,-0.008942,-0.008942,-0.008942,-0.008942,-0.011561,-0.008942,-0.008942,-0.008942,-0.011561,-0.008942,-0.011561,-0.008942,-0.008942,-0.011561,-0.011561,-0.014180,-0.011561,-0.011561,-0.008942,-0.011561,-0.011561,-0.011561,-0.011561,-0.008942,-0.008942,-0.011561,-0.008942,-0.011561,-0.011561,-0.008942,-0.008942,-0.011561,-0.011561,-0.011561,-0.011561,-0.008942,-0.008942,-0.011561,-0.006323,-0.008942,-0.008942,-0.008942,-0.008942,-0.006323,-0.008942,-0.008942,-0.006323,-0.006323,-0.008942,-0.008942,-0.008942,-0.008942,-0.008942,-0.008942,-0.006323,-0.006323,-0.006323,-0.006323,-0.008942,-0.006323,-0.006323,-0.008942,-0.008942,-0.006323,-0.006323,0.012011,0.032965,-0.166098,-0.095378,0.318465,0.163929,-0.475171,-0.205387,0.423236,0.279176,-0.310157,-0.530176,0.258222,0.664208,-0.252533,-0.794721,0.281795,0.863272,-0.257772,-1.025217,0.087970,1.101625,0.166548,-1.268808,-0.540653,1.366171,0.913038,-1.315955,-1.287143,1.099006,1.455226,-0.786863,-1.708845,0.493956,1.690960,-0.116332,-1.640744,-0.179194,1.381887,0.533245,-1.405010,-0.784244,1.397602,0.931373,-1.460014,-1.022597,1.470942,1.041382,-1.428583,-1.266189,1.387125,1.455226,-1.195469,-1.931482,1.083290,2.183382,-0.779006,-2.622968,0.590869,2.736047,-0.252533,-2.863940,-0.071804,2.751762,0.525387,-2.767027,-0.907350,2.673184,1.209015,-2.557486,-1.590978,2.463643,1.774776,-2.203885,-2.169835,2.078611,2.282914,-1.753372,-2.636064,1.591428,2.738666,-1.310716,-3.023715,1.059717,3.079170,-0.613992,-3.267307,0.229410,3.252042,0.245126,-3.317073,-0.718763,3.283473,1.075433,-3.128486,-1.530735,2.942968,1.892643],
	[0.000000,0.000000,0.000000,0.000000,0.000000,0.000000,0.000000,0.000000,0.000000,0.000000,0.000000,0.000000,0.000000,0.000000,0.000000,0.000000,0.000000,0.000000,0.000000,0.000000,0.000000,0.000000,0.000000,0.000000,0.000000,0.000000,0.000000,0.000000,0.000000,0.000000,0.000000,0.000000,0.000000,0.000000,0.000000,0.000000,0.000000,0.000000,0.000000,0.000000,0.000000,0.000000,0.000000,0.000000,0.000000,0.000000,0.000000,0.000000,0.000000,0.000000,0.000000,0.000000,0.000000,0.000000,0.000000,0.000000,0.000000,0.000000,0.000000,0.000000,0.000000,0.000000,0.000000,0.000000,0.000000,0.000000,0.000000,0.000000,0.000000,0.000000,0.000000,0.000000,0.000000,0.000000,0.000000,0.000000,0.000000,0.000000,0.000000,0.000000,0.000000,0.000000,0.000000,0.000000,0.000000,0.000000,0.000000,0.000000,0.000000,0.000000,0.000000,0.000000,0.000000,0.000000,0.000000,0.000000,0.000000,0.000000,0.000000,0.000000,0.000000,0.000000,0.000000,0.000000,0.000000,0.000000,0.000000,0.000000,0.000000,0.000000,0.000000,0.000000,0.000000,0.000000,0.000000,0.000000,0.000000,0.000000,0.000000,0.000000,0.000000,0.000000,0.000000,0.000000,0.000000,0.000000,0.000000,0.000000,0.000000,0.000000,0.000000,0.000000,0.000000,0.000000,0.000000,0.000000,0.000000,0.000000,0.000000,0.000000,0.000000,0.000000,0.000000,0.000000,0.000000,0.000000,0.000000,0.000000,0.000000,0.000000,0.000000,0.000000,0.000000,0.000000,0.000000,0.000000,0.000000,0.000000,0.000000,0.000000,0.000000,0.000000,0.000000,0.000000,0.000000,0.000000,0.000000,0.000000,0.000000,0.000000,0.000000,0.000000,0.000000,0.000000,0.000000,0.000000,0.000000,0.000000,0.000000,0.000000,0.000000,0.000000,0.000000,0.000000,0.000000,0.000000,0.000000,0.000000,0.000000,0.000000,0.000000,0.000000,0.000000,0.000000,0.000000,0.000000,0.000000,0.000000,0.000000,0.000000,0.000000,0.000000,0.000000,0.000000,0.000000,0.000000,0.000000,0.000000,0.000000,0.000000,0.000000,0.000000,0.000000,0.000000,0.000000,0.000000,0.000000,0.000000,0.000000,0.000000,0.000000,0.000000,0.000000,0.000000,0.000000,0.000000,0.000000,0.000000,0.000000,0.000000,0.000000,0.000000,0.000000,0.000000,0.000000,0.000000,0.000000,0.000000,0.000000,0.000000,0.000000,0.000000,0.000000,0.000000,0.000000,0.000000,0.000000,0.000000,0.000000,0.000000,0.000000,0.000000,0.000000,0.000000,0.000000,0.000000],
	[-0.015321,-0.017648,-0.017648,-0.019976,-0.019976,-0.017648,-0.015321,-0.017648,-0.015321,-0.012993,-0.017648,-0.019976,-0.017648,-0.022304,-0.019976,-0.017648,-0.017648,-0.012993,-0.008337,-0.012993,-0.010665,-0.010665,-0.008337,-0.010665,-0.010665,-0.008337,-0.010665,-0.008337,-0.001354,-0.003682,-0.003682,-0.003682,-0.001354,0.000972,0.000972,-0.001354,0.003300,0.000972,0.003300,0.003300,0.000972,0.003300,0.003300,0.005628,0.003300,-0.001354,0.000972,0.003300,0.003300,-0.001354,-0.003682,0.003300,0.003300,0.000972,0.007955,-0.001354,-0.001354,-0.003682,-0.001354,0.000972,-0.003682,0.000972,-0.001354,-0.003682,-0.003682,-0.008337,-0.008337,-0.001354,-0.001354,-0.003682,-0.003682,-0.003682,-0.003682,-0.001354,0.000972,-0.003682,-0.003682,-0.006010,-0.003682,0.005628,0.003300,-0.003682,-0.008337,-0.003682,-0.001354,0.000972,-0.001354,0.005628,0.003300,0.010283,0.003300,0.000972,0.005628,0.005628,0.005628,0.010283,0.003300,0.007955,0.007955,0.003300,0.003300,0.003300,-0.001354,0.003300,-0.001354,0.005628,0.000972,-0.008337,-0.012993,-0.010665,-0.001354,-0.006010,-0.012993,-0.012993,-0.008337,-0.010665,-0.015321,-0.010665,-0.012993,-0.010665,-0.015321,-0.015321,-0.010665,-0.008337,-0.017648,-0.017648,-0.015321,-0.008337,-0.012993,-0.010665,-0.010665,-0.008337,-0.008337,-0.010665,0.000972,0.082442,-0.245763,0.156928,0.012611,-0.057219,-0.015321,0.024249,-0.001354,-0.012993,0.042871,-0.075841,-0.003682,0.119685,-0.092135,-0.057219,0.073131,-0.026959,-0.185243,0.527033,-0.043253,-0.767168,0.403664,0.482806,-0.029287,-0.671732,-0.143344,0.375732,0.801701,-0.580952,-0.885880,0.564276,1.120596,-0.657766,-0.946401,0.233742,1.120596,-0.422668,-0.161966,-0.539053,0.142962,0.685316,0.301246,-0.869586,-0.546036,0.939036,0.254692,0.128996,-0.909157,-0.576296,0.934380,1.409231,-1.565569,-1.107012,0.755147,2.074953,-1.107012,-1.658677,0.005628,2.538166,-0.380769,-1.907741,-0.578624,2.361260,0.459529,-1.823943,-1.116323,1.846838,1.316123,-1.847220,-1.414268,1.444146,1.939946,-1.570224,-1.693592,0.822650,2.428763,-1.302539,-1.924034,0.336161,2.796540,-0.897519,-2.112578,-0.201537,2.789557,-0.166621,-2.124217,-0.573968,2.796540,-0.159638,-2.517598,0.061493,2.812834,-0.557675,-2.496649,0.254692,2.398504,0.322195,-2.880719,-0.280678,2.538166,1.218359,-3.283411,-1.027870,2.566098,2.051676,-3.229874,-1.430562,2.119179,2.547476,-2.782956,-1.856531,1.502339,2.822145,-1.931018,-2.201031,1.029816,2.733692,-1.186154,-2.366297,0.617813,2.219270],
	[0.179189,0.368355,0.273772,0.179189,0.084606,0.179189,0.084606,0.084606,-0.009977,0.084606,0.084606,-0.009977,-0.009977,-0.104560,-0.104560,-0.199143,-0.104560,-0.199143,-0.199143,-0.293726,-0.293726,-0.293726,-0.199143,-0.199143,-0.293726,-0.293726,-0.293726,-0.293726,-0.293726,-0.293726,-0.293726,-0.199143,-0.293726,-0.199143,-0.293726,-0.293726,-0.388310,-0.293726,-0.293726,-0.293726,-0.293726,-0.199143,-0.293726,-0.199143,-0.293726,-0.293726,-0.388310,-0.293726,-0.293726,-0.293726,-0.293726,-0.388310,-0.293726,-0.293726,-0.293726,-0.293726,-0.199143,-0.199143,-0.199143,-0.199143,-0.199143,-0.199143,-0.199143,-0.199143,-0.199143,-0.199143,-0.293726,-0.293726,-0.199143,-0.293726,-0.199143,-0.104560,-0.104560,-0.199143,-0.104560,-0.199143,-0.199143,-0.199143,-0.199143,-0.104560,-0.104560,-0.104560,-0.104560,-0.104560,-0.104560,-0.009977,-0.104560,-0.104560,-0.104560,-0.009977,0.084606,-0.009977,-0.009977,-0.009977,-0.009977,-0.009977,-0.009977,-0.009977,-0.009977,0.084606,0.084606,0.084606,-0.009977,0.084606,0.084606,0.084606,-0.009977,-0.009977,-0.009977,-0.009977,-0.009977,-0.009977,0.084606,0.084606,0.084606,0.179189,0.179189,0.179189,0.179189,0.179189,0.179189,0.273772,0.179189,0.179189,0.179189,0.179189,0.179189,0.179189,0.273772,0.368355,0.273772,0.273772,0.179189,0.273772,0.179189,0.084606,0.084606,0.273772,0.273772,0.368355,0.273772,0.273772,0.273772,0.273772,0.368355,0.368355,0.368355,0.273772,0.368355,0.462939,0.368355,0.368355,0.368355,0.462939,0.273772,0.368355,0.368355,0.368355,0.368355,0.462939,0.462939,0.462939,0.557522,0.368355,0.462939,0.557522,0.557522,0.652105,0.557522,0.557522,0.652105,0.557522,0.557522,0.557522,0.462939,0.652105,0.557522,0.557522,0.557522,0.557522,0.557522,0.462939,1.030439,0.084606,-0.009977,1.125022,0.935855,-0.009977,0.084606,0.746689,0.746689,0.273772,-0.577477,0.935855,1.219605,-0.104560,-0.482893,1.219605,-0.104560,-0.482893,1.314188,0.746689,-1.428726,-0.293726,1.219605,1.408772,-0.766643,-2.279975,1.597938,2.070854,-1.144976,-2.752892,1.030439,2.354604,-0.199143,-2.752892,-0.009977,1.219605,1.219605,-2.374558,-1.617893,1.408772,0.935855,-1.996225,-1.334143,0.746689,0.935855,-1.523309,-1.901642,1.314188,0.273772,-1.901642,-0.955809,1.881688,-0.861226,-2.752892,-1.050393,2.827521,-0.199143,-3.509558,-2.279975,3.395020,0.935855,-3.793308,-3.036642,2.827521,1.597938,-3.131225,-3.604141,1.787105,2.638354,-2.279975,-4.266224,0.557522,3.205854,-1.617893],
	[0.004895,0.004895,0.004895,-0.027238,-0.027238,-0.027238,-0.027238,-0.027238,0.004895,0.004895,0.004895,0.004895,0.004895,-0.027238,-0.027238,-0.027238,0.004895,0.004895,-0.027238,-0.027238,-0.027238,-0.027238,-0.027238,0.004895,-0.027238,-0.027238,0.004895,-0.027238,-0.027238,-0.027238,0.004895,0.004895,-0.027238,0.004895,-0.027238,0.004895,0.004895,0.004895,0.004895,0.004895,0.004895,0.004895,0.004895,-0.027238,-0.027238,0.004895,0.004895,0.004895,0.004895,0.004895,0.004895,0.004895,0.004895,0.004895,0.004895,0.004895,0.004895,0.004895,0.004895,0.004895,0.004895,-0.027238,0.004895,0.004895,0.004895,0.004895,0.004895,0.037029,0.004895,0.004895,0.004895,0.004895,0.004895,0.004895,0.004895,-0.027238,0.037029,0.037029,-0.027238,-0.027238,0.004895,-0.027238,-0.027238,0.004895,0.004895,0.004895,0.004895,-0.027238,0.004895,0.004895,0.004895,-0.027238,0.004895,-0.027238,-0.027238,0.004895,0.004895,0.004895,0.004895,-0.027238,0.004895,-0.027238,0.004895,0.004895,-0.027238,0.004895,0.004895,0.004895,-0.027238,0.004895,0.004895,0.004895,-0.027238,0.004895,0.004895,-0.027238,0.004895,-0.027238,0.004895,-0.027238,-0.027238,0.004895,-0.027238,0.004895,0.004895,0.004895,-0.027238,0.004895,0.004895,0.004895,0.004895,0.004895,0.004895,0.004895,-0.027238,0.004895,-0.027238,0.004895,0.004895,0.004895,0.004895,-0.027238,0.004895,0.004895,-0.027238,0.004895,-0.027238,0.037029,-0.027238,0.004895,-0.027238,-0.027238,-0.027238,0.004895,0.037029,-0.027238,0.004895,0.004895,0.004895,0.004895,-0.027238,0.004895,0.004895,0.004895,-0.027238,0.004895,0.004895,0.004895,0.004895,0.004895,0.004895,-0.027238,0.004895,0.165567,-0.348581,-0.444983,1.290267,-0.348581,-1.055534,0.454775,1.065327,-0.894863,-0.541386,0.390507,0.968924,-0.509251,-0.702057,-0.091507,1.001058,0.294104,-0.991266,-0.444983,1.161730,0.390507,-1.601817,-0.348581,1.965086,0.422641,-1.891026,-0.380715,1.386670,0.679715,-1.151937,-1.473280,1.804414,1.161730,-1.184072,-1.537549,1.033193,1.772280,-0.348581,-2.662249,0.904655,1.900817,-0.187910,-1.762489,-0.348581,1.611610,1.450938,-1.987428,-1.987428,1.997220,2.222160,-1.601817,-2.855054,1.932952,2.157892,-0.477117,-3.401337,0.808253,2.864846,0.358372,-3.529874,-0.123641,2.736309,1.386670,-3.337068,-1.409012,2.864846,2.093623,-2.822920,-2.340906,2.350698,2.672040,-1.698220,-3.304934,1.740146,2.929115,-0.573520,-3.819083,1.001058,2.736309,0.454775,-3.401337,-0.123641,2.254295]
],
"cwt" : [
	[0.655339,0.376353,0.181167,0.072184,0.023933,0.006727,0.001538,0.000530,0.000851,0.000909,0.000640,0.000517,0.000801,0.000805,0.000511,0.000546,0.000761,0.000679,0.000365,0.000252,0.000266,0.000170,0.000277,0.000363,0.000331,0.000484,0.000583,0.000400,0.000160,0.000096,0.000185,0.000349,0.000381,0.000414,0.000453,0.000488,0.000502,0.000322,0.000129,0.000317,0.000293,0.000112,0.000039,0.000060,0.000088,0.000270,0.000433,0.000584,0.000865,0.001146,0.001219,0.001148,0.001123,0.001100,0.001012,0.000976,0.001051,0.001093,0.000984,0.000797,0.000714,0.000760,0.000777,0.000663,0.000494,0.000417,0.000410,0.000310,0.000093,0.000409,0.000669,0.000678,0.000514,0.000351,0.000233,0.000114,0.000045,0.000116,0.000184,0.000332,0.000573,0.000754,0.000770,0.000690,0.000662,0.000724,0.000758,0.000676,0.000601,0.000649,0.000667,0.000573,0.000406,0.000226,0.000050,0.000216,0.000462,0.000594,0.000580,0.000519,0.000459,0.000312,0.000166,0.000313,0.000437,0.000492,0.000492,0.000499,0.000546,0.000560,0.000535,0.000503,0.000463,0.000395,0.000417,0.000511,0.000509,0.000414,0.000224,0.000160,0.000504,0.000713,0.000739,0.000678,0.000560,0.000380,0.000365,0.000480,0.000497,0.000544,0.000629,0.000611,0.000549,0.000516,0.000511,0.000526,0.000566,0.000682,0.000782,0.000778,0.000707,0.000598,0.000425,0.000227,0.000187,0.000334,0.000421,0.000379,0.000298,0.000336,0.000481,0.000607,0.000639,0.000578,0.000825,0.003032,0.008530,0.019170,0.036773,0.062101,0.094063,0.129729,0.165053,0.195858,0.219086,0.234336,0.244842,0.256356,0.273696,0.297669,0.325619,0.354421,0.382396,0.409270,0.435416,0.461267,0.487166,0.513731,0.542454,0.575649,0.615145,0.660575,0.708953,0.755920,0.797331,0.830224,0.853468,0.868097,0.876387,0.879792,0.877727,0.868614,0.851928,0.829287,0.804454,0.782942,0.770610,0.770866,0.782651,0.801585,0.823030,0.843932,0.862710,0.878934,0.893621,0.909009,0.927318,0.950009,0.978375,1.013872,1.056946,1.106002,1.158341,1.211586,1.263355,1.310212,1.348408,1.375953,1.393393,1.402861,1.407336,1.410442,1.415303,1.422814,1.431808,1.441214,1.451096,1.461380,1.470980,1.479111,1.486503,1.494256,1.502306,1.510187,1.518655,1.529149,1.541917,1.555892,1.570163,1.584228,1.596997,1.607217,1.615151,1.622433,1.630032,1.637835,1.646432,1.657159,1.669378,1.679256,1.681115,1.665240,1.610808,1.486552,1.270376,0.975514],
	[0.000000,0.000000,0.000000,0.000000,0.000000,0.000000,0.000000,0.000000,0.000000,0.000000,0.000000,0.000000,0.000000,0.000000,0.000000,0.000000,0.000000,0.000000,0.000000,0.000000,0.000000,0.000000,0.000000,0.000000,0.000000,0.000000,0.000000,0.000000,0.000000,0.000000,0.000000,0.000000,0.000000,0.000000,0.000000,0.000000,0.000000,0.000000,0.000000,0.000000,0.000000,0.000000,0.000000,0.000000,0.000000,0.000000,0.000000,0.000000,0.000000,0.000000,0.000000,0.000000,0.000000,0.000000,0.000000,0.000000,0.000000,0.000000,0.000000,0.000000,0.000000,0.000000,0.000000,0.000000,0.000000,0.000000,0.000000,0.000000,0.000000,0.000000,0.000000,0.000000,0.000000,0.000000,0.000000,0.000000,0.000000,0.000000,0.000000,0.000000,0.000000,0.000000,0.000000,0.000000,0.000000,0.000000,0.000000,0.000000,0.000000,0.000000,0.000000,0.000000,0.000000,0.000000,0.000000,0.000000,0.000000,0.000000,0.000000,0.000000,0.000000,0.000000,0.000000,0.000000,0.000000,0.000000,0.000000,0.000000,0.000000,0.000000,0.000000,0.000000,0.000000,0.000000,0.000000,0.000000,0.000000,0.000000,0.000000,0.000000,0.000000,0.000000,0.000000,0.000000,0.000000,0.000000,0.000000,0.000000,0.000000,0.000000,0.000000,0.000000,0.000000,0.000000,0.000000,0.000000,0.000000,0.000000,0.000000,0.000000,0.000000,0.000000,0.000000,0.000000,0.000000,0.000000,0.000000,0.000000,0.000000,0.000000,0.000000,0.000000,0.000000,0.000000,0.000000,0.000000,0.000000,0.000000,0.000000,0.000000,0.000000,0.000000,0.000000,0.000000,0.000000,0.000000,0.000000,0.000000,0.000000,0.000000,0.000000,0.000000,0.000000,0.000000,0.000000,0.000000,0.000000,0.000000,0.000000,0.000000,0.000000,0.000000,0.000000,0.000000,0.000000,0.000000,0.000000,0.000000,0.000000,0.000000,0.000000,0.000000,0.000000,0.000000,0.000000,0.000000,0.000000,0.000000,0.000000,0.000000,0.000000,0.000000,0.000000,0.000000,0.000000,0.000000,0.000000,0.000000,0.000000,0.000000,0.000000,0.000000,0.000000,0.000000,0.000000,0.000000,0.000000,0.000000,0.000000,0.000000,0.000000,0.000000,0.000000,0.000000,0.000000,0.000000,0.000000,0.000000,0.000000,0.000000,0.000000,0.000000,0.000000,0.000000,0.000000,0.000000,0.000000,0.000000,0.000000,0.000000,0.000000,0.000000,0.000000,0.000000,0.000000,0.000000,0.000000,0.000000,0.000000,0.000000,0.000000,0.000000,0.000000,0.000000,0.000000,0.000000],
	[0.588933,0.357444,0.181011,0.075060,0.025499,0.006887,0.000815,0.000672,0.000607,0.000777,0.001128,0.000710,0.000290,0.000598,0.000306,0.000281,0.000687,0.001136,0.001194,0.000968,0.000764,0.000692,0.000610,0.000438,0.000131,0.000368,0.000976,0.001391,0.001305,0.001020,0.000930,0.000885,0.000733,0.000691,0.000690,0.000552,0.000283,0.000169,0.000326,0.000396,0.000546,0.000702,0.000806,0.001062,0.001378,0.001445,0.001395,0.001526,0.001727,0.001724,0.001503,0.001099,0.000429,0.000558,0.001181,0.001316,0.001204,0.001051,0.000796,0.000540,0.000418,0.000475,0.000460,0.000313,0.000882,0.001409,0.001594,0.001539,0.001267,0.000794,0.000345,0.000354,0.000593,0.000869,0.000980,0.000893,0.001129,0.001717,0.002239,0.002625,0.002772,0.002554,0.002126,0.001680,0.001177,0.000757,0.000666,0.000852,0.001146,0.001429,0.001554,0.001348,0.000842,0.000334,0.000480,0.000637,0.000642,0.000793,0.000920,0.000647,0.000167,0.000253,0.000427,0.000712,0.001204,0.001930,0.002632,0.002966,0.003023,0.003042,0.002982,0.002780,0.002450,0.002019,0.001596,0.001345,0.001152,0.000966,0.000897,0.001055,0.001441,0.001858,0.002098,0.002235,0.002356,0.002307,0.001907,0.001365,0.001057,0.001069,0.001630,0.003837,0.009032,0.017895,0.029507,0.041032,0.048618,0.049587,0.044180,0.034928,0.024479,0.014204,0.004251,0.006191,0.016497,0.026214,0.033815,0.037476,0.035804,0.031860,0.044354,0.084252,0.140747,0.201732,0.255022,0.291207,0.307064,0.306724,0.300186,0.300482,0.319614,0.361156,0.416575,0.472538,0.519094,0.551054,0.565813,0.561746,0.537155,0.489114,0.415539,0.323789,0.243519,0.224997,0.271214,0.334082,0.386248,0.414666,0.409934,0.375501,0.341687,0.359339,0.444853,0.565043,0.684938,0.783988,0.856173,0.907552,0.947704,0.981407,1.009849,1.035584,1.060213,1.080030,1.090341,1.092460,1.091511,1.089247,1.084862,1.081559,1.085294,1.096555,1.109645,1.120622,1.130424,1.139718,1.146502,1.151044,1.157857,1.169647,1.183684,1.196989,1.210563,1.225082,1.236518,1.240665,1.239184,1.236771,1.234957,1.233657,1.235980,1.245717,1.261655,1.278523,1.292310,1.301696,1.305137,1.300742,1.291565,1.287898,1.299320,1.326008,1.362691,1.407208,1.458923,1.512418,1.559689,1.596822,1.623403,1.637870,1.639161,1.631155,1.619654,1.605273,1.584440,1.557203,1.528508,1.501081,1.472543,1.440702,1.405941,1.365035,1.304768,1.204532,1.047448,0.833787],
	[0.625498,0.374851,0.204580,0.101640,0.049831,0.029761,0.023974,0.022689,0.022841,0.022983,0.020288,0.012910,0.003413,0.006678,0.011886,0.013204,0.012866,0.012885,0.013496,0.016671,0.021207,0.024448,0.025536,0.024790,0.021446,0.014966,0.007834,0.004392,0.006824,0.010153,0.009798,0.005193,0.002112,0.008290,0.014976,0.020031,0.020911,0.016444,0.010604,0.010410,0.010013,0.005157,0.001977,0.008430,0.014783,0.019703,0.021052,0.017967,0.013650,0.013308,0.017169,0.019815,0.016989,0.012372,0.014300,0.017143,0.015178,0.010087,0.005930,0.003649,0.001644,0.000640,0.003806,0.007859,0.012306,0.017325,0.020301,0.016566,0.010880,0.020285,0.028880,0.028128,0.020765,0.013045,0.008819,0.009126,0.010216,0.011983,0.014947,0.014349,0.009816,0.005777,0.006755,0.012610,0.018261,0.020840,0.022379,0.025502,0.029785,0.031914,0.028579,0.021261,0.014173,0.008489,0.004121,0.003098,0.005452,0.011152,0.017599,0.021566,0.022470,0.022277,0.023237,0.024188,0.022941,0.019903,0.016443,0.012741,0.008555,0.006577,0.010604,0.014365,0.012506,0.008165,0.011982,0.014472,0.011009,0.006137,0.006002,0.011153,0.017227,0.018840,0.015273,0.010929,0.008858,0.009314,0.014747,0.023781,0.030477,0.030585,0.025852,0.021731,0.022917,0.029307,0.036515,0.041119,0.040453,0.033797,0.025277,0.019435,0.014479,0.009765,0.009786,0.015781,0.022119,0.025916,0.027921,0.031052,0.034703,0.033679,0.027573,0.023593,0.025499,0.025911,0.021930,0.017417,0.013063,0.009744,0.011197,0.009211,0.004862,0.017810,0.027505,0.030129,0.028661,0.023991,0.020636,0.020751,0.017659,0.016978,0.018862,0.014378,0.010606,0.014458,0.020254,0.024483,0.020193,0.007952,0.013601,0.034651,0.071742,0.131420,0.199293,0.257434,0.300290,0.325690,0.327752,0.310063,0.291697,0.292540,0.317753,0.358238,0.401304,0.434442,0.440044,0.405563,0.346433,0.309961,0.337305,0.424076,0.536694,0.636125,0.703129,0.751910,0.814458,0.908656,1.021426,1.128386,1.217552,1.284579,1.323828,1.333956,1.320410,1.286501,1.229998,1.156562,1.091375,1.063941,1.075953,1.095819,1.093216,1.065046,1.022322,0.972473,0.924913,0.895293,0.889552,0.892922,0.887777,0.876756,0.876548,0.899397,0.953726,1.043638,1.157921,1.277984,1.394958,1.510185,1.624601,1.732704,1.825928,1.898418,1.947379,1.970325,1.968290,1.951082,1.933360,1.923666,1.920727,1.919936,1.916086,1.891656,1.805815,1.613354,1.309848,0.953193],
	[0.642595,0.378838,0.186295,0.074619,0.024134,0.006466,0.003323,0.004556,0.004505,0.002964,0.001190,0.003099,0.005342,0.006843,0.007769,0.008512,0.008987,0.008572,0.006764,0.003732,0.000299,0.002917,0.004981,0.005926,0.006240,0.006440,0.006963,0.007767,0.008370,0.008496,0.007901,0.006316,0.003862,0.001586,0.002426,0.003351,0.002961,0.001889,0.001010,0.001110,0.002464,0.004626,0.006919,0.008451,0.008484,0.006944,0.004585,0.002430,0.001037,0.000368,0.000115,0.000057,0.000008,0.000043,0.000027,0.000142,0.000344,0.000928,0.002180,0.003932,0.005508,0.006197,0.005799,0.004845,0.004295,0.004756,0.005794,0.006283,0.005503,0.003767,0.001912,0.000858,0.002503,0.005432,0.009150,0.013033,0.016047,0.016958,0.015102,0.011279,0.007948,0.007293,0.007467,0.006429,0.004761,0.004604,0.005921,0.006970,0.007250,0.006731,0.005270,0.003104,0.003098,0.005536,0.006833,0.006177,0.004508,0.003623,0.003418,0.002400,0.001524,0.003186,0.004910,0.006105,0.006945,0.007463,0.007734,0.007908,0.007986,0.007913,0.007736,0.007457,0.006936,0.006138,0.005131,0.003932,0.002924,0.002818,0.003625,0.004356,0.003834,0.002273,0.003100,0.005295,0.006698,0.007231,0.006969,0.005835,0.004086,0.002475,0.001768,0.002183,0.003038,0.003324,0.002315,0.000537,0.002383,0.003709,0.004154,0.004863,0.005874,0.006362,0.006237,0.005894,0.005533,0.005431,0.005716,0.005377,0.003343,0.000414,0.004215,0.007679,0.010526,0.012163,0.011889,0.010142,0.008080,0.006522,0.005932,0.006434,0.007303,0.007753,0.007720,0.007534,0.007092,0.005844,0.003736,0.001606,0.003501,0.010298,0.024252,0.051394,0.098604,0.168955,0.257083,0.349317,0.429823,0.487974,0.521320,0.533441,0.530052,0.516707,0.498648,0.480611,0.465296,0.454003,0.450400,0.460038,0.483714,0.516155,0.553382,0.597311,0.652458,0.719545,0.791672,0.855743,0.897875,0.909628,0.892895,0.861829,0.838947,0.843104,0.875345,0.917988,0.950048,0.963256,0.966002,0.975011,1.002396,1.046181,1.089405,1.109312,1.092038,1.043185,0.986999,0.954617,0.968729,1.033275,1.132571,1.240272,1.334279,1.406410,1.458031,1.489373,1.498999,1.493642,1.490484,1.503245,1.529375,1.556633,1.577214,1.590353,1.597908,1.604682,1.619085,1.645761,1.678722,1.707255,1.726535,1.737973,1.742616,1.740815,1.736997,1.737238,1.741161,1.742547,1.738419,1.730736,1.717884,1.691931,1.647710,1.586967,1.505849,1.383001,1.192472,0.933162]
],
"envelope_edge" : [
	[0.015590,0.014722,0.013361,0.011929,0.010694,0.009723,0.008967,0.008359,0.007857,0.007430,0.007055,0.006718,0.006415,0.006144,0.005893,0.005660,0.005446,0.005249,0.005063,0.004886,0.004721,0.004565,0.004416,0.004276,0.004143,0.004016,0.003896,0.003781,0.003669,0.003560,0.003456,0.003357,0.003261,0.003169,0.003080,0.002993,0.002910,0.002830,0.002749,0.002671,0.002598,0.002524,0.002452,0.002381,0.002312,0.002245,0.002180,0.002116,0.002054,0.001994,0.001937,0.001880,0.001823,0.001767,0.001713,0.001658,0.001604,0.001553,0.001502,0.001451,0.001399,0.001349,0.001300,0.001253,0.001204,0.001156,0.001108,0.001062,0.001014,0.000966,0.000922,0.000879,0.000835,0.000791,0.000746,0.000702,0.000657,0.000613,0.000569,0.000525,0.000483,0.000442,0.000401,0.000360,0.000318,0.000276,0.000235,0.000194,0.000153,0.000111,0.000071,0.000030,-0.000010,-0.000052,-0.000095,-0.000139,-0.000181,-0.000221,-0.000262,-0.000304,-0.000345,-0.000387,-0.000431,-0.000475,-0.000518,-0.000561,-0.000604,-0.000647,-0.000691,-0.000735,-0.000779,-0.000824,-0.000869,-0.000915,-0.000962,-0.001009,-0.001055,-0.001103,-0.001151,-0.001203,-0.001254,-0.001303,-0.001352,-0.001403,-0.001455,-0.001509,-0.001565,-0.001621,-0.001677,-0.001735,-0.001793,-0.001852,-0.001914,-0.001976,-0.002041,-0.002107,-0.002175,-0.002245,-0.002315,-0.002388,-0.002463,-0.002541,-0.002622,-0.002708,-0.002798,-0.002890,-0.002986,-0.003087,-0.003193,-0.003307,-0.003428,-0.003556,-0.003695,-0.003849,-0.004027,-0.004232,-0.004464,-0.004718,-0.004980,-0.005225,-0.005427,-0.005566,-0.005636,-0.005647,-0.005629,-0.005622,-0.005665,-0.005766,-0.005901,-0.006030,-0.006128,-0.006194,-0.006238,-0.006271,-0.006300,-0.006328,-0.006358,-0.006396,-0.006445,-0.006498,-0.006535,-0.006524,-0.006438,-0.006270,-0.006029,-0.005737,-0.005425,-0.005119,-0.004831,-0.004558,-0.004295,-0.004051,-0.003851,-0.003724,-0.003691,-0.003759,-0.003907,-0.004089,-0.004253,-0.004368,-0.004431,-0.004456,-0.004459,-0.004459,-0.004476,-0.004518,-0.004583,-0.004663,-0.004750,-0.004828,-0.004875,-0.004864,-0.004783,-0.004628,-0.004395,-0.004083,-0.003711,-0.003312,-0.002919,-0.002557,-0.002241,-0.001975,-0.001744,-0.001525,-0.001303,-0.001077,-0.000849,-0.000613,-0.000366,-0.000116,0.000129,0.000371,0.000617,0.000865,0.001110,0.001357,0.001620,0.001910,0.002226,0.002573,0.002952,0.003358,0.003778,0.004211,0.004667,0.005155,0.005682,0.006269,0.006956,0.007785,0.008794,0.010036,0.011543,0.013211,0.014714,0.015606],
	[0.000000,0.000000,0.000000,0.000000,0.000000,0.000000,0.000000,0.000000,0.000000,0.000000,0.000000,0.000000,0.000000,0.000000,0.000000,0.000000,0.000000,0.000000,0.000000,0.000000,0.000000,0.000000,0.000000,0.000000,0.000000,0.000000,0.000000,0.000000,0.000000,0.000000,0.000000,0.000000,0.000000,0.000000,0.000000,0.000000,0.000000,0.000000,0.000000,0.000000,0.000000,0.000000,0.000000,0.000000,0.000000,0.000000,0.000000,0.000000,0.000000,0.000000,0.000000,0.000000,0.000000,0.000000,0.000000,0.000000,0.000000,0.000000,0.000000,0.000000,0.000000,0.000000,0.000000,0.000000,0.000000,0.000000,0.000000,0.000000,0.000000,0.000000,0.000000,0.000000,0.000000,0.000000,0.000000,0.000000,0.000000,0.000000,0.000000,0.000000,0.000000,0.000000,0.000000,0.000000,0.000000,0.000000,0.000000,0.000000,0.000000,0.000000,0.000000,0.000000,0.000000,0.000000,0.000000,0.000000,0.000000,0.000000,0.000000,0.000000,0.000000,0.000000,0.000000,0.000000,0.000000,0.000000,0.000000,0.000000,0.000000,0.000000,0.000000,0.000000,0.000000,0.000000,0.000000,0.000000,0.000000,0.000000,0.000000,0.000000,0.000000,0.000000,0.000000,0.000000,0.000000,0.000000,0.000000,0.000000,0.000000,0.000000,0.000000,0.000000,0.000000,0.000000,0.000000,0.000000,0.000000,0.000000,0.000000,0.000000,0.000000,0.000000,0.000000,0.000000,0.000000,0.000000,0.000000,0.000000,0.000000,0.000000,0.000000,0.000000,0.000000,0.000000,0.000000,0.000000,0.000000,0.000000,0.000000,0.000000,0.000000,0.000000,0.000000,0.000000,0.000000,0.000000,0.000000,0.000000,0.000000,0.000000,0.000000,0.000000,0.000000,0.000000,0.000000,0.000000,0.000000,0.000000,0.000000,0.000000,0.000000,0.000000,0.000000,0.000000,0.000000,0.000000,0.000000,0.000000,0.000000,0.000000,0.000000,0.000000,0.000000,0.000000,0.000000,0.000000,0.000000,0.000000,0.000000,0.000000,0.000000,0.000000,0.000000,0.000000,0.000000,0.000000,0.000000,0.000000,0.000000,0.000000,0.000000,0.000000,0.000000,0.000000,0.000000,0.000000,0.000000,0.000000,0.000000,0.000000,0.000000,0.000000,0.000000,0.000000,0.000000,0.000000,0.000000,0.000000,0.000000,0.000000,0.000000,0.000000,0.000000,0.000000,0.000000,0.000000,0.000000,0.000000,0.000000,0.000000,0.000000,0.000000,0.000000,0.000000,0.000000,0.000000,0.000000,0.000000,0.000000,0.000000,0.000000,0.000000,0.000000,0.000000,0.000000,0.000000],
	[0.013927,0.013359,0.012303,0.011089,0.009988,0.009107,0.008408,0.007851,0.007395,0.006999,0.006657,0.006351,0.006070,0.005814,0.005582,0.005363,0.005161,0.004975,0.004804,0.004641,0.004486,0.004338,0.004198,0.004065,0.003937,0.003811,0.003694,0.003586,0.003483,0.003381,0.003282,0.003186,0.003094,0.003004,0.002918,0.002834,0.002752,0.002670,0.002591,0.002515,0.002441,0.002369,0.002299,0.002230,0.002164,0.002101,0.002038,0.001975,0.001915,0.001858,0.001801,0.001745,0.001686,0.001623,0.001568,0.001516,0.001464,0.001412,0.001360,0.001307,0.001254,0.001202,0.001152,0.001099,0.001047,0.001001,0.000956,0.000912,0.000867,0.000821,0.000772,0.000722,0.000674,0.000628,0.000583,0.000537,0.000489,0.000444,0.000401,0.000360,0.000321,0.000282,0.000241,0.000198,0.000154,0.000108,0.000060,0.000014,-0.000030,-0.000072,-0.000114,-0.000155,-0.000198,-0.000245,-0.000293,-0.000338,-0.000384,-0.000430,-0.000474,-0.000517,-0.000566,-0.000616,-0.000666,-0.000715,-0.000765,-0.000813,-0.000859,-0.000903,-0.000948,-0.000995,-0.001042,-0.001089,-0.001139,-0.001190,-0.001244,-0.001300,-0.001356,-0.001414,-0.001474,-0.001536,-0.001598,-0.001658,-0.001720,-0.001783,-0.001848,-0.001913,-0.001983,-0.002059,-0.002142,-0.002232,-0.002332,-0.002444,-0.002562,-0.002669,-0.002746,-0.002779,-0.002774,-0.002755,-0.002758,-0.002797,-0.002886,-0.003008,-0.003199,-0.003440,-0.003627,-0.003774,-0.003902,-0.004031,-0.004195,-0.004472,-0.004882,-0.005269,-0.005509,-0.005575,-0.005473,-0.005272,-0.005061,-0.004933,-0.004944,-0.005100,-0.005333,-0.005524,-0.005566,-0.005433,-0.005156,-0.004781,-0.004350,-0.003901,-0.003469,-0.003103,-0.002901,-0.003017,-0.003594,-0.004475,-0.005161,-0.005470,-0.005518,-0.005412,-0.005306,-0.005420,-0.005955,-0.006817,-0.007578,-0.007952,-0.007944,-0.007671,-0.007289,-0.006908,-0.006563,-0.006238,-0.005930,-0.005639,-0.005339,-0.005007,-0.004671,-0.004376,-0.004136,-0.003931,-0.003768,-0.003667,-0.003608,-0.003534,-0.003418,-0.003282,-0.003146,-0.003004,-0.002859,-0.002738,-0.002649,-0.002560,-0.002443,-0.002305,-0.002160,-0.001988,-0.001775,-0.001551,-0.001360,-0.001211,-0.001088,-0.000994,-0.000937,-0.000888,-0.000801,-0.000658,-0.000475,-0.000270,-0.000058,0.000126,0.000226,0.000216,0.000150,0.000113,0.000140,0.000235,0.000428,0.000753,0.001204,0.001740,0.002334,0.002969,0.003605,0.004206,0.004776,0.005352,0.005933,0.006490,0.007015,0.007546,0.008111,0.008717,0.009380,0.010159,0.011100,0.012160,0.013162,0.013836],
	[0.015364,0.014230,0.012868,0.011518,0.010316,0.009343,0.008580,0.007978,0.007481,0.007077,0.006733,0.006428,0.006075,0.005729,0.005480,0.005263,0.005057,0.004855,0.004661,0.004477,0.004328,0.004208,0.004105,0.004011,0.003925,0.003827,0.003697,0.003541,0.003397,0.003300,0.003223,0.003135,0.002989,0.002858,0.002781,0.002733,0.002710,0.002676,0.002595,0.002504,0.002447,0.002379,0.002255,0.002143,0.002089,0.002053,0.002043,0.002018,0.001962,0.001877,0.001820,0.001798,0.001785,0.001722,0.001651,0.001625,0.001615,0.001580,0.001519,0.001453,0.001386,0.001303,0.001221,0.001165,0.001115,0.001089,0.001085,0.001090,0.001004,0.000917,0.000941,0.000983,0.000994,0.000950,0.000880,0.000809,0.000761,0.000710,0.000686,0.000678,0.000652,0.000583,0.000497,0.000432,0.000409,0.000394,0.000371,0.000344,0.000339,0.000363,0.000394,0.000392,0.000358,0.000304,0.000234,0.000149,0.000069,0.000005,-0.000022,-0.000027,-0.000030,-0.000048,-0.000068,-0.000077,-0.000078,-0.000091,-0.000113,-0.000148,-0.000193,-0.000271,-0.000333,-0.000351,-0.000354,-0.000411,-0.000474,-0.000479,-0.000491,-0.000546,-0.000631,-0.000696,-0.000719,-0.000711,-0.000720,-0.000766,-0.000834,-0.000914,-0.000995,-0.001034,-0.001025,-0.001000,-0.001010,-0.001066,-0.001146,-0.001201,-0.001216,-0.001195,-0.001159,-0.001141,-0.001171,-0.001227,-0.001289,-0.001374,-0.001486,-0.001573,-0.001621,-0.001649,-0.001684,-0.001721,-0.001734,-0.001726,-0.001751,-0.001824,-0.001889,-0.001913,-0.001949,-0.002006,-0.002081,-0.002176,-0.002274,-0.002333,-0.002485,-0.002623,-0.002646,-0.002671,-0.002698,-0.002760,-0.002857,-0.002951,-0.003041,-0.003173,-0.003269,-0.003375,-0.003544,-0.003728,-0.003877,-0.004011,-0.004134,-0.004403,-0.004798,-0.005186,-0.005585,-0.005884,-0.005968,-0.005871,-0.005675,-0.005419,-0.005174,-0.005074,-0.005194,-0.005463,-0.005726,-0.005869,-0.005856,-0.005682,-0.005402,-0.005219,-0.005416,-0.006090,-0.006968,-0.007658,-0.007956,-0.007898,-0.007733,-0.007698,-0.007820,-0.007897,-0.007719,-0.007263,-0.006612,-0.005818,-0.004940,-0.004067,-0.003262,-0.002539,-0.001949,-0.001615,-0.001617,-0.001810,-0.001895,-0.001703,-0.001345,-0.001019,-0.000815,-0.000759,-0.000890,-0.001172,-0.001461,-0.001647,-0.001802,-0.002073,-0.002505,-0.003044,-0.003619,-0.004094,-0.004334,-0.004320,-0.004124,-0.003785,-0.003284,-0.002589,-0.001714,-0.000703,0.000393,0.001526,0.002607,0.003568,0.004416,0.005241,0.006134,0.007162,0.008405,0.009991,0.011936,0.013943,0.015418,0.015892],
	[0.015204,0.014450,0.013188,0.011805,0.010579,0.009604,0.008841,0.008251,0.007767,0.007349,0.006959,0.006608,0.006310,0.006045,0.005805,0.005585,0.005385,0.005206,0.005033,0.004868,0.004678,0.004495,0.004355,0.004220,0.004095,0.003970,0.003853,0.003742,0.003642,0.003547,0.003461,0.003373,0.003284,0.003178,0.003074,0.002991,0.002914,0.002833,0.002747,0.002657,0.002572,0.002497,0.002435,0.002384,0.002340,0.002293,0.002238,0.002174,0.002105,0.002037,0.001972,0.001910,0.001849,0.001790,0.001731,0.001673,0.001614,0.001555,0.001498,0.001447,0.001406,0.001369,0.001332,0.001288,0.001238,0.001187,0.001144,0.001109,0.001075,0.001034,0.000983,0.000917,0.000850,0.000795,0.000750,0.000721,0.000706,0.000703,0.000697,0.000674,0.000628,0.000576,0.000537,0.000503,0.000458,0.000404,0.000360,0.000326,0.000296,0.000267,0.000235,0.000189,0.000130,0.000086,0.000061,0.000037,0.000002,-0.000042,-0.000083,-0.000123,-0.000177,-0.000231,-0.000269,-0.000305,-0.000338,-0.000371,-0.000404,-0.000438,-0.000471,-0.000506,-0.000540,-0.000575,-0.000609,-0.000646,-0.000684,-0.000727,-0.000774,-0.000827,-0.000874,-0.000914,-0.000949,-0.001001,-0.001062,-0.001108,-0.001144,-0.001178,-0.001211,-0.001248,-0.001291,-0.001345,-0.001404,-0.001464,-0.001515,-0.001563,-0.001608,-0.001677,-0.001747,-0.001799,-0.001855,-0.001913,-0.001968,-0.002021,-0.002076,-0.002136,-0.002199,-0.002268,-0.002332,-0.002397,-0.002462,-0.002567,-0.002676,-0.002750,-0.002824,-0.002886,-0.002953,-0.003029,-0.003124,-0.003230,-0.003348,-0.003468,-0.003589,-0.003712,-0.003845,-0.003988,-0.004144,-0.004315,-0.004515,-0.004762,-0.005062,-0.005404,-0.005804,-0.006257,-0.006724,-0.007112,-0.007322,-0.007290,-0.007038,-0.006643,-0.006208,-0.005807,-0.005486,-0.005263,-0.005148,-0.005132,-0.005199,-0.005342,-0.005566,-0.005840,-0.006102,-0.006317,-0.006500,-0.006669,-0.006802,-0.006832,-0.006692,-0.006357,-0.005877,-0.005365,-0.004967,-0.004798,-0.004877,-0.005085,-0.005229,-0.005188,-0.004996,-0.004786,-0.004682,-0.004699,-0.004744,-0.004671,-0.004389,-0.003936,-0.003484,-0.003249,-0.003371,-0.003832,-0.004460,-0.005014,-0.005294,-0.005230,-0.004892,-0.004403,-0.003846,-0.003261,-0.002716,-0.002309,-0.002072,-0.001907,-0.001688,-0.001374,-0.001008,-0.000638,-0.000298,-0.000016,0.000216,0.000476,0.000840,0.001313,0.001839,0.002384,0.002936,0.003476,0.003981,0.004478,0.005028,0.005652,0.006328,0.007055,0.007874,0.008797,0.009783,0.010816,0.011953,0.013215,0.014413,0.015182]
],
	"idxs" : [3,0,3,5,3]
,"hydrophone_pos" : [
	[0.000000,0.000000,0.000000],
	[0.000000,0.000000,0.000000],
	[32.299999,-4.300000,3.660000],
	[-6.599999,34.700000,1.659999],
	[-4.599999,0.000000,-34.340000]
],
	"direction_of_arrival" : [-0.133938,-0.990827,0.017941]
,	"valid" : [0.000000,-0.203052,-0.000000,-0.000000,-0.000000]
}
dump = {
	"magnitude" : [0.000000,0.000073,0.000086,0.000095,0.000101,0.000107,0.000103,0.000185,0.000240,0.000336,0.000425,0.001037,0.002514,0.002777,0.012416,0.026237,0.017651,0.003403,0.001453,0.000775,0.000989,0.000895,0.000116,0.000334,0.000197,0.000145,0.000187,0.000146,0.000120,0.000138,0.000087,0.000091]
,	"raw_mv" : [
	[-7.630000,-7.248499,-7.630000,-7.630000,-7.630000,-7.630000,-7.630000,-7.630000,-8.011500,-7.630000,-7.630000,-7.630000,-7.630000,-7.630000,-7.630000,-7.248499,-7.248499,-7.630000,-7.630000,-7.630000,-7.630000,-7.248499,-7.630000,-7.630000,-7.248499,-7.630000,-7.630000,-7.248499,-7.630000,-7.248499,-7.248499,-7.248499,-7.248499,-7.248499,-7.248499,-7.248499,-7.630000,-7.248499,-6.867000,-6.867000,-6.867000,-6.867000,-7.248499,-6.867000,-6.867000,-6.867000,-6.867000,-6.485500,-6.485500,-6.485500,-6.867000,-6.867000,-7.248499,-6.867000,-6.867000,-6.867000,-6.867000,-6.867000,-7.248499,-6.867000,-7.248499,-7.248499,-7.248499,-7.248499,-7.248499,-7.248499,-7.248499,-7.248499,-7.248499,-7.630000,-7.630000,-7.248499,-7.248499,-7.630000,-7.630000,-7.630000,-7.248499,-7.630000,-7.248499,-7.248499,-7.248499,-7.248499,-7.630000,-7.630000,-7.248499,-7.248499,-7.630000,-7.248499,-7.630000,-7.248499,-7.248499,-7.248499,-7.630000,-7.248499,-7.248499,-7.248499,-7.248499,-7.630000,-7.248499,-7.248499,-7.248499,-7.630000,-7.630000,-7.248499,-7.248499,-7.630000,-7.630000,-7.248499,-7.630000,-7.248499,-8.011500,-7.248499,-7.630000,-7.630000,-7.630000,-7.630000,-8.011500,-7.630000,-7.630000,-7.630000,-7.630000,-7.630000,-7.630000,-7.630000,-8.011500,-7.630000,-7.630000,-7.630000,-7.630000,-7.630000,-7.630000,-8.011500,-7.630000,-8.011500,-7.630000,-8.011500,-7.630000,-7.630000,-7.630000,-7.630000,-7.630000,-8.011500,-7.248499,-7.248499,-7.248499,-7.630000,-7.248499,-7.248499,-7.248499,-7.248499,-7.248499,-7.248499,-7.248499,-7.248499,-6.867000,-7.248499,-7.248499,-7.630000,-6.867000,-6.867000,-5.341000,0.381500,-24.416000,-28.231000,32.046001,32.427501,-63.329002,-54.173000,46.161499,46.542999,-35.861000,-88.126502,5.722499,96.519500,-12.208000,-126.276504,-0.381500,126.658004,-6.104000,-155.652008,-33.953498,148.785003,59.895500,-168.623001,-130.473007,158.322509,170.912002,-147.259002,-232.714996,98.045501,233.096496,-57.225002,-269.338989,0.000000,245.304504,38.531501,-236.911499,-85.837501,178.542007,114.831504,-175.490005,-167.860000,158.704010,174.345504,-170.912002,-206.391510,164.044998,191.894500,-163.281997,-236.529998,142.299499,243.015502,-114.068504,-316.263519,71.722000,333.430999,-29.757000,-395.615509,-24.416000,396.378509,58.369499,-411.257019,-120.172500,375.395996,162.518997,-367.384490,-235.003997,337.246002,254.079010,-314.737518,-322.367492,284.980499,325.037994,-248.356506,-387.985504,210.969497,384.552001,-170.912002,-434.910003,125.513504,432.621002,-93.467498,-473.059997,37.387001,461.996521,11.063500,-481.071502,-86.600502,458.944519,135.050994,-456.655517,-221.270004,432.239501,251.408508,-406.297515,-325.419494],
	[0.000000,0.000000,0.000000,0.000000,0.000000,0.000000,0.000000,0.000000,0.000000,0.000000,0.000000,0.000000,0.000000,0.000000,0.000000,0.000000,0.000000,0.000000,0.000000,0.000000,0.000000,0.000000,0.000000,0.000000,0.000000,0.000000,0.000000,0.000000,0.000000,0.000000,0.000000,0.000000,0.000000,0.000000,0.000000,0.000000,0.000000,0.000000,0.000000,0.000000,0.000000,0.000000,0.000000,0.000000,0.000000,0.000000,0.000000,0.000000,0.000000,0.000000,0.000000,0.000000,0.000000,0.000000,0.000000,0.000000,0.000000,0.000000,0.000000,0.000000,0.000000,0.000000,0.000000,0.000000,0.000000,0.000000,0.000000,0.000000,0.000000,0.000000,0.000000,0.000000,0.000000,0.000000,0.000000,0.000000,0.000000,0.000000,0.000000,0.000000,0.000000,0.000000,0.000000,0.000000,0.000000,0.000000,0.000000,0.000000,0.000000,0.000000,0.000000,0.000000,0.000000,0.000000,0.000000,0.000000,0.000000,0.000000,0.000000,0.000000,0.000000,0.000000,0.000000,0.000000,0.000000,0.000000,0.000000,0.000000,0.000000,0.000000,0.000000,0.000000,0.000000,0.000000,0.000000,0.000000,0.000000,0.000000,0.000000,0.000000,0.000000,0.000000,0.000000,0.000000,0.000000,0.000000,0.000000,0.000000,0.000000,0.000000,0.000000,0.000000,0.000000,0.000000,0.000000,0.000000,0.000000,0.000000,0.000000,0.000000,0.000000,0.000000,0.000000,0.000000,0.000000,0.000000,0.000000,0.000000,0.000000,0.000000,0.000000,0.000000,0.000000,0.000000,0.000000,0.000000,0.000000,0.000000,0.000000,0.000000,0.000000,0.000000,0.000000,0.000000,0.000000,0.000000,0.000000,0.000000,0.000000,0.000000,0.000000,0.000000,0.000000,0.000000,0.000000,0.000000,0.000000,0.000000,0.000000,0.000000,0.000000,0.000000,0.000000,0.000000,0.000000,0.000000,0.000000,0.000000,0.000000,0.000000,0.000000,0.000000,0.000000,0.000000,0.000000,0.000000,0.000000,0.000000,0.000000,0.000000,0.000000,0.000000,0.000000,0.000000,0.000000,0.000000,0.000000,0.000000,0.000000,0.000000,0.000000,0.000000,0.000000,0.000000,0.000000,0.000000,0.000000,0.000000,0.000000,0.000000,0.000000,0.000000,0.000000,0.000000,0.000000,0.000000,0.000000,0.000000,0.000000,0.000000,0.000000,0.000000,0.000000,0.000000,0.000000,0.000000,0.000000,0.000000,0.000000,0.000000,0.000000,0.000000,0.000000,0.000000,0.000000,0.000000,0.000000,0.000000,0.000000,0.000000,0.000000,0.000000,0.000000,0.000000,0.000000,0.000000],
	[-6.714400,-6.485500,-6.409200,-6.485500,-6.409200,-6.409200,-6.561800,-6.561800,-6.561800,-6.485500,-6.485500,-6.561800,-6.638100,-6.485500,-6.638100,-6.485500,-6.561800,-6.714400,-6.867000,-6.790700,-6.714400,-6.790700,-6.714400,-6.943300,-6.867000,-6.790700,-6.561800,-6.790700,-6.790700,-6.867000,-6.867000,-6.867000,-6.790700,-6.790700,-6.943300,-6.943300,-6.790700,-6.714400,-6.638100,-6.790700,-6.714400,-6.714400,-6.714400,-6.714400,-6.485500,-6.561800,-6.561800,-6.485500,-6.485500,-6.638100,-6.561800,-6.332900,-6.409200,-6.485500,-6.561800,-6.485500,-6.332900,-6.256600,-6.180300,-6.180300,-6.180300,-6.332900,-6.332900,-6.104000,-6.180300,-6.256600,-6.256600,-6.332900,-6.180300,-6.180300,-6.104000,-6.332900,-6.332900,-6.180300,-5.951400,-6.104000,-6.256600,-6.180300,-6.104000,-6.256600,-6.180300,-6.104000,-6.256600,-6.332900,-6.332900,-6.409200,-6.409200,-6.409200,-6.485500,-6.561800,-6.638100,-6.638100,-6.638100,-6.790700,-6.714400,-6.561800,-6.561800,-6.714400,-6.790700,-6.790700,-6.714400,-6.943300,-6.867000,-6.638100,-6.714400,-6.867000,-7.019600,-6.714400,-6.638100,-6.714400,-7.019600,-6.943300,-6.790700,-6.790700,-6.790700,-6.867000,-6.561800,-6.561800,-6.790700,-6.943300,-6.790700,-6.638100,-6.714400,-7.019600,-6.790700,-6.714400,-6.714400,-7.019600,-6.867000,-6.790700,-6.790700,-6.867000,-6.790700,-6.790700,-6.943300,-7.019600,-7.095900,-3.128300,-14.268100,-4.043900,-4.578000,-8.850800,-7.477400,-6.104000,-6.409200,-7.782600,-4.806900,-9.308600,-6.943300,-3.815000,-7.935200,-10.300499,-4.043900,-6.867000,-13.123600,5.188400,1.297100,-34.869102,1.526000,10.605700,-2.746800,-27.773201,-15.412600,2.594200,20.372100,-15.565200,-39.599700,2.289000,34.182399,-17.548999,-40.973102,-7.858900,32.351200,-11.826499,-17.091199,-18.235700,-10.300499,18.540901,4.120200,-24.034500,-35.632102,23.347801,2.746800,3.967600,-33.190502,-29.604400,10.834600,51.807701,-46.314102,-50.739501,3.891300,67.067703,-25.179000,-64.092002,-21.669200,72.027198,3.967600,-68.975204,-37.921100,57.530200,32.885299,-62.642303,-52.036602,34.869102,58.598403,-58.064300,-61.955600,21.211400,73.400604,-45.474800,-67.983299,0.915600,81.869903,-32.198600,-73.248001,-13.657700,86.524200,-13.962900,-77.444503,-29.222900,77.749702,11.902800,-74.239906,-40.973102,73.476905,18.464601,-91.407402,-24.339700,80.801704,6.561800,-97.053604,-14.115500,65.770599,32.046001,-102.089401,-35.021701,66.762504,60.734802,-106.896301,-61.803001,62.794902,85.227104,-98.655906,-74.926605,47.763801,93.696403,-77.368202,-86.676803,28.002101,92.857101,-43.872501,-94.306800,12.436900,84.464103,-17.472700,-97.664001],
	[-6.485500,-6.104000,-6.104000,-6.104000,-6.104000,-6.104000,-6.104000,-5.341000,-5.722499,-5.341000,-5.722499,-5.341000,-5.341000,-4.959500,-4.959500,-5.341000,-5.341000,-4.578000,-5.341000,-4.578000,-4.196499,-4.578000,-4.578000,-4.578000,-4.578000,-4.959500,-4.578000,-4.959500,-4.959500,-4.959500,-4.578000,-4.578000,-4.196499,-4.578000,-4.578000,-4.578000,-4.196499,-4.196499,-4.578000,-4.959500,-4.578000,-4.959500,-4.578000,-4.959500,-4.578000,-4.578000,-4.959500,-4.959500,-4.959500,-5.341000,-4.959500,-5.341000,-5.722499,-5.341000,-5.722499,-6.104000,-6.104000,-6.104000,-6.485500,-6.485500,-6.485500,-6.867000,-6.485500,-6.867000,-7.248499,-7.248499,-7.248499,-7.248499,-7.248499,-6.867000,-7.248499,-6.867000,-7.248499,-7.248499,-7.248499,-6.867000,-7.248499,-7.248499,-7.248499,-7.630000,-7.248499,-7.248499,-7.630000,-7.630000,-7.248499,-8.011500,-7.630000,-7.630000,-7.630000,-8.011500,-8.392999,-8.392999,-8.774499,-8.774499,-8.774499,-9.156000,-8.774499,-8.392999,-8.774499,-9.156000,-9.156000,-9.156000,-9.537500,-9.537500,-9.537500,-9.537500,-9.919000,-9.537500,-9.537500,-9.537500,-9.919000,-9.537500,-9.919000,-10.300499,-9.919000,-9.919000,-9.919000,-9.537500,-9.919000,-9.919000,-9.537500,-9.537500,-9.537500,-9.537500,-9.156000,-9.156000,-9.156000,-9.537500,-9.537500,-9.156000,-9.537500,-9.156000,-9.537500,-9.156000,-9.537500,-9.537500,-9.537500,-9.156000,-9.156000,-9.156000,-9.156000,-9.156000,-9.156000,-9.156000,-8.774499,-8.774499,-8.774499,-8.774499,-8.774499,-8.774499,-8.392999,-8.011500,-8.011500,-8.011500,-8.392999,-8.011500,-8.392999,-8.011500,-8.011500,-7.630000,-7.630000,-7.248499,-7.248499,-7.630000,-7.630000,-7.248499,-7.248499,-7.248499,-6.867000,-6.867000,-6.867000,-6.867000,-6.867000,-6.867000,-6.867000,-6.485500,-6.485500,-6.485500,-6.485500,-6.104000,-6.104000,-5.722499,-6.104000,-6.867000,-4.578000,-6.485500,-8.774499,-4.196499,-4.196499,-7.630000,-8.392999,-5.341000,-4.196499,-5.341000,-10.300499,-5.341000,-2.289000,-6.104000,-9.537500,-3.052000,-5.341000,-9.919000,-2.670500,-1.907500,-10.682000,-8.774499,-1.144500,0.000000,-5.722499,-15.641500,-1.144500,4.578000,-7.248499,-17.167499,-4.578000,4.578000,-3.052000,-16.023000,-7.248499,0.000000,0.763000,-11.063500,-13.352499,0.763000,0.381500,-10.300499,-11.063500,-1.907500,-0.381500,-8.011500,-14.115500,0.000000,-1.526000,-11.063500,-11.444999,2.670500,-5.722499,-15.260000,-11.826499,5.722499,-2.289000,-18.312000,-17.548999,5.722499,2.289000,-18.312000,-20.219499,3.052000,4.959500,-15.260000,-21.364000,-1.526000,7.630000,-11.444999,-23.271499,-7.630000],
	[138.865997,138.865997,138.484497,138.865997,138.865997,138.865997,138.865997,138.865997,138.865997,138.484497,138.865997,138.865997,138.484497,138.865997,138.865997,138.484497,138.865997,138.865997,138.865997,138.865997,138.865997,138.865997,138.484497,139.247497,138.865997,138.865997,138.865997,139.247497,138.865997,138.865997,138.865997,139.247497,138.865997,138.865997,139.247497,138.865997,138.865997,138.865997,138.865997,138.865997,139.247497,138.865997,138.865997,139.247497,138.865997,139.247497,138.865997,138.865997,139.247497,138.865997,138.865997,138.865997,138.865997,138.865997,138.484497,138.865997,138.865997,139.247497,138.865997,139.247497,139.247497,138.865997,138.865997,139.247497,139.247497,138.865997,138.865997,139.247497,138.865997,138.865997,138.865997,138.865997,139.247497,138.865997,138.865997,138.865997,139.247497,139.247497,138.865997,138.865997,139.247497,138.865997,139.247497,138.865997,138.865997,138.865997,138.865997,139.247497,138.865997,138.865997,138.865997,138.865997,138.865997,138.865997,138.865997,138.865997,138.865997,138.865997,138.865997,138.865997,138.865997,138.865997,138.865997,138.865997,138.865997,138.865997,138.865997,138.865997,138.865997,138.865997,139.247497,138.865997,138.865997,138.865997,138.865997,139.247497,138.865997,138.865997,138.484497,138.865997,138.865997,139.247497,138.865997,139.247497,138.865997,138.865997,138.484497,138.484497,138.484497,138.865997,138.865997,138.865997,138.865997,138.865997,138.865997,138.865997,138.484497,138.484497,138.865997,138.865997,138.865997,138.484497,138.865997,138.484497,138.484497,138.865997,138.865997,138.865997,138.865997,138.865997,139.247497,138.865997,138.865997,138.865997,139.247497,138.865997,138.865997,138.865997,138.865997,139.247497,138.865997,139.247497,138.865997,138.865997,138.865997,138.865997,138.865997,138.865997,138.865997,138.865997,138.865997,138.865997,138.484497,139.247497,138.865997,140.773498,137.339996,131.236007,152.218505,140.010498,125.132003,140.773498,154.126007,131.236007,129.710006,141.536499,151.074005,136.576995,129.328506,135.813995,148.785003,145.733001,128.565506,130.854507,149.929504,148.403503,121.698501,128.947006,159.848495,150.311004,118.264999,128.184005,154.507507,149.166503,130.091506,117.120498,155.270507,157.559509,128.184005,117.883499,146.114501,160.611496,140.773498,108.346000,139.628997,165.189498,139.628997,120.554000,129.328506,156.033508,157.941009,123.606002,107.583000,158.322509,167.478500,130.473007,98.427001,154.889007,167.478500,140.773498,98.427001,138.865997,172.819503,150.692504,100.334503,128.565506,168.623001,161.374496,107.583000,111.398002,168.623001,168.623001,116.357498,101.860504,160.611496,173.201004,130.091506,93.467498,151.074005,175.108505,142.299499,92.322998,141.536499,172.056503,150.692504,101.479003]
],
"normalized" : [
	[0.008245,0.010927,0.008245,0.008245,0.008245,0.008245,0.008245,0.008245,0.005563,0.008245,0.008245,0.008245,0.008245,0.008245,0.008245,0.010927,0.010927,0.008245,0.008245,0.008245,0.008245,0.010927,0.008245,0.008245,0.010927,0.008245,0.008245,0.010927,0.008245,0.010927,0.010927,0.010927,0.010927,0.010927,0.010927,0.010927,0.008245,0.010927,0.013609,0.013609,0.013609,0.013609,0.010927,0.013609,0.013609,0.013609,0.013609,0.016291,0.016291,0.016291,0.013609,0.013609,0.010927,0.013609,0.013609,0.013609,0.013609,0.013609,0.010927,0.013609,0.010927,0.010927,0.010927,0.010927,0.010927,0.010927,0.010927,0.010927,0.010927,0.008245,0.008245,0.010927,0.010927,0.008245,0.008245,0.008245,0.010927,0.008245,0.010927,0.010927,0.010927,0.010927,0.008245,0.008245,0.010927,0.010927,0.008245,0.010927,0.008245,0.010927,0.010927,0.010927,0.008245,0.010927,0.010927,0.010927,0.010927,0.008245,0.010927,0.010927,0.010927,0.008245,0.008245,0.010927,0.010927,0.008245,0.008245,0.010927,0.008245,0.010927,0.005563,0.010927,0.008245,0.008245,0.008245,0.008245,0.005563,0.008245,0.008245,0.008245,0.008245,0.008245,0.008245,0.008245,0.005563,0.008245,0.008245,0.008245,0.008245,0.008245,0.008245,0.005563,0.008245,0.005563,0.008245,0.005563,0.008245,0.008245,0.008245,0.008245,0.008245,0.005563,0.010927,0.010927,0.010927,0.008245,0.010927,0.010927,0.010927,0.010927,0.010927,0.010927,0.010927,0.010927,0.013609,0.010927,0.010927,0.008245,0.013609,0.013609,0.024337,0.064567,-0.109764,-0.136584,0.287176,0.289858,-0.383331,-0.318962,0.386411,0.389093,-0.190224,-0.557662,0.102116,0.740438,-0.023939,-0.825865,0.059203,0.952319,0.018973,-1.032381,-0.176814,1.107876,0.482964,-1.123570,-0.855368,1.174927,1.263434,-0.973377,-1.574151,0.751166,1.700604,-0.340418,-1.831626,0.061885,1.786429,0.332770,-1.603653,-0.541570,1.317075,0.869176,-1.171847,-1.118206,1.177609,1.287572,-1.139662,-1.389091,1.215157,1.410945,-1.086022,-1.600971,1.062282,1.770337,-0.740040,-2.161515,0.566107,2.405978,-0.147312,-2.719377,-0.109764,2.848513,0.472236,-2.829340,-0.782953,2.701001,1.204429,-2.520907,-1.590243,2.432798,1.848116,-2.150787,-2.204428,2.065361,2.346973,-1.684114,-2.665736,1.545047,2.765370,-1.139662,-2.995626,0.944273,3.103305,-0.595211,-3.263829,0.324724,3.309822,0.139664,-3.320152,-0.546934,3.288366,1.011323,-3.148502,-1.493690,3.100623,1.829342,-2.794474,-2.225884],
	[0.000000,0.000000,0.000000,0.000000,0.000000,0.000000,0.000000,0.000000,0.000000,0.000000,0.000000,0.000000,0.000000,0.000000,0.000000,0.000000,0.000000,0.000000,0.000000,0.000000,0.000000,0.000000,0.000000,0.000000,0.000000,0.000000,0.000000,0.000000,0.000000,0.000000,0.000000,0.000000,0.000000,0.000000,0.000000,0.000000,0.000000,0.000000,0.000000,0.000000,0.000000,0.000000,0.000000,0.000000,0.000000,0.000000,0.000000,0.000000,0.000000,0.000000,0.000000,0.000000,0.000000,0.000000,0.000000,0.000000,0.000000,0.000000,0.000000,0.000000,0.000000,0.000000,0.000000,0.000000,0.000000,0.000000,0.000000,0.000000,0.000000,0.000000,0.000000,0.000000,0.000000,0.000000,0.000000,0.000000,0.000000,0.000000,0.000000,0.000000,0.000000,0.000000,0.000000,0.000000,0.000000,0.000000,0.000000,0.000000,0.000000,0.000000,0.000000,0.000000,0.000000,0.000000,0.000000,0.000000,0.000000,0.000000,0.000000,0.000000,0.000000,0.000000,0.000000,0.000000,0.000000,0.000000,0.000000,0.000000,0.000000,0.000000,0.000000,0.000000,0.000000,0.000000,0.000000,0.000000,0.000000,0.000000,0.000000,0.000000,0.000000,0.000000,0.000000,0.000000,0.000000,0.000000,0.000000,0.000000,0.000000,0.000000,0.000000,0.000000,0.000000,0.000000,0.000000,0.000000,0.000000,0.000000,0.000000,0.000000,0.000000,0.000000,0.000000,0.000000,0.000000,0.000000,0.000000,0.000000,0.000000,0.000000,0.000000,0.000000,0.000000,0.000000,0.000000,0.000000,0.000000,0.000000,0.000000,0.000000,0.000000,0.000000,0.000000,0.000000,0.000000,0.000000,0.000000,0.000000,0.000000,0.000000,0.000000,0.000000,0.000000,0.000000,0.000000,0.000000,0.000000,0.000000,0.000000,0.000000,0.000000,0.000000,0.000000,0.000000,0.000000,0.000000,0.000000,0.000000,0.000000,0.000000,0.000000,0.000000,0.000000,0.000000,0.000000,0.000000,0.000000,0.000000,0.000000,0.000000,0.000000,0.000000,0.000000,0.000000,0.000000,0.000000,0.000000,0.000000,0.000000,0.000000,0.000000,0.000000,0.000000,0.000000,0.000000,0.000000,0.000000,0.000000,0.000000,0.000000,0.000000,0.000000,0.000000,0.000000,0.000000,0.000000,0.000000,0.000000,0.000000,0.000000,0.000000,0.000000,0.000000,0.000000,0.000000,0.000000,0.000000,0.000000,0.000000,0.000000,0.000000,0.000000,0.000000,0.000000,0.000000,0.000000,0.000000,0.000000,0.000000,0.000000,0.000000,0.000000,0.000000,0.000000,0.000000,0.000000],
	[0.001983,0.008969,0.011298,0.008969,0.011298,0.011298,0.006640,0.006640,0.006640,0.008969,0.008969,0.006640,0.004311,0.008969,0.004311,0.008969,0.006640,0.001983,-0.002674,-0.000345,0.001983,-0.000345,0.001983,-0.005003,-0.002674,-0.000345,0.006640,-0.000345,-0.000345,-0.002674,-0.002674,-0.002674,-0.000345,-0.000345,-0.005003,-0.005003,-0.000345,0.001983,0.004311,-0.000345,0.001983,0.001983,0.001983,0.001983,0.008969,0.006640,0.006640,0.008969,0.008969,0.004311,0.006640,0.013627,0.011298,0.008969,0.006640,0.008969,0.013627,0.015955,0.018284,0.018284,0.018284,0.013627,0.013627,0.020613,0.018284,0.015955,0.015955,0.013627,0.018284,0.018284,0.020613,0.013627,0.013627,0.018284,0.025270,0.020613,0.015955,0.018284,0.020613,0.015955,0.018284,0.020613,0.015955,0.013627,0.013627,0.011298,0.011298,0.011298,0.008969,0.006640,0.004311,0.004311,0.004311,-0.000345,0.001983,0.006640,0.006640,0.001983,-0.000345,-0.000345,0.001983,-0.005003,-0.002674,0.004311,0.001983,-0.002674,-0.007332,0.001983,0.004311,0.001983,-0.007332,-0.005003,-0.000345,-0.000345,-0.000345,-0.002674,0.006640,0.006640,-0.000345,-0.005003,-0.000345,0.004311,0.001983,-0.007332,-0.000345,0.001983,0.001983,-0.007332,-0.002674,-0.000345,-0.000345,-0.002674,-0.000345,-0.000345,-0.005003,-0.007332,-0.009660,0.111436,-0.228566,0.083490,0.067189,-0.063222,-0.021304,0.020613,0.011298,-0.030619,0.060202,-0.077195,-0.005003,0.090476,-0.035277,-0.107469,0.083490,-0.002674,-0.193634,0.365273,0.246505,-0.857339,0.253492,0.530617,0.123079,-0.640762,-0.263498,0.286095,0.828702,-0.268156,-1.001724,0.276779,1.250212,-0.328704,-1.043642,-0.032948,1.194321,-0.154045,-0.314731,-0.349663,-0.107469,0.772811,0.332670,-0.526651,-0.880627,0.919525,0.290752,0.328013,-0.806105,-0.696652,0.537604,1.788162,-1.206657,-1.341726,0.325684,2.253919,-0.561583,-1.749264,-0.454459,2.405290,0.328013,-1.898306,-0.950490,1.962821,1.210623,-1.705017,-1.381316,1.271171,1.995424,-1.565290,-1.684058,0.854319,2.447209,-1.181040,-1.868032,0.234861,2.705704,-0.775831,-2.028718,-0.209936,2.847760,-0.219251,-2.156802,-0.685008,2.579949,0.570207,-2.058993,-1.043642,2.449538,0.770482,-2.582970,-0.535966,2.673101,0.407191,-2.755300,-0.223909,2.214330,1.185006,-2.909000,-0.861996,2.244604,2.060630,-3.055713,-1.679400,2.123507,2.808171,-2.804204,-2.079952,1.664736,3.066666,-2.154473,-2.438585,1.061581,3.041049,-1.132135,-2.671463,0.586508,2.784883,-0.326375,-2.773930],
	[0.121062,0.215550,0.215550,0.215550,0.215550,0.215550,0.215550,0.404526,0.310038,0.404526,0.310038,0.404526,0.404526,0.499014,0.499014,0.404526,0.404526,0.593503,0.404526,0.593503,0.687991,0.593503,0.593503,0.593503,0.593503,0.499014,0.593503,0.499014,0.499014,0.499014,0.593503,0.593503,0.687991,0.593503,0.593503,0.593503,0.687991,0.687991,0.593503,0.499014,0.593503,0.499014,0.593503,0.499014,0.593503,0.593503,0.499014,0.499014,0.499014,0.404526,0.499014,0.404526,0.310038,0.404526,0.310038,0.215550,0.215550,0.215550,0.121062,0.121062,0.121062,0.026573,0.121062,0.026573,-0.067914,-0.067914,-0.067914,-0.067914,-0.067914,0.026573,-0.067914,0.026573,-0.067914,-0.067914,-0.067914,0.026573,-0.067914,-0.067914,-0.067914,-0.162402,-0.067914,-0.067914,-0.162402,-0.162402,-0.067914,-0.256890,-0.162402,-0.162402,-0.162402,-0.256890,-0.351378,-0.351378,-0.445867,-0.445867,-0.445867,-0.540355,-0.445867,-0.351378,-0.445867,-0.540355,-0.540355,-0.540355,-0.634843,-0.634843,-0.634843,-0.634843,-0.729332,-0.634843,-0.634843,-0.634843,-0.729332,-0.634843,-0.729332,-0.823820,-0.729332,-0.729332,-0.729332,-0.634843,-0.729332,-0.729332,-0.634843,-0.634843,-0.634843,-0.634843,-0.540355,-0.540355,-0.540355,-0.634843,-0.634843,-0.540355,-0.634843,-0.540355,-0.634843,-0.540355,-0.634843,-0.634843,-0.634843,-0.540355,-0.540355,-0.540355,-0.540355,-0.540355,-0.540355,-0.540355,-0.445867,-0.445867,-0.445867,-0.445867,-0.445867,-0.445867,-0.351378,-0.256890,-0.256890,-0.256890,-0.351378,-0.256890,-0.351378,-0.256890,-0.256890,-0.162402,-0.162402,-0.067914,-0.067914,-0.162402,-0.162402,-0.067914,-0.067914,-0.067914,0.026573,0.026573,0.026573,0.026573,0.026573,0.026573,0.026573,0.121062,0.121062,0.121062,0.121062,0.215550,0.215550,0.310038,0.215550,0.026573,0.593503,0.121062,-0.445867,0.687991,0.687991,-0.162402,-0.351378,0.404526,0.687991,0.404526,-0.823820,0.404526,1.160432,0.215550,-0.634843,0.971456,0.404526,-0.729332,1.065944,1.254920,-0.918308,-0.445867,1.443897,1.727362,0.310038,-2.146655,1.443897,2.861220,-0.067914,-2.524608,0.593503,2.861220,0.971456,-2.241143,-0.067914,1.727362,1.916338,-1.012796,-1.579726,1.916338,1.821850,-0.823820,-1.012796,1.254920,1.632873,-0.256890,-1.768702,1.727362,1.349409,-1.012796,-1.107284,2.388779,0.310038,-2.052167,-1.201773,3.144685,1.160432,-2.808073,-2.619096,3.144685,2.294291,-2.808073,-3.280514,2.483267,2.955709,-2.052167,-3.563978,1.349409,3.617126,-1.107284,-4.036419,-0.162402],
	[0.001918,0.001918,-0.030715,0.001918,0.001918,0.001918,0.001918,0.001918,0.001918,-0.030715,0.001918,0.001918,-0.030715,0.001918,0.001918,-0.030715,0.001918,0.001918,0.001918,0.001918,0.001918,0.001918,-0.030715,0.034552,0.001918,0.001918,0.001918,0.034552,0.001918,0.001918,0.001918,0.034552,0.001918,0.001918,0.034552,0.001918,0.001918,0.001918,0.001918,0.001918,0.034552,0.001918,0.001918,0.034552,0.001918,0.034552,0.001918,0.001918,0.034552,0.001918,0.001918,0.001918,0.001918,0.001918,-0.030715,0.001918,0.001918,0.034552,0.001918,0.034552,0.034552,0.001918,0.001918,0.034552,0.034552,0.001918,0.001918,0.034552,0.001918,0.001918,0.001918,0.001918,0.034552,0.001918,0.001918,0.001918,0.034552,0.034552,0.001918,0.001918,0.034552,0.001918,0.034552,0.001918,0.001918,0.001918,0.001918,0.034552,0.001918,0.001918,0.001918,0.001918,0.001918,0.001918,0.001918,0.001918,0.001918,0.001918,0.001918,0.001918,0.001918,0.001918,0.001918,0.001918,0.001918,0.001918,0.001918,0.001918,0.001918,0.001918,0.034552,0.001918,0.001918,0.001918,0.001918,0.034552,0.001918,0.001918,-0.030715,0.001918,0.001918,0.034552,0.001918,0.034552,0.001918,0.001918,-0.030715,-0.030715,-0.030715,0.001918,0.001918,0.001918,0.001918,0.001918,0.001918,0.001918,-0.030715,-0.030715,0.001918,0.001918,0.001918,-0.030715,0.001918,-0.030715,-0.030715,0.001918,0.001918,0.001918,0.001918,0.001918,0.034552,0.001918,0.001918,0.001918,0.034552,0.001918,0.001918,0.001918,0.001918,0.034552,0.001918,0.034552,0.001918,0.001918,0.001918,0.001918,0.001918,0.001918,0.001918,0.001918,0.001918,0.001918,-0.030715,0.034552,0.001918,0.165089,-0.128617,-0.650761,1.144110,0.099820,-1.172905,0.165089,1.307280,-0.650761,-0.781297,0.230357,1.046208,-0.193885,-0.813931,-0.259153,0.850404,0.589331,-0.879199,-0.683395,0.948306,0.817770,-1.466612,-0.846565,1.796790,0.980940,-1.760318,-0.911833,1.339914,0.883038,-0.748663,-1.858220,1.405182,1.600987,-0.911833,-1.792952,0.621965,1.862058,0.165089,-2.608803,0.067186,2.253667,0.067186,-1.564514,-0.813931,1.470451,1.633621,-1.303442,-2.674071,1.666255,2.449471,-0.716029,-3.457288,1.372548,2.449471,0.165089,-3.457288,0.001918,2.906348,1.013574,-3.294117,-0.879199,2.547373,1.927326,-2.674071,-2.347731,2.547373,2.547373,-1.923489,-3.163581,1.862058,2.938982,-0.748663,-3.881531,1.046208,3.102152,0.295625,-3.979433,0.230357,2.841079,1.013574,-3.196215]
],
"cwt" : [
	[0.702177,0.410705,0.201598,0.081925,0.027666,0.007825,0.001712,0.000334,0.000407,0.000690,0.000551,0.000261,0.000103,0.000262,0.000687,0.000887,0.000701,0.000389,0.000332,0.000454,0.000616,0.000539,0.000355,0.000548,0.000524,0.000286,0.000370,0.000285,0.000091,0.000361,0.000335,0.000114,0.000129,0.000332,0.000470,0.000547,0.000727,0.000868,0.000727,0.000413,0.000315,0.000354,0.000453,0.000546,0.000448,0.000329,0.000482,0.000613,0.000570,0.000412,0.000317,0.000349,0.000441,0.000477,0.000324,0.000118,0.000230,0.000220,0.000234,0.000323,0.000282,0.000202,0.000182,0.000130,0.000062,0.000057,0.000228,0.000439,0.000606,0.000727,0.000851,0.000920,0.000857,0.000717,0.000611,0.000532,0.000382,0.000256,0.000321,0.000364,0.000446,0.000581,0.000695,0.000784,0.000765,0.000566,0.000288,0.000111,0.000246,0.000482,0.000615,0.000598,0.000545,0.000521,0.000475,0.000458,0.000500,0.000568,0.000670,0.000752,0.000792,0.000816,0.000873,0.000930,0.000885,0.000742,0.000620,0.000551,0.000515,0.000498,0.000491,0.000489,0.000369,0.000156,0.000268,0.000413,0.000463,0.000456,0.000365,0.000210,0.000122,0.000215,0.000365,0.000456,0.000478,0.000455,0.000348,0.000160,0.000135,0.000270,0.000303,0.000242,0.000180,0.000157,0.000176,0.000235,0.000281,0.000212,0.000177,0.000403,0.000654,0.000878,0.001009,0.000971,0.000805,0.000628,0.000512,0.000380,0.000195,0.000029,0.000118,0.000188,0.000289,0.000485,0.000636,0.000548,0.000411,0.002294,0.007194,0.017158,0.034076,0.058761,0.090498,0.126807,0.163613,0.196287,0.221417,0.238344,0.249773,0.260995,0.277253,0.300497,0.328748,0.358575,0.387688,0.415644,0.442922,0.469830,0.496477,0.523486,0.552437,0.585530,0.624530,0.669467,0.718007,0.766061,0.809169,0.843913,0.868926,0.885091,0.894526,0.898788,0.897720,0.889936,0.874415,0.851975,0.826033,0.802342,0.787228,0.784658,0.794293,0.812368,0.834265,0.856320,0.876378,0.893911,0.909894,0.926205,0.944858,0.967576,0.995869,1.031037,1.073528,1.122287,1.175119,1.229559,1.282940,1.331935,1.372996,1.403699,1.423729,1.434875,1.440435,1.444257,1.449348,1.456733,1.465780,1.475621,1.485877,1.496198,1.505946,1.514724,1.522824,1.530833,1.539039,1.547482,1.556430,1.566543,1.578488,1.592333,1.607219,1.621749,1.634854,1.646174,1.655707,1.663675,1.670919,1.678748,1.687818,1.697132,1.702930,1.694655,1.649128,1.533126,1.322781,1.028737],
	[0.000000,0.000000,0.000000,0.000000,0.000000,0.000000,0.000000,0.000000,0.000000,0.000000,0.000000,0.000000,0.000000,0.000000,0.000000,0.000000,0.000000,0.000000,0.000000,0.000000,0.000000,0.000000,0.000000,0.000000,0.000000,0.000000,0.000000,0.000000,0.000000,0.000000,0.000000,0.000000,0.000000,0.000000,0.000000,0.000000,0.000000,0.000000,0.000000,0.000000,0.000000,0.000000,0.000000,0.000000,0.000000,0.000000,0.000000,0.000000,0.000000,0.000000,0.000000,0.000000,0.000000,0.000000,0.000000,0.000000,0.000000,0.000000,0.000000,0.000000,0.000000,0.000000,0.000000,0.000000,0.000000,0.000000,0.000000,0.000000,0.000000,0.000000,0.000000,0.000000,0.000000,0.000000,0.000000,0.000000,0.000000,0.000000,0.000000,0.000000,0.000000,0.000000,0.000000,0.000000,0.000000,0.000000,0.000000,0.000000,0.000000,0.000000,0.000000,0.000000,0.000000,0.000000,0.000000,0.000000,0.000000,0.000000,0.000000,0.000000,0.000000,0.000000,0.000000,0.000000,0.000000,0.000000,0.000000,0.000000,0.000000,0.000000,0.000000,0.000000,0.000000,0.000000,0.000000,0.000000,0.000000,0.000000,0.000000,0.000000,0.000000,0.000000,0.000000,0.000000,0.000000,0.000000,0.000000,0.000000,0.000000,0.000000,0.000000,0.000000,0.000000,0.000000,0.000000,0.000000,0.000000,0.000000,0.000000,0.000000,0.000000,0.000000,0.000000,0.000000,0.000000,0.000000,0.000000,0.000000,0.000000,0.000000,0.000000,0.000000,0.000000,0.000000,0.000000,0.000000,0.000000,0.000000,0.000000,0.000000,0.000000,0.000000,0.000000,0.000000,0.000000,0.000000,0.000000,0.000000,0.000000,0.000000,0.000000,0.000000,0.000000,0.000000,0.000000,0.000000,0.000000,0.000000,0.000000,0.000000,0.000000,0.000000,0.000000,0.000000,0.000000,0.000000,0.000000,0.000000,0.000000,0.000000,0.000000,0.000000,0.000000,0.000000,0.000000,0.000000,0.000000,0.000000,0.000000,0.000000,0.000000,0.000000,0.000000,0.000000,0.000000,0.000000,0.000000,0.000000,0.000000,0.000000,0.000000,0.000000,0.000000,0.000000,0.000000,0.000000,0.000000,0.000000,0.000000,0.000000,0.000000,0.000000,0.000000,0.000000,0.000000,0.000000,0.000000,0.000000,0.000000,0.000000,0.000000,0.000000,0.000000,0.000000,0.000000,0.000000,0.000000,0.000000,0.000000,0.000000,0.000000,0.000000,0.000000,0.000000,0.000000,0.000000,0.000000,0.000000,0.000000,0.000000,0.000000,0.000000,0.000000,0.000000,0.000000,0.000000],
	[0.699259,0.431380,0.221783,0.093344,0.032218,0.009552,0.002670,0.001039,0.000887,0.001055,0.000967,0.000622,0.000473,0.000307,0.000408,0.001116,0.001483,0.001463,0.001395,0.001250,0.000851,0.000739,0.001086,0.001420,0.001742,0.001947,0.001728,0.001178,0.000682,0.000320,0.000409,0.000845,0.001066,0.001189,0.001398,0.001519,0.001394,0.001229,0.001016,0.000723,0.000469,0.000320,0.000676,0.001085,0.001038,0.000646,0.000631,0.001002,0.001326,0.001630,0.001862,0.001887,0.001670,0.001349,0.001180,0.001114,0.000836,0.000448,0.000429,0.000815,0.001213,0.001446,0.001600,0.001599,0.001293,0.000806,0.000599,0.000784,0.001047,0.001388,0.001738,0.001967,0.002204,0.002476,0.002497,0.002109,0.001568,0.001210,0.000966,0.000751,0.000930,0.001131,0.000987,0.000536,0.000098,0.000119,0.000291,0.000489,0.000641,0.000618,0.000502,0.000621,0.001025,0.001380,0.001563,0.001656,0.001652,0.001460,0.001176,0.001085,0.001402,0.001840,0.002137,0.002349,0.002551,0.002686,0.002746,0.002803,0.002819,0.002709,0.002472,0.002128,0.001728,0.001491,0.001631,0.002069,0.002493,0.002707,0.002763,0.002733,0.002660,0.002637,0.002674,0.002649,0.002518,0.002390,0.002310,0.002123,0.001731,0.001276,0.000969,0.001105,0.002170,0.004779,0.009987,0.018551,0.029799,0.041007,0.048358,0.049302,0.044197,0.035527,0.025718,0.015868,0.006077,0.004397,0.014219,0.023463,0.031010,0.035563,0.035793,0.033084,0.041442,0.075787,0.129023,0.189554,0.245330,0.285972,0.306331,0.308839,0.302849,0.301216,0.315905,0.352100,0.404043,0.459731,0.508720,0.544634,0.563942,0.564825,0.545957,0.504548,0.437341,0.348339,0.260716,0.221628,0.252611,0.311620,0.364640,0.396464,0.397066,0.367614,0.334860,0.349152,0.431969,0.552747,0.675856,0.779172,0.854693,0.907225,0.946608,0.978473,1.004248,1.026750,1.048727,1.067309,1.077226,1.079234,1.079378,1.080441,1.080753,1.081801,1.089346,1.104893,1.122764,1.137828,1.150374,1.161444,1.169044,1.172561,1.176230,1.183854,1.193758,1.202885,1.212048,1.222553,1.230803,1.231939,1.227090,1.221761,1.218536,1.217094,1.219877,1.231122,1.250492,1.272566,1.292505,1.308582,1.319116,1.321595,1.318100,1.318485,1.332906,1.362357,1.401529,1.447794,1.500628,1.554961,1.602643,1.639708,1.666331,1.681075,1.681738,1.671331,1.656471,1.638950,1.614899,1.583603,1.550680,1.520072,1.488842,1.451750,1.402045,1.322263,1.183610,0.968865],
	[0.623846,0.316799,0.128965,0.041509,0.011161,0.016339,0.024063,0.024050,0.017287,0.010749,0.009844,0.013772,0.020810,0.028470,0.030947,0.028207,0.025014,0.020183,0.023306,0.035621,0.037485,0.025814,0.012602,0.011430,0.009684,0.007043,0.013508,0.016401,0.015276,0.013793,0.013485,0.017796,0.022878,0.023414,0.022563,0.026393,0.033261,0.036011,0.030343,0.019724,0.012832,0.010551,0.008788,0.010023,0.017955,0.021143,0.013733,0.001768,0.004181,0.008258,0.018748,0.022098,0.017788,0.021635,0.026100,0.020191,0.011667,0.012607,0.010038,0.001553,0.007191,0.010858,0.019100,0.025673,0.022526,0.011745,0.002718,0.006418,0.006922,0.005690,0.002087,0.009882,0.017845,0.020006,0.018743,0.017550,0.012754,0.005739,0.012790,0.017488,0.019915,0.023522,0.021681,0.016838,0.021676,0.025913,0.024275,0.023407,0.024124,0.021051,0.011894,0.004064,0.004774,0.005447,0.020203,0.031653,0.035859,0.037160,0.036108,0.028240,0.015421,0.012761,0.017386,0.014512,0.010678,0.018286,0.023226,0.020520,0.017012,0.017802,0.015696,0.016188,0.025660,0.027303,0.016267,0.004300,0.009192,0.015094,0.023359,0.025622,0.019750,0.015296,0.018499,0.021088,0.020466,0.020184,0.023028,0.025204,0.020813,0.011252,0.006258,0.007666,0.008191,0.009464,0.016060,0.021941,0.021667,0.015722,0.008766,0.005860,0.002852,0.004000,0.012251,0.016816,0.014360,0.007903,0.003430,0.004045,0.012850,0.021845,0.025337,0.023007,0.018670,0.014988,0.010747,0.002953,0.006124,0.010310,0.006782,0.004824,0.015410,0.023184,0.026404,0.027858,0.026371,0.018287,0.008276,0.012200,0.014628,0.009803,0.003463,0.002100,0.003868,0.010112,0.016408,0.017907,0.014764,0.012794,0.014929,0.021583,0.034187,0.048231,0.070123,0.109266,0.159119,0.211963,0.261375,0.296207,0.310384,0.310712,0.310027,0.318908,0.341812,0.375399,0.409873,0.429626,0.420808,0.384108,0.336363,0.304651,0.323977,0.403253,0.505332,0.596416,0.668369,0.728659,0.794076,0.882679,0.995568,1.116041,1.221930,1.295525,1.332857,1.341647,1.328860,1.294842,1.239032,1.168410,1.100882,1.059067,1.052301,1.064488,1.069307,1.050105,1.005365,0.948353,0.900724,0.878665,0.881956,0.896716,0.909796,0.917223,0.921704,0.934157,0.973333,1.049276,1.153032,1.270919,1.395640,1.521461,1.640330,1.744920,1.830930,1.896528,1.941627,1.967184,1.975012,1.968936,1.955778,1.942741,1.930263,1.903486,1.828539,1.662242,1.380019,1.007686],
	[0.787230,0.485012,0.248544,0.103994,0.035372,0.009143,0.000587,0.003709,0.005128,0.005887,0.006024,0.005593,0.005453,0.005525,0.005668,0.005998,0.005572,0.003740,0.001423,0.001733,0.003996,0.006516,0.008377,0.008721,0.008062,0.007745,0.008016,0.008098,0.007866,0.007761,0.007671,0.007095,0.006338,0.006189,0.006149,0.005182,0.003065,0.000983,0.003134,0.005197,0.006078,0.005912,0.005093,0.003636,0.002569,0.003639,0.005009,0.005938,0.006279,0.005798,0.004849,0.004354,0.004923,0.006151,0.007011,0.006937,0.006004,0.004447,0.004253,0.006595,0.008868,0.010240,0.010959,0.011113,0.010587,0.009537,0.008423,0.007439,0.006313,0.005287,0.005314,0.006332,0.007380,0.008084,0.008650,0.009368,0.010072,0.010056,0.008852,0.006700,0.004049,0.001689,0.002469,0.003754,0.004180,0.004792,0.005882,0.006376,0.005601,0.003929,0.002217,0.001008,0.000348,0.000086,0.000042,0.000036,0.000030,0.000034,0.000029,0.000034,0.000028,0.000034,0.000025,0.000038,0.000124,0.000350,0.000963,0.002223,0.003977,0.005589,0.006333,0.005951,0.005054,0.004978,0.006024,0.006964,0.007182,0.007110,0.006997,0.006484,0.005342,0.003397,0.001312,0.002509,0.003681,0.004287,0.005200,0.006040,0.006270,0.005521,0.003971,0.002525,0.002045,0.002829,0.004739,0.007135,0.008932,0.009404,0.008778,0.007570,0.005759,0.003438,0.003191,0.005635,0.007138,0.006768,0.005402,0.004613,0.005120,0.006322,0.007279,0.007714,0.007872,0.007812,0.007285,0.006211,0.004969,0.004166,0.003697,0.002487,0.000565,0.002403,0.003427,0.002920,0.001828,0.000963,0.000444,0.000365,0.001079,0.002496,0.004728,0.009171,0.019993,0.043713,0.086838,0.152368,0.236595,0.328657,0.414356,0.482359,0.527921,0.551655,0.556352,0.545951,0.526264,0.504002,0.483863,0.468147,0.460262,0.465353,0.485039,0.515329,0.552445,0.597683,0.655052,0.725052,0.800771,0.869355,0.917113,0.934837,0.922167,0.890630,0.862221,0.859034,0.887246,0.931736,0.969594,0.987901,0.990720,0.993425,1.010780,1.046295,1.087909,1.113512,1.104902,1.061184,1.002259,0.960263,0.963844,1.023398,1.125882,1.243113,1.348333,1.429205,1.486741,1.523682,1.539230,1.536911,1.530593,1.534996,1.551485,1.569913,1.582170,1.587281,1.587577,1.588467,1.599798,1.628089,1.666788,1.701715,1.725445,1.740181,1.749124,1.753221,1.756063,1.763043,1.773216,1.779160,1.776639,1.767247,1.749578,1.713866,1.646144,1.530734,1.349755,1.094472]
],
"envelope_edge" : [
	[0.015794,0.014998,0.013650,0.012186,0.010904,0.009892,0.009105,0.008476,0.007957,0.007517,0.007133,0.006790,0.006480,0.006198,0.005942,0.005710,0.005495,0.005292,0.005102,0.004923,0.004757,0.004601,0.004452,0.004310,0.004177,0.004048,0.003925,0.003809,0.003695,0.003586,0.003485,0.003384,0.003286,0.003192,0.003103,0.003016,0.002932,0.002852,0.002775,0.002698,0.002621,0.002547,0.002476,0.002407,0.002340,0.002273,0.002208,0.002145,0.002085,0.002024,0.001964,0.001905,0.001848,0.001792,0.001738,0.001682,0.001628,0.001575,0.001523,0.001472,0.001422,0.001372,0.001322,0.001274,0.001225,0.001176,0.001128,0.001082,0.001036,0.000991,0.000947,0.000904,0.000861,0.000818,0.000775,0.000732,0.000689,0.000645,0.000602,0.000559,0.000516,0.000475,0.000433,0.000393,0.000353,0.000314,0.000272,0.000229,0.000186,0.000145,0.000105,0.000065,0.000025,-0.000015,-0.000056,-0.000097,-0.000139,-0.000180,-0.000221,-0.000262,-0.000302,-0.000343,-0.000384,-0.000425,-0.000466,-0.000507,-0.000550,-0.000592,-0.000636,-0.000679,-0.000722,-0.000766,-0.000809,-0.000855,-0.000902,-0.000947,-0.000993,-0.001038,-0.001085,-0.001132,-0.001182,-0.001232,-0.001281,-0.001331,-0.001381,-0.001432,-0.001483,-0.001537,-0.001593,-0.001648,-0.001704,-0.001761,-0.001820,-0.001881,-0.001942,-0.002005,-0.002070,-0.002135,-0.002205,-0.002275,-0.002347,-0.002419,-0.002494,-0.002570,-0.002650,-0.002735,-0.002823,-0.002915,-0.003011,-0.003114,-0.003222,-0.003335,-0.003457,-0.003585,-0.003724,-0.003876,-0.004052,-0.004258,-0.004490,-0.004747,-0.005013,-0.005267,-0.005482,-0.005636,-0.005717,-0.005733,-0.005715,-0.005702,-0.005733,-0.005822,-0.005954,-0.006090,-0.006198,-0.006270,-0.006316,-0.006349,-0.006376,-0.006400,-0.006425,-0.006456,-0.006499,-0.006547,-0.006582,-0.006574,-0.006497,-0.006337,-0.006100,-0.005807,-0.005490,-0.005175,-0.004877,-0.004594,-0.004322,-0.004067,-0.003848,-0.003696,-0.003640,-0.003689,-0.003829,-0.004012,-0.004187,-0.004319,-0.004396,-0.004430,-0.004436,-0.004436,-0.004449,-0.004483,-0.004539,-0.004612,-0.004693,-0.004768,-0.004813,-0.004808,-0.004735,-0.004587,-0.004358,-0.004050,-0.003676,-0.003266,-0.002853,-0.002468,-0.002130,-0.001841,-0.001588,-0.001350,-0.001113,-0.000871,-0.000624,-0.000369,-0.000106,0.000161,0.000429,0.000697,0.000967,0.001240,0.001517,0.001799,0.002093,0.002410,0.002761,0.003150,0.003574,0.004031,0.004519,0.005037,0.005590,0.006190,0.006866,0.007660,0.008633,0.009860,0.011386,0.013107,0.014696,0.015699],
	[0.000000,0.000000,0.000000,0.000000,0.000000,0.000000,0.000000,0.000000,0.000000,0.000000,0.000000,0.000000,0.000000,0.000000,0.000000,0.000000,0.000000,0.000000,0.000000,0.000000,0.000000,0.000000,0.000000,0.000000,0.000000,0.000000,0.000000,0.000000,0.000000,0.000000,0.000000,0.000000,0.000000,0.000000,0.000000,0.000000,0.000000,0.000000,0.000000,0.000000,0.000000,0.000000,0.000000,0.000000,0.000000,0.000000,0.000000,0.000000,0.000000,0.000000,0.000000,0.000000,0.000000,0.000000,0.000000,0.000000,0.000000,0.000000,0.000000,0.000000,0.000000,0.000000,0.000000,0.000000,0.000000,0.000000,0.000000,0.000000,0.000000,0.000000,0.000000,0.000000,0.000000,0.000000,0.000000,0.000000,0.000000,0.000000,0.000000,0.000000,0.000000,0.000000,0.000000,0.000000,0.000000,0.000000,0.000000,0.000000,0.000000,0.000000,0.000000,0.000000,0.000000,0.000000,0.000000,0.000000,0.000000,0.000000,0.000000,0.000000,0.000000,0.000000,0.000000,0.000000,0.000000,0.000000,0.000000,0.000000,0.000000,0.000000,0.000000,0.000000,0.000000,0.000000,0.000000,0.000000,0.000000,0.000000,0.000000,0.000000,0.000000,0.000000,0.000000,0.000000,0.000000,0.000000,0.000000,0.000000,0.000000,0.000000,0.000000,0.000000,0.000000,0.000000,0.000000,0.000000,0.000000,0.000000,0.000000,0.000000,0.000000,0.000000,0.000000,0.000000,0.000000,0.000000,0.000000,0.000000,0.000000,0.000000,0.000000,0.000000,0.000000,0.000000,0.000000,0.000000,0.000000,0.000000,0.000000,0.000000,0.000000,0.000000,0.000000,0.000000,0.000000,0.000000,0.000000,0.000000,0.000000,0.000000,0.000000,0.000000,0.000000,0.000000,0.000000,0.000000,0.000000,0.000000,0.000000,0.000000,0.000000,0.000000,0.000000,0.000000,0.000000,0.000000,0.000000,0.000000,0.000000,0.000000,0.000000,0.000000,0.000000,0.000000,0.000000,0.000000,0.000000,0.000000,0.000000,0.000000,0.000000,0.000000,0.000000,0.000000,0.000000,0.000000,0.000000,0.000000,0.000000,0.000000,0.000000,0.000000,0.000000,0.000000,0.000000,0.000000,0.000000,0.000000,0.000000,0.000000,0.000000,0.000000,0.000000,0.000000,0.000000,0.000000,0.000000,0.000000,0.000000,0.000000,0.000000,0.000000,0.000000,0.000000,0.000000,0.000000,0.000000,0.000000,0.000000,0.000000,0.000000,0.000000,0.000000,0.000000,0.000000,0.000000,0.000000,0.000000,0.000000,0.000000,0.000000,0.000000,0.000000,0.000000,0.000000,0.000000],
	[0.014554,0.014107,0.013027,0.011708,0.010487,0.009506,0.008746,0.008143,0.007647,0.007225,0.006859,0.006532,0.006237,0.005968,0.005719,0.005492,0.005287,0.005095,0.004915,0.004746,0.004585,0.004429,0.004283,0.004147,0.004018,0.003897,0.003783,0.003671,0.003560,0.003452,0.003346,0.003247,0.003154,0.003063,0.002976,0.002893,0.002812,0.002732,0.002655,0.002579,0.002503,0.002428,0.002354,0.002287,0.002222,0.002156,0.002088,0.002023,0.001962,0.001902,0.001845,0.001790,0.001735,0.001679,0.001623,0.001569,0.001515,0.001460,0.001404,0.001349,0.001299,0.001250,0.001202,0.001155,0.001109,0.001060,0.001009,0.000958,0.000910,0.000863,0.000817,0.000773,0.000729,0.000687,0.000647,0.000606,0.000563,0.000518,0.000473,0.000427,0.000381,0.000339,0.000298,0.000255,0.000209,0.000162,0.000117,0.000073,0.000030,-0.000012,-0.000057,-0.000103,-0.000147,-0.000190,-0.000232,-0.000274,-0.000316,-0.000359,-0.000403,-0.000451,-0.000498,-0.000543,-0.000587,-0.000632,-0.000676,-0.000720,-0.000765,-0.000811,-0.000856,-0.000901,-0.000948,-0.000996,-0.001047,-0.001100,-0.001155,-0.001209,-0.001260,-0.001312,-0.001364,-0.001418,-0.001473,-0.001531,-0.001589,-0.001648,-0.001709,-0.001772,-0.001838,-0.001905,-0.001975,-0.002052,-0.002134,-0.002226,-0.002326,-0.002435,-0.002547,-0.002651,-0.002726,-0.002759,-0.002754,-0.002738,-0.002741,-0.002782,-0.002863,-0.002981,-0.003151,-0.003386,-0.003588,-0.003735,-0.003873,-0.004006,-0.004168,-0.004414,-0.004795,-0.005190,-0.005462,-0.005567,-0.005500,-0.005314,-0.005095,-0.004942,-0.004920,-0.005045,-0.005261,-0.005461,-0.005538,-0.005448,-0.005207,-0.004857,-0.004437,-0.003991,-0.003550,-0.003158,-0.002895,-0.002910,-0.003356,-0.004187,-0.004951,-0.005351,-0.005467,-0.005409,-0.005328,-0.005432,-0.005938,-0.006788,-0.007572,-0.007978,-0.007993,-0.007723,-0.007323,-0.006916,-0.006548,-0.006207,-0.005892,-0.005604,-0.005322,-0.005013,-0.004699,-0.004430,-0.004222,-0.004048,-0.003900,-0.003801,-0.003741,-0.003663,-0.003532,-0.003368,-0.003198,-0.003018,-0.002830,-0.002662,-0.002534,-0.002418,-0.002285,-0.002138,-0.001992,-0.001827,-0.001626,-0.001414,-0.001242,-0.001122,-0.001036,-0.000977,-0.000956,-0.000948,-0.000902,-0.000791,-0.000627,-0.000431,-0.000214,-0.000008,0.000124,0.000152,0.000123,0.000122,0.000188,0.000326,0.000561,0.000930,0.001426,0.002006,0.002643,0.003329,0.004027,0.004691,0.005319,0.005950,0.006594,0.007218,0.007812,0.008425,0.009111,0.009903,0.010842,0.011972,0.013195,0.014189],
	[0.015815,0.014500,0.012754,0.011135,0.009806,0.008822,0.008164,0.007654,0.007210,0.006764,0.006350,0.005982,0.005678,0.005439,0.005263,0.005080,0.004897,0.004694,0.004462,0.004324,0.004291,0.004224,0.004058,0.003869,0.003743,0.003569,0.003428,0.003345,0.003256,0.003151,0.003033,0.002917,0.002851,0.002794,0.002714,0.002621,0.002579,0.002581,0.002594,0.002543,0.002450,0.002349,0.002265,0.002151,0.002091,0.002091,0.002101,0.001992,0.001860,0.001768,0.001705,0.001728,0.001686,0.001623,0.001632,0.001651,0.001589,0.001513,0.001504,0.001407,0.001300,0.001250,0.001193,0.001227,0.001263,0.001266,0.001160,0.001078,0.001040,0.001000,0.000918,0.000821,0.000816,0.000817,0.000818,0.000794,0.000791,0.000696,0.000608,0.000591,0.000564,0.000554,0.000566,0.000512,0.000451,0.000455,0.000456,0.000429,0.000424,0.000432,0.000420,0.000322,0.000234,0.000123,0.000033,0.000062,0.000091,0.000126,0.000160,0.000202,0.000156,0.000053,0.000010,0.000003,-0.000079,-0.000147,-0.000133,-0.000128,-0.000165,-0.000206,-0.000231,-0.000310,-0.000331,-0.000276,-0.000247,-0.000352,-0.000468,-0.000518,-0.000541,-0.000503,-0.000503,-0.000563,-0.000624,-0.000636,-0.000657,-0.000691,-0.000723,-0.000712,-0.000693,-0.000721,-0.000811,-0.000882,-0.000935,-0.001004,-0.001058,-0.001055,-0.001034,-0.001032,-0.001082,-0.001149,-0.001218,-0.001320,-0.001379,-0.001377,-0.001374,-0.001413,-0.001497,-0.001608,-0.001695,-0.001714,-0.001700,-0.001697,-0.001722,-0.001769,-0.001808,-0.001900,-0.002022,-0.002066,-0.002120,-0.002246,-0.002356,-0.002377,-0.002408,-0.002424,-0.002445,-0.002465,-0.002592,-0.002724,-0.002781,-0.002846,-0.002969,-0.003121,-0.003276,-0.003422,-0.003529,-0.003625,-0.003757,-0.003945,-0.004163,-0.004409,-0.004657,-0.004913,-0.005227,-0.005520,-0.005705,-0.005770,-0.005703,-0.005525,-0.005344,-0.005262,-0.005309,-0.005440,-0.005578,-0.005636,-0.005560,-0.005350,-0.005121,-0.005052,-0.005288,-0.005881,-0.006709,-0.007396,-0.007711,-0.007751,-0.007700,-0.007688,-0.007770,-0.007859,-0.007774,-0.007392,-0.006704,-0.005811,-0.004868,-0.003970,-0.003140,-0.002387,-0.001774,-0.001391,-0.001294,-0.001409,-0.001530,-0.001466,-0.001204,-0.000866,-0.000620,-0.000594,-0.000808,-0.001153,-0.001473,-0.001686,-0.001829,-0.001976,-0.002207,-0.002585,-0.003082,-0.003543,-0.003821,-0.003879,-0.003723,-0.003343,-0.002739,-0.001943,-0.001002,0.000041,0.001147,0.002283,0.003418,0.004528,0.005610,0.006721,0.007977,0.009524,0.011413,0.013474,0.015238,0.016130],
	[0.015746,0.015229,0.014008,0.012527,0.011158,0.010067,0.009196,0.008518,0.007995,0.007541,0.007153,0.006803,0.006489,0.006203,0.005944,0.005708,0.005497,0.005297,0.005093,0.004889,0.004709,0.004549,0.004412,0.004284,0.004158,0.004030,0.003911,0.003799,0.003692,0.003587,0.003490,0.003395,0.003301,0.003207,0.003125,0.003044,0.002964,0.002861,0.002762,0.002691,0.002625,0.002564,0.002499,0.002432,0.002353,0.002276,0.002212,0.002155,0.002102,0.002049,0.001991,0.001928,0.001864,0.001809,0.001762,0.001718,0.001672,0.001617,0.001548,0.001487,0.001444,0.001406,0.001372,0.001338,0.001305,0.001268,0.001228,0.001185,0.001141,0.001090,0.001037,0.000988,0.000947,0.000909,0.000872,0.000836,0.000806,0.000781,0.000757,0.000726,0.000687,0.000631,0.000571,0.000530,0.000492,0.000452,0.000418,0.000392,0.000367,0.000336,0.000297,0.000253,0.000208,0.000164,0.000121,0.000080,0.000039,-0.000000,-0.000041,-0.000081,-0.000122,-0.000162,-0.000203,-0.000245,-0.000288,-0.000332,-0.000378,-0.000423,-0.000463,-0.000494,-0.000521,-0.000550,-0.000587,-0.000632,-0.000674,-0.000707,-0.000740,-0.000773,-0.000808,-0.000840,-0.000875,-0.000914,-0.000973,-0.001033,-0.001077,-0.001122,-0.001166,-0.001206,-0.001241,-0.001278,-0.001322,-0.001377,-0.001439,-0.001502,-0.001561,-0.001610,-0.001648,-0.001683,-0.001723,-0.001767,-0.001817,-0.001881,-0.001962,-0.002030,-0.002079,-0.002129,-0.002190,-0.002264,-0.002340,-0.002411,-0.002479,-0.002545,-0.002616,-0.002686,-0.002761,-0.002839,-0.002928,-0.003023,-0.003122,-0.003220,-0.003344,-0.003473,-0.003584,-0.003707,-0.003843,-0.003998,-0.004166,-0.004355,-0.004562,-0.004795,-0.005062,-0.005383,-0.005774,-0.006228,-0.006702,-0.007116,-0.007378,-0.007423,-0.007246,-0.006904,-0.006480,-0.006047,-0.005657,-0.005353,-0.005166,-0.005101,-0.005140,-0.005270,-0.005487,-0.005765,-0.006047,-0.006294,-0.006509,-0.006705,-0.006860,-0.006907,-0.006778,-0.006449,-0.005963,-0.005423,-0.004969,-0.004732,-0.004761,-0.004963,-0.005141,-0.005137,-0.004949,-0.004699,-0.004526,-0.004486,-0.004518,-0.004489,-0.004279,-0.003879,-0.003424,-0.003131,-0.003180,-0.003606,-0.004266,-0.004904,-0.005275,-0.005267,-0.004934,-0.004414,-0.003817,-0.003191,-0.002583,-0.002082,-0.001740,-0.001499,-0.001240,-0.000910,-0.000540,-0.000180,0.000131,0.000368,0.000539,0.000734,0.001057,0.001522,0.002060,0.002615,0.003175,0.003735,0.004278,0.004837,0.005474,0.006216,0.007037,0.007933,0.008952,0.010138,0.011479,0.012921,0.014318,0.015383]
],
	"idxs" : [3,0,3,5,5]
,"hydrophone_pos" : [
	[0.000000,0.000000,0.000000],
	[0.000000,0.000000,0.000000],
	[32.299999,-4.300000,3.660000],
	[-6.599999,34.700000,1.659999],
	[-4.599999,0.000000,-34.340000]
],
	"direction_of_arrival" : [-0.171958,-0.714018,0.678681]
,	"valid" : [0.000000,-0.203052,-0.000000,-0.000000,-0.000000]
}
dump = {
	"magnitude" : [0.000000,0.000041,0.000043,0.000046,0.000052,0.000060,0.000077,0.000085,0.000083,0.000123,0.000173,0.000116,0.000190,0.001121,0.002987,0.004356,0.003873,0.002033,0.000576,0.000314,0.000501,0.000379,0.000105,0.000016,0.000054,0.000072,0.000063,0.000046,0.000028,0.000026,0.000042,0.000045]
,	"raw_mv" : [
	[-7.248499,-7.248499,-7.248499,-7.248499,-7.248499,-7.248499,-6.867000,-7.248499,-7.248499,-7.248499,-7.248499,-7.248499,-7.248499,-7.248499,-7.248499,-7.248499,-7.248499,-7.248499,-7.248499,-7.248499,-7.248499,-7.248499,-7.248499,-7.248499,-6.867000,-6.867000,-7.248499,-7.248499,-7.248499,-7.248499,-7.248499,-7.248499,-7.630000,-7.248499,-7.248499,-7.630000,-7.630000,-7.248499,-7.630000,-7.248499,-7.248499,-7.248499,-7.630000,-7.630000,-7.248499,-7.248499,-7.248499,-7.630000,-7.248499,-7.248499,-7.630000,-7.630000,-7.248499,-7.248499,-7.630000,-7.248499,-7.248499,-7.248499,-7.248499,-7.248499,-7.248499,-7.630000,-7.630000,-7.630000,-7.630000,-7.630000,-7.248499,-7.248499,-7.630000,-7.630000,-7.248499,-7.248499,-7.248499,-7.248499,-7.248499,-7.248499,-7.248499,-7.248499,-7.248499,-7.248499,-7.248499,-7.248499,-7.248499,-7.248499,-7.248499,-7.248499,-7.630000,-7.248499,-7.248499,-7.248499,-7.248499,-7.248499,-7.248499,-6.867000,-6.867000,-7.248499,-7.248499,-7.248499,-6.867000,-7.248499,-7.248499,-7.248499,-6.867000,-7.248499,-7.248499,-7.248499,-7.248499,-7.248499,-7.248499,-7.248499,-7.630000,-7.248499,-7.248499,-7.248499,-7.248499,-7.248499,-7.630000,-7.248499,-7.248499,-7.630000,-7.630000,-7.630000,-7.248499,-7.248499,-7.248499,-7.248499,-7.630000,-7.630000,-7.248499,-7.248499,-7.630000,-7.248499,-7.630000,-7.630000,-7.248499,-7.248499,-7.248499,-7.630000,-7.248499,-7.630000,-7.248499,-7.248499,-7.630000,-7.630000,-7.630000,-7.248499,-7.630000,-7.630000,-7.248499,-7.630000,-7.248499,-7.630000,-7.630000,-7.248499,-7.248499,-7.248499,-7.630000,-7.630000,-7.248499,-7.630000,-7.630000,-7.248499,-7.248499,-7.248499,-7.630000,-7.630000,-7.248499,-6.867000,-7.630000,-7.630000,-7.248499,-6.867000,-5.341000,-0.381500,-27.849500,-24.797500,36.624000,24.797500,-70.195999,-45.017002,51.121002,40.057498,-43.491001,-85.837501,17.930500,93.848999,-27.086500,-124.750503,15.641500,123.224502,-22.127000,-154.889007,-17.167499,150.311004,43.491001,-177.016006,-113.305503,172.819503,155.652008,-167.478500,-220.888504,119.791000,227.374008,-78.589004,-268.957489,20.982500,248.738006,22.889999,-244.160003,-75.918502,187.697998,112.924003,-189.605499,-165.570999,173.201004,172.819503,-184.264495,-202.576507,174.345504,188.079498,-170.530502,-232.333496,149.929504,240.345001,-122.080001,-315.882019,83.930000,333.430999,-42.728000,-399.430511,-8.011500,397.904510,45.398502,-413.546020,-110.253501,377.303497,157.178009,-370.817993,-231.570510,339.535003,253.316009,-314.737518,-323.893493,283.072998,326.563995,-241.108001,-392.182006,202.958007,385.315002,-156.415008,-436.436004,110.635002,431.095001,-75.918502,-467.337493,17.548999],
	[0.000000,0.000000,0.000000,0.000000,0.000000,0.000000,0.000000,0.000000,0.000000,0.000000,0.000000,0.000000,0.000000,0.000000,0.000000,0.000000,0.000000,0.000000,0.000000,0.000000,0.000000,0.000000,0.000000,0.000000,0.000000,0.000000,0.000000,0.000000,0.000000,0.000000,0.000000,0.000000,0.000000,0.000000,0.000000,0.000000,0.000000,0.000000,0.000000,0.000000,0.000000,0.000000,0.000000,0.000000,0.000000,0.000000,0.000000,0.000000,0.000000,0.000000,0.000000,0.000000,0.000000,0.000000,0.000000,0.000000,0.000000,0.000000,0.000000,0.000000,0.000000,0.000000,0.000000,0.000000,0.000000,0.000000,0.000000,0.000000,0.000000,0.000000,0.000000,0.000000,0.000000,0.000000,0.000000,0.000000,0.000000,0.000000,0.000000,0.000000,0.000000,0.000000,0.000000,0.000000,0.000000,0.000000,0.000000,0.000000,0.000000,0.000000,0.000000,0.000000,0.000000,0.000000,0.000000,0.000000,0.000000,0.000000,0.000000,0.000000,0.000000,0.000000,0.000000,0.000000,0.000000,0.000000,0.000000,0.000000,0.000000,0.000000,0.000000,0.000000,0.000000,0.000000,0.000000,0.000000,0.000000,0.000000,0.000000,0.000000,0.000000,0.000000,0.000000,0.000000,0.000000,0.000000,0.000000,0.000000,0.000000,0.000000,0.000000,0.000000,0.000000,0.000000,0.000000,0.000000,0.000000,0.000000,0.000000,0.000000,0.000000,0.000000,0.000000,0.000000,0.000000,0.000000,0.000000,0.000000,0.000000,0.000000,0.000000,0.000000,0.000000,0.000000,0.000000,0.000000,0.000000,0.000000,0.000000,0.000000,0.000000,0.000000,0.000000,0.000000,0.000000,0.000000,0.000000,0.000000,0.000000,0.000000,0.000000,0.000000,0.000000,0.000000,0.000000,0.000000,0.000000,0.000000,0.000000,0.000000,0.000000,0.000000,0.000000,0.000000,0.000000,0.000000,0.000000,0.000000,0.000000,0.000000,0.000000,0.000000,0.000000,0.000000,0.000000,0.000000,0.000000,0.000000,0.000000,0.000000,0.000000,0.000000,0.000000,0.000000,0.000000,0.000000,0.000000,0.000000,0.000000,0.000000,0.000000,0.000000,0.000000,0.000000,0.000000,0.000000,0.000000,0.000000,0.000000,0.000000,0.000000,0.000000,0.000000,0.000000,0.000000,0.000000,0.000000,0.000000,0.000000,0.000000,0.000000,0.000000,0.000000,0.000000,0.000000,0.000000,0.000000,0.000000,0.000000,0.000000,0.000000,0.000000,0.000000,0.000000,0.000000,0.000000,0.000000,0.000000,0.000000,0.000000,0.000000,0.000000,0.000000,0.000000,0.000000,0.000000],
	[-6.561800,-6.867000,-6.638100,-6.638100,-6.638100,-6.714400,-6.714400,-6.714400,-6.790700,-6.561800,-6.638100,-6.561800,-6.561800,-6.561800,-6.561800,-6.485500,-6.409200,-6.256600,-6.485500,-6.485500,-6.409200,-6.638100,-6.485500,-6.561800,-6.485500,-6.409200,-6.409200,-6.409200,-6.409200,-6.409200,-6.485500,-6.332900,-6.638100,-6.561800,-6.409200,-6.485500,-6.409200,-6.561800,-6.638100,-6.638100,-6.409200,-6.485500,-6.714400,-6.714400,-6.714400,-6.638100,-6.561800,-6.638100,-6.790700,-6.714400,-6.485500,-6.638100,-6.638100,-6.638100,-6.790700,-6.561800,-6.561800,-6.714400,-6.714400,-6.714400,-6.714400,-6.638100,-6.561800,-6.638100,-6.561800,-6.409200,-6.485500,-6.485500,-6.256600,-6.409200,-6.485500,-6.104000,-6.409200,-6.409200,-6.256600,-6.256600,-6.409200,-6.332900,-6.180300,-6.485500,-6.332900,-6.409200,-6.332900,-6.485500,-6.485500,-6.485500,-6.638100,-6.485500,-6.485500,-6.561800,-6.409200,-6.714400,-6.714400,-6.714400,-6.790700,-6.714400,-6.638100,-6.714400,-6.714400,-6.638100,-6.638100,-6.714400,-6.485500,-6.714400,-6.790700,-6.867000,-6.790700,-6.714400,-6.638100,-6.714400,-6.638100,-6.561800,-6.485500,-6.638100,-6.714400,-6.485500,-6.409200,-6.561800,-6.790700,-6.714400,-6.561800,-6.485500,-6.561800,-6.561800,-6.332900,-6.332900,-6.561800,-6.561800,-6.332900,-6.409200,-6.561800,-6.561800,-6.485500,-6.332900,-6.561800,-6.638100,-6.561800,-6.332900,-6.409200,-6.638100,-6.714400,-6.638100,-6.638100,-6.714400,-6.790700,-6.485500,-6.485500,-6.790700,-6.714400,-3.204600,-14.497000,-2.365300,-5.341000,-8.469300,-7.248500,-5.875100,-6.332900,-7.401100,-4.806900,-9.461200,-6.714400,-3.433500,-8.774499,-9.690100,-4.043900,-7.401100,-12.894700,8.164100,-3.509800,-33.724601,4.730600,9.690100,-5.188400,-28.383600,-13.276200,3.891300,20.143199,-20.600999,-38.226303,6.790700,32.122303,-22.203300,-40.133800,-4.196500,30.748901,-14.573300,-14.802200,-22.584800,-7.630000,20.143199,3.738700,-31.054101,-32.503799,26.933900,2.289000,-0.076300,-37.615901,-26.018301,18.846099,45.551101,-54.707103,-46.543003,12.665800,63.939403,-34.945400,-63.634201,-12.055400,72.942802,-6.790700,-71.035301,-29.604400,61.345203,24.492300,-66.381004,-46.314102,40.057502,52.952201,-63.786800,-56.996101,26.094600,70.272300,-50.815803,-65.389099,5.951400,80.572799,-36.776599,-72.256103,-8.316699,85.532302,-17.777900,-77.978599,-24.034500,76.910400,10.758300,-75.918502,-35.632102,71.035301,15.870400,-89.805099,-16.099300,72.332405,3.052000,-89.805099,-8.087800,56.690902,28.841400,-95.451301,-28.154701,60.048103,54.020401,-99.953002,-55.012302,59.895500,74.774002,-90.186599,-68.898902],
	[-6.867000,-6.485500,-6.867000,-6.867000,-6.867000,-6.867000,-6.867000,-6.485500,-6.867000,-6.485500,-6.485500,-6.485500,-6.485500,-6.485500,-6.485500,-6.485500,-6.485500,-6.485500,-6.867000,-6.867000,-6.867000,-6.485500,-6.485500,-6.485500,-6.485500,-6.485500,-6.867000,-6.485500,-6.104000,-6.104000,-6.104000,-5.722499,-5.722499,-5.722499,-6.104000,-6.485500,-6.485500,-6.485500,-6.104000,-6.485500,-6.104000,-6.485500,-6.485500,-6.867000,-6.485500,-6.485500,-6.867000,-6.867000,-6.867000,-6.867000,-7.248499,-7.248499,-7.248499,-7.248499,-6.867000,-6.867000,-6.867000,-6.867000,-7.248499,-7.248499,-7.248499,-6.867000,-7.248499,-6.867000,-7.630000,-7.248499,-7.248499,-7.630000,-7.630000,-7.630000,-7.630000,-8.011500,-7.630000,-7.630000,-7.630000,-8.011500,-8.011500,-8.011500,-8.011500,-8.011500,-8.392999,-8.392999,-8.392999,-8.392999,-8.011500,-8.392999,-8.392999,-8.011500,-8.011500,-8.011500,-8.392999,-8.011500,-8.392999,-8.774499,-8.774499,-8.392999,-8.392999,-8.392999,-8.392999,-8.392999,-8.392999,-8.392999,-8.774499,-8.392999,-8.011500,-8.392999,-8.774499,-8.392999,-8.774499,-8.392999,-8.392999,-8.011500,-8.392999,-8.011500,-8.392999,-8.392999,-8.011500,-8.011500,-7.630000,-8.011500,-8.011500,-8.392999,-8.392999,-8.392999,-8.392999,-8.011500,-8.392999,-8.011500,-8.392999,-8.392999,-8.392999,-8.392999,-8.011500,-8.011500,-8.011500,-7.630000,-7.630000,-7.630000,-7.630000,-7.630000,-7.248499,-7.248499,-7.248499,-6.867000,-6.867000,-6.485500,-6.867000,-6.867000,-6.867000,-6.867000,-6.867000,-6.485500,-6.867000,-6.867000,-6.485500,-6.867000,-6.867000,-6.867000,-7.248499,-7.248499,-6.867000,-7.248499,-6.867000,-7.248499,-7.248499,-7.248499,-6.867000,-6.867000,-6.867000,-6.867000,-6.867000,-6.485500,-6.485500,-6.867000,-7.248499,-7.248499,-6.867000,-6.867000,-7.248499,-7.248499,-6.867000,-6.867000,-6.867000,-6.867000,-7.248499,-6.867000,-7.248499,-7.248499,-6.867000,-7.248499,-7.248499,-7.248499,-7.248499,-6.867000,-7.248499,-7.630000,-4.959500,-8.011500,-9.537500,-4.578000,-4.959500,-8.011500,-8.011500,-5.341000,-4.578000,-5.341000,-9.919000,-4.578000,-2.289000,-7.248499,-9.537500,-2.289000,-6.485500,-9.156000,-1.907500,-3.433500,-12.208000,-9.156000,-1.907500,-1.526000,-8.774499,-16.785999,-0.763000,2.289000,-9.537500,-18.312000,-4.196499,3.052000,-5.341000,-17.167499,-7.630000,-1.526000,-0.381500,-12.971000,-13.734000,-0.381500,-1.526000,-11.826499,-12.589500,-3.052000,-1.526000,-10.300499,-14.878500,-1.526000,-3.433500,-11.444999,-11.063500,1.907500,-7.248499,-14.496999,-10.300499,5.341000,-3.815000,-17.548999,-14.496999,6.485500],
	[138.865997,138.865997,138.865997,138.865997,139.247497,139.247497,139.247497,138.865997,139.247497,138.865997,138.865997,139.247497,139.247497,139.247497,138.865997,139.247497,138.484497,139.247497,139.247497,139.247497,138.865997,139.247497,139.247497,138.865997,139.247497,138.865997,139.247497,139.247497,139.247497,139.247497,138.865997,139.247497,139.247497,139.247497,139.247497,139.247497,138.865997,139.247497,138.865997,139.247497,139.247497,138.865997,139.247497,138.865997,138.865997,138.865997,139.247497,138.865997,139.247497,139.247497,139.247497,139.247497,139.247497,139.247497,139.247497,139.247497,138.865997,139.247497,138.865997,139.247497,138.865997,138.865997,139.247497,138.865997,138.865997,139.247497,138.865997,139.247497,138.865997,139.247497,139.247497,139.247497,138.865997,138.865997,138.865997,139.247497,139.247497,138.865997,138.865997,138.865997,139.247497,138.865997,139.247497,138.865997,139.247497,139.247497,139.247497,139.247497,139.247497,139.247497,139.247497,138.865997,138.865997,139.247497,138.865997,139.247497,139.247497,139.247497,139.247497,138.865997,139.247497,138.865997,139.247497,138.865997,139.247497,139.247497,139.247497,139.247497,138.865997,139.247497,138.865997,139.247497,138.865997,138.865997,139.247497,139.247497,139.247497,139.247497,139.247497,139.247497,139.247497,138.865997,138.865997,138.865997,139.247497,138.865997,139.247497,138.865997,138.865997,139.247497,138.865997,138.865997,138.865997,139.247497,138.865997,139.247497,138.865997,139.247497,139.247497,139.247497,138.865997,138.865997,138.865997,138.865997,138.865997,139.247497,139.247497,139.247497,138.865997,139.247497,139.247497,138.865997,138.865997,139.247497,139.247497,138.865997,139.247497,138.865997,138.865997,138.865997,138.865997,139.247497,138.865997,139.247497,139.247497,138.865997,138.865997,139.247497,139.247497,139.247497,138.865997,139.247497,139.247497,139.247497,139.247497,139.247497,138.865997,139.247497,139.247497,139.247497,139.247497,139.247497,138.865997,139.247497,138.865997,138.865997,139.247497,141.154998,136.576995,132.380508,153.744506,137.339996,125.895004,143.062500,153.363006,129.710006,131.617507,142.680999,150.692504,135.432495,130.473007,136.958496,149.548004,144.588501,128.184005,132.380508,150.311004,146.877502,121.317001,131.999008,160.229995,148.022003,118.264999,130.854507,154.126007,148.785003,129.710006,118.646499,157.178009,155.270507,128.565506,118.646499,147.259002,160.229995,140.010498,107.583000,143.444000,163.281997,140.391998,120.172500,130.091506,156.415008,159.466995,121.317001,108.727500,159.085494,168.623001,127.802505,99.571502,156.796508,167.860000,140.391998,96.519500,141.154998,173.964004,150.692504,98.427001,129.328506,170.149002,162.518997,104.912498,111.779502,170.149002,170.149002,114.450004,101.097503]
],
"normalized" : [
	[0.008340,0.008340,0.008340,0.008340,0.008340,0.008340,0.011499,0.008340,0.008340,0.008340,0.008340,0.008340,0.008340,0.008340,0.008340,0.008340,0.008340,0.008340,0.008340,0.008340,0.008340,0.008340,0.008340,0.008340,0.011499,0.011499,0.008340,0.008340,0.008340,0.008340,0.008340,0.008340,0.005182,0.008340,0.008340,0.005182,0.005182,0.008340,0.005182,0.008340,0.008340,0.008340,0.005182,0.005182,0.008340,0.008340,0.008340,0.005182,0.008340,0.008340,0.005182,0.005182,0.008340,0.008340,0.005182,0.008340,0.008340,0.008340,0.008340,0.008340,0.008340,0.005182,0.005182,0.005182,0.005182,0.005182,0.008340,0.008340,0.005182,0.005182,0.008340,0.008340,0.008340,0.008340,0.008340,0.008340,0.008340,0.008340,0.008340,0.008340,0.008340,0.008340,0.008340,0.008340,0.008340,0.008340,0.005182,0.008340,0.008340,0.008340,0.008340,0.008340,0.008340,0.011499,0.011499,0.008340,0.008340,0.008340,0.011499,0.008340,0.008340,0.008340,0.011499,0.008340,0.008340,0.008340,0.008340,0.008340,0.008340,0.008340,0.005182,0.008340,0.008340,0.008340,0.008340,0.008340,0.005182,0.008340,0.008340,0.005182,0.005182,0.005182,0.008340,0.008340,0.008340,0.008340,0.005182,0.005182,0.008340,0.008340,0.005182,0.008340,0.005182,0.005182,0.008340,0.008340,0.008340,0.005182,0.008340,0.005182,0.008340,0.008340,0.005182,0.005182,0.005182,0.008340,0.005182,0.005182,0.008340,0.005182,0.008340,0.005182,0.005182,0.008340,0.008340,0.008340,0.005182,0.005182,0.008340,0.005182,0.005182,0.008340,0.008340,0.008340,0.005182,0.005182,0.008340,0.011499,0.005182,0.005182,0.008340,0.011499,0.024134,0.065197,-0.162230,-0.136960,0.371594,0.273673,-0.512848,-0.304372,0.491625,0.400022,-0.291737,-0.642355,0.216816,0.845402,-0.155912,-0.964545,0.197864,1.088623,-0.114849,-1.214084,-0.073785,1.312893,0.428450,-1.397290,-0.869783,1.499257,1.357115,-1.318322,-1.760543,1.060195,1.950954,-0.582340,-2.158542,0.242086,2.127843,0.257880,-1.953225,-0.560228,1.622447,1.003338,-1.501528,-1.302528,1.502416,1.499257,-1.457305,-1.608924,1.511892,1.625606,-1.343592,-1.855304,1.309734,2.058351,-0.942434,-2.547065,0.763275,2.829079,-0.285420,-3.238825,0.002023,3.362903,0.444244,-3.355697,-0.844513,3.192332,1.369750,-3.001920,-1.848987,2.879619,2.165748,-2.537589,-2.613398,2.412128,2.772222,-1.927955,-3.178809,1.748796,3.258665,-1.226719,-3.545221,0.984386,3.637712,-0.560228,-3.801077,0.213657],
	[0.000000,0.000000,0.000000,0.000000,0.000000,0.000000,0.000000,0.000000,0.000000,0.000000,0.000000,0.000000,0.000000,0.000000,0.000000,0.000000,0.000000,0.000000,0.000000,0.000000,0.000000,0.000000,0.000000,0.000000,0.000000,0.000000,0.000000,0.000000,0.000000,0.000000,0.000000,0.000000,0.000000,0.000000,0.000000,0.000000,0.000000,0.000000,0.000000,0.000000,0.000000,0.000000,0.000000,0.000000,0.000000,0.000000,0.000000,0.000000,0.000000,0.000000,0.000000,0.000000,0.000000,0.000000,0.000000,0.000000,0.000000,0.000000,0.000000,0.000000,0.000000,0.000000,0.000000,0.000000,0.000000,0.000000,0.000000,0.000000,0.000000,0.000000,0.000000,0.000000,0.000000,0.000000,0.000000,0.000000,0.000000,0.000000,0.000000,0.000000,0.000000,0.000000,0.000000,0.000000,0.000000,0.000000,0.000000,0.000000,0.000000,0.000000,0.000000,0.000000,0.000000,0.000000,0.000000,0.000000,0.000000,0.000000,0.000000,0.000000,0.000000,0.000000,0.000000,0.000000,0.000000,0.000000,0.000000,0.000000,0.000000,0.000000,0.000000,0.000000,0.000000,0.000000,0.000000,0.000000,0.000000,0.000000,0.000000,0.000000,0.000000,0.000000,0.000000,0.000000,0.000000,0.000000,0.000000,0.000000,0.000000,0.000000,0.000000,0.000000,0.000000,0.000000,0.000000,0.000000,0.000000,0.000000,0.000000,0.000000,0.000000,0.000000,0.000000,0.000000,0.000000,0.000000,0.000000,0.000000,0.000000,0.000000,0.000000,0.000000,0.000000,0.000000,0.000000,0.000000,0.000000,0.000000,0.000000,0.000000,0.000000,0.000000,0.000000,0.000000,0.000000,0.000000,0.000000,0.000000,0.000000,0.000000,0.000000,0.000000,0.000000,0.000000,0.000000,0.000000,0.000000,0.000000,0.000000,0.000000,0.000000,0.000000,0.000000,0.000000,0.000000,0.000000,0.000000,0.000000,0.000000,0.000000,0.000000,0.000000,0.000000,0.000000,0.000000,0.000000,0.000000,0.000000,0.000000,0.000000,0.000000,0.000000,0.000000,0.000000,0.000000,0.000000,0.000000,0.000000,0.000000,0.000000,0.000000,0.000000,0.000000,0.000000,0.000000,0.000000,0.000000,0.000000,0.000000,0.000000,0.000000,0.000000,0.000000,0.000000,0.000000,0.000000,0.000000,0.000000,0.000000,0.000000,0.000000,0.000000,0.000000,0.000000,0.000000,0.000000,0.000000,0.000000,0.000000,0.000000,0.000000,0.000000,0.000000,0.000000,0.000000,0.000000,0.000000,0.000000,0.000000,0.000000,0.000000,0.000000,0.000000,0.000000,0.000000,0.000000],
	[0.009284,-0.001706,0.006536,0.006536,0.006536,0.003789,0.003789,0.003789,0.001041,0.009284,0.006536,0.009284,0.009284,0.009284,0.009284,0.012032,0.014780,0.020276,0.012032,0.012032,0.014780,0.006536,0.012032,0.009284,0.012032,0.014780,0.014780,0.014780,0.014780,0.014780,0.012032,0.017528,0.006536,0.009284,0.014780,0.012032,0.014780,0.009284,0.006536,0.006536,0.014780,0.012032,0.003789,0.003789,0.003789,0.006536,0.009284,0.006536,0.001041,0.003789,0.012032,0.006536,0.006536,0.006536,0.001041,0.009284,0.009284,0.003789,0.003789,0.003789,0.003789,0.006536,0.009284,0.006536,0.009284,0.014780,0.012032,0.012032,0.020276,0.014780,0.012032,0.025772,0.014780,0.014780,0.020276,0.020276,0.014780,0.017528,0.023024,0.012032,0.017528,0.014780,0.017528,0.012032,0.012032,0.012032,0.006536,0.012032,0.012032,0.009284,0.014780,0.003789,0.003789,0.003789,0.001041,0.003789,0.006536,0.003789,0.003789,0.006536,0.006536,0.003789,0.012032,0.003789,0.001041,-0.001706,0.001041,0.003789,0.006536,0.003789,0.006536,0.009284,0.012032,0.006536,0.003789,0.012032,0.014780,0.009284,0.001041,0.003789,0.009284,0.012032,0.009284,0.009284,0.017528,0.017528,0.009284,0.009284,0.017528,0.014780,0.009284,0.009284,0.012032,0.017528,0.009284,0.006536,0.009284,0.017528,0.014780,0.006536,0.003789,0.006536,0.006536,0.003789,0.001041,0.012032,0.012032,0.001041,0.003789,0.130191,-0.276494,0.160417,0.053250,-0.059412,-0.015446,0.034015,0.017528,-0.020941,0.072485,-0.095134,0.003789,0.121947,-0.070403,-0.103378,0.099964,-0.020941,-0.218788,0.539624,0.119199,-0.968958,0.415969,0.594581,0.058746,-0.776606,-0.232528,0.385743,0.971040,-0.496323,-1.131082,0.490162,1.402456,-0.554029,-1.199779,0.094468,1.352994,-0.279241,-0.287485,-0.567768,-0.029185,0.971040,0.380247,-0.872782,-0.924991,1.215600,0.328038,0.242853,-1.109099,-0.691422,0.924326,1.886082,-1.724623,-1.430600,0.701748,2.548319,-1.012923,-2.046124,-0.188562,2.872568,0.001041,-2.312667,-0.820572,2.454891,1.127668,-2.145047,-1.422357,1.688235,2.152625,-2.051619,-1.807059,1.185374,2.776392,-1.584481,-2.109325,0.459935,3.147355,-1.078872,-2.356633,-0.053916,3.325967,-0.394652,-2.562724,-0.619978,3.015457,0.633052,-2.488531,-1.037654,2.803871,0.817159,-2.988644,-0.334199,2.850585,0.355516,-2.988644,-0.045672,2.287271,1.284297,-3.191987,-0.768363,2.408177,2.191095,-3.354111,-1.735614,2.402682,2.938517,-3.002383,-2.235727],
	[0.097549,0.231814,0.097549,0.097549,0.097549,0.097549,0.097549,0.231814,0.097549,0.231814,0.231814,0.231814,0.231814,0.231814,0.231814,0.231814,0.231814,0.231814,0.097549,0.097549,0.097549,0.231814,0.231814,0.231814,0.231814,0.231814,0.097549,0.231814,0.366079,0.366079,0.366079,0.500344,0.500344,0.500344,0.366079,0.231814,0.231814,0.231814,0.366079,0.231814,0.366079,0.231814,0.231814,0.097549,0.231814,0.231814,0.097549,0.097549,0.097549,0.097549,-0.036715,-0.036715,-0.036715,-0.036715,0.097549,0.097549,0.097549,0.097549,-0.036715,-0.036715,-0.036715,0.097549,-0.036715,0.097549,-0.170980,-0.036715,-0.036715,-0.170980,-0.170980,-0.170980,-0.170980,-0.305245,-0.170980,-0.170980,-0.170980,-0.305245,-0.305245,-0.305245,-0.305245,-0.305245,-0.439510,-0.439510,-0.439510,-0.439510,-0.305245,-0.439510,-0.439510,-0.305245,-0.305245,-0.305245,-0.439510,-0.305245,-0.439510,-0.573775,-0.573775,-0.439510,-0.439510,-0.439510,-0.439510,-0.439510,-0.439510,-0.439510,-0.573775,-0.439510,-0.305245,-0.439510,-0.573775,-0.439510,-0.573775,-0.439510,-0.439510,-0.305245,-0.439510,-0.305245,-0.439510,-0.439510,-0.305245,-0.305245,-0.170980,-0.305245,-0.305245,-0.439510,-0.439510,-0.439510,-0.439510,-0.305245,-0.439510,-0.305245,-0.439510,-0.439510,-0.439510,-0.439510,-0.305245,-0.305245,-0.305245,-0.170980,-0.170980,-0.170980,-0.170980,-0.170980,-0.036715,-0.036715,-0.036715,0.097549,0.097549,0.231814,0.097549,0.097549,0.097549,0.097549,0.097549,0.231814,0.097549,0.097549,0.231814,0.097549,0.097549,0.097549,-0.036715,-0.036715,0.097549,-0.036715,0.097549,-0.036715,-0.036715,-0.036715,0.097549,0.097549,0.097549,0.097549,0.097549,0.231814,0.231814,0.097549,-0.036715,-0.036715,0.097549,0.097549,-0.036715,-0.036715,0.097549,0.097549,0.097549,0.097549,-0.036715,0.097549,-0.036715,-0.036715,0.097549,-0.036715,-0.036715,-0.036715,-0.036715,0.097549,-0.036715,-0.170980,0.768873,-0.305245,-0.842305,0.903139,0.768873,-0.305245,-0.305245,0.634609,0.903139,0.634609,-0.976570,0.903139,1.708728,-0.036715,-0.842305,1.708728,0.231814,-0.708040,1.842993,1.305933,-1.782160,-0.708040,1.842993,1.977258,-0.573775,-3.393339,2.245788,3.319908,-0.842305,-3.930399,1.037404,3.588438,0.634609,-3.527604,-0.170980,1.977258,2.380053,-2.050690,-2.319220,2.380053,1.977258,-1.647895,-1.916425,1.440198,1.977258,-1.110835,-2.722015,1.977258,1.305933,-1.513630,-1.379365,3.185643,-0.036715,-2.587749,-1.110835,4.394028,1.171668,-3.661869,-2.587749,4.796823],
	[-0.010825,-0.010825,-0.010825,-0.010825,0.027165,0.027165,0.027165,-0.010825,0.027165,-0.010825,-0.010825,0.027165,0.027165,0.027165,-0.010825,0.027165,-0.048815,0.027165,0.027165,0.027165,-0.010825,0.027165,0.027165,-0.010825,0.027165,-0.010825,0.027165,0.027165,0.027165,0.027165,-0.010825,0.027165,0.027165,0.027165,0.027165,0.027165,-0.010825,0.027165,-0.010825,0.027165,0.027165,-0.010825,0.027165,-0.010825,-0.010825,-0.010825,0.027165,-0.010825,0.027165,0.027165,0.027165,0.027165,0.027165,0.027165,0.027165,0.027165,-0.010825,0.027165,-0.010825,0.027165,-0.010825,-0.010825,0.027165,-0.010825,-0.010825,0.027165,-0.010825,0.027165,-0.010825,0.027165,0.027165,0.027165,-0.010825,-0.010825,-0.010825,0.027165,0.027165,-0.010825,-0.010825,-0.010825,0.027165,-0.010825,0.027165,-0.010825,0.027165,0.027165,0.027165,0.027165,0.027165,0.027165,0.027165,-0.010825,-0.010825,0.027165,-0.010825,0.027165,0.027165,0.027165,0.027165,-0.010825,0.027165,-0.010825,0.027165,-0.010825,0.027165,0.027165,0.027165,0.027165,-0.010825,0.027165,-0.010825,0.027165,-0.010825,-0.010825,0.027165,0.027165,0.027165,0.027165,0.027165,0.027165,0.027165,-0.010825,-0.010825,-0.010825,0.027165,-0.010825,0.027165,-0.010825,-0.010825,0.027165,-0.010825,-0.010825,-0.010825,0.027165,-0.010825,0.027165,-0.010825,0.027165,0.027165,0.027165,-0.010825,-0.010825,-0.010825,-0.010825,-0.010825,0.027165,0.027165,0.027165,-0.010825,0.027165,0.027165,-0.010825,-0.010825,0.027165,0.027165,-0.010825,0.027165,-0.010825,-0.010825,-0.010825,-0.010825,0.027165,-0.010825,0.027165,0.027165,-0.010825,-0.010825,0.027165,0.027165,0.027165,-0.010825,0.027165,0.027165,0.027165,0.027165,0.027165,-0.010825,0.027165,0.027165,0.027165,0.027165,0.027165,-0.010825,0.027165,-0.010825,-0.010825,0.027165,0.217120,-0.238770,-0.656669,1.470821,-0.162788,-1.302515,0.407075,1.432830,-0.922605,-0.732651,0.369084,1.166893,-0.352743,-0.846623,-0.200779,1.052921,0.559038,-1.074569,-0.656669,1.128902,0.786984,-1.758406,-0.694660,2.116665,0.900957,-2.062333,-0.808633,1.508812,0.976939,-0.922605,-2.024342,1.812739,1.622785,-1.036578,-2.024342,0.824975,2.116665,0.103147,-3.126079,0.445066,2.420593,0.141138,-1.872379,-0.884614,1.736757,2.040683,-1.758406,-3.012106,2.002692,2.952466,-1.112560,-3.923887,1.774748,2.876484,0.141138,-4.227815,0.217120,3.484339,1.166893,-4.037860,-0.960596,3.104429,2.344611,-3.392015,-2.708178,3.104429,3.104429,-2.442242,-3.771924]
],
"cwt" : [
	[0.586994,0.302309,0.127353,0.043855,0.012137,0.001976,0.000420,0.000252,0.000147,0.000440,0.000293,0.000191,0.000157,0.000201,0.000144,0.000181,0.000127,0.000163,0.000105,0.000187,0.000203,0.000127,0.000354,0.000779,0.000920,0.000786,0.000612,0.000470,0.000293,0.000348,0.000457,0.000469,0.000636,0.000854,0.000851,0.000701,0.000562,0.000344,0.000260,0.000621,0.000795,0.000808,0.000881,0.000976,0.000940,0.000839,0.000773,0.000798,0.000876,0.000902,0.000950,0.001028,0.000968,0.000766,0.000637,0.000604,0.000437,0.000172,0.000208,0.000405,0.000503,0.000422,0.000257,0.000104,0.000340,0.000714,0.000940,0.000981,0.000965,0.000921,0.000746,0.000465,0.000224,0.000094,0.000069,0.000044,0.000052,0.000035,0.000051,0.000036,0.000059,0.000008,0.000053,0.000243,0.000430,0.000513,0.000555,0.000563,0.000439,0.000241,0.000251,0.000428,0.000668,0.000887,0.000958,0.000864,0.000789,0.000827,0.000849,0.000771,0.000718,0.000762,0.000746,0.000562,0.000334,0.000191,0.000069,0.000197,0.000422,0.000528,0.000545,0.000510,0.000344,0.000108,0.000352,0.000528,0.000641,0.000788,0.000878,0.000818,0.000704,0.000634,0.000503,0.000299,0.000418,0.000659,0.000826,0.000912,0.000853,0.000587,0.000198,0.000241,0.000533,0.000736,0.000808,0.000732,0.000562,0.000319,0.000113,0.000356,0.000643,0.000795,0.000822,0.000804,0.000770,0.000704,0.000596,0.000485,0.000363,0.000255,0.000437,0.000633,0.000739,0.000818,0.000879,0.000868,0.000798,0.000749,0.000762,0.000782,0.000796,0.000840,0.000912,0.000988,0.001122,0.001343,0.001528,0.001480,0.001314,0.003120,0.009121,0.021398,0.042103,0.072063,0.110130,0.153045,0.195870,0.233289,0.261538,0.280140,0.292652,0.305641,0.325231,0.353176,0.386627,0.421495,0.455271,0.487447,0.518494,0.548925,0.579236,0.610414,0.644416,0.683977,0.731294,0.786181,0.845416,0.903855,0.956197,0.998447,1.029050,1.049180,1.061437,1.067592,1.067362,1.059203,1.042180,1.017596,0.989819,0.965788,0.952613,0.954067,0.968692,0.991331,1.016338,1.039666,1.059328,1.075280,1.089192,1.103865,1.122288,1.146875,1.179385,1.221077,1.272117,1.330807,1.394096,1.458804,1.521626,1.578378,1.624716,1.658188,1.679270,1.690668,1.696360,1.700825,1.707484,1.717075,1.728267,1.739902,1.751710,1.763209,1.773481,1.782301,1.790334,1.798099,1.805666,1.813243,1.821054,1.828253,1.830302,1.812384,1.742665,1.580142,1.304666,0.947575],
	[0.000000,0.000000,0.000000,0.000000,0.000000,0.000000,0.000000,0.000000,0.000000,0.000000,0.000000,0.000000,0.000000,0.000000,0.000000,0.000000,0.000000,0.000000,0.000000,0.000000,0.000000,0.000000,0.000000,0.000000,0.000000,0.000000,0.000000,0.000000,0.000000,0.000000,0.000000,0.000000,0.000000,0.000000,0.000000,0.000000,0.000000,0.000000,0.000000,0.000000,0.000000,0.000000,0.000000,0.000000,0.000000,0.000000,0.000000,0.000000,0.000000,0.000000,0.000000,0.000000,0.000000,0.000000,0.000000,0.000000,0.000000,0.000000,0.000000,0.000000,0.000000,0.000000,0.000000,0.000000,0.000000,0.000000,0.000000,0.000000,0.000000,0.000000,0.000000,0.000000,0.000000,0.000000,0.000000,0.000000,0.000000,0.000000,0.000000,0.000000,0.000000,0.000000,0.000000,0.000000,0.000000,0.000000,0.000000,0.000000,0.000000,0.000000,0.000000,0.000000,0.000000,0.000000,0.000000,0.000000,0.000000,0.000000,0.000000,0.000000,0.000000,0.000000,0.000000,0.000000,0.000000,0.000000,0.000000,0.000000,0.000000,0.000000,0.000000,0.000000,0.000000,0.000000,0.000000,0.000000,0.000000,0.000000,0.000000,0.000000,0.000000,0.000000,0.000000,0.000000,0.000000,0.000000,0.000000,0.000000,0.000000,0.000000,0.000000,0.000000,0.000000,0.000000,0.000000,0.000000,0.000000,0.000000,0.000000,0.000000,0.000000,0.000000,0.000000,0.000000,0.000000,0.000000,0.000000,0.000000,0.000000,0.000000,0.000000,0.000000,0.000000,0.000000,0.000000,0.000000,0.000000,0.000000,0.000000,0.000000,0.000000,0.000000,0.000000,0.000000,0.000000,0.000000,0.000000,0.000000,0.000000,0.000000,0.000000,0.000000,0.000000,0.000000,0.000000,0.000000,0.000000,0.000000,0.000000,0.000000,0.000000,0.000000,0.000000,0.000000,0.000000,0.000000,0.000000,0.000000,0.000000,0.000000,0.000000,0.000000,0.000000,0.000000,0.000000,0.000000,0.000000,0.000000,0.000000,0.000000,0.000000,0.000000,0.000000,0.000000,0.000000,0.000000,0.000000,0.000000,0.000000,0.000000,0.000000,0.000000,0.000000,0.000000,0.000000,0.000000,0.000000,0.000000,0.000000,0.000000,0.000000,0.000000,0.000000,0.000000,0.000000,0.000000,0.000000,0.000000,0.000000,0.000000,0.000000,0.000000,0.000000,0.000000,0.000000,0.000000,0.000000,0.000000,0.000000,0.000000,0.000000,0.000000,0.000000,0.000000,0.000000,0.000000,0.000000,0.000000,0.000000,0.000000,0.000000,0.000000,0.000000,0.000000,0.000000,0.000000],
	[0.760832,0.439697,0.212340,0.084554,0.027528,0.007394,0.001807,0.000683,0.000836,0.001081,0.000589,0.000262,0.000429,0.000225,0.000600,0.001354,0.001694,0.001542,0.001093,0.000781,0.000621,0.000431,0.000319,0.000332,0.000504,0.000644,0.000409,0.000051,0.000160,0.000471,0.000986,0.001380,0.001651,0.001703,0.001325,0.000921,0.001106,0.001453,0.001914,0.002379,0.002527,0.002304,0.001906,0.001435,0.001144,0.001389,0.001716,0.001919,0.002125,0.002180,0.001790,0.001062,0.000608,0.000911,0.001416,0.001739,0.001637,0.001183,0.000666,0.000352,0.000534,0.000781,0.000801,0.000903,0.001088,0.000996,0.000854,0.001211,0.001455,0.001487,0.001815,0.002093,0.001989,0.001842,0.001796,0.001572,0.001369,0.001519,0.001590,0.001315,0.001044,0.000964,0.000819,0.000410,0.000150,0.000541,0.000714,0.000642,0.000281,0.000657,0.001222,0.001221,0.000704,0.000077,0.000521,0.000838,0.000886,0.000750,0.000577,0.000412,0.000544,0.001124,0.001619,0.001724,0.001544,0.001325,0.001154,0.001057,0.000998,0.001044,0.001285,0.001646,0.002000,0.002272,0.002545,0.002840,0.003005,0.002929,0.002711,0.002463,0.002156,0.001848,0.001794,0.002140,0.002558,0.002697,0.002620,0.002563,0.002523,0.002348,0.002146,0.002130,0.002291,0.002474,0.002611,0.002715,0.002807,0.002871,0.002794,0.002423,0.001892,0.001587,0.001700,0.002096,0.002753,0.004596,0.009782,0.019822,0.033736,0.047684,0.056840,0.058246,0.052244,0.041668,0.029658,0.017757,0.005785,0.006765,0.019157,0.030292,0.038997,0.043774,0.042779,0.038161,0.049826,0.094079,0.159351,0.231321,0.295563,0.340451,0.361185,0.361685,0.353460,0.352085,0.371959,0.418165,0.481952,0.548010,0.604113,0.643601,0.663151,0.660756,0.634454,0.581038,0.498245,0.394599,0.304679,0.286138,0.342620,0.419198,0.483078,0.519224,0.516678,0.477457,0.433280,0.442771,0.533109,0.670161,0.811300,0.929931,1.016327,1.075978,1.120717,1.157431,1.187374,1.213077,1.237606,1.258058,1.268414,1.269188,1.267322,1.266460,1.265041,1.264992,1.273231,1.291499,1.312663,1.330248,1.344821,1.358260,1.368379,1.373973,1.379647,1.389898,1.402600,1.413648,1.423876,1.435445,1.444674,1.445526,1.438784,1.431013,1.425275,1.419989,1.416328,1.418725,1.427368,1.436431,1.440764,1.439843,1.434096,1.422500,1.408031,1.401875,1.415493,1.449181,1.494997,1.548542,1.609357,1.671619,1.722728,1.748750,1.730374,1.634810,1.429603,1.118733],
	[1.127497,0.689164,0.346872,0.142670,0.050962,0.021553,0.015671,0.013316,0.012605,0.014742,0.013500,0.007775,0.002377,0.000418,0.002581,0.008685,0.016782,0.023513,0.027179,0.027668,0.026139,0.022080,0.012856,0.001645,0.017161,0.030116,0.038490,0.040425,0.034360,0.024086,0.021174,0.026112,0.029721,0.032655,0.034129,0.031486,0.027021,0.022240,0.014355,0.001331,0.013689,0.024771,0.030250,0.031977,0.033929,0.035045,0.030773,0.023644,0.021915,0.023677,0.020610,0.012834,0.011541,0.016046,0.016024,0.011369,0.012775,0.021887,0.027446,0.026779,0.022277,0.018072,0.019936,0.026830,0.028916,0.027002,0.028517,0.027391,0.020236,0.018348,0.025854,0.030455,0.030469,0.030261,0.030047,0.026729,0.020547,0.016123,0.017003,0.020904,0.021522,0.018437,0.019339,0.023288,0.028558,0.034997,0.037023,0.034146,0.030557,0.027514,0.025252,0.031138,0.043148,0.048648,0.042861,0.030317,0.018944,0.012860,0.010621,0.011751,0.019329,0.033746,0.047226,0.053302,0.052152,0.045532,0.031242,0.010218,0.009350,0.019116,0.017702,0.009618,0.001065,0.012409,0.023862,0.028654,0.025691,0.022074,0.020528,0.018035,0.015686,0.014404,0.013127,0.014579,0.014092,0.007542,0.000790,0.007441,0.012801,0.015191,0.017564,0.020013,0.015710,0.012275,0.018854,0.020896,0.017515,0.015779,0.018835,0.021852,0.018798,0.013492,0.016371,0.021125,0.024727,0.025196,0.020165,0.011661,0.002940,0.012317,0.022333,0.025497,0.024208,0.024655,0.022352,0.011965,0.003769,0.017293,0.024963,0.024176,0.015506,0.006666,0.013511,0.021890,0.027252,0.028612,0.025537,0.020251,0.018054,0.022662,0.032447,0.042317,0.048469,0.050783,0.051254,0.050900,0.049245,0.046488,0.043441,0.038772,0.030290,0.020319,0.015492,0.014071,0.010667,0.010269,0.017428,0.024115,0.026034,0.024484,0.023682,0.028164,0.039132,0.064643,0.116785,0.190777,0.273645,0.352302,0.410270,0.433380,0.424259,0.401895,0.386722,0.392993,0.425856,0.478605,0.539117,0.588001,0.600682,0.567112,0.502746,0.445341,0.456481,0.571503,0.737529,0.886571,0.991962,1.068975,1.156232,1.284318,1.447366,1.611529,1.745054,1.833534,1.877992,1.885055,1.858983,1.801305,1.714792,1.610196,1.513747,1.459757,1.458948,1.481305,1.487050,1.460031,1.407736,1.347439,1.297692,1.272320,1.270574,1.273107,1.257066,1.219441,1.183888,1.183754,1.237192,1.338764,1.473381,1.628680,1.790865,1.936239,2.029281,2.023718,1.872116,1.557304],
	[0.989744,0.604450,0.309574,0.132679,0.050211,0.019375,0.008359,0.004041,0.004179,0.006533,0.008883,0.009480,0.007648,0.003913,0.001352,0.006297,0.010788,0.013103,0.012655,0.010707,0.008995,0.007720,0.005946,0.003584,0.001650,0.002899,0.004430,0.005046,0.005722,0.006671,0.007121,0.006277,0.003829,0.001023,0.002552,0.003486,0.002695,0.001684,0.003448,0.004931,0.004421,0.002733,0.003536,0.005741,0.006851,0.006264,0.004522,0.003749,0.004185,0.003669,0.002247,0.001122,0.001166,0.002352,0.003742,0.004318,0.003839,0.003084,0.003256,0.004443,0.005706,0.006377,0.006452,0.006282,0.005734,0.004541,0.003329,0.003367,0.004942,0.006875,0.008085,0.008479,0.008651,0.009185,0.010212,0.011111,0.011157,0.010325,0.009000,0.007235,0.005019,0.003107,0.002797,0.003783,0.004397,0.003836,0.002625,0.002111,0.003197,0.005418,0.007484,0.008064,0.006629,0.004030,0.003196,0.004362,0.004775,0.004805,0.004676,0.003806,0.002580,0.002003,0.002575,0.003802,0.004661,0.004775,0.004771,0.004671,0.003935,0.003110,0.003526,0.005355,0.007418,0.008387,0.007571,0.005427,0.003226,0.002217,0.002928,0.004839,0.006789,0.007858,0.007750,0.006400,0.003960,0.001968,0.003752,0.005859,0.007193,0.008053,0.008463,0.008119,0.006867,0.004962,0.003256,0.003184,0.004844,0.006782,0.007916,0.007820,0.006425,0.003814,0.001403,0.003818,0.006517,0.008266,0.009064,0.009212,0.009328,0.010076,0.011195,0.011869,0.011630,0.010180,0.007370,0.004034,0.003121,0.004322,0.004782,0.004783,0.004320,0.003121,0.004047,0.007371,0.010132,0.011474,0.011607,0.011016,0.010155,0.009292,0.008270,0.006564,0.003785,0.001127,0.003677,0.006030,0.006939,0.006135,0.003751,0.001206,0.002500,0.003160,0.003894,0.011950,0.029411,0.060737,0.112578,0.189174,0.287199,0.394089,0.492515,0.568555,0.616768,0.638487,0.637581,0.619289,0.591223,0.561987,0.537281,0.519497,0.512484,0.521982,0.548304,0.584634,0.625828,0.674441,0.736679,0.814044,0.898599,0.975030,1.027032,1.043990,1.026468,0.989438,0.959356,0.960561,0.996892,1.048573,1.090019,1.109411,1.114777,1.125222,1.155708,1.205853,1.257840,1.285115,1.269274,1.214672,1.149937,1.114274,1.136915,1.223001,1.352618,1.492021,1.612470,1.703340,1.767455,1.807329,1.822850,1.821692,1.822039,1.837912,1.865888,1.892754,1.910671,1.919666,1.923278,1.929139,1.948233,1.984559,2.026138,2.049483,2.026817,1.925697,1.714742,1.388012]
],
"envelope_edge" : [
	[0.016390,0.015098,0.013447,0.011912,0.010687,0.009743,0.009006,0.008416,0.007915,0.007485,0.007106,0.006767,0.006462,0.006184,0.005930,0.005696,0.005479,0.005277,0.005089,0.004912,0.004746,0.004588,0.004438,0.004299,0.004168,0.004043,0.003923,0.003807,0.003695,0.003587,0.003485,0.003386,0.003291,0.003200,0.003114,0.003030,0.002947,0.002867,0.002787,0.002710,0.002638,0.002567,0.002498,0.002432,0.002367,0.002303,0.002240,0.002179,0.002119,0.002061,0.002004,0.001948,0.001895,0.001842,0.001788,0.001736,0.001686,0.001634,0.001582,0.001533,0.001485,0.001439,0.001392,0.001344,0.001296,0.001251,0.001209,0.001167,0.001125,0.001084,0.001043,0.001001,0.000959,0.000917,0.000875,0.000834,0.000793,0.000753,0.000713,0.000673,0.000634,0.000595,0.000555,0.000515,0.000478,0.000441,0.000403,0.000367,0.000330,0.000292,0.000253,0.000214,0.000177,0.000141,0.000106,0.000070,0.000033,-0.000003,-0.000039,-0.000075,-0.000113,-0.000149,-0.000185,-0.000222,-0.000259,-0.000298,-0.000337,-0.000377,-0.000415,-0.000452,-0.000489,-0.000527,-0.000565,-0.000606,-0.000647,-0.000686,-0.000726,-0.000765,-0.000804,-0.000843,-0.000884,-0.000925,-0.000967,-0.001010,-0.001055,-0.001098,-0.001141,-0.001184,-0.001227,-0.001271,-0.001318,-0.001368,-0.001417,-0.001464,-0.001511,-0.001560,-0.001610,-0.001661,-0.001716,-0.001773,-0.001827,-0.001882,-0.001938,-0.001995,-0.002054,-0.002115,-0.002177,-0.002242,-0.002309,-0.002378,-0.002450,-0.002523,-0.002597,-0.002674,-0.002753,-0.002835,-0.002922,-0.003012,-0.003106,-0.003205,-0.003308,-0.003418,-0.003533,-0.003656,-0.003788,-0.003929,-0.004081,-0.004249,-0.004445,-0.004677,-0.004944,-0.005238,-0.005541,-0.005825,-0.006060,-0.006218,-0.006291,-0.006292,-0.006255,-0.006230,-0.006260,-0.006362,-0.006510,-0.006658,-0.006768,-0.006836,-0.006874,-0.006897,-0.006916,-0.006935,-0.006959,-0.006994,-0.007045,-0.007103,-0.007143,-0.007128,-0.007025,-0.006820,-0.006521,-0.006156,-0.005761,-0.005370,-0.004997,-0.004642,-0.004299,-0.003977,-0.003700,-0.003503,-0.003416,-0.003449,-0.003574,-0.003734,-0.003870,-0.003946,-0.003957,-0.003920,-0.003860,-0.003804,-0.003774,-0.003780,-0.003820,-0.003884,-0.003954,-0.004011,-0.004026,-0.003970,-0.003825,-0.003583,-0.003239,-0.002796,-0.002276,-0.001715,-0.001157,-0.000632,-0.000157,0.000267,0.000661,0.001055,0.001463,0.001890,0.002338,0.002814,0.003319,0.003850,0.004408,0.005002,0.005644,0.006350,0.007145,0.008078,0.009223,0.010678,0.012474,0.014418,0.016038,0.016781],
	[0.000000,0.000000,0.000000,0.000000,0.000000,0.000000,0.000000,0.000000,0.000000,0.000000,0.000000,0.000000,0.000000,0.000000,0.000000,0.000000,0.000000,0.000000,0.000000,0.000000,0.000000,0.000000,0.000000,0.000000,0.000000,0.000000,0.000000,0.000000,0.000000,0.000000,0.000000,0.000000,0.000000,0.000000,0.000000,0.000000,0.000000,0.000000,0.000000,0.000000,0.000000,0.000000,0.000000,0.000000,0.000000,0.000000,0.000000,0.000000,0.000000,0.000000,0.000000,0.000000,0.000000,0.000000,0.000000,0.000000,0.000000,0.000000,0.000000,0.000000,0.000000,0.000000,0.000000,0.000000,0.000000,0.000000,0.000000,0.000000,0.000000,0.000000,0.000000,0.000000,0.000000,0.000000,0.000000,0.000000,0.000000,0.000000,0.000000,0.000000,0.000000,0.000000,0.000000,0.000000,0.000000,0.000000,0.000000,0.000000,0.000000,0.000000,0.000000,0.000000,0.000000,0.000000,0.000000,0.000000,0.000000,0.000000,0.000000,0.000000,0.000000,0.000000,0.000000,0.000000,0.000000,0.000000,0.000000,0.000000,0.000000,0.000000,0.000000,0.000000,0.000000,0.000000,0.000000,0.000000,0.000000,0.000000,0.000000,0.000000,0.000000,0.000000,0.000000,0.000000,0.000000,0.000000,0.000000,0.000000,0.000000,0.000000,0.000000,0.000000,0.000000,0.000000,0.000000,0.000000,0.000000,0.000000,0.000000,0.000000,0.000000,0.000000,0.000000,0.000000,0.000000,0.000000,0.000000,0.000000,0.000000,0.000000,0.000000,0.000000,0.000000,0.000000,0.000000,0.000000,0.000000,0.000000,0.000000,0.000000,0.000000,0.000000,0.000000,0.000000,0.000000,0.000000,0.000000,0.000000,0.000000,0.000000,0.000000,0.000000,0.000000,0.000000,0.000000,0.000000,0.000000,0.000000,0.000000,0.000000,0.000000,0.000000,0.000000,0.000000,0.000000,0.000000,0.000000,0.000000,0.000000,0.000000,0.000000,0.000000,0.000000,0.000000,0.000000,0.000000,0.000000,0.000000,0.000000,0.000000,0.000000,0.000000,0.000000,0.000000,0.000000,0.000000,0.000000,0.000000,0.000000,0.000000,0.000000,0.000000,0.000000,0.000000,0.000000,0.000000,0.000000,0.000000,0.000000,0.000000,0.000000,0.000000,0.000000,0.000000,0.000000,0.000000,0.000000,0.000000,0.000000,0.000000,0.000000,0.000000,0.000000,0.000000,0.000000,0.000000,0.000000,0.000000,0.000000,0.000000,0.000000,0.000000,0.000000,0.000000,0.000000,0.000000,0.000000,0.000000,0.000000,0.000000,0.000000,0.000000,0.000000,0.000000,0.000000,0.000000],
	[0.015812,0.015041,0.013634,0.012103,0.010773,0.009732,0.008933,0.008301,0.007782,0.007345,0.006963,0.006620,0.006314,0.006037,0.005781,0.005550,0.005341,0.005147,0.004964,0.004789,0.004626,0.004471,0.004324,0.004184,0.004052,0.003928,0.003810,0.003693,0.003580,0.003473,0.003371,0.003275,0.003184,0.003097,0.003012,0.002925,0.002840,0.002760,0.002682,0.002610,0.002542,0.002475,0.002408,0.002341,0.002272,0.002205,0.002142,0.002082,0.002024,0.001969,0.001915,0.001859,0.001799,0.001739,0.001686,0.001636,0.001588,0.001539,0.001488,0.001435,0.001382,0.001334,0.001286,0.001238,0.001192,0.001148,0.001100,0.001054,0.001011,0.000967,0.000923,0.000883,0.000843,0.000802,0.000761,0.000720,0.000678,0.000636,0.000597,0.000558,0.000517,0.000476,0.000437,0.000396,0.000352,0.000310,0.000271,0.000233,0.000191,0.000148,0.000111,0.000075,0.000039,-0.000004,-0.000048,-0.000086,-0.000125,-0.000163,-0.000204,-0.000245,-0.000289,-0.000331,-0.000369,-0.000406,-0.000444,-0.000484,-0.000526,-0.000568,-0.000611,-0.000655,-0.000699,-0.000743,-0.000785,-0.000827,-0.000870,-0.000911,-0.000953,-0.000994,-0.001037,-0.001082,-0.001128,-0.001177,-0.001228,-0.001279,-0.001327,-0.001374,-0.001424,-0.001475,-0.001527,-0.001580,-0.001636,-0.001693,-0.001752,-0.001811,-0.001871,-0.001932,-0.001995,-0.002060,-0.002126,-0.002195,-0.002270,-0.002352,-0.002440,-0.002533,-0.002635,-0.002752,-0.002883,-0.003005,-0.003091,-0.003122,-0.003106,-0.003074,-0.003067,-0.003102,-0.003193,-0.003323,-0.003529,-0.003804,-0.004018,-0.004176,-0.004321,-0.004464,-0.004642,-0.004938,-0.005399,-0.005856,-0.006146,-0.006232,-0.006117,-0.005875,-0.005608,-0.005432,-0.005417,-0.005578,-0.005839,-0.006064,-0.006125,-0.005983,-0.005666,-0.005230,-0.004724,-0.004193,-0.003680,-0.003244,-0.002997,-0.003115,-0.003765,-0.004761,-0.005531,-0.005858,-0.005872,-0.005700,-0.005513,-0.005560,-0.006086,-0.007035,-0.007932,-0.008397,-0.008402,-0.008071,-0.007588,-0.007096,-0.006651,-0.006236,-0.005844,-0.005479,-0.005120,-0.004731,-0.004335,-0.003991,-0.003720,-0.003492,-0.003299,-0.003166,-0.003077,-0.002963,-0.002782,-0.002559,-0.002329,-0.002088,-0.001833,-0.001594,-0.001394,-0.001202,-0.000982,-0.000738,-0.000491,-0.000224,0.000090,0.000428,0.000728,0.000975,0.001198,0.001407,0.001586,0.001751,0.001951,0.002212,0.002513,0.002822,0.003126,0.003400,0.003590,0.003675,0.003722,0.003843,0.004098,0.004494,0.005068,0.005894,0.007018,0.008456,0.010223,0.012245,0.014195,0.015530],
	[0.016298,0.016093,0.014714,0.012871,0.011179,0.009865,0.008916,0.008195,0.007604,0.007120,0.006739,0.006380,0.006031,0.005684,0.005371,0.005086,0.004866,0.004684,0.004548,0.004410,0.004296,0.004166,0.004053,0.003793,0.003553,0.003468,0.003407,0.003392,0.003357,0.003263,0.003106,0.002991,0.002916,0.002851,0.002815,0.002775,0.002729,0.002660,0.002614,0.002439,0.002247,0.002210,0.002174,0.002157,0.002117,0.002114,0.002103,0.002056,0.001969,0.001929,0.001907,0.001847,0.001734,0.001673,0.001643,0.001583,0.001470,0.001411,0.001408,0.001415,0.001391,0.001328,0.001240,0.001201,0.001202,0.001178,0.001145,0.001149,0.001112,0.001014,0.000949,0.000951,0.000942,0.000927,0.000917,0.000916,0.000883,0.000817,0.000738,0.000696,0.000680,0.000639,0.000567,0.000517,0.000474,0.000470,0.000490,0.000500,0.000476,0.000443,0.000374,0.000294,0.000285,0.000359,0.000430,0.000445,0.000386,0.000300,0.000205,0.000104,-0.000001,-0.000051,-0.000022,0.000055,0.000132,0.000200,0.000246,0.000171,-0.000007,-0.000038,-0.000031,-0.000044,-0.000175,-0.000301,-0.000306,-0.000274,-0.000250,-0.000272,-0.000296,-0.000319,-0.000357,-0.000393,-0.000438,-0.000474,-0.000483,-0.000498,-0.000600,-0.000699,-0.000723,-0.000752,-0.000777,-0.000784,-0.000786,-0.000866,-0.000919,-0.000912,-0.000932,-0.000987,-0.001039,-0.001049,-0.001052,-0.001112,-0.001194,-0.001226,-0.001245,-0.001230,-0.001237,-0.001263,-0.001393,-0.001524,-0.001545,-0.001540,-0.001555,-0.001580,-0.001581,-0.001608,-0.001762,-0.001887,-0.001871,-0.001871,-0.001881,-0.002015,-0.002148,-0.002208,-0.002236,-0.002255,-0.002285,-0.002358,-0.002473,-0.002602,-0.002694,-0.002741,-0.002757,-0.002778,-0.002807,-0.002845,-0.002884,-0.002938,-0.002995,-0.003055,-0.003129,-0.003260,-0.003427,-0.003585,-0.003750,-0.003965,-0.004167,-0.004329,-0.004490,-0.004696,-0.004967,-0.005299,-0.005691,-0.006166,-0.006632,-0.006948,-0.007051,-0.006925,-0.006595,-0.006195,-0.005916,-0.005873,-0.006052,-0.006369,-0.006686,-0.006881,-0.006879,-0.006643,-0.006274,-0.006022,-0.006155,-0.006851,-0.008034,-0.009118,-0.009578,-0.009491,-0.009205,-0.009048,-0.009097,-0.009151,-0.008886,-0.008163,-0.007055,-0.005743,-0.004381,-0.003058,-0.001815,-0.000709,0.000178,0.000726,0.000867,0.000717,0.000619,0.000834,0.001327,0.001873,0.002290,0.002488,0.002485,0.002381,0.002348,0.002479,0.002697,0.002777,0.002567,0.002106,0.001626,0.001350,0.001413,0.001885,0.002873,0.004470,0.006717,0.009505,0.012485,0.014987],
	[0.017461,0.016893,0.015431,0.013659,0.012048,0.010783,0.009817,0.009047,0.008410,0.007887,0.007450,0.007082,0.006750,0.006440,0.006116,0.005826,0.005602,0.005408,0.005234,0.005059,0.004888,0.004725,0.004573,0.004421,0.004263,0.004108,0.003982,0.003861,0.003748,0.003641,0.003550,0.003460,0.003374,0.003262,0.003154,0.003073,0.002993,0.002900,0.002810,0.002743,0.002681,0.002605,0.002519,0.002453,0.002401,0.002353,0.002295,0.002228,0.002168,0.002116,0.002059,0.001995,0.001927,0.001865,0.001814,0.001770,0.001725,0.001672,0.001615,0.001563,0.001519,0.001481,0.001442,0.001404,0.001366,0.001324,0.001274,0.001217,0.001165,0.001125,0.001093,0.001060,0.001025,0.000987,0.000954,0.000927,0.000905,0.000881,0.000855,0.000825,0.000789,0.000742,0.000691,0.000648,0.000616,0.000585,0.000546,0.000498,0.000450,0.000411,0.000387,0.000372,0.000354,0.000321,0.000271,0.000231,0.000202,0.000171,0.000142,0.000112,0.000075,0.000031,-0.000011,-0.000048,-0.000078,-0.000107,-0.000138,-0.000169,-0.000201,-0.000241,-0.000288,-0.000328,-0.000356,-0.000373,-0.000389,-0.000416,-0.000456,-0.000507,-0.000558,-0.000601,-0.000632,-0.000655,-0.000676,-0.000701,-0.000735,-0.000792,-0.000851,-0.000888,-0.000921,-0.000950,-0.000979,-0.001005,-0.001036,-0.001073,-0.001125,-0.001183,-0.001236,-0.001275,-0.001308,-0.001336,-0.001370,-0.001411,-0.001483,-0.001556,-0.001602,-0.001644,-0.001682,-0.001726,-0.001773,-0.001824,-0.001869,-0.001910,-0.001947,-0.001987,-0.002035,-0.002103,-0.002187,-0.002261,-0.002325,-0.002394,-0.002461,-0.002544,-0.002639,-0.002724,-0.002792,-0.002857,-0.002924,-0.003001,-0.003083,-0.003175,-0.003268,-0.003370,-0.003482,-0.003630,-0.003783,-0.003915,-0.004051,-0.004197,-0.004366,-0.004578,-0.004818,-0.005069,-0.005390,-0.005779,-0.006221,-0.006713,-0.007221,-0.007662,-0.007928,-0.007936,-0.007680,-0.007231,-0.006694,-0.006158,-0.005688,-0.005332,-0.005127,-0.005072,-0.005141,-0.005310,-0.005574,-0.005892,-0.006192,-0.006430,-0.006632,-0.006825,-0.006984,-0.007028,-0.006872,-0.006485,-0.005919,-0.005300,-0.004795,-0.004552,-0.004612,-0.004848,-0.005027,-0.004989,-0.004757,-0.004482,-0.004316,-0.004292,-0.004313,-0.004215,-0.003881,-0.003336,-0.002771,-0.002449,-0.002557,-0.003081,-0.003808,-0.004431,-0.004696,-0.004512,-0.003971,-0.003238,-0.002427,-0.001589,-0.000791,-0.000132,0.000363,0.000799,0.001312,0.001939,0.002632,0.003340,0.004028,0.004681,0.005349,0.006176,0.007316,0.008850,0.010768,0.012968,0.015155,0.016825]
],
	"idxs" : [5,0,3,5,5]
,"hydrophone_pos" : [
	[0.000000,0.000000,0.000000],
	[0.000000,0.000000,0.000000],
	[32.299999,-4.300000,3.660000],
	[-6.599999,34.700000,1.659999],
	[-4.599999,0.000000,-34.340000]
],
	"direction_of_arrival" : [0.972847,0.191271,-0.130317]
,	"valid" : [0.000000,-0.203052,-0.000000,-0.000000,-0.000000]
}
dump = {
	"magnitude" : [0.000000,0.000024,0.000029,0.000041,0.000051,0.000065,0.000150,0.000168,0.000206,0.000331,0.000492,0.000681,0.001909,0.011337,0.010954,0.321505,0.087917,0.020782,0.005407,0.005253,0.000502,0.001408,0.000973,0.001216,0.000819,0.000857,0.000660,0.000633,0.000635,0.000607,0.000524,0.000318]
,	"raw_mv" : [
	[-7.630000,-6.867000,-7.248499,-7.248499,-7.248499,-7.630000,-7.248499,-7.248499,-6.867000,-7.248499,-6.867000,-7.248499,-7.248499,-7.248499,-6.867000,-7.248499,-6.867000,-7.248499,-7.248499,-6.867000,-6.867000,-7.630000,-7.630000,-7.248499,-7.248499,-6.867000,-6.867000,-7.248499,-7.248499,-7.248499,-6.867000,-7.248499,-7.248499,-7.248499,-7.248499,-7.248499,-7.248499,-7.248499,-7.248499,-7.248499,-7.248499,-7.248499,-7.630000,-7.248499,-7.248499,-7.248499,-7.248499,-7.248499,-6.867000,-7.248499,-7.248499,-7.248499,-6.867000,-7.248499,-7.248499,-7.248499,-7.248499,-7.248499,-7.248499,-7.630000,-7.248499,-7.248499,-7.248499,-7.248499,-7.248499,-7.248499,-7.248499,-7.248499,-7.630000,-7.248499,-7.248499,-7.630000,-7.630000,-7.630000,-7.630000,-7.630000,-7.630000,-7.630000,-8.011500,-7.630000,-8.011500,-7.630000,-7.630000,-8.011500,-7.630000,-8.011500,-8.011500,-7.630000,-7.630000,-8.011500,-7.630000,-7.630000,-7.630000,-7.630000,-8.011500,-7.630000,-7.630000,-7.630000,-7.248499,-7.630000,-7.630000,-8.011500,-7.630000,-7.630000,-7.630000,-7.630000,-7.630000,-7.630000,-7.630000,-7.630000,-7.630000,-7.248499,-7.248499,-7.248499,-7.248499,-7.248499,-7.248499,-6.867000,-7.248499,-7.630000,-7.248499,-6.867000,-6.485500,0.381500,-16.023000,-34.716499,17.930500,43.109500,-42.728000,-71.722000,28.231000,56.462001,-15.260000,-86.600502,-25.560501,92.322998,24.797500,-118.264999,-45.398502,119.027999,40.057498,-140.391998,-82.785499,124.369003,104.912498,-125.895004,-174.345504,98.427001,208.680496,-70.577499,-260.183013,13.734000,246.449005,28.612501,-262.472015,-90.034004,228.518508,117.883499,-202.958007,-156.415008,138.865997,164.044998,-112.542503,-217.836502,89.271003,218.981002,-88.508003,-254.460510,82.022499,236.911499,-75.537002,-275.061492,48.450500,271.246490,-10.682000,-323.130493,-48.832000,329.615997,95.375000,-365.095520,-167.478500,358.610015,194.946502,-350.217010,-257.512512,306.344512,278.494995,-269.338989,-349.454010,230.426010,350.980011,-188.842498,-410.494018,149.166503,399.812011,-103.386505,-442.921508,53.409999,428.805999,-12.589500,-453.603515,-47.305999,443.303009,76.681503,-458.181518,-143.062500,437.199005,179.686508,-422.701995,-260.564514,388.748504,290.321502,-353.650512,-375.014495,314.356018,388.367004,-268.194519,-447.118011,207.917495,449.788513,-141.536499,-508.921020,69.051498,511.210021,-15.641500,-538.296508,-61.421501,519.221496,106.438499,-513.117492,-180.831008,473.441497,216.692001,-445.973510,-302.529510,412.783020,337.627502,-380.736999,-419.649993,335.338500,424.609497,-276.587493,-484.123504,215.929000,480.308502,-154.889007,-523.799499,85.074501,513.117492,-26.704999,-537.533508,-51.121002,512.354492,95.375000,-513.117492,-167.478500],
	[0.000000,0.000000,0.000000,0.000000,0.000000,0.000000,0.000000,0.000000,0.000000,0.000000,0.000000,0.000000,0.000000,0.000000,0.000000,0.000000,0.000000,0.000000,0.000000,0.000000,0.000000,0.000000,0.000000,0.000000,0.000000,0.000000,0.000000,0.000000,0.000000,0.000000,0.000000,0.000000,0.000000,0.000000,0.000000,0.000000,0.000000,0.000000,0.000000,0.000000,0.000000,0.000000,0.000000,0.000000,0.000000,0.000000,0.000000,0.000000,0.000000,0.000000,0.000000,0.000000,0.000000,0.000000,0.000000,0.000000,0.000000,0.000000,0.000000,0.000000,0.000000,0.000000,0.000000,0.000000,0.000000,0.000000,0.000000,0.000000,0.000000,0.000000,0.000000,0.000000,0.000000,0.000000,0.000000,0.000000,0.000000,0.000000,0.000000,0.000000,0.000000,0.000000,0.000000,0.000000,0.000000,0.000000,0.000000,0.000000,0.000000,0.000000,0.000000,0.000000,0.000000,0.000000,0.000000,0.000000,0.000000,0.000000,0.000000,0.000000,0.000000,0.000000,0.000000,0.000000,0.000000,0.000000,0.000000,0.000000,0.000000,0.000000,0.000000,0.000000,0.000000,0.000000,0.000000,0.000000,0.000000,0.000000,0.000000,0.000000,0.000000,0.000000,0.000000,0.000000,0.000000,0.000000,0.000000,0.000000,0.000000,0.000000,0.000000,0.000000,0.000000,0.000000,0.000000,0.000000,0.000000,0.000000,0.000000,0.000000,0.000000,0.000000,0.000000,0.000000,0.000000,0.000000,0.000000,0.000000,0.000000,0.000000,0.000000,0.000000,0.000000,0.000000,0.000000,0.000000,0.000000,0.000000,0.000000,0.000000,0.000000,0.000000,0.000000,0.000000,0.000000,0.000000,0.000000,0.000000,0.000000,0.000000,0.000000,0.000000,0.000000,0.000000,0.000000,0.000000,0.000000,0.000000,0.000000,0.000000,0.000000,0.000000,0.000000,0.000000,0.000000,0.000000,0.000000,0.000000,0.000000,0.000000,0.000000,0.000000,0.000000,0.000000,0.000000,0.000000,0.000000,0.000000,0.000000,0.000000,0.000000,0.000000,0.000000,0.000000,0.000000,0.000000,0.000000,0.000000,0.000000,0.000000,0.000000,0.000000,0.000000,0.000000,0.000000,0.000000,0.000000,0.000000,0.000000,0.000000,0.000000,0.000000,0.000000,0.000000,0.000000,0.000000,0.000000,0.000000,0.000000,0.000000,0.000000,0.000000,0.000000,0.000000,0.000000,0.000000,0.000000,0.000000,0.000000,0.000000,0.000000,0.000000,0.000000,0.000000,0.000000,0.000000,0.000000,0.000000,0.000000,0.000000,0.000000,0.000000,0.000000,0.000000,0.000000,0.000000],
	[-6.256600,-6.256600,-6.256600,-6.027700,-6.104000,-6.104000,-6.180300,-6.256600,-6.256600,-6.180300,-6.256600,-6.332900,-6.180300,-6.332900,-6.332900,-6.332900,-6.485500,-6.561800,-6.790700,-6.638100,-6.714400,-6.561800,-6.638100,-6.561800,-6.561800,-6.485500,-6.638100,-6.485500,-6.561800,-6.638100,-6.332900,-6.332900,-6.485500,-6.485500,-6.409200,-6.638100,-6.409200,-6.485500,-6.561800,-6.485500,-6.638100,-6.485500,-6.561800,-6.638100,-6.561800,-6.409200,-6.561800,-6.485500,-6.485500,-6.561800,-6.409200,-6.409200,-6.485500,-6.409200,-6.485500,-6.485500,-6.561800,-6.485500,-6.485500,-6.638100,-6.561800,-6.561800,-6.561800,-6.638100,-6.561800,-6.409200,-6.332900,-6.485500,-6.638100,-6.561800,-6.409200,-6.485500,-6.638100,-6.638100,-6.485500,-6.485500,-6.867000,-6.867000,-6.561800,-6.409200,-6.561800,-6.790700,-6.561800,-6.638100,-6.714400,-6.409200,-6.561800,-6.638100,-6.714400,-7.019600,-7.019600,-6.867000,-6.714400,-6.943300,-6.943300,-6.790700,-6.790700,-6.790700,-7.095900,-3.357200,-11.979100,-7.858900,-2.441600,-8.545599,-7.706300,-6.485500,-6.180300,-7.706300,-4.959500,-8.774499,-7.935200,-5.035799,-5.417300,-11.597600,-4.501699,-6.256600,-12.436900,-2.289000,9.995300,-33.953502,-7.172200,11.216100,1.526000,-24.416000,-20.906200,-0.991900,17.930500,-2.823100,-41.888702,-10.224200,33.572002,-2.365300,-43.338401,-18.540901,28.231000,1.907500,-24.187101,-12.131700,-20.524700,19.075000,5.264700,-11.902800,-46.008899,16.557100,7.858900,6.867000,-27.696901,-33.266799,-2.517900,55.699001,-26.476100,-59.056201,-10.147900,61.803001,1.373400,-65.846900,-36.089900,54.554500,34.716499,-65.007598,-49.442401,32.885299,60.811103,-53.028503,-59.590301,7.324800,77.749702,-39.752300,-69.356704,-4.578000,83.090705,-21.745500,-71.569404,-22.432201,79.428298,-1.983800,-73.934700,-35.250602,72.790199,21.745500,-75.308105,-47.611202,55.241203,47.305999,-66.762504,-57.072402,45.703701,58.522102,-84.616699,-47.840103,60.429603,48.297901,-94.993499,-36.089900,48.374202,62.794902,-86.524200,-59.208801,44.940700,84.006301,-77.291900,-86.905700,35.250602,100.487106,-58.293201,-99.266304,20.448400,97.435104,-29.451801,-107.048904,2.212700,84.540405,6.561800,-107.201499,-13.505100,70.577499,29.604400,-103.615402,-23.347801,50.586902,44.330303,-80.649101,-27.162801,24.950099,34.335002,-59.285102,-11.063500,21.211400,13.962900,-66.762504,2.899400,44.559200,-11.292400,-76.452606,3.662400,76.528900,-10.529400,-95.832801,-28.154701,101.097503,15.794100,-92.628204,-68.898902,99.037406,53.486301,-83.243301,-111.398002,93.009704,80.038703,-64.397201,-129.710006,61.803001,97.816604,-33.953502,-136.577011,29.070301],
	[-5.722499,-6.104000,-5.722499,-6.104000,-5.722499,-6.104000,-6.485500,-6.485500,-6.485500,-6.485500,-6.485500,-6.485500,-6.485500,-6.485500,-6.104000,-6.867000,-6.867000,-6.867000,-7.248499,-7.248499,-7.248499,-7.630000,-7.630000,-8.011500,-8.011500,-8.392999,-8.392999,-8.774499,-8.392999,-8.392999,-8.392999,-8.392999,-8.392999,-8.392999,-8.392999,-8.774499,-8.392999,-8.011500,-8.011500,-8.011500,-8.011500,-8.011500,-8.011500,-7.630000,-8.011500,-8.011500,-8.011500,-8.011500,-8.392999,-8.011500,-8.011500,-8.011500,-8.011500,-8.011500,-8.011500,-8.011500,-8.011500,-7.630000,-8.011500,-8.011500,-7.630000,-8.011500,-8.011500,-7.630000,-7.630000,-7.630000,-7.630000,-7.630000,-7.630000,-7.248499,-7.630000,-7.630000,-7.630000,-7.630000,-8.011500,-8.011500,-8.392999,-8.392999,-8.011500,-8.392999,-8.392999,-8.011500,-8.392999,-8.011500,-8.011500,-8.392999,-8.011500,-8.392999,-8.392999,-8.392999,-8.392999,-8.392999,-8.392999,-8.774499,-8.392999,-8.774499,-8.774499,-8.392999,-8.774499,-8.392999,-8.774499,-8.774499,-8.392999,-8.392999,-8.774499,-8.774499,-8.774499,-8.774499,-8.774499,-8.774499,-8.774499,-8.774499,-8.392999,-8.392999,-8.392999,-8.392999,-8.392999,-8.011500,-8.011500,-8.011500,-7.630000,-7.630000,-7.630000,-7.630000,-8.011500,-7.630000,-8.011500,-7.630000,-7.248499,-7.630000,-7.248499,-7.248499,-7.248499,-7.248499,-6.867000,-6.867000,-6.867000,-7.248499,-7.248499,-6.867000,-6.485500,-6.485500,-6.104000,-6.485500,-6.104000,-6.867000,-5.722499,-5.341000,-9.537500,-5.722499,-4.196499,-6.485500,-8.392999,-5.341000,-4.196499,-4.196499,-9.537500,-6.867000,-1.526000,-4.578000,-8.774499,-3.433500,-3.052000,-9.919000,-2.670500,-0.381500,-8.392999,-10.300499,-1.907500,0.381500,-3.052000,-15.260000,-4.959500,5.341000,-3.433500,-16.023000,-7.630000,4.959500,0.763000,-13.734000,-9.919000,0.000000,1.907500,-6.485500,-15.641500,-0.763000,1.907500,-6.867000,-12.589500,-2.670500,0.381500,-4.196499,-14.878500,-2.289000,0.381500,-7.630000,-12.589500,1.907500,-1.526000,-12.971000,-13.352499,3.815000,2.289000,-14.496999,-18.693500,1.144500,7.248499,-14.115500,-20.982500,-2.670500,8.392999,-11.063500,-21.745500,-8.392999,8.774499,-7.248499,-22.508501,-14.115500,8.774499,-3.433500,-20.982500,-17.548999,5.722499,-3.052000,-19.456501,-18.693500,1.526000,-0.763000,-18.312000,-19.838001,1.907500,0.381500,-20.219499,-22.508501,2.670500,7.248499,-22.889999,-27.086500,0.763000,12.589500,-17.548999,-32.046001,-6.104000,20.219499,-11.063500,-38.150001,-15.641500,24.416000,0.381500,-38.531501,-24.797500,23.271499,9.919000,-34.716499,-33.953498,16.785999],
	[138.484497,138.484497,138.484497,138.484497,138.102996,138.484497,138.484497,138.484497,138.102996,138.484497,138.484497,138.484497,138.484497,138.102996,138.484497,138.484497,138.102996,138.484497,138.484497,138.484497,138.484497,138.484497,138.484497,138.484497,138.102996,138.484497,138.484497,138.865997,138.865997,138.865997,138.865997,138.865997,138.865997,138.484497,138.865997,138.865997,138.865997,138.484497,138.484497,138.865997,138.484497,139.247497,138.484497,138.484497,138.865997,138.865997,138.484497,138.484497,138.865997,138.484497,138.865997,138.484497,138.865997,138.484497,138.865997,138.484497,138.484497,138.484497,138.865997,138.484497,138.865997,138.484497,138.484497,138.865997,138.484497,138.865997,138.484497,138.865997,138.484497,138.484497,138.484497,138.484497,139.247497,138.102996,138.484497,138.484497,138.484497,138.484497,138.484497,138.865997,138.102996,138.865997,138.484497,138.484497,138.865997,138.484497,138.484497,138.484497,138.484497,138.484497,138.484497,138.484497,138.484497,138.865997,138.484497,138.484497,138.484497,138.865997,138.484497,138.865997,138.865997,138.865997,138.484497,138.484497,138.484497,138.484497,138.484497,138.484497,138.484497,138.484497,138.484497,138.102996,138.865997,138.484497,138.484497,138.484497,138.484497,138.484497,138.484497,138.865997,138.484497,138.484497,138.484497,138.865997,138.484497,138.484497,138.865997,138.484497,138.865997,138.484497,138.865997,138.484497,138.865997,138.865997,138.484497,138.484497,138.484497,139.628997,139.247497,129.328506,147.640502,146.114501,124.750503,135.813995,153.744506,136.958496,127.039505,138.865997,149.548004,141.154998,128.184005,134.287994,145.351501,149.166503,130.854507,127.802505,145.351501,152.600006,126.276504,123.224502,154.507507,156.796508,123.224502,121.698501,150.692504,151.455505,136.576995,114.831504,146.114501,161.755996,134.287994,116.357498,138.102996,160.229995,148.022003,112.924003,125.895004,166.333999,144.588501,124.750503,122.080001,151.455505,159.466995,135.432495,101.097503,148.022003,169.004501,143.444000,96.138000,141.917999,169.767501,149.929504,103.005004,123.606002,170.149002,159.848495,109.490501,113.687004,163.663497,167.478500,121.698501,98.427001,158.322509,173.964004,132.380508,92.322998,148.785003,175.490005,146.114501,90.415504,136.958496,175.108505,155.652008,96.138000,125.132003,170.912002,159.848495,110.253501,115.975997,158.704010,167.860000,121.698501,104.912498,157.559509,164.426498,133.906509,104.530998,148.403503,157.178009,149.929504,108.346000,130.473007,157.559509,162.137496,107.201499,131.236007,149.929504,163.281997,117.883499,120.935501,149.548004,163.663497,123.987503,116.357498,149.929504,159.466995,136.958496,108.346000,146.114501,161.755996,143.062500,106.056999,144.970001,156.033508,150.311004,103.386505]
],
"normalized" : [
	[0.005214,0.009012,0.007113,0.007113,0.007113,0.005214,0.007113,0.007113,0.009012,0.007113,0.009012,0.007113,0.007113,0.007113,0.009012,0.007113,0.009012,0.007113,0.007113,0.009012,0.009012,0.005214,0.005214,0.007113,0.007113,0.009012,0.009012,0.007113,0.007113,0.007113,0.009012,0.007113,0.007113,0.007113,0.007113,0.007113,0.007113,0.007113,0.007113,0.007113,0.007113,0.007113,0.005214,0.007113,0.007113,0.007113,0.007113,0.007113,0.009012,0.007113,0.007113,0.007113,0.009012,0.007113,0.007113,0.007113,0.007113,0.007113,0.007113,0.005214,0.007113,0.007113,0.007113,0.007113,0.007113,0.007113,0.007113,0.007113,0.005214,0.007113,0.007113,0.005214,0.005214,0.005214,0.005214,0.005214,0.005214,0.005214,0.003315,0.005214,0.003315,0.005214,0.005214,0.003315,0.005214,0.003315,0.003315,0.005214,0.005214,0.003315,0.005214,0.005214,0.005214,0.005214,0.003315,0.005214,0.005214,0.005214,0.007113,0.005214,0.005214,0.003315,0.005214,0.005214,0.005214,0.005214,0.005214,0.005214,0.005214,0.005214,0.005214,0.007113,0.007113,0.007113,0.007113,0.007113,0.007113,0.009012,0.007113,0.005214,0.007113,0.009012,0.010911,0.045091,-0.036561,-0.129608,0.132442,0.257771,-0.169486,-0.313804,0.183713,0.324233,-0.032763,-0.387861,-0.084034,0.502731,0.166622,-0.545472,-0.182778,0.635656,0.242579,-0.655609,-0.368872,0.662241,0.565396,-0.583450,-0.824613,0.533114,1.081902,-0.308107,-1.251870,0.111554,1.269895,0.185612,-1.263264,-0.404952,1.180646,0.629959,-0.967032,-0.735364,0.734400,0.859728,-0.516988,-1.041090,0.487540,1.133173,-0.397356,-1.223387,0.451461,1.222422,-0.332793,-1.325928,0.284355,1.393325,-0.009976,-1.565192,-0.199868,1.683860,0.517923,-1.774073,-0.790433,1.828178,1.013541,-1.700016,-1.238578,1.568026,1.429405,-1.297444,-1.696218,1.190141,1.790200,-0.896772,-2.000045,0.785671,2.033261,-0.471414,-2.161453,0.309041,2.177579,-0.019471,-2.214623,-0.192273,2.249738,0.424876,-2.237410,-0.668902,2.219356,0.937584,-2.060810,-1.253769,1.978193,1.488271,-1.717106,-1.823445,1.607903,1.976294,-1.291748,-2.182341,1.078104,2.282020,-0.661306,-2.489967,0.386897,2.587746,-0.034662,-2.636184,-0.262533,2.627623,0.572991,-2.510854,-0.856895,2.399753,1.121779,-2.176645,-1.462651,2.097825,1.723737,-1.851929,-2.045619,1.712344,2.156691,-1.333524,-2.366537,1.117982,2.433933,-0.727768,-2.564024,0.466652,2.597240,-0.089731,-2.632386,-0.211262,2.593443,0.517923,-2.510854,-0.790433],
	[0.000000,0.000000,0.000000,0.000000,0.000000,0.000000,0.000000,0.000000,0.000000,0.000000,0.000000,0.000000,0.000000,0.000000,0.000000,0.000000,0.000000,0.000000,0.000000,0.000000,0.000000,0.000000,0.000000,0.000000,0.000000,0.000000,0.000000,0.000000,0.000000,0.000000,0.000000,0.000000,0.000000,0.000000,0.000000,0.000000,0.000000,0.000000,0.000000,0.000000,0.000000,0.000000,0.000000,0.000000,0.000000,0.000000,0.000000,0.000000,0.000000,0.000000,0.000000,0.000000,0.000000,0.000000,0.000000,0.000000,0.000000,0.000000,0.000000,0.000000,0.000000,0.000000,0.000000,0.000000,0.000000,0.000000,0.000000,0.000000,0.000000,0.000000,0.000000,0.000000,0.000000,0.000000,0.000000,0.000000,0.000000,0.000000,0.000000,0.000000,0.000000,0.000000,0.000000,0.000000,0.000000,0.000000,0.000000,0.000000,0.000000,0.000000,0.000000,0.000000,0.000000,0.000000,0.000000,0.000000,0.000000,0.000000,0.000000,0.000000,0.000000,0.000000,0.000000,0.000000,0.000000,0.000000,0.000000,0.000000,0.000000,0.000000,0.000000,0.000000,0.000000,0.000000,0.000000,0.000000,0.000000,0.000000,0.000000,0.000000,0.000000,0.000000,0.000000,0.000000,0.000000,0.000000,0.000000,0.000000,0.000000,0.000000,0.000000,0.000000,0.000000,0.000000,0.000000,0.000000,0.000000,0.000000,0.000000,0.000000,0.000000,0.000000,0.000000,0.000000,0.000000,0.000000,0.000000,0.000000,0.000000,0.000000,0.000000,0.000000,0.000000,0.000000,0.000000,0.000000,0.000000,0.000000,0.000000,0.000000,0.000000,0.000000,0.000000,0.000000,0.000000,0.000000,0.000000,0.000000,0.000000,0.000000,0.000000,0.000000,0.000000,0.000000,0.000000,0.000000,0.000000,0.000000,0.000000,0.000000,0.000000,0.000000,0.000000,0.000000,0.000000,0.000000,0.000000,0.000000,0.000000,0.000000,0.000000,0.000000,0.000000,0.000000,0.000000,0.000000,0.000000,0.000000,0.000000,0.000000,0.000000,0.000000,0.000000,0.000000,0.000000,0.000000,0.000000,0.000000,0.000000,0.000000,0.000000,0.000000,0.000000,0.000000,0.000000,0.000000,0.000000,0.000000,0.000000,0.000000,0.000000,0.000000,0.000000,0.000000,0.000000,0.000000,0.000000,0.000000,0.000000,0.000000,0.000000,0.000000,0.000000,0.000000,0.000000,0.000000,0.000000,0.000000,0.000000,0.000000,0.000000,0.000000,0.000000,0.000000,0.000000,0.000000,0.000000,0.000000,0.000000,0.000000,0.000000,0.000000,0.000000,0.000000,0.000000,0.000000],
	[0.011468,0.011468,0.011468,0.016997,0.015154,0.015154,0.013311,0.011468,0.011468,0.013311,0.011468,0.009625,0.013311,0.009625,0.009625,0.009625,0.005939,0.004096,-0.001432,0.002253,0.000410,0.004096,0.002253,0.004096,0.004096,0.005939,0.002253,0.005939,0.004096,0.002253,0.009625,0.009625,0.005939,0.005939,0.007782,0.002253,0.007782,0.005939,0.004096,0.005939,0.002253,0.005939,0.004096,0.002253,0.004096,0.007782,0.004096,0.005939,0.005939,0.004096,0.007782,0.007782,0.005939,0.007782,0.005939,0.005939,0.004096,0.005939,0.005939,0.002253,0.004096,0.004096,0.004096,0.002253,0.004096,0.007782,0.009625,0.005939,0.002253,0.004096,0.007782,0.005939,0.002253,0.002253,0.005939,0.005939,-0.003275,-0.003275,0.004096,0.007782,0.004096,-0.001432,0.004096,0.002253,0.000410,0.007782,0.004096,0.002253,0.000410,-0.006961,-0.006961,-0.003275,0.000410,-0.005118,-0.005118,-0.001432,-0.001432,-0.001432,-0.008804,0.081503,-0.126757,-0.027234,0.103619,-0.043822,-0.023548,0.005939,0.013311,-0.023548,0.042799,-0.049351,-0.029077,0.040956,0.031741,-0.117542,0.053857,0.011468,-0.137816,0.107305,0.404031,-0.657547,-0.010647,0.433519,0.199456,-0.427170,-0.342391,0.138636,0.595705,0.094404,-0.849221,-0.084368,0.973524,0.105462,-0.884238,-0.285257,0.844513,0.208671,-0.421641,-0.130443,-0.333176,0.623350,0.289764,-0.124914,-0.948744,0.562531,0.352426,0.328467,-0.506419,-0.640960,0.101776,1.507999,-0.476931,-1.263900,-0.082525,1.655441,0.195770,-1.427929,-0.709151,1.480354,1.001169,-1.407656,-1.031680,0.956937,1.631482,-1.118302,-1.276801,0.339525,2.040632,-0.797616,-1.512708,0.052014,2.169643,-0.362664,-1.566155,-0.379251,2.081178,0.114677,-1.623289,-0.688878,1.920836,0.687856,-1.656463,-0.987447,1.496941,1.305267,-1.450045,-1.215982,1.266564,1.576191,-1.881311,-0.992976,1.622267,1.329226,-2.131962,-0.709151,1.331070,1.679400,-1.927387,-1.267586,1.248134,2.191759,-1.704382,-1.936602,1.014070,2.589852,-1.245470,-2.235171,0.656525,2.516131,-0.548809,-2.423159,0.216043,2.204661,0.321095,-2.426845,-0.163618,1.867388,0.877687,-2.340223,-0.401367,1.384517,1.233389,-1.785474,-0.493518,0.765263,0.991954,-1.269429,-0.104641,0.674955,0.499868,-1.450045,0.232630,1.238919,-0.110170,-1.684109,0.251060,2.011143,-0.091740,-2.152235,-0.517478,2.604596,0.544100,-2.074828,-1.501650,2.554834,1.454552,-1.848137,-2.528211,2.409236,2.095922,-1.392911,-2.970536,1.655441,2.525346,-0.657547,-3.136408,0.864786],
	[0.214651,0.165279,0.214651,0.165279,0.214651,0.165279,0.115907,0.115907,0.115907,0.115907,0.115907,0.115907,0.115907,0.115907,0.165279,0.066536,0.066536,0.066536,0.017164,0.017164,0.017164,-0.032207,-0.032207,-0.081579,-0.081579,-0.130951,-0.130951,-0.180323,-0.130951,-0.130951,-0.130951,-0.130951,-0.130951,-0.130951,-0.130951,-0.180323,-0.130951,-0.081579,-0.081579,-0.081579,-0.081579,-0.081579,-0.081579,-0.032207,-0.081579,-0.081579,-0.081579,-0.081579,-0.130951,-0.081579,-0.081579,-0.081579,-0.081579,-0.081579,-0.081579,-0.081579,-0.081579,-0.032207,-0.081579,-0.081579,-0.032207,-0.081579,-0.081579,-0.032207,-0.032207,-0.032207,-0.032207,-0.032207,-0.032207,0.017164,-0.032207,-0.032207,-0.032207,-0.032207,-0.081579,-0.081579,-0.130951,-0.130951,-0.081579,-0.130951,-0.130951,-0.081579,-0.130951,-0.081579,-0.081579,-0.130951,-0.081579,-0.130951,-0.130951,-0.130951,-0.130951,-0.130951,-0.130951,-0.180323,-0.130951,-0.180323,-0.180323,-0.130951,-0.180323,-0.130951,-0.180323,-0.180323,-0.130951,-0.130951,-0.180323,-0.180323,-0.180323,-0.180323,-0.180323,-0.180323,-0.180323,-0.180323,-0.130951,-0.130951,-0.130951,-0.130951,-0.130951,-0.081579,-0.081579,-0.081579,-0.032207,-0.032207,-0.032207,-0.032207,-0.081579,-0.032207,-0.081579,-0.032207,0.017164,-0.032207,0.017164,0.017164,0.017164,0.017164,0.066536,0.066536,0.066536,0.017164,0.017164,0.066536,0.115907,0.115907,0.165279,0.115907,0.165279,0.066536,0.214651,0.264023,-0.279067,0.214651,0.412139,0.115907,-0.130951,0.264023,0.412139,0.412139,-0.279067,0.066536,0.757742,0.362767,-0.180323,0.510883,0.560254,-0.328439,0.609626,0.905858,-0.130951,-0.377810,0.708370,1.004601,0.560254,-1.019645,0.313395,1.646436,0.510883,-1.118389,-0.032207,1.597064,1.053973,-0.822157,-0.328439,0.955230,1.202089,0.115907,-1.069017,0.856486,1.202089,0.066536,-0.674042,0.609626,1.004601,0.412139,-0.970273,0.658998,1.004601,-0.032207,-0.674042,1.202089,0.757742,-0.723414,-0.772786,1.448948,1.251461,-0.920901,-1.463992,1.103345,1.893295,-0.871529,-1.760223,0.609626,2.041411,-0.476554,-1.858967,-0.130951,2.090783,0.017164,-1.957711,-0.871529,2.090783,0.510883,-1.760223,-1.315876,1.695808,0.560254,-1.562736,-1.463992,1.152717,0.856486,-1.414620,-1.612108,1.202089,1.004601,-1.661479,-1.957711,1.300833,1.893295,-2.007083,-2.550174,1.053973,2.584502,-1.315876,-3.192008,0.165279,3.571939,-0.476554,-3.981958,-1.069017,4.115030,1.004601,-4.031331,-2.253942,3.966915,2.238899,-3.537611,-3.438867,3.127592],
	[-0.004294,-0.004294,-0.004294,-0.004294,-0.031119,-0.004294,-0.004294,-0.004294,-0.031119,-0.004294,-0.004294,-0.004294,-0.004294,-0.031119,-0.004294,-0.004294,-0.031119,-0.004294,-0.004294,-0.004294,-0.004294,-0.004294,-0.004294,-0.004294,-0.031119,-0.004294,-0.004294,0.022530,0.022530,0.022530,0.022530,0.022530,0.022530,-0.004294,0.022530,0.022530,0.022530,-0.004294,-0.004294,0.022530,-0.004294,0.049354,-0.004294,-0.004294,0.022530,0.022530,-0.004294,-0.004294,0.022530,-0.004294,0.022530,-0.004294,0.022530,-0.004294,0.022530,-0.004294,-0.004294,-0.004294,0.022530,-0.004294,0.022530,-0.004294,-0.004294,0.022530,-0.004294,0.022530,-0.004294,0.022530,-0.004294,-0.004294,-0.004294,-0.004294,0.049354,-0.031119,-0.004294,-0.004294,-0.004294,-0.004294,-0.004294,0.022530,-0.031119,0.022530,-0.004294,-0.004294,0.022530,-0.004294,-0.004294,-0.004294,-0.004294,-0.004294,-0.004294,-0.004294,-0.004294,0.022530,-0.004294,-0.004294,-0.004294,0.022530,-0.004294,0.022530,0.022530,0.022530,-0.004294,-0.004294,-0.004294,-0.004294,-0.004294,-0.004294,-0.004294,-0.004294,-0.004294,-0.031119,0.022530,-0.004294,-0.004294,-0.004294,-0.004294,-0.004294,-0.004294,0.022530,-0.004294,-0.004294,-0.004294,0.022530,-0.004294,-0.004294,0.022530,-0.004294,0.022530,-0.004294,0.022530,-0.004294,0.022530,0.022530,-0.004294,-0.004294,-0.004294,0.076179,0.049354,-0.648090,0.639502,0.532202,-0.969989,-0.192068,1.068700,-0.111594,-0.809040,0.022530,0.773626,0.183479,-0.728565,-0.299368,0.478552,0.746801,-0.540791,-0.755390,0.478552,0.988225,-0.862689,-1.077288,1.122349,1.283299,-1.077288,-1.184588,0.854101,0.907750,-0.138419,-1.667435,0.532202,1.632021,-0.299368,-1.560136,-0.031119,1.524722,0.666327,-1.801559,-0.889514,1.953920,0.424903,-0.969989,-1.157763,0.907750,1.471072,-0.218893,-2.633130,0.666327,2.141694,0.344428,-2.981853,0.237129,2.195343,0.800451,-2.499006,-1.050463,2.222168,1.497897,-2.042983,-1.747910,1.766145,2.034394,-1.184588,-2.820904,1.390598,2.490417,-0.433491,-3.250102,0.719976,2.597717,0.532202,-3.384226,-0.111594,2.570892,1.202824,-2.981853,-0.943164,2.275818,1.497897,-1.989334,-1.586961,1.417423,2.061219,-1.184588,-2.364882,1.336948,1.819795,-0.326192,-2.391707,0.693151,1.310124,0.800451,-2.123458,-0.567616,1.336948,1.658846,-2.203933,-0.513966,0.800451,1.739321,-1.452837,-1.238238,0.773626,1.766145,-1.023639,-1.560136,0.800451,1.471072,-0.111594,-2.123458,0.532202,1.632021,0.317603,-2.284407,0.451728,1.229649,0.827276,-2.472181]
],
"cwt" : [
	[0.437028,0.235891,0.106151,0.039647,0.012274,0.002930,0.000214,0.000454,0.000319,0.000196,0.000324,0.000157,0.000249,0.000450,0.000318,0.000205,0.000270,0.000324,0.000642,0.000914,0.000914,0.000762,0.000642,0.000488,0.000343,0.000474,0.000511,0.000427,0.000456,0.000543,0.000475,0.000280,0.000186,0.000192,0.000113,0.000053,0.000054,0.000043,0.000048,0.000187,0.000270,0.000273,0.000328,0.000391,0.000327,0.000210,0.000251,0.000407,0.000464,0.000411,0.000416,0.000488,0.000460,0.000314,0.000202,0.000184,0.000198,0.000257,0.000308,0.000342,0.000339,0.000257,0.000133,0.000039,0.000053,0.000163,0.000269,0.000311,0.000379,0.000480,0.000482,0.000364,0.000234,0.000144,0.000043,0.000108,0.000194,0.000180,0.000119,0.000083,0.000166,0.000256,0.000217,0.000074,0.000166,0.000319,0.000451,0.000511,0.000471,0.000408,0.000367,0.000325,0.000314,0.000309,0.000286,0.000212,0.000051,0.000225,0.000379,0.000407,0.000402,0.000399,0.000352,0.000246,0.000128,0.000050,0.000053,0.000075,0.000126,0.000202,0.000283,0.000311,0.000247,0.000136,0.000141,0.000273,0.000464,0.000578,0.000568,0.001322,0.004167,0.010248,0.020873,0.036870,0.058103,0.083122,0.109221,0.133171,0.152343,0.165713,0.174511,0.182147,0.192686,0.208246,0.227865,0.249025,0.269790,0.289600,0.308742,0.327539,0.346154,0.364981,0.384994,0.407661,0.434333,0.465344,0.499417,0.533894,0.565622,0.591979,0.611645,0.624866,0.632986,0.637310,0.638042,0.634233,0.624845,0.610063,0.591991,0.574491,0.562124,0.558278,0.563451,0.575277,0.590268,0.605551,0.619510,0.631704,0.642669,0.653645,0.666092,0.681240,0.700093,0.723641,0.752523,0.786313,0.823535,0.862395,0.901035,0.937113,0.967936,0.991500,1.007370,1.016627,1.021370,1.024219,1.027534,1.032431,1.038615,1.045365,1.052386,1.059570,1.066459,1.072518,1.077787,1.082808,1.087928,1.093125,1.098564,1.104900,1.112750,1.122078,1.132271,1.142580,1.152308,1.160847,1.167963,1.174074,1.179953,1.186187,1.193124,1.201057,1.209889,1.218619,1.225742,1.230428,1.233165,1.235347,1.238645,1.244652,1.254292,1.267018,1.280923,1.293928,1.304689,1.312449,1.316631,1.316969,1.313806,1.308054,1.301111,1.294916,1.291633,1.292773,1.298484,1.307565,1.317871,1.326843,1.332382,1.333729,1.331573,1.327364,1.322582,1.318300,1.314946,1.312516,1.311127,1.310915,1.311164,1.309912,1.303445,1.282683,1.228204,1.114113,0.926723,0.684635],
	[0.000000,0.000000,0.000000,0.000000,0.000000,0.000000,0.000000,0.000000,0.000000,0.000000,0.000000,0.000000,0.000000,0.000000,0.000000,0.000000,0.000000,0.000000,0.000000,0.000000,0.000000,0.000000,0.000000,0.000000,0.000000,0.000000,0.000000,0.000000,0.000000,0.000000,0.000000,0.000000,0.000000,0.000000,0.000000,0.000000,0.000000,0.000000,0.000000,0.000000,0.000000,0.000000,0.000000,0.000000,0.000000,0.000000,0.000000,0.000000,0.000000,0.000000,0.000000,0.000000,0.000000,0.000000,0.000000,0.000000,0.000000,0.000000,0.000000,0.000000,0.000000,0.000000,0.000000,0.000000,0.000000,0.000000,0.000000,0.000000,0.000000,0.000000,0.000000,0.000000,0.000000,0.000000,0.000000,0.000000,0.000000,0.000000,0.000000,0.000000,0.000000,0.000000,0.000000,0.000000,0.000000,0.000000,0.000000,0.000000,0.000000,0.000000,0.000000,0.000000,0.000000,0.000000,0.000000,0.000000,0.000000,0.000000,0.000000,0.000000,0.000000,0.000000,0.000000,0.000000,0.000000,0.000000,0.000000,0.000000,0.000000,0.000000,0.000000,0.000000,0.000000,0.000000,0.000000,0.000000,0.000000,0.000000,0.000000,0.000000,0.000000,0.000000,0.000000,0.000000,0.000000,0.000000,0.000000,0.000000,0.000000,0.000000,0.000000,0.000000,0.000000,0.000000,0.000000,0.000000,0.000000,0.000000,0.000000,0.000000,0.000000,0.000000,0.000000,0.000000,0.000000,0.000000,0.000000,0.000000,0.000000,0.000000,0.000000,0.000000,0.000000,0.000000,0.000000,0.000000,0.000000,0.000000,0.000000,0.000000,0.000000,0.000000,0.000000,0.000000,0.000000,0.000000,0.000000,0.000000,0.000000,0.000000,0.000000,0.000000,0.000000,0.000000,0.000000,0.000000,0.000000,0.000000,0.000000,0.000000,0.000000,0.000000,0.000000,0.000000,0.000000,0.000000,0.000000,0.000000,0.000000,0.000000,0.000000,0.000000,0.000000,0.000000,0.000000,0.000000,0.000000,0.000000,0.000000,0.000000,0.000000,0.000000,0.000000,0.000000,0.000000,0.000000,0.000000,0.000000,0.000000,0.000000,0.000000,0.000000,0.000000,0.000000,0.000000,0.000000,0.000000,0.000000,0.000000,0.000000,0.000000,0.000000,0.000000,0.000000,0.000000,0.000000,0.000000,0.000000,0.000000,0.000000,0.000000,0.000000,0.000000,0.000000,0.000000,0.000000,0.000000,0.000000,0.000000,0.000000,0.000000,0.000000,0.000000,0.000000,0.000000,0.000000,0.000000,0.000000,0.000000,0.000000,0.000000,0.000000,0.000000,0.000000,0.000000,0.000000],
	[0.503071,0.268955,0.119761,0.044967,0.014365,0.003430,0.000471,0.000611,0.000567,0.000591,0.000565,0.000634,0.000576,0.000143,0.000184,0.000607,0.000892,0.000771,0.000741,0.000758,0.000428,0.000238,0.000241,0.000418,0.000412,0.000194,0.000128,0.000394,0.000885,0.001390,0.001502,0.001242,0.000837,0.000420,0.000350,0.000555,0.000599,0.000475,0.000366,0.000290,0.000339,0.000558,0.000776,0.000905,0.000875,0.000709,0.000439,0.000100,0.000242,0.000514,0.000571,0.000409,0.000211,0.000257,0.000403,0.000414,0.000453,0.000610,0.000715,0.000659,0.000569,0.000606,0.000770,0.000954,0.001150,0.001427,0.001609,0.001586,0.001548,0.001582,0.001571,0.001508,0.001554,0.001772,0.002091,0.002423,0.002711,0.002820,0.002671,0.002374,0.001976,0.001383,0.000701,0.000482,0.000833,0.001023,0.000817,0.000557,0.001161,0.001675,0.001830,0.001810,0.001697,0.001507,0.001419,0.002518,0.006176,0.012805,0.021799,0.031099,0.037759,0.039511,0.036121,0.029238,0.020938,0.012460,0.004129,0.004073,0.011739,0.018354,0.023366,0.026243,0.026250,0.024026,0.028937,0.053123,0.092600,0.139450,0.184694,0.219535,0.238705,0.243083,0.239321,0.236844,0.244946,0.269584,0.308867,0.353969,0.395524,0.427325,0.446105,0.450421,0.439402,0.411041,0.362376,0.294552,0.221562,0.177248,0.190248,0.235512,0.281015,0.312614,0.321766,0.306693,0.282800,0.285062,0.337576,0.425167,0.520048,0.602513,0.663547,0.704730,0.733741,0.756736,0.775897,0.793199,0.810980,0.827800,0.839409,0.845458,0.850550,0.857341,0.863681,0.868776,0.876574,0.889651,0.904474,0.916253,0.924470,0.930460,0.933160,0.931471,0.928373,0.928049,0.930487,0.933178,0.936398,0.942101,0.948614,0.951645,0.950670,0.949607,0.950870,0.953689,0.958819,0.969458,0.986212,1.005181,1.022064,1.035270,1.044193,1.047419,1.045569,1.044643,1.052563,1.071727,1.098533,1.130026,1.165922,1.203838,1.237933,1.263997,1.281783,1.291134,1.290393,1.280579,1.266710,1.251996,1.234274,1.211498,1.187131,1.165853,1.147090,1.127629,1.107567,1.088171,1.065970,1.034776,0.992935,0.943483,0.887480,0.823088,0.752091,0.681812,0.619675,0.570563,0.539659,0.532547,0.550560,0.588361,0.637943,0.694961,0.759948,0.832808,0.908615,0.981542,1.049925,1.113265,1.167741,1.210625,1.246404,1.282910,1.323411,1.366806,1.411963,1.456361,1.493520,1.517409,1.528169,1.529628,1.521173,1.492537,1.423319,1.287783,1.070983,0.791115],
	[0.936281,0.542832,0.265915,0.111659,0.042040,0.017266,0.010725,0.007353,0.004413,0.002476,0.002713,0.003768,0.006842,0.011972,0.014850,0.012236,0.006286,0.003825,0.004222,0.003531,0.004559,0.004175,0.002466,0.000799,0.001455,0.004596,0.008204,0.009668,0.007968,0.005363,0.004115,0.003742,0.004118,0.006872,0.011750,0.015409,0.015355,0.012080,0.007715,0.004076,0.003712,0.006277,0.008288,0.008952,0.008192,0.006202,0.005595,0.008036,0.009586,0.008443,0.005648,0.003197,0.001575,0.000905,0.003325,0.006249,0.008167,0.008885,0.009123,0.008985,0.009336,0.010949,0.011661,0.010024,0.006850,0.004033,0.003902,0.006162,0.008432,0.009406,0.008661,0.007077,0.006244,0.005670,0.004935,0.007152,0.010253,0.010598,0.009104,0.008333,0.006364,0.002079,0.002660,0.004913,0.005186,0.004057,0.003305,0.004832,0.005162,0.004032,0.003454,0.004081,0.005085,0.004276,0.003088,0.006219,0.007083,0.004750,0.003224,0.005882,0.010649,0.014092,0.014416,0.012977,0.011096,0.008099,0.004104,0.001089,0.000639,0.002712,0.006270,0.008650,0.008130,0.006144,0.005735,0.007293,0.008203,0.006279,0.004242,0.006685,0.007352,0.005629,0.004535,0.004080,0.002356,0.002674,0.008436,0.011116,0.008603,0.005491,0.005959,0.005431,0.006538,0.009703,0.011545,0.012130,0.012978,0.014458,0.015163,0.012996,0.007840,0.003570,0.007053,0.013380,0.025213,0.046456,0.073845,0.101731,0.125742,0.140913,0.145326,0.144612,0.146825,0.155774,0.171771,0.192752,0.213960,0.226979,0.222500,0.200238,0.173640,0.160494,0.173506,0.216415,0.273379,0.322830,0.357707,0.384879,0.415656,0.458667,0.513622,0.572245,0.624545,0.662402,0.683709,0.692752,0.693087,0.682591,0.657759,0.621452,0.585124,0.562778,0.559882,0.567147,0.570196,0.561160,0.538997,0.509157,0.483134,0.470574,0.470713,0.474278,0.474012,0.470181,0.466234,0.468513,0.488451,0.530829,0.585803,0.643353,0.702777,0.764160,0.822213,0.872495,0.916154,0.954447,0.983334,0.998348,1.002240,1.002257,1.001677,0.999614,0.997730,1.000893,1.010851,1.023557,1.033812,1.039154,1.038312,1.029118,1.010669,0.986263,0.961238,0.937926,0.915971,0.897460,0.887490,0.889488,0.902469,0.924783,0.958615,1.007469,1.070882,1.144250,1.221294,1.295147,1.359580,1.412493,1.458484,1.506637,1.565078,1.636287,1.716830,1.801386,1.885560,1.964749,2.033903,2.091044,2.138711,2.178754,2.206465,2.208646,2.160382,2.022808,1.759732,1.375289],
	[0.535794,0.345551,0.184186,0.080754,0.030507,0.012025,0.007338,0.006541,0.006067,0.005176,0.004374,0.004339,0.004805,0.005249,0.005262,0.005113,0.005094,0.004533,0.003276,0.002029,0.001596,0.002120,0.003272,0.004487,0.004979,0.004518,0.003862,0.003398,0.002633,0.001673,0.002021,0.003445,0.004783,0.005855,0.006604,0.006935,0.006834,0.006050,0.004286,0.002978,0.005217,0.007918,0.009366,0.009731,0.009486,0.008739,0.007464,0.005743,0.003778,0.001956,0.000727,0.000245,0.000695,0.001810,0.003314,0.004563,0.004987,0.004355,0.002803,0.001397,0.002479,0.003639,0.003766,0.002957,0.001840,0.001309,0.001853,0.002929,0.004002,0.005405,0.007614,0.009952,0.011122,0.010286,0.007727,0.004712,0.002813,0.002998,0.003855,0.004210,0.003796,0.002677,0.001951,0.003161,0.004279,0.004217,0.003159,0.001848,0.000980,0.000967,0.001871,0.003366,0.004858,0.005804,0.006052,0.005674,0.004678,0.003402,0.003357,0.004678,0.005627,0.005612,0.004717,0.003280,0.001825,0.000847,0.000559,0.000936,0.001949,0.003590,0.005449,0.006685,0.006633,0.005342,0.003398,0.001442,0.001345,0.003166,0.004824,0.005872,0.006308,0.006391,0.006234,0.005776,0.005079,0.004210,0.003017,0.001613,0.000426,0.000619,0.001870,0.003815,0.006461,0.010270,0.017719,0.033815,0.064722,0.114545,0.181544,0.257086,0.329044,0.387322,0.427142,0.448326,0.453079,0.445036,0.429287,0.411459,0.395599,0.383440,0.376910,0.380015,0.395540,0.421292,0.453019,0.489704,0.533871,0.587345,0.647012,0.703982,0.746660,0.765563,0.757973,0.731465,0.703871,0.695493,0.714779,0.751290,0.785615,0.804742,0.809297,0.810379,0.820899,0.846965,0.882151,0.908724,0.908575,0.876861,0.827735,0.788472,0.785597,0.830614,0.914410,1.013660,1.104307,1.173707,1.222303,1.254229,1.269856,1.270122,1.263706,1.262897,1.271544,1.283099,1.291119,1.295330,1.298289,1.303365,1.316458,1.342484,1.377748,1.411601,1.437233,1.455855,1.470068,1.479347,1.484239,1.488820,1.494691,1.497102,1.491274,1.478329,1.460585,1.434898,1.396552,1.347936,1.298515,1.257455,1.230242,1.219360,1.220748,1.221220,1.206974,1.174795,1.130923,1.080581,1.025357,0.972326,0.937040,0.930331,0.946788,0.971367,0.989745,0.990950,0.971280,0.940175,0.915667,0.907905,0.910802,0.914061,0.915171,0.914940,0.910321,0.899674,0.890570,0.893632,0.908986,0.926826,0.939627,0.945388,0.942288,0.928951,0.907545,0.876170,0.816992,0.704567]
],
"envelope_edge" : [
	[0.013156,0.012272,0.011109,0.009987,0.009057,0.008327,0.007744,0.007270,0.006872,0.006521,0.006211,0.005931,0.005675,0.005443,0.005228,0.005027,0.004839,0.004662,0.004495,0.004341,0.004195,0.004055,0.003921,0.003793,0.003668,0.003549,0.003437,0.003327,0.003221,0.003120,0.003022,0.002927,0.002833,0.002743,0.002655,0.002569,0.002485,0.002404,0.002323,0.002245,0.002170,0.002096,0.002023,0.001952,0.001883,0.001813,0.001744,0.001678,0.001613,0.001549,0.001485,0.001423,0.001362,0.001301,0.001240,0.001179,0.001119,0.001060,0.001002,0.000945,0.000889,0.000832,0.000776,0.000719,0.000662,0.000606,0.000551,0.000496,0.000442,0.000388,0.000335,0.000282,0.000227,0.000173,0.000118,0.000063,0.000009,-0.000044,-0.000098,-0.000153,-0.000208,-0.000262,-0.000317,-0.000372,-0.000429,-0.000485,-0.000541,-0.000596,-0.000652,-0.000710,-0.000767,-0.000826,-0.000885,-0.000945,-0.001005,-0.001066,-0.001130,-0.001195,-0.001258,-0.001323,-0.001389,-0.001456,-0.001524,-0.001594,-0.001667,-0.001742,-0.001818,-0.001897,-0.001978,-0.002061,-0.002147,-0.002236,-0.002328,-0.002426,-0.002530,-0.002639,-0.002755,-0.002878,-0.003016,-0.003174,-0.003353,-0.003550,-0.003756,-0.003959,-0.004139,-0.004278,-0.004368,-0.004410,-0.004422,-0.004431,-0.004464,-0.004539,-0.004649,-0.004768,-0.004870,-0.004946,-0.005001,-0.005045,-0.005086,-0.005125,-0.005165,-0.005210,-0.005264,-0.005323,-0.005375,-0.005403,-0.005386,-0.005312,-0.005182,-0.005009,-0.004813,-0.004615,-0.004427,-0.004250,-0.004081,-0.003921,-0.003782,-0.003685,-0.003654,-0.003698,-0.003812,-0.003966,-0.004121,-0.004249,-0.004339,-0.004397,-0.004435,-0.004469,-0.004511,-0.004568,-0.004643,-0.004732,-0.004829,-0.004926,-0.005009,-0.005060,-0.005065,-0.005019,-0.004916,-0.004756,-0.004547,-0.004308,-0.004065,-0.003840,-0.003647,-0.003491,-0.003366,-0.003257,-0.003153,-0.003049,-0.002945,-0.002840,-0.002731,-0.002622,-0.002517,-0.002419,-0.002327,-0.002239,-0.002157,-0.002082,-0.002009,-0.001930,-0.001839,-0.001736,-0.001621,-0.001499,-0.001374,-0.001255,-0.001142,-0.001033,-0.000926,-0.000816,-0.000697,-0.000561,-0.000412,-0.000261,-0.000120,0.000001,0.000105,0.000199,0.000296,0.000417,0.000570,0.000757,0.000970,0.001202,0.001444,0.001687,0.001918,0.002130,0.002315,0.002470,0.002602,0.002728,0.002868,0.003040,0.003254,0.003513,0.003804,0.004112,0.004421,0.004725,0.005026,0.005331,0.005650,0.005992,0.006367,0.006790,0.007286,0.007882,0.008618,0.009548,0.010690,0.011925,0.012957,0.013428],
	[0.000000,0.000000,0.000000,0.000000,0.000000,0.000000,0.000000,0.000000,0.000000,0.000000,0.000000,0.000000,0.000000,0.000000,0.000000,0.000000,0.000000,0.000000,0.000000,0.000000,0.000000,0.000000,0.000000,0.000000,0.000000,0.000000,0.000000,0.000000,0.000000,0.000000,0.000000,0.000000,0.000000,0.000000,0.000000,0.000000,0.000000,0.000000,0.000000,0.000000,0.000000,0.000000,0.000000,0.000000,0.000000,0.000000,0.000000,0.000000,0.000000,0.000000,0.000000,0.000000,0.000000,0.000000,0.000000,0.000000,0.000000,0.000000,0.000000,0.000000,0.000000,0.000000,0.000000,0.000000,0.000000,0.000000,0.000000,0.000000,0.000000,0.000000,0.000000,0.000000,0.000000,0.000000,0.000000,0.000000,0.000000,0.000000,0.000000,0.000000,0.000000,0.000000,0.000000,0.000000,0.000000,0.000000,0.000000,0.000000,0.000000,0.000000,0.000000,0.000000,0.000000,0.000000,0.000000,0.000000,0.000000,0.000000,0.000000,0.000000,0.000000,0.000000,0.000000,0.000000,0.000000,0.000000,0.000000,0.000000,0.000000,0.000000,0.000000,0.000000,0.000000,0.000000,0.000000,0.000000,0.000000,0.000000,0.000000,0.000000,0.000000,0.000000,0.000000,0.000000,0.000000,0.000000,0.000000,0.000000,0.000000,0.000000,0.000000,0.000000,0.000000,0.000000,0.000000,0.000000,0.000000,0.000000,0.000000,0.000000,0.000000,0.000000,0.000000,0.000000,0.000000,0.000000,0.000000,0.000000,0.000000,0.000000,0.000000,0.000000,0.000000,0.000000,0.000000,0.000000,0.000000,0.000000,0.000000,0.000000,0.000000,0.000000,0.000000,0.000000,0.000000,0.000000,0.000000,0.000000,0.000000,0.000000,0.000000,0.000000,0.000000,0.000000,0.000000,0.000000,0.000000,0.000000,0.000000,0.000000,0.000000,0.000000,0.000000,0.000000,0.000000,0.000000,0.000000,0.000000,0.000000,0.000000,0.000000,0.000000,0.000000,0.000000,0.000000,0.000000,0.000000,0.000000,0.000000,0.000000,0.000000,0.000000,0.000000,0.000000,0.000000,0.000000,0.000000,0.000000,0.000000,0.000000,0.000000,0.000000,0.000000,0.000000,0.000000,0.000000,0.000000,0.000000,0.000000,0.000000,0.000000,0.000000,0.000000,0.000000,0.000000,0.000000,0.000000,0.000000,0.000000,0.000000,0.000000,0.000000,0.000000,0.000000,0.000000,0.000000,0.000000,0.000000,0.000000,0.000000,0.000000,0.000000,0.000000,0.000000,0.000000,0.000000,0.000000,0.000000,0.000000,0.000000,0.000000,0.000000,0.000000,0.000000,0.000000,0.000000],
	[0.013472,0.012504,0.011205,0.009963,0.008951,0.008163,0.007540,0.007038,0.006621,0.006258,0.005938,0.005651,0.005394,0.005156,0.004934,0.004731,0.004545,0.004371,0.004205,0.004051,0.003904,0.003763,0.003627,0.003499,0.003378,0.003261,0.003146,0.003035,0.002930,0.002832,0.002739,0.002647,0.002557,0.002467,0.002377,0.002292,0.002210,0.002130,0.002051,0.001973,0.001896,0.001821,0.001749,0.001680,0.001612,0.001544,0.001477,0.001408,0.001339,0.001274,0.001211,0.001149,0.001085,0.001021,0.000959,0.000898,0.000837,0.000776,0.000718,0.000659,0.000599,0.000539,0.000480,0.000422,0.000363,0.000306,0.000250,0.000194,0.000137,0.000080,0.000023,-0.000034,-0.000093,-0.000152,-0.000210,-0.000267,-0.000323,-0.000378,-0.000433,-0.000491,-0.000549,-0.000609,-0.000673,-0.000741,-0.000807,-0.000871,-0.000936,-0.001007,-0.001079,-0.001147,-0.001216,-0.001288,-0.001365,-0.001446,-0.001537,-0.001640,-0.001750,-0.001852,-0.001932,-0.001978,-0.001993,-0.001992,-0.002003,-0.002042,-0.002117,-0.002221,-0.002377,-0.002578,-0.002741,-0.002867,-0.002987,-0.003109,-0.003252,-0.003455,-0.003760,-0.004089,-0.004336,-0.004461,-0.004450,-0.004334,-0.004177,-0.004060,-0.004037,-0.004128,-0.004302,-0.004491,-0.004600,-0.004580,-0.004428,-0.004180,-0.003868,-0.003530,-0.003189,-0.002879,-0.002649,-0.002613,-0.002893,-0.003523,-0.004202,-0.004614,-0.004776,-0.004780,-0.004730,-0.004778,-0.005093,-0.005695,-0.006326,-0.006710,-0.006790,-0.006629,-0.006343,-0.006039,-0.005773,-0.005542,-0.005338,-0.005159,-0.004990,-0.004803,-0.004604,-0.004430,-0.004299,-0.004183,-0.004070,-0.003977,-0.003914,-0.003843,-0.003732,-0.003589,-0.003441,-0.003293,-0.003143,-0.003012,-0.002924,-0.002865,-0.002807,-0.002745,-0.002693,-0.002640,-0.002562,-0.002468,-0.002394,-0.002355,-0.002337,-0.002329,-0.002342,-0.002365,-0.002363,-0.002309,-0.002211,-0.002090,-0.001957,-0.001831,-0.001752,-0.001749,-0.001802,-0.001849,-0.001851,-0.001804,-0.001698,-0.001507,-0.001225,-0.000880,-0.000502,-0.000099,0.000306,0.000679,0.001002,0.001300,0.001592,0.001857,0.002067,0.002244,0.002424,0.002611,0.002795,0.002991,0.003227,0.003488,0.003722,0.003903,0.004032,0.004086,0.004015,0.003786,0.003410,0.002909,0.002303,0.001642,0.001005,0.000460,0.000024,-0.000319,-0.000583,-0.000738,-0.000760,-0.000664,-0.000478,-0.000205,0.000146,0.000527,0.000885,0.001224,0.001586,0.002004,0.002501,0.003108,0.003842,0.004674,0.005564,0.006516,0.007589,0.008845,0.010293,0.011807,0.013077,0.013708],
	[0.017953,0.017017,0.015309,0.013468,0.011885,0.010645,0.009711,0.008983,0.008376,0.007848,0.007386,0.006980,0.006616,0.006313,0.006072,0.005860,0.005630,0.005384,0.005171,0.004972,0.004788,0.004629,0.004468,0.004303,0.004134,0.003985,0.003864,0.003768,0.003672,0.003560,0.003440,0.003325,0.003206,0.003091,0.003000,0.002943,0.002898,0.002844,0.002769,0.002673,0.002566,0.002478,0.002412,0.002355,0.002299,0.002233,0.002150,0.002080,0.002036,0.001995,0.001942,0.001875,0.001803,0.001721,0.001643,0.001587,0.001541,0.001499,0.001454,0.001408,0.001355,0.001311,0.001282,0.001254,0.001213,0.001151,0.001079,0.001019,0.000978,0.000948,0.000917,0.000875,0.000826,0.000780,0.000723,0.000664,0.000633,0.000614,0.000585,0.000548,0.000522,0.000468,0.000394,0.000352,0.000319,0.000281,0.000227,0.000181,0.000149,0.000110,0.000059,0.000011,-0.000028,-0.000061,-0.000120,-0.000171,-0.000192,-0.000228,-0.000292,-0.000362,-0.000403,-0.000420,-0.000428,-0.000449,-0.000474,-0.000504,-0.000550,-0.000617,-0.000692,-0.000762,-0.000812,-0.000841,-0.000867,-0.000912,-0.000971,-0.001023,-0.001058,-0.001094,-0.001161,-0.001225,-0.001258,-0.001307,-0.001365,-0.001426,-0.001489,-0.001584,-0.001652,-0.001679,-0.001714,-0.001789,-0.001869,-0.001944,-0.002035,-0.002112,-0.002177,-0.002249,-0.002328,-0.002408,-0.002479,-0.002555,-0.002659,-0.002825,-0.003016,-0.003202,-0.003414,-0.003605,-0.003734,-0.003785,-0.003770,-0.003710,-0.003668,-0.003695,-0.003788,-0.003905,-0.004011,-0.004068,-0.004049,-0.003948,-0.003829,-0.003812,-0.003991,-0.004351,-0.004804,-0.005190,-0.005375,-0.005386,-0.005352,-0.005364,-0.005440,-0.005521,-0.005520,-0.005379,-0.005097,-0.004718,-0.004313,-0.003928,-0.003558,-0.003197,-0.002886,-0.002697,-0.002676,-0.002782,-0.002892,-0.002903,-0.002811,-0.002683,-0.002594,-0.002615,-0.002769,-0.002994,-0.003200,-0.003348,-0.003478,-0.003643,-0.003877,-0.004207,-0.004609,-0.004970,-0.005207,-0.005335,-0.005389,-0.005350,-0.005207,-0.004994,-0.004742,-0.004444,-0.004092,-0.003730,-0.003421,-0.003178,-0.002975,-0.002804,-0.002680,-0.002593,-0.002497,-0.002352,-0.002160,-0.001940,-0.001704,-0.001469,-0.001271,-0.001150,-0.001109,-0.001130,-0.001213,-0.001374,-0.001611,-0.001887,-0.002171,-0.002459,-0.002753,-0.003024,-0.003218,-0.003294,-0.003234,-0.003044,-0.002760,-0.002448,-0.002170,-0.001943,-0.001730,-0.001461,-0.001079,-0.000558,0.000112,0.000940,0.001913,0.003001,0.004196,0.005541,0.007112,0.008983,0.011199,0.013665,0.016009,0.017611],
	[0.010588,0.010513,0.009882,0.008977,0.008095,0.007374,0.006819,0.006386,0.006031,0.005725,0.005450,0.005201,0.004979,0.004779,0.004597,0.004426,0.004268,0.004122,0.003980,0.003839,0.003699,0.003566,0.003445,0.003335,0.003236,0.003139,0.003041,0.002944,0.002851,0.002753,0.002652,0.002560,0.002479,0.002402,0.002331,0.002262,0.002197,0.002132,0.002063,0.001975,0.001889,0.001827,0.001776,0.001727,0.001677,0.001627,0.001576,0.001522,0.001463,0.001399,0.001330,0.001259,0.001190,0.001125,0.001068,0.001018,0.000975,0.000930,0.000881,0.000817,0.000752,0.000703,0.000658,0.000612,0.000557,0.000496,0.000434,0.000377,0.000323,0.000269,0.000220,0.000183,0.000156,0.000133,0.000099,0.000051,-0.000012,-0.000075,-0.000128,-0.000174,-0.000219,-0.000269,-0.000330,-0.000389,-0.000434,-0.000476,-0.000521,-0.000575,-0.000636,-0.000700,-0.000762,-0.000819,-0.000870,-0.000915,-0.000960,-0.001006,-0.001056,-0.001115,-0.001182,-0.001243,-0.001294,-0.001342,-0.001393,-0.001451,-0.001517,-0.001589,-0.001664,-0.001741,-0.001817,-0.001889,-0.001955,-0.002014,-0.002071,-0.002135,-0.002209,-0.002298,-0.002400,-0.002494,-0.002580,-0.002664,-0.002750,-0.002841,-0.002936,-0.003037,-0.003145,-0.003261,-0.003387,-0.003525,-0.003683,-0.003858,-0.004044,-0.004247,-0.004472,-0.004733,-0.005048,-0.005420,-0.005825,-0.006201,-0.006464,-0.006550,-0.006446,-0.006197,-0.005870,-0.005528,-0.005220,-0.004986,-0.004848,-0.004812,-0.004861,-0.004980,-0.005167,-0.005410,-0.005666,-0.005893,-0.006080,-0.006241,-0.006374,-0.006441,-0.006385,-0.006172,-0.005817,-0.005393,-0.005016,-0.004808,-0.004830,-0.005026,-0.005232,-0.005299,-0.005201,-0.005026,-0.004893,-0.004866,-0.004921,-0.004958,-0.004864,-0.004599,-0.004251,-0.004002,-0.004028,-0.004385,-0.004969,-0.005565,-0.005953,-0.006023,-0.005803,-0.005415,-0.004965,-0.004500,-0.004045,-0.003659,-0.003398,-0.003239,-0.003095,-0.002914,-0.002714,-0.002535,-0.002395,-0.002307,-0.002262,-0.002205,-0.002056,-0.001795,-0.001469,-0.001129,-0.000778,-0.000419,-0.000072,0.000259,0.000614,0.001018,0.001446,0.001862,0.002274,0.002694,0.003082,0.003368,0.003516,0.003552,0.003527,0.003512,0.003596,0.003826,0.004150,0.004463,0.004698,0.004844,0.004878,0.004749,0.004468,0.004158,0.003966,0.003956,0.004113,0.004369,0.004605,0.004708,0.004666,0.004590,0.004582,0.004644,0.004738,0.004859,0.005005,0.005127,0.005180,0.005206,0.005306,0.005529,0.005852,0.006251,0.006715,0.007225,0.007780,0.008441,0.009254,0.010078]
],
	"idxs" : [3,0,3,3,3]
,"hydrophone_pos" : [
	[0.000000,0.000000,0.000000],
	[0.000000,0.000000,0.000000],
	[32.299999,-4.300000,3.660000],
	[-6.599999,34.700000,1.659999],
	[-4.599999,0.000000,-34.340000]
],
	"direction_of_arrival" : [0.000000,0.000000,0.000000]
,	"valid" : [0.000000,-0.203052,-0.000000,-0.000000,-0.000000]
}
dump = {
	"magnitude" : [0.000000,0.000058,0.000056,0.000059,0.000065,0.000076,0.000124,0.000066,0.000103,0.000158,0.000186,0.000430,0.000464,0.004112,0.023727,0.069249,0.030044,0.002196,0.001108,0.000413,0.000284,0.000591,0.000166,0.000244,0.000285,0.000204,0.000198,0.000165,0.000166,0.000155,0.000231,0.000175]
,	"raw_mv" : [
	[-6.867000,-7.248499,-6.867000,-7.248499,-6.867000,-7.248499,-7.248499,-7.248499,-6.867000,-6.867000,-7.248499,-7.248499,-6.867000,-7.248499,-6.867000,-6.867000,-6.867000,-7.248499,-7.248499,-6.867000,-7.248499,-7.248499,-7.248499,-7.248499,-7.248499,-7.248499,-7.248499,-7.248499,-7.630000,-7.248499,-7.630000,-7.248499,-7.248499,-7.630000,-7.630000,-7.248499,-7.248499,-7.248499,-7.248499,-7.630000,-7.248499,-7.248499,-7.248499,-7.248499,-7.248499,-7.630000,-7.630000,-6.867000,-7.248499,-7.630000,-7.248499,-7.248499,-7.248499,-6.867000,-7.248499,-7.248499,-7.630000,-7.248499,-7.248499,-7.248499,-7.248499,-7.630000,-7.248499,-7.248499,-7.248499,-7.248499,-7.248499,-7.630000,-7.630000,-7.630000,-7.630000,-7.630000,-7.630000,-7.630000,-7.248499,-7.630000,-7.630000,-7.630000,-7.630000,-7.248499,-7.630000,-7.248499,-7.630000,-7.630000,-7.248499,-7.248499,-7.248499,-7.248499,-7.248499,-7.630000,-7.630000,-7.630000,-7.630000,-7.248499,-7.248499,-7.248499,-7.248499,-7.248499,-7.248499,-7.248499,-7.248499,-7.248499,-7.248499,-7.248499,-7.248499,-7.248499,-7.248499,-7.630000,-7.630000,-7.248499,-7.248499,-7.630000,-7.630000,-7.248499,-7.248499,-7.630000,-7.630000,-7.630000,-7.248499,-7.248499,-7.248499,-7.630000,-7.630000,-7.630000,-7.630000,-8.011500,-7.630000,-7.630000,-7.630000,-8.011500,-8.011500,-7.630000,-7.630000,-7.630000,-7.630000,-8.011500,-7.630000,-8.011500,-7.630000,-7.630000,-7.630000,-7.630000,-8.011500,-7.630000,-7.248499,-7.248499,-7.630000,-7.630000,-7.248499,-7.248499,-0.763000,-12.589500,-36.242500,9.919000,46.161499,-30.901500,-78.207504,16.785999,59.895500,-4.578000,-83.166999,-41.201999,85.456001,42.346500,-108.727500,-65.999504,109.872001,61.421501,-127.421005,-103.768005,107.583000,122.843002,-100.716003,-189.223999,64.473503,218.981002,-31.283000,-262.853515,-28.612501,243.015502,68.669998,-247.593505,-129.710006,209.061996,149.548004,-177.779006,-182.738510,114.068504,177.779006,-80.114997,-228.518508,52.646999,226.992507,-48.069000,-263.616516,40.820499,246.067504,-35.097999,-280.020996,4.959500,272.772491,32.809001,-312.830017,-99.571502,314.737518,145.351501,-335.720001,-222.796005,326.945495,246.449005,-310.159515,-306.344512,264.379516,317.026519,-217.455001,-382.263000,175.490005,377.684997,-130.473007,-429.569000,86.219001,414.690521,-42.346500,-447.118011,-12.971000,430.713501,49.213500,-443.684509,-112.924003,431.095001,139.247497,-437.962005,-207.154510,413.164520,236.148498,-388.748504,-315.500518,350.217010,336.101501,-306.726013,-416.597991,260.183013,424.609497,-212.113998,-475.348999,147.259002,468.863494,-80.877998,-515.788024,0.763000,511.973022,51.121002,-528.759033,-129.710006,505.106018,169.767501],
	[0.000000,0.000000,0.000000,0.000000,0.000000,0.000000,0.000000,0.000000,0.000000,0.000000,0.000000,0.000000,0.000000,0.000000,0.000000,0.000000,0.000000,0.000000,0.000000,0.000000,0.000000,0.000000,0.000000,0.000000,0.000000,0.000000,0.000000,0.000000,0.000000,0.000000,0.000000,0.000000,0.000000,0.000000,0.000000,0.000000,0.000000,0.000000,0.000000,0.000000,0.000000,0.000000,0.000000,0.000000,0.000000,0.000000,0.000000,0.000000,0.000000,0.000000,0.000000,0.000000,0.000000,0.000000,0.000000,0.000000,0.000000,0.000000,0.000000,0.000000,0.000000,0.000000,0.000000,0.000000,0.000000,0.000000,0.000000,0.000000,0.000000,0.000000,0.000000,0.000000,0.000000,0.000000,0.000000,0.000000,0.000000,0.000000,0.000000,0.000000,0.000000,0.000000,0.000000,0.000000,0.000000,0.000000,0.000000,0.000000,0.000000,0.000000,0.000000,0.000000,0.000000,0.000000,0.000000,0.000000,0.000000,0.000000,0.000000,0.000000,0.000000,0.000000,0.000000,0.000000,0.000000,0.000000,0.000000,0.000000,0.000000,0.000000,0.000000,0.000000,0.000000,0.000000,0.000000,0.000000,0.000000,0.000000,0.000000,0.000000,0.000000,0.000000,0.000000,0.000000,0.000000,0.000000,0.000000,0.000000,0.000000,0.000000,0.000000,0.000000,0.000000,0.000000,0.000000,0.000000,0.000000,0.000000,0.000000,0.000000,0.000000,0.000000,0.000000,0.000000,0.000000,0.000000,0.000000,0.000000,0.000000,0.000000,0.000000,0.000000,0.000000,0.000000,0.000000,0.000000,0.000000,0.000000,0.000000,0.000000,0.000000,0.000000,0.000000,0.000000,0.000000,0.000000,0.000000,0.000000,0.000000,0.000000,0.000000,0.000000,0.000000,0.000000,0.000000,0.000000,0.000000,0.000000,0.000000,0.000000,0.000000,0.000000,0.000000,0.000000,0.000000,0.000000,0.000000,0.000000,0.000000,0.000000,0.000000,0.000000,0.000000,0.000000,0.000000,0.000000,0.000000,0.000000,0.000000,0.000000,0.000000,0.000000,0.000000,0.000000,0.000000,0.000000,0.000000,0.000000,0.000000,0.000000,0.000000,0.000000,0.000000,0.000000,0.000000,0.000000,0.000000,0.000000,0.000000,0.000000,0.000000,0.000000,0.000000,0.000000,0.000000,0.000000,0.000000,0.000000,0.000000,0.000000,0.000000,0.000000,0.000000,0.000000,0.000000,0.000000,0.000000,0.000000,0.000000,0.000000,0.000000,0.000000,0.000000,0.000000,0.000000,0.000000,0.000000,0.000000,0.000000,0.000000,0.000000,0.000000,0.000000,0.000000,0.000000,0.000000],
	[-6.561800,-6.714400,-6.561800,-6.561800,-6.561800,-6.561800,-6.409200,-6.485500,-6.485500,-6.409200,-6.485500,-6.485500,-6.256600,-6.332900,-6.332900,-6.332900,-6.332900,-6.256600,-6.104000,-6.027700,-6.104000,-6.027700,-6.256600,-6.409200,-6.332900,-6.256600,-6.256600,-6.256600,-6.485500,-6.561800,-6.485500,-6.561800,-6.561800,-6.561800,-6.638100,-6.561800,-6.485500,-6.485500,-6.638100,-6.638100,-6.561800,-6.409200,-6.485500,-6.561800,-6.409200,-6.561800,-6.561800,-6.485500,-6.485500,-6.638100,-6.714400,-6.714400,-6.638100,-6.485500,-6.485500,-6.409200,-6.561800,-6.485500,-6.332900,-6.561800,-6.638100,-6.714400,-6.638100,-6.638100,-6.638100,-6.714400,-6.714400,-6.714400,-6.638100,-6.561800,-6.485500,-6.561800,-6.714400,-6.714400,-6.638100,-6.638100,-6.485500,-6.790700,-6.714400,-6.790700,-6.638100,-6.714400,-6.561800,-6.714400,-6.561800,-6.561800,-6.714400,-6.714400,-6.867000,-6.638100,-6.867000,-6.867000,-6.638100,-6.561800,-6.638100,-6.867000,-6.790700,-6.561800,-6.638100,-6.790700,-6.714400,-6.485500,-6.714400,-6.714400,-6.867000,-6.561800,-6.561800,-6.561800,-6.714400,-6.638100,-6.409200,-6.638100,-6.638100,-6.638100,-6.409200,-6.485500,-6.790700,-6.561800,-6.561800,-6.561800,-6.714400,-6.714400,-6.714400,-6.714400,-6.790700,-6.943300,-3.815000,-10.147900,-9.842700,-1.297100,-8.240400,-7.630000,-6.638100,-6.180300,-7.630000,-5.188400,-8.240400,-8.087800,-5.569900,-4.349100,-11.902800,-4.806900,-5.798800,-11.292400,-5.798800,12.971000,-31.054101,-12.436900,11.216100,3.662400,-21.364000,-23.424100,-2.594200,15.870400,3.357200,-41.354602,-16.251899,31.588201,5.341000,-43.109500,-23.118900,24.721200,8.927100,-26.705001,-9.308600,-24.110801,16.786001,6.027700,-6.409200,-47.687500,10.147900,10.682000,6.867000,-23.118900,-34.640201,-9.079700,53.791500,-13.123600,-61.726703,-18.083101,55.546402,15.870400,-64.397201,-43.338401,43.338401,48.755703,-60.124401,-55.393802,20.219501,70.348602,-45.093299,-62.947502,-5.035799,81.106903,-28.078401,-71.569404,-15.946700,82.251403,-7.935200,-70.882705,-32.351200,73.629501,13.199900,-71.874603,-43.948802,63.786800,37.692199,-71.493103,-54.859703,44.254001,60.658500,-60.582202,-63.329002,33.114200,72.179801,-77.597099,-58.751003,50.968402,64.015701,-90.644401,-47.305999,42.041301,72.637603,-76.757804,-70.348602,35.937301,91.407402,-62.031902,-97.282501,22.813701,105.294006,-39.141902,-108.574905,8.316699,98.503303,-9.766400,-113.915901,-8.850800,82.098800,24.492300,-110.711303,-24.110801,67.296600,44.864402,-104.531005,-33.495700,47.916400,53.791500,-79.352005,-34.869102,25.026401,36.624000,-54.554500,-21.821800,24.797500,17.854200],
	[-7.248499,-7.248499,-7.248499,-7.248499,-7.630000,-7.630000,-7.630000,-7.630000,-7.630000,-7.630000,-7.248499,-8.011500,-8.011500,-7.630000,-7.630000,-7.248499,-7.630000,-8.011500,-7.630000,-7.630000,-7.630000,-7.630000,-7.630000,-7.248499,-7.248499,-7.630000,-7.248499,-7.248499,-7.630000,-7.630000,-7.248499,-7.248499,-8.011500,-8.011500,-8.011500,-7.630000,-8.011500,-8.011500,-8.392999,-8.011500,-8.011500,-8.011500,-8.011500,-7.630000,-8.011500,-8.011500,-7.630000,-8.011500,-7.630000,-7.630000,-7.630000,-7.248499,-7.630000,-7.248499,-7.248499,-7.248499,-7.248499,-7.248499,-7.248499,-7.630000,-8.011500,-7.630000,-7.630000,-7.248499,-7.630000,-7.630000,-8.011500,-8.011500,-8.011500,-8.011500,-8.392999,-8.011500,-8.392999,-8.774499,-8.392999,-8.392999,-9.156000,-8.774499,-9.156000,-8.774499,-9.156000,-8.392999,-8.774499,-8.774499,-8.774499,-8.774499,-8.774499,-8.774499,-8.774499,-9.156000,-9.156000,-8.774499,-8.392999,-8.392999,-8.392999,-8.392999,-8.774499,-8.774499,-8.774499,-8.774499,-8.392999,-8.774499,-8.392999,-8.392999,-8.392999,-8.392999,-8.011500,-8.392999,-8.392999,-8.011500,-8.392999,-8.392999,-8.011500,-8.011500,-8.011500,-8.011500,-8.011500,-8.011500,-8.011500,-7.630000,-8.011500,-7.630000,-8.011500,-7.630000,-7.248499,-7.248499,-7.630000,-7.630000,-7.248499,-7.248499,-7.248499,-6.867000,-6.485500,-6.485500,-6.485500,-6.485500,-6.485500,-6.104000,-5.722499,-5.722499,-5.722499,-5.341000,-5.722499,-6.104000,-6.104000,-6.104000,-5.722499,-5.341000,-5.722499,-5.722499,-5.341000,-5.722499,-5.722499,-5.722499,-5.341000,-5.341000,-5.341000,-5.722499,-4.959500,-5.341000,-5.341000,-6.104000,-5.722499,-5.341000,-5.722499,-5.722499,-6.104000,-5.722499,-5.722499,-5.722499,-5.722499,-6.104000,-6.485500,-5.341000,-4.578000,-9.156000,-5.341000,-3.815000,-6.104000,-8.392999,-5.341000,-4.196499,-4.196499,-9.156000,-7.630000,-1.907500,-4.578000,-9.537500,-5.722499,-2.670500,-10.300499,-4.959500,-1.144500,-7.630000,-11.826499,-3.052000,-0.381500,-2.289000,-15.641500,-7.630000,4.959500,-1.907500,-16.023000,-10.300499,3.433500,0.763000,-13.352499,-12.589500,-1.526000,0.381500,-5.722499,-17.548999,-3.815000,0.381500,-7.248499,-14.878500,-5.341000,-1.526000,-4.959500,-16.785999,-5.722499,-1.144500,-8.774499,-15.260000,-1.526000,-2.289000,-14.115500,-16.785999,-0.381500,2.289000,-14.878500,-21.364000,-3.433500,6.485500,-14.115500,-24.034500,-7.248499,7.630000,-10.682000,-23.271499,-12.589500,7.248499,-6.104000,-23.271499,-18.693500,5.341000,-3.052000,-21.745500,-20.982500,3.433500,-1.907500,-19.838001,-20.982500,-0.763000,0.763000,-17.930500],
	[138.865997,138.865997,138.865997,139.247497,138.865997,138.865997,139.247497,139.247497,138.865997,139.247497,139.247497,138.865997,138.865997,139.247497,139.247497,139.247497,138.865997,138.865997,139.247497,139.247497,138.865997,139.247497,139.247497,138.865997,138.865997,139.247497,138.865997,138.865997,139.247497,139.247497,138.865997,138.865997,138.865997,139.247497,139.247497,139.247497,138.865997,139.247497,138.865997,138.865997,138.865997,138.865997,139.247497,139.247497,138.865997,138.865997,138.865997,139.247497,138.865997,138.865997,139.247497,138.865997,138.865997,138.865997,138.484497,138.865997,139.247497,138.865997,139.247497,138.865997,138.865997,138.865997,138.865997,138.865997,138.865997,138.865997,138.865997,138.865997,138.865997,138.865997,139.247497,138.865997,139.247497,138.865997,139.247497,138.865997,138.865997,138.865997,139.247497,138.865997,138.865997,138.865997,139.247497,138.865997,138.865997,139.247497,139.247497,138.865997,138.865997,139.247497,138.865997,139.247497,138.865997,138.865997,138.865997,139.247497,139.247497,138.865997,138.865997,139.247497,139.247497,138.865997,139.247497,139.247497,138.865997,138.865997,139.247497,138.865997,139.247497,138.484497,138.865997,138.865997,138.865997,138.865997,138.865997,138.865997,138.865997,138.865997,138.865997,138.865997,138.484497,138.865997,138.865997,138.865997,138.865997,138.865997,138.865997,138.865997,138.865997,138.865997,138.865997,138.865997,138.484497,138.865997,138.865997,138.865997,138.865997,138.865997,138.865997,138.865997,138.865997,138.484497,138.865997,139.247497,138.865997,138.865997,138.865997,138.484497,138.865997,138.865997,138.865997,138.484497,138.865997,138.865997,138.865997,138.484497,138.865997,138.865997,138.865997,138.865997,138.484497,138.865997,138.865997,138.484497,139.628997,140.391998,130.091506,144.588501,149.548004,125.513504,133.525009,152.981506,140.010498,126.276504,138.102996,148.785003,143.825500,128.184005,133.906509,143.825500,150.692504,133.143508,127.039505,143.444000,153.744506,129.710006,120.935501,151.074005,159.848495,126.658004,119.791000,148.022003,153.744506,138.484497,115.975997,141.154998,163.663497,138.102996,117.120498,135.050994,159.466995,151.455505,116.738998,120.935501,166.333999,148.022003,127.039505,120.554000,149.929504,159.848495,140.773498,101.479003,143.444000,168.623001,149.166503,98.427001,135.050994,170.149002,153.363006,108.346000,117.883499,168.623001,162.900497,115.594505,108.346000,160.992996,168.623001,128.565506,95.756500,153.363006,175.490005,138.865997,91.559997,143.444000,175.108505,151.455505,92.704498,130.854507,173.582504,159.848495,100.716003,119.409500,169.767501,162.137496,115.975997,112.161003,156.796508,167.478500,128.947006,101.479003,155.270507,165.189498,139.247497,104.149497,146.496002,156.796508]
],
"normalized" : [
	[-0.005572,-0.007953,-0.005572,-0.007953,-0.005572,-0.007953,-0.007953,-0.007953,-0.005572,-0.005572,-0.007953,-0.007953,-0.005572,-0.007953,-0.005572,-0.005572,-0.005572,-0.007953,-0.007953,-0.005572,-0.007953,-0.007953,-0.007953,-0.007953,-0.007953,-0.007953,-0.007953,-0.007953,-0.010335,-0.007953,-0.010335,-0.007953,-0.007953,-0.010335,-0.010335,-0.007953,-0.007953,-0.007953,-0.007953,-0.010335,-0.007953,-0.007953,-0.007953,-0.007953,-0.007953,-0.010335,-0.010335,-0.005572,-0.007953,-0.010335,-0.007953,-0.007953,-0.007953,-0.005572,-0.007953,-0.007953,-0.010335,-0.007953,-0.007953,-0.007953,-0.007953,-0.010335,-0.007953,-0.007953,-0.007953,-0.007953,-0.007953,-0.010335,-0.010335,-0.010335,-0.010335,-0.010335,-0.010335,-0.010335,-0.007953,-0.010335,-0.010335,-0.010335,-0.010335,-0.007953,-0.010335,-0.007953,-0.010335,-0.010335,-0.007953,-0.007953,-0.007953,-0.007953,-0.007953,-0.010335,-0.010335,-0.010335,-0.010335,-0.007953,-0.007953,-0.007953,-0.007953,-0.007953,-0.007953,-0.007953,-0.007953,-0.007953,-0.007953,-0.007953,-0.007953,-0.007953,-0.007953,-0.010335,-0.010335,-0.007953,-0.007953,-0.010335,-0.010335,-0.007953,-0.007953,-0.010335,-0.010335,-0.010335,-0.007953,-0.007953,-0.007953,-0.010335,-0.010335,-0.010335,-0.010335,-0.012716,-0.010335,-0.010335,-0.010335,-0.012716,-0.012716,-0.010335,-0.010335,-0.010335,-0.010335,-0.012716,-0.010335,-0.012716,-0.010335,-0.010335,-0.010335,-0.010335,-0.012716,-0.010335,-0.007953,-0.007953,-0.010335,-0.010335,-0.007953,-0.007953,0.032530,-0.041293,-0.188941,0.099210,0.325445,-0.155601,-0.450898,0.142076,0.411177,0.008716,-0.481856,-0.219900,0.570732,0.301631,-0.641412,-0.374692,0.723143,0.420702,-0.758102,-0.610453,0.708855,0.804112,-0.591402,-1.143892,0.439754,1.404230,-0.157983,-1.603507,-0.141313,1.554260,0.465949,-1.508250,-0.772390,1.342313,0.970811,-1.072450,-1.103408,0.749339,1.147037,-0.462805,-1.389179,0.365929,1.454240,-0.262765,-1.608270,0.292105,1.573312,-0.181797,-1.710671,0.068251,1.740011,0.242095,-1.915474,-0.584258,2.001968,0.944616,-2.058359,-1.353458,2.078173,1.575693,-1.898804,-1.874990,1.687620,2.016256,-1.320118,-2.348893,1.132748,2.394903,-0.777153,-2.644190,0.575495,2.625901,-0.227044,-2.753735,-0.043674,2.725921,0.344497,-2.732302,-0.667608,2.728302,0.906513,-2.696581,-1.255819,2.616375,1.511394,-2.389377,-1.932144,2.223440,2.135328,-1.877371,-2.563221,1.661424,2.687818,-1.286778,-2.929960,0.956523,2.964063,-0.467568,-3.182392,0.042056,3.233164,0.356404,-3.263360,-0.772390,3.190299,1.097027],
	[0.000000,0.000000,0.000000,0.000000,0.000000,0.000000,0.000000,0.000000,0.000000,0.000000,0.000000,0.000000,0.000000,0.000000,0.000000,0.000000,0.000000,0.000000,0.000000,0.000000,0.000000,0.000000,0.000000,0.000000,0.000000,0.000000,0.000000,0.000000,0.000000,0.000000,0.000000,0.000000,0.000000,0.000000,0.000000,0.000000,0.000000,0.000000,0.000000,0.000000,0.000000,0.000000,0.000000,0.000000,0.000000,0.000000,0.000000,0.000000,0.000000,0.000000,0.000000,0.000000,0.000000,0.000000,0.000000,0.000000,0.000000,0.000000,0.000000,0.000000,0.000000,0.000000,0.000000,0.000000,0.000000,0.000000,0.000000,0.000000,0.000000,0.000000,0.000000,0.000000,0.000000,0.000000,0.000000,0.000000,0.000000,0.000000,0.000000,0.000000,0.000000,0.000000,0.000000,0.000000,0.000000,0.000000,0.000000,0.000000,0.000000,0.000000,0.000000,0.000000,0.000000,0.000000,0.000000,0.000000,0.000000,0.000000,0.000000,0.000000,0.000000,0.000000,0.000000,0.000000,0.000000,0.000000,0.000000,0.000000,0.000000,0.000000,0.000000,0.000000,0.000000,0.000000,0.000000,0.000000,0.000000,0.000000,0.000000,0.000000,0.000000,0.000000,0.000000,0.000000,0.000000,0.000000,0.000000,0.000000,0.000000,0.000000,0.000000,0.000000,0.000000,0.000000,0.000000,0.000000,0.000000,0.000000,0.000000,0.000000,0.000000,0.000000,0.000000,0.000000,0.000000,0.000000,0.000000,0.000000,0.000000,0.000000,0.000000,0.000000,0.000000,0.000000,0.000000,0.000000,0.000000,0.000000,0.000000,0.000000,0.000000,0.000000,0.000000,0.000000,0.000000,0.000000,0.000000,0.000000,0.000000,0.000000,0.000000,0.000000,0.000000,0.000000,0.000000,0.000000,0.000000,0.000000,0.000000,0.000000,0.000000,0.000000,0.000000,0.000000,0.000000,0.000000,0.000000,0.000000,0.000000,0.000000,0.000000,0.000000,0.000000,0.000000,0.000000,0.000000,0.000000,0.000000,0.000000,0.000000,0.000000,0.000000,0.000000,0.000000,0.000000,0.000000,0.000000,0.000000,0.000000,0.000000,0.000000,0.000000,0.000000,0.000000,0.000000,0.000000,0.000000,0.000000,0.000000,0.000000,0.000000,0.000000,0.000000,0.000000,0.000000,0.000000,0.000000,0.000000,0.000000,0.000000,0.000000,0.000000,0.000000,0.000000,0.000000,0.000000,0.000000,0.000000,0.000000,0.000000,0.000000,0.000000,0.000000,0.000000,0.000000,0.000000,0.000000,0.000000,0.000000,0.000000,0.000000,0.000000,0.000000,0.000000,0.000000,0.000000],
	[-0.003735,-0.008235,-0.003735,-0.003735,-0.003735,-0.003735,0.000764,-0.001485,-0.001485,0.000764,-0.001485,-0.001485,0.005264,0.003014,0.003014,0.003014,0.003014,0.005264,0.009765,0.012015,0.009765,0.012015,0.005264,0.000764,0.003014,0.005264,0.005264,0.005264,-0.001485,-0.003735,-0.001485,-0.003735,-0.003735,-0.003735,-0.005985,-0.003735,-0.001485,-0.001485,-0.005985,-0.005985,-0.003735,0.000764,-0.001485,-0.003735,0.000764,-0.003735,-0.003735,-0.001485,-0.001485,-0.005985,-0.008235,-0.008235,-0.005985,-0.001485,-0.001485,0.000764,-0.003735,-0.001485,0.003014,-0.003735,-0.005985,-0.008235,-0.005985,-0.005985,-0.005985,-0.008235,-0.008235,-0.008235,-0.005985,-0.003735,-0.001485,-0.003735,-0.008235,-0.008235,-0.005985,-0.005985,-0.001485,-0.010485,-0.008235,-0.010485,-0.005985,-0.008235,-0.003735,-0.008235,-0.003735,-0.003735,-0.008235,-0.008235,-0.012735,-0.005985,-0.012735,-0.012735,-0.005985,-0.003735,-0.005985,-0.012735,-0.010485,-0.003735,-0.005985,-0.010485,-0.008235,-0.001485,-0.008235,-0.008235,-0.012735,-0.003735,-0.003735,-0.003735,-0.008235,-0.005985,0.000764,-0.005985,-0.005985,-0.005985,0.000764,-0.001485,-0.010485,-0.003735,-0.003735,-0.003735,-0.008235,-0.008235,-0.008235,-0.008235,-0.010485,-0.014985,0.077268,-0.109490,-0.100490,0.151521,-0.053237,-0.035236,-0.005985,0.007515,-0.035236,0.036766,-0.053237,-0.048737,0.025515,0.061517,-0.161242,0.048017,0.018765,-0.143242,0.018765,0.572291,-0.726019,-0.176993,0.520539,0.297778,-0.440256,-0.501009,0.113270,0.657795,0.288778,-1.029784,-0.289499,1.121317,0.347281,-1.081536,-0.492008,0.918808,0.453036,-0.597763,-0.084739,-0.521260,0.684797,0.367532,0.000764,-1.216543,0.489037,0.504788,0.392283,-0.492008,-0.831774,-0.077989,1.776099,-0.197244,-1.630562,-0.343501,1.827851,0.657795,-1.709316,-1.088287,1.467834,1.627592,-1.583310,-1.443804,0.786052,2.264372,-1.140039,-1.666564,0.041266,2.581637,-0.638265,-1.920826,-0.280498,2.615389,-0.044237,-1.900575,-0.764271,2.361126,0.579042,-1.929827,-1.106287,2.070863,1.301326,-1.918576,-1.428053,1.494835,1.978608,-1.596811,-1.677815,1.166320,2.318374,-2.098584,-1.542808,1.692845,2.077613,-2.483353,-1.205292,1.429582,2.331875,-2.073833,-1.884824,1.249574,2.885401,-1.639563,-2.679112,0.862555,3.294921,-0.964531,-3.012128,0.435035,3.094661,-0.098239,-3.169635,-0.071238,2.610888,0.912058,-3.075131,-0.521260,2.174368,1.512836,-2.892872,-0.798023,1.602840,1.776099,-2.150337,-0.838525,0.927808,1.269824,-1.419052,-0.453756,0.921058,0.716298],
	[0.032571,0.032571,0.032571,0.032571,-0.052513,-0.052513,-0.052513,-0.052513,-0.052513,-0.052513,0.032571,-0.137597,-0.137597,-0.052513,-0.052513,0.032571,-0.052513,-0.137597,-0.052513,-0.052513,-0.052513,-0.052513,-0.052513,0.032571,0.032571,-0.052513,0.032571,0.032571,-0.052513,-0.052513,0.032571,0.032571,-0.137597,-0.137597,-0.137597,-0.052513,-0.137597,-0.137597,-0.222681,-0.137597,-0.137597,-0.137597,-0.137597,-0.052513,-0.137597,-0.137597,-0.052513,-0.137597,-0.052513,-0.052513,-0.052513,0.032571,-0.052513,0.032571,0.032571,0.032571,0.032571,0.032571,0.032571,-0.052513,-0.137597,-0.052513,-0.052513,0.032571,-0.052513,-0.052513,-0.137597,-0.137597,-0.137597,-0.137597,-0.222681,-0.137597,-0.222681,-0.307765,-0.222681,-0.222681,-0.392849,-0.307765,-0.392849,-0.307765,-0.392849,-0.222681,-0.307765,-0.307765,-0.307765,-0.307765,-0.307765,-0.307765,-0.307765,-0.392849,-0.392849,-0.307765,-0.222681,-0.222681,-0.222681,-0.222681,-0.307765,-0.307765,-0.307765,-0.307765,-0.222681,-0.307765,-0.222681,-0.222681,-0.222681,-0.222681,-0.137597,-0.222681,-0.222681,-0.137597,-0.222681,-0.222681,-0.137597,-0.137597,-0.137597,-0.137597,-0.137597,-0.137597,-0.137597,-0.052513,-0.137597,-0.052513,-0.137597,-0.052513,0.032571,0.032571,-0.052513,-0.052513,0.032571,0.032571,0.032571,0.117655,0.202739,0.202739,0.202739,0.202739,0.202739,0.287823,0.372907,0.372907,0.372907,0.457991,0.372907,0.287823,0.287823,0.287823,0.372907,0.457991,0.372907,0.372907,0.457991,0.372907,0.372907,0.372907,0.457991,0.457991,0.457991,0.372907,0.543075,0.457991,0.457991,0.287823,0.372907,0.457991,0.372907,0.372907,0.287823,0.372907,0.372907,0.372907,0.372907,0.287823,0.202739,0.457991,0.628159,-0.392849,0.457991,0.798328,0.287823,-0.222681,0.457991,0.713244,0.713244,-0.392849,-0.052513,1.223748,0.628159,-0.477933,0.372907,1.053580,-0.648102,0.543075,1.393917,-0.052513,-0.988438,0.968496,1.564085,1.138664,-1.839279,-0.052513,2.755263,1.223748,-1.924364,-0.648102,2.414926,1.819337,-1.328775,-1.158606,1.308832,1.734253,0.372907,-2.264700,0.798328,1.734253,0.032571,-1.669111,0.457991,1.308832,0.543075,-2.094532,0.372907,1.393917,-0.307765,-1.754195,1.308832,1.138664,-1.498943,-2.094532,1.564085,2.159674,-1.669111,-3.115541,0.883412,3.095599,-1.498943,-3.711130,0.032571,3.350852,-0.733186,-3.540962,-1.158606,3.265767,0.287823,-3.540962,-2.519953,2.840347,0.968496,-3.200625,-3.030457,2.414926,1.223748,-2.775205,-3.030457,1.479001,1.819337,-2.349784],
	[-0.008798,-0.008798,-0.008798,0.021673,-0.008798,-0.008798,0.021673,0.021673,-0.008798,0.021673,0.021673,-0.008798,-0.008798,0.021673,0.021673,0.021673,-0.008798,-0.008798,0.021673,0.021673,-0.008798,0.021673,0.021673,-0.008798,-0.008798,0.021673,-0.008798,-0.008798,0.021673,0.021673,-0.008798,-0.008798,-0.008798,0.021673,0.021673,0.021673,-0.008798,0.021673,-0.008798,-0.008798,-0.008798,-0.008798,0.021673,0.021673,-0.008798,-0.008798,-0.008798,0.021673,-0.008798,-0.008798,0.021673,-0.008798,-0.008798,-0.008798,-0.039269,-0.008798,0.021673,-0.008798,0.021673,-0.008798,-0.008798,-0.008798,-0.008798,-0.008798,-0.008798,-0.008798,-0.008798,-0.008798,-0.008798,-0.008798,0.021673,-0.008798,0.021673,-0.008798,0.021673,-0.008798,-0.008798,-0.008798,0.021673,-0.008798,-0.008798,-0.008798,0.021673,-0.008798,-0.008798,0.021673,0.021673,-0.008798,-0.008798,0.021673,-0.008798,0.021673,-0.008798,-0.008798,-0.008798,0.021673,0.021673,-0.008798,-0.008798,0.021673,0.021673,-0.008798,0.021673,0.021673,-0.008798,-0.008798,0.021673,-0.008798,0.021673,-0.039269,-0.008798,-0.008798,-0.008798,-0.008798,-0.008798,-0.008798,-0.008798,-0.008798,-0.008798,-0.008798,-0.039269,-0.008798,-0.008798,-0.008798,-0.008798,-0.008798,-0.008798,-0.008798,-0.008798,-0.008798,-0.008798,-0.008798,-0.039269,-0.008798,-0.008798,-0.008798,-0.008798,-0.008798,-0.008798,-0.008798,-0.008798,-0.039269,-0.008798,0.021673,-0.008798,-0.008798,-0.008798,-0.039269,-0.008798,-0.008798,-0.008798,-0.039269,-0.008798,-0.008798,-0.008798,-0.039269,-0.008798,-0.008798,-0.008798,-0.008798,-0.039269,-0.008798,-0.008798,-0.039269,0.052144,0.113086,-0.709635,0.448270,0.844397,-1.075290,-0.435394,1.118638,0.082615,-1.014348,-0.069740,0.783454,0.387328,-0.861992,-0.404923,0.387328,0.935810,-0.465865,-0.953405,0.356856,1.179580,-0.740107,-1.440946,0.966282,1.667119,-0.983877,-1.532359,0.722512,1.179580,-0.039269,-1.837072,0.174029,1.971832,-0.069740,-1.745658,-0.313510,1.636648,0.996753,-1.776129,-1.440946,2.185131,0.722512,-0.953405,-1.471417,0.874868,1.667119,0.143558,-2.994978,0.356856,2.367958,0.813925,-3.238749,-0.313510,2.489843,1.149109,-2.446496,-1.684716,2.367958,1.910889,-1.867543,-2.446496,1.758533,2.367958,-0.831520,-3.452047,1.149109,2.916441,-0.008798,-3.787231,0.356856,2.885970,0.996753,-3.695817,-0.648693,2.764085,1.667119,-3.055921,-1.562831,2.459372,1.849947,-1.837072,-2.141784,1.423350,2.276544,-0.801049,-2.994978,1.301465,2.093717,0.021673,-2.781680,0.600626,1.423350]
],
"cwt" : [
	[0.564895,0.307215,0.139409,0.052579,0.016606,0.004319,0.000973,0.000510,0.000471,0.000824,0.000841,0.000401,0.000155,0.000408,0.000337,0.000462,0.000708,0.000756,0.000537,0.000443,0.000511,0.000382,0.000118,0.000114,0.000149,0.000041,0.000182,0.000344,0.000263,0.000193,0.000298,0.000402,0.000646,0.000790,0.000673,0.000435,0.000307,0.000354,0.000473,0.000483,0.000334,0.000172,0.000043,0.000292,0.000667,0.000950,0.001035,0.001027,0.000991,0.000791,0.000419,0.000054,0.000207,0.000391,0.000522,0.000584,0.000539,0.000402,0.000317,0.000368,0.000471,0.000483,0.000356,0.000189,0.000058,0.000161,0.000343,0.000411,0.000314,0.000143,0.000103,0.000226,0.000342,0.000381,0.000414,0.000450,0.000404,0.000323,0.000246,0.000139,0.000067,0.000268,0.000481,0.000531,0.000417,0.000249,0.000113,0.000171,0.000313,0.000350,0.000259,0.000246,0.000335,0.000317,0.000241,0.000176,0.000103,0.000027,0.000028,0.000028,0.000034,0.000021,0.000050,0.000104,0.000183,0.000318,0.000528,0.000720,0.000797,0.000787,0.000808,0.000859,0.000847,0.000770,0.000712,0.000676,0.000617,0.000539,0.000487,0.000478,0.000490,0.000479,0.000395,0.000323,0.000444,0.000570,0.000591,0.000586,0.000647,0.000719,0.000678,0.000491,0.000294,0.000236,0.000263,0.000207,0.000081,0.000215,0.000297,0.000298,0.000374,0.000595,0.000832,0.000923,0.000858,0.000836,0.001784,0.005003,0.011880,0.024163,0.043288,0.069355,0.100521,0.133408,0.164122,0.189274,0.207075,0.218563,0.227913,0.240485,0.259293,0.283322,0.309506,0.335508,0.360563,0.384796,0.408511,0.431995,0.455704,0.480645,0.508569,0.541379,0.579785,0.622319,0.665668,0.705950,0.739860,0.765435,0.782572,0.792858,0.798163,0.798969,0.794147,0.782450,0.764130,0.741531,0.718970,0.701965,0.695219,0.700078,0.713940,0.732418,0.751893,0.770301,0.786731,0.801381,0.815688,0.831636,0.850736,0.874055,0.902908,0.938458,0.980371,1.026669,1.075066,1.123549,1.169487,1.209377,1.240358,1.261661,1.274425,1.280876,1.284078,1.287369,1.292781,1.300160,1.308408,1.317094,1.326223,1.335116,1.342792,1.349308,1.355680,1.362410,1.369128,1.375917,1.383937,1.394229,1.406615,1.420226,1.434272,1.447774,1.459409,1.468590,1.476226,1.483658,1.491336,1.499346,1.508448,1.519191,1.530261,1.539217,1.544991,1.548513,1.551149,1.554228,1.560026,1.570832,1.585970,1.601110,1.609592,1.599128,1.544632,1.412037,1.182513,0.879114],
	[0.000000,0.000000,0.000000,0.000000,0.000000,0.000000,0.000000,0.000000,0.000000,0.000000,0.000000,0.000000,0.000000,0.000000,0.000000,0.000000,0.000000,0.000000,0.000000,0.000000,0.000000,0.000000,0.000000,0.000000,0.000000,0.000000,0.000000,0.000000,0.000000,0.000000,0.000000,0.000000,0.000000,0.000000,0.000000,0.000000,0.000000,0.000000,0.000000,0.000000,0.000000,0.000000,0.000000,0.000000,0.000000,0.000000,0.000000,0.000000,0.000000,0.000000,0.000000,0.000000,0.000000,0.000000,0.000000,0.000000,0.000000,0.000000,0.000000,0.000000,0.000000,0.000000,0.000000,0.000000,0.000000,0.000000,0.000000,0.000000,0.000000,0.000000,0.000000,0.000000,0.000000,0.000000,0.000000,0.000000,0.000000,0.000000,0.000000,0.000000,0.000000,0.000000,0.000000,0.000000,0.000000,0.000000,0.000000,0.000000,0.000000,0.000000,0.000000,0.000000,0.000000,0.000000,0.000000,0.000000,0.000000,0.000000,0.000000,0.000000,0.000000,0.000000,0.000000,0.000000,0.000000,0.000000,0.000000,0.000000,0.000000,0.000000,0.000000,0.000000,0.000000,0.000000,0.000000,0.000000,0.000000,0.000000,0.000000,0.000000,0.000000,0.000000,0.000000,0.000000,0.000000,0.000000,0.000000,0.000000,0.000000,0.000000,0.000000,0.000000,0.000000,0.000000,0.000000,0.000000,0.000000,0.000000,0.000000,0.000000,0.000000,0.000000,0.000000,0.000000,0.000000,0.000000,0.000000,0.000000,0.000000,0.000000,0.000000,0.000000,0.000000,0.000000,0.000000,0.000000,0.000000,0.000000,0.000000,0.000000,0.000000,0.000000,0.000000,0.000000,0.000000,0.000000,0.000000,0.000000,0.000000,0.000000,0.000000,0.000000,0.000000,0.000000,0.000000,0.000000,0.000000,0.000000,0.000000,0.000000,0.000000,0.000000,0.000000,0.000000,0.000000,0.000000,0.000000,0.000000,0.000000,0.000000,0.000000,0.000000,0.000000,0.000000,0.000000,0.000000,0.000000,0.000000,0.000000,0.000000,0.000000,0.000000,0.000000,0.000000,0.000000,0.000000,0.000000,0.000000,0.000000,0.000000,0.000000,0.000000,0.000000,0.000000,0.000000,0.000000,0.000000,0.000000,0.000000,0.000000,0.000000,0.000000,0.000000,0.000000,0.000000,0.000000,0.000000,0.000000,0.000000,0.000000,0.000000,0.000000,0.000000,0.000000,0.000000,0.000000,0.000000,0.000000,0.000000,0.000000,0.000000,0.000000,0.000000,0.000000,0.000000,0.000000,0.000000,0.000000,0.000000,0.000000,0.000000,0.000000,0.000000,0.000000,0.000000,0.000000],
	[0.236826,0.135638,0.065829,0.026708,0.009310,0.002836,0.000690,0.000321,0.000082,0.000361,0.000927,0.001174,0.001019,0.000751,0.000585,0.000383,0.000591,0.000879,0.000759,0.000384,0.000465,0.001125,0.001638,0.001562,0.001189,0.001042,0.001109,0.001269,0.001350,0.001031,0.000529,0.000258,0.000264,0.000466,0.000771,0.001009,0.001141,0.001271,0.001425,0.001437,0.001302,0.001154,0.000931,0.000598,0.000577,0.000775,0.000907,0.001071,0.001201,0.001147,0.001040,0.000939,0.000790,0.000772,0.000873,0.001008,0.001194,0.001431,0.001607,0.001544,0.001297,0.000979,0.000675,0.000540,0.000533,0.000465,0.000418,0.000492,0.000630,0.000900,0.001143,0.001232,0.001175,0.001001,0.000909,0.001097,0.001308,0.001272,0.000996,0.000657,0.000380,0.000315,0.000431,0.000626,0.000823,0.000971,0.001058,0.001049,0.000965,0.001121,0.001615,0.002024,0.002167,0.002224,0.002339,0.002401,0.002305,0.002148,0.002066,0.002037,0.001969,0.001896,0.001874,0.001875,0.001862,0.001821,0.001747,0.001706,0.001752,0.001826,0.001852,0.001850,0.001902,0.002054,0.002213,0.002240,0.002082,0.001801,0.001497,0.001237,0.001076,0.001291,0.003052,0.007336,0.014704,0.024972,0.036323,0.045356,0.048823,0.045684,0.037422,0.026613,0.015454,0.005149,0.004372,0.013035,0.020993,0.027567,0.031835,0.032719,0.030332,0.033892,0.060112,0.106513,0.163235,0.219205,0.263329,0.288555,0.295374,0.291517,0.288168,0.296472,0.324492,0.371643,0.427787,0.480609,0.521620,0.546680,0.554132,0.542766,0.510006,0.452107,0.369402,0.276246,0.211617,0.218526,0.272769,0.330639,0.373163,0.389463,0.375583,0.346979,0.343801,0.399578,0.501562,0.616288,0.718152,0.794512,0.846239,0.882764,0.912399,0.938272,0.962555,0.987766,1.012080,1.030145,1.040968,1.049560,1.059058,1.067056,1.072488,1.079938,1.092972,1.108215,1.120231,1.127919,1.132445,1.132724,1.127897,1.121889,1.120148,1.123122,1.127789,1.133989,1.143721,1.154997,1.162468,1.164938,1.166840,1.171291,1.177336,1.185490,1.199742,1.221656,1.247050,1.270375,1.289142,1.302547,1.308823,1.307857,1.305881,1.312813,1.333054,1.363057,1.398964,1.440413,1.485121,1.526224,1.558234,1.580688,1.593537,1.594557,1.584534,1.569574,1.553983,1.535160,1.510219,1.483243,1.460244,1.440640,1.420125,1.398367,1.376883,1.351640,1.314902,1.264071,1.202602,1.132136,1.050506,0.959294,0.866978,0.780677,0.696709,0.602125,0.487826,0.360049],
	[0.602558,0.366610,0.187472,0.077197,0.025355,0.009255,0.005509,0.006302,0.013539,0.022419,0.029665,0.032536,0.029638,0.023936,0.022802,0.026636,0.028960,0.026927,0.021349,0.015491,0.012961,0.014710,0.018350,0.020419,0.019649,0.018713,0.020994,0.025164,0.029157,0.033254,0.037462,0.039673,0.037849,0.032690,0.026854,0.022590,0.020632,0.020196,0.018951,0.014806,0.009976,0.010425,0.013306,0.014815,0.014754,0.011750,0.006480,0.004995,0.004749,0.003046,0.005457,0.006981,0.008030,0.009249,0.008373,0.006142,0.007820,0.014400,0.021891,0.026439,0.026032,0.022342,0.018673,0.015987,0.013428,0.012135,0.012174,0.010656,0.008815,0.009415,0.010695,0.016209,0.023817,0.026908,0.026353,0.026320,0.023309,0.013975,0.002834,0.010588,0.016831,0.017496,0.015454,0.012062,0.006423,0.002410,0.006355,0.011171,0.018358,0.025879,0.029129,0.025731,0.016984,0.006800,0.003512,0.009045,0.011625,0.010988,0.010785,0.010069,0.007176,0.008773,0.009272,0.006277,0.009991,0.014080,0.014210,0.015109,0.016353,0.015602,0.018161,0.021030,0.017951,0.010644,0.004622,0.001370,0.003173,0.008625,0.010939,0.008699,0.006574,0.010743,0.020506,0.029265,0.031974,0.030036,0.027805,0.025073,0.018689,0.013271,0.018133,0.022446,0.019751,0.013115,0.009172,0.011608,0.017912,0.021713,0.017420,0.008230,0.016087,0.025175,0.025665,0.021068,0.018851,0.023292,0.028598,0.027277,0.020278,0.018306,0.020723,0.019925,0.018837,0.020573,0.023144,0.023803,0.022967,0.026270,0.032666,0.036530,0.037423,0.036982,0.036218,0.033214,0.026968,0.020807,0.017078,0.014223,0.011949,0.021010,0.039910,0.064980,0.099829,0.143252,0.186133,0.221484,0.246316,0.257909,0.258473,0.257898,0.266981,0.290810,0.326023,0.362993,0.391150,0.399386,0.379439,0.336177,0.292830,0.284458,0.333189,0.421252,0.513058,0.588295,0.649511,0.713388,0.796490,0.899589,1.006920,1.100471,1.166873,1.200348,1.206260,1.195132,1.170743,1.128306,1.066982,1.001888,0.958814,0.951265,0.963371,0.966855,0.949958,0.916916,0.874910,0.835078,0.812425,0.812235,0.821373,0.822133,0.812774,0.805679,0.812606,0.844717,0.911177,1.004924,1.108313,1.212167,1.315466,1.414515,1.502948,1.579189,1.646243,1.703617,1.744309,1.763119,1.763995,1.756280,1.747351,1.741778,1.743729,1.755099,1.771334,1.782787,1.783239,1.775989,1.767454,1.755605,1.732181,1.695358,1.650289,1.593035,1.501208,1.347979,1.128431,0.867711],
	[0.465054,0.271046,0.135425,0.058522,0.023448,0.011241,0.008211,0.007167,0.006692,0.007349,0.008630,0.009432,0.009324,0.008665,0.008343,0.008779,0.009325,0.009331,0.008642,0.007468,0.006648,0.007045,0.007833,0.007821,0.007056,0.006685,0.007422,0.008596,0.009363,0.009273,0.008404,0.007430,0.006967,0.006848,0.006491,0.005424,0.003906,0.003382,0.003684,0.003680,0.004513,0.006444,0.008137,0.008832,0.008594,0.007983,0.007375,0.006744,0.006109,0.005635,0.004947,0.003136,0.001685,0.005063,0.007791,0.008022,0.005742,0.002263,0.001413,0.002871,0.002751,0.001716,0.000757,0.000326,0.000237,0.000305,0.000770,0.001778,0.002930,0.003462,0.003008,0.002069,0.001636,0.002357,0.003920,0.005544,0.006667,0.007228,0.007452,0.007513,0.007460,0.007359,0.007437,0.007987,0.008906,0.009588,0.009461,0.008333,0.006322,0.003730,0.001604,0.003227,0.005483,0.007179,0.008523,0.009588,0.010174,0.010201,0.009738,0.008783,0.007457,0.006598,0.007087,0.007946,0.007874,0.006796,0.005521,0.005287,0.006304,0.006824,0.005856,0.003970,0.002192,0.000979,0.000256,0.000294,0.000950,0.002035,0.003637,0.005225,0.005880,0.005181,0.003632,0.002081,0.000976,0.000336,0.000132,0.000357,0.000960,0.002059,0.003643,0.005205,0.005876,0.005202,0.003648,0.002117,0.001199,0.001238,0.002411,0.004594,0.007269,0.009421,0.010043,0.008608,0.005304,0.001430,0.003322,0.005779,0.006890,0.007297,0.007534,0.007622,0.007519,0.007396,0.007289,0.006858,0.005891,0.004868,0.004584,0.004458,0.002473,0.007628,0.026742,0.061935,0.117286,0.192158,0.278525,0.363150,0.433328,0.481635,0.507100,0.513364,0.505793,0.489810,0.470764,0.453115,0.439122,0.430586,0.431806,0.447079,0.475122,0.510690,0.551533,0.600437,0.660493,0.728993,0.795695,0.846828,0.871378,0.866258,0.839524,0.809927,0.799035,0.816909,0.854190,0.890758,0.911592,0.915684,0.914282,0.922812,0.950889,0.993414,1.030083,1.037908,1.008040,0.953993,0.905958,0.895024,0.936562,1.022860,1.129092,1.228131,1.305015,1.360033,1.398047,1.418558,1.420372,1.411953,1.408687,1.417916,1.433446,1.446796,1.456100,1.463229,1.470949,1.485447,1.513744,1.554298,1.595981,1.629283,1.653064,1.668997,1.676483,1.676806,1.675891,1.677132,1.675846,1.666270,1.649658,1.629487,1.602362,1.561184,1.506491,1.448850,1.400204,1.367750,1.354664,1.358006,1.364563,1.356632,1.324693,1.269818,1.190714,1.073837,0.904894,0.690664]
],
"envelope_edge" : [
	[0.015161,0.014135,0.012733,0.011362,0.010226,0.009342,0.008648,0.008088,0.007618,0.007213,0.006860,0.006542,0.006251,0.005988,0.005747,0.005523,0.005317,0.005126,0.004946,0.004775,0.004616,0.004465,0.004321,0.004182,0.004052,0.003926,0.003805,0.003692,0.003583,0.003476,0.003373,0.003275,0.003180,0.003090,0.003003,0.002918,0.002833,0.002751,0.002672,0.002596,0.002521,0.002448,0.002374,0.002302,0.002234,0.002169,0.002106,0.002043,0.001983,0.001923,0.001864,0.001802,0.001741,0.001683,0.001627,0.001572,0.001519,0.001465,0.001411,0.001358,0.001306,0.001256,0.001206,0.001156,0.001105,0.001054,0.001005,0.000958,0.000912,0.000864,0.000815,0.000768,0.000722,0.000676,0.000631,0.000586,0.000541,0.000496,0.000451,0.000406,0.000360,0.000315,0.000271,0.000228,0.000185,0.000141,0.000096,0.000051,0.000007,-0.000035,-0.000079,-0.000124,-0.000168,-0.000212,-0.000256,-0.000301,-0.000345,-0.000391,-0.000437,-0.000483,-0.000529,-0.000575,-0.000622,-0.000669,-0.000717,-0.000765,-0.000812,-0.000860,-0.000907,-0.000955,-0.001004,-0.001053,-0.001103,-0.001153,-0.001205,-0.001257,-0.001310,-0.001365,-0.001420,-0.001476,-0.001533,-0.001591,-0.001650,-0.001711,-0.001773,-0.001835,-0.001899,-0.001965,-0.002032,-0.002100,-0.002170,-0.002242,-0.002318,-0.002397,-0.002478,-0.002562,-0.002650,-0.002742,-0.002836,-0.002936,-0.003042,-0.003153,-0.003270,-0.003396,-0.003533,-0.003688,-0.003866,-0.004069,-0.004295,-0.004537,-0.004777,-0.004992,-0.005158,-0.005261,-0.005303,-0.005303,-0.005293,-0.005310,-0.005379,-0.005495,-0.005626,-0.005738,-0.005819,-0.005873,-0.005913,-0.005946,-0.005977,-0.006008,-0.006044,-0.006089,-0.006142,-0.006190,-0.006210,-0.006174,-0.006067,-0.005889,-0.005654,-0.005386,-0.005112,-0.004850,-0.004604,-0.004368,-0.004143,-0.003945,-0.003798,-0.003728,-0.003751,-0.003863,-0.004032,-0.004210,-0.004357,-0.004457,-0.004516,-0.004546,-0.004565,-0.004589,-0.004631,-0.004694,-0.004772,-0.004860,-0.004950,-0.005024,-0.005060,-0.005039,-0.004954,-0.004800,-0.004574,-0.004282,-0.003948,-0.003602,-0.003273,-0.002979,-0.002733,-0.002528,-0.002347,-0.002172,-0.001996,-0.001819,-0.001638,-0.001450,-0.001257,-0.001069,-0.000889,-0.000712,-0.000536,-0.000366,-0.000204,-0.000041,0.000134,0.000328,0.000545,0.000786,0.001047,0.001317,0.001586,0.001853,0.002125,0.002404,0.002691,0.003000,0.003345,0.003726,0.004129,0.004542,0.004965,0.005400,0.005857,0.006368,0.006984,0.007758,0.008739,0.009988,0.011529,0.013214,0.014655,0.015386],
	[0.000000,0.000000,0.000000,0.000000,0.000000,0.000000,0.000000,0.000000,0.000000,0.000000,0.000000,0.000000,0.000000,0.000000,0.000000,0.000000,0.000000,0.000000,0.000000,0.000000,0.000000,0.000000,0.000000,0.000000,0.000000,0.000000,0.000000,0.000000,0.000000,0.000000,0.000000,0.000000,0.000000,0.000000,0.000000,0.000000,0.000000,0.000000,0.000000,0.000000,0.000000,0.000000,0.000000,0.000000,0.000000,0.000000,0.000000,0.000000,0.000000,0.000000,0.000000,0.000000,0.000000,0.000000,0.000000,0.000000,0.000000,0.000000,0.000000,0.000000,0.000000,0.000000,0.000000,0.000000,0.000000,0.000000,0.000000,0.000000,0.000000,0.000000,0.000000,0.000000,0.000000,0.000000,0.000000,0.000000,0.000000,0.000000,0.000000,0.000000,0.000000,0.000000,0.000000,0.000000,0.000000,0.000000,0.000000,0.000000,0.000000,0.000000,0.000000,0.000000,0.000000,0.000000,0.000000,0.000000,0.000000,0.000000,0.000000,0.000000,0.000000,0.000000,0.000000,0.000000,0.000000,0.000000,0.000000,0.000000,0.000000,0.000000,0.000000,0.000000,0.000000,0.000000,0.000000,0.000000,0.000000,0.000000,0.000000,0.000000,0.000000,0.000000,0.000000,0.000000,0.000000,0.000000,0.000000,0.000000,0.000000,0.000000,0.000000,0.000000,0.000000,0.000000,0.000000,0.000000,0.000000,0.000000,0.000000,0.000000,0.000000,0.000000,0.000000,0.000000,0.000000,0.000000,0.000000,0.000000,0.000000,0.000000,0.000000,0.000000,0.000000,0.000000,0.000000,0.000000,0.000000,0.000000,0.000000,0.000000,0.000000,0.000000,0.000000,0.000000,0.000000,0.000000,0.000000,0.000000,0.000000,0.000000,0.000000,0.000000,0.000000,0.000000,0.000000,0.000000,0.000000,0.000000,0.000000,0.000000,0.000000,0.000000,0.000000,0.000000,0.000000,0.000000,0.000000,0.000000,0.000000,0.000000,0.000000,0.000000,0.000000,0.000000,0.000000,0.000000,0.000000,0.000000,0.000000,0.000000,0.000000,0.000000,0.000000,0.000000,0.000000,0.000000,0.000000,0.000000,0.000000,0.000000,0.000000,0.000000,0.000000,0.000000,0.000000,0.000000,0.000000,0.000000,0.000000,0.000000,0.000000,0.000000,0.000000,0.000000,0.000000,0.000000,0.000000,0.000000,0.000000,0.000000,0.000000,0.000000,0.000000,0.000000,0.000000,0.000000,0.000000,0.000000,0.000000,0.000000,0.000000,0.000000,0.000000,0.000000,0.000000,0.000000,0.000000,0.000000,0.000000,0.000000,0.000000,0.000000,0.000000,0.000000,0.000000,0.000000],
	[0.010644,0.010004,0.009253,0.008515,0.007874,0.007349,0.006914,0.006547,0.006228,0.005943,0.005690,0.005461,0.005251,0.005054,0.004870,0.004696,0.004532,0.004381,0.004238,0.004100,0.003965,0.003839,0.003723,0.003613,0.003505,0.003399,0.003296,0.003199,0.003107,0.003018,0.002929,0.002840,0.002753,0.002670,0.002590,0.002514,0.002440,0.002367,0.002297,0.002229,0.002163,0.002097,0.002032,0.001966,0.001901,0.001838,0.001777,0.001717,0.001660,0.001603,0.001547,0.001491,0.001435,0.001379,0.001324,0.001270,0.001217,0.001166,0.001116,0.001068,0.001020,0.000970,0.000920,0.000869,0.000819,0.000770,0.000720,0.000671,0.000622,0.000574,0.000528,0.000483,0.000438,0.000391,0.000344,0.000297,0.000252,0.000208,0.000164,0.000118,0.000070,0.000021,-0.000026,-0.000073,-0.000120,-0.000166,-0.000212,-0.000258,-0.000306,-0.000356,-0.000404,-0.000449,-0.000494,-0.000541,-0.000587,-0.000634,-0.000681,-0.000729,-0.000778,-0.000828,-0.000878,-0.000930,-0.000981,-0.001034,-0.001087,-0.001140,-0.001195,-0.001251,-0.001308,-0.001366,-0.001424,-0.001484,-0.001546,-0.001609,-0.001672,-0.001736,-0.001803,-0.001873,-0.001947,-0.002027,-0.002113,-0.002210,-0.002318,-0.002432,-0.002540,-0.002627,-0.002676,-0.002685,-0.002669,-0.002660,-0.002682,-0.002751,-0.002863,-0.003037,-0.003265,-0.003453,-0.003597,-0.003734,-0.003866,-0.004021,-0.004237,-0.004578,-0.004971,-0.005274,-0.005431,-0.005420,-0.005275,-0.005071,-0.004908,-0.004856,-0.004941,-0.005132,-0.005354,-0.005492,-0.005471,-0.005281,-0.004965,-0.004567,-0.004132,-0.003688,-0.003275,-0.002950,-0.002847,-0.003117,-0.003848,-0.004711,-0.005263,-0.005487,-0.005500,-0.005426,-0.005441,-0.005756,-0.006430,-0.007189,-0.007684,-0.007810,-0.007631,-0.007287,-0.006914,-0.006587,-0.006306,-0.006057,-0.005833,-0.005614,-0.005366,-0.005095,-0.004845,-0.004639,-0.004450,-0.004262,-0.004099,-0.003976,-0.003853,-0.003689,-0.003491,-0.003287,-0.003085,-0.002888,-0.002720,-0.002612,-0.002545,-0.002482,-0.002412,-0.002348,-0.002277,-0.002171,-0.002037,-0.001918,-0.001837,-0.001777,-0.001726,-0.001697,-0.001682,-0.001641,-0.001535,-0.001370,-0.001169,-0.000948,-0.000726,-0.000550,-0.000463,-0.000452,-0.000447,-0.000394,-0.000283,-0.000106,0.000170,0.000559,0.001029,0.001543,0.002091,0.002652,0.003180,0.003653,0.004101,0.004552,0.004978,0.005349,0.005687,0.006043,0.006425,0.006820,0.007246,0.007738,0.008284,0.008824,0.009324,0.009789,0.010203,0.010515,0.010706,0.010830,0.010966,0.011124,0.011201,0.011059],
	[0.014447,0.013699,0.012540,0.011236,0.010035,0.009069,0.008325,0.007703,0.007188,0.006784,0.006465,0.006210,0.005979,0.005729,0.005463,0.005242,0.005075,0.004929,0.004774,0.004594,0.004399,0.004217,0.004068,0.003948,0.003831,0.003697,0.003560,0.003446,0.003349,0.003265,0.003202,0.003164,0.003134,0.003089,0.003018,0.002931,0.002841,0.002764,0.002704,0.002644,0.002550,0.002443,0.002370,0.002317,0.002274,0.002235,0.002167,0.002076,0.002010,0.001928,0.001848,0.001793,0.001733,0.001684,0.001638,0.001569,0.001475,0.001403,0.001371,0.001375,0.001383,0.001373,0.001336,0.001295,0.001244,0.001189,0.001139,0.001099,0.001035,0.000972,0.000901,0.000835,0.000812,0.000826,0.000820,0.000821,0.000828,0.000829,0.000715,0.000595,0.000589,0.000578,0.000571,0.000542,0.000504,0.000408,0.000322,0.000262,0.000218,0.000217,0.000252,0.000289,0.000294,0.000238,0.000129,0.000058,0.000040,0.000011,-0.000023,-0.000051,-0.000096,-0.000157,-0.000177,-0.000236,-0.000304,-0.000327,-0.000348,-0.000386,-0.000408,-0.000442,-0.000481,-0.000482,-0.000468,-0.000492,-0.000553,-0.000638,-0.000729,-0.000785,-0.000804,-0.000839,-0.000914,-0.001010,-0.001065,-0.001065,-0.001037,-0.001032,-0.001043,-0.001058,-0.001081,-0.001171,-0.001253,-0.001266,-0.001267,-0.001312,-0.001401,-0.001500,-0.001554,-0.001568,-0.001565,-0.001668,-0.001799,-0.001816,-0.001818,-0.001851,-0.001940,-0.002017,-0.002048,-0.002049,-0.002103,-0.002203,-0.002277,-0.002336,-0.002423,-0.002512,-0.002588,-0.002654,-0.002747,-0.002856,-0.002937,-0.002990,-0.003048,-0.003117,-0.003193,-0.003267,-0.003372,-0.003516,-0.003693,-0.003885,-0.004141,-0.004448,-0.004732,-0.005000,-0.005241,-0.005394,-0.005429,-0.005380,-0.005284,-0.005187,-0.005163,-0.005253,-0.005428,-0.005610,-0.005710,-0.005687,-0.005544,-0.005326,-0.005153,-0.005202,-0.005602,-0.006316,-0.007064,-0.007544,-0.007707,-0.007706,-0.007710,-0.007787,-0.007864,-0.007778,-0.007432,-0.006831,-0.006054,-0.005221,-0.004444,-0.003756,-0.003129,-0.002575,-0.002192,-0.002084,-0.002217,-0.002377,-0.002357,-0.002154,-0.001916,-0.001754,-0.001727,-0.001876,-0.002159,-0.002440,-0.002611,-0.002720,-0.002902,-0.003229,-0.003689,-0.004243,-0.004772,-0.005120,-0.005247,-0.005203,-0.005012,-0.004664,-0.004183,-0.003620,-0.002995,-0.002284,-0.001492,-0.000690,0.000039,0.000665,0.001199,0.001667,0.002102,0.002564,0.003114,0.003770,0.004477,0.005184,0.005909,0.006711,0.007594,0.008510,0.009469,0.010565,0.011840,0.013141,0.014155,0.014618],
	[0.013274,0.012518,0.011455,0.010359,0.009401,0.008632,0.008026,0.007536,0.007115,0.006748,0.006429,0.006150,0.005898,0.005664,0.005442,0.005238,0.005053,0.004883,0.004724,0.004568,0.004414,0.004266,0.004134,0.004013,0.003892,0.003770,0.003653,0.003548,0.003453,0.003365,0.003277,0.003187,0.003096,0.003011,0.002931,0.002854,0.002771,0.002683,0.002601,0.002522,0.002440,0.002368,0.002308,0.002255,0.002201,0.002146,0.002088,0.002031,0.001972,0.001916,0.001862,0.001807,0.001727,0.001656,0.001619,0.001590,0.001558,0.001503,0.001432,0.001377,0.001335,0.001287,0.001235,0.001179,0.001126,0.001072,0.001018,0.000967,0.000923,0.000884,0.000846,0.000799,0.000746,0.000691,0.000642,0.000601,0.000565,0.000530,0.000494,0.000457,0.000419,0.000379,0.000338,0.000296,0.000259,0.000228,0.000201,0.000173,0.000139,0.000096,0.000032,-0.000033,-0.000078,-0.000117,-0.000152,-0.000185,-0.000215,-0.000245,-0.000276,-0.000309,-0.000348,-0.000396,-0.000443,-0.000481,-0.000513,-0.000549,-0.000593,-0.000644,-0.000688,-0.000721,-0.000753,-0.000793,-0.000841,-0.000895,-0.000952,-0.001011,-0.001067,-0.001122,-0.001172,-0.001214,-0.001249,-0.001285,-0.001328,-0.001381,-0.001439,-0.001500,-0.001563,-0.001627,-0.001690,-0.001754,-0.001813,-0.001866,-0.001912,-0.001961,-0.002018,-0.002087,-0.002164,-0.002247,-0.002329,-0.002409,-0.002479,-0.002540,-0.002593,-0.002654,-0.002724,-0.002834,-0.002956,-0.003048,-0.003142,-0.003238,-0.003343,-0.003451,-0.003570,-0.003695,-0.003830,-0.003974,-0.004135,-0.004316,-0.004525,-0.004753,-0.005042,-0.005428,-0.005865,-0.006322,-0.006747,-0.007057,-0.007174,-0.007071,-0.006784,-0.006393,-0.005982,-0.005617,-0.005336,-0.005158,-0.005088,-0.005114,-0.005219,-0.005400,-0.005652,-0.005932,-0.006184,-0.006387,-0.006559,-0.006704,-0.006782,-0.006724,-0.006482,-0.006071,-0.005575,-0.005123,-0.004847,-0.004817,-0.004980,-0.005170,-0.005226,-0.005106,-0.004895,-0.004722,-0.004672,-0.004731,-0.004792,-0.004710,-0.004413,-0.003983,-0.003628,-0.003561,-0.003869,-0.004457,-0.005091,-0.005522,-0.005612,-0.005379,-0.004954,-0.004458,-0.003935,-0.003405,-0.002934,-0.002603,-0.002407,-0.002246,-0.002041,-0.001799,-0.001560,-0.001350,-0.001186,-0.001074,-0.000963,-0.000760,-0.000421,0.000015,0.000495,0.000997,0.001508,0.001994,0.002447,0.002912,0.003428,0.003971,0.004502,0.005033,0.005590,0.006141,0.006599,0.006908,0.007092,0.007215,0.007362,0.007639,0.008129,0.008821,0.009623,0.010469,0.011366,0.012296,0.013091,0.013480]
],
	"idxs" : [3,0,3,5,3]
,"hydrophone_pos" : [
	[0.000000,0.000000,0.000000],
	[0.000000,0.000000,0.000000],
	[32.299999,-4.300000,3.660000],
	[-6.599999,34.700000,1.659999],
	[-4.599999,0.000000,-34.340000]
],
	"direction_of_arrival" : [-0.133938,-0.990827,0.017941]
,	"valid" : [0.000000,-0.203052,-0.000000,-0.000000,-0.000000]
}
dump = {
	"magnitude" : [0.000000,0.000335,0.000315,0.000332,0.000377,0.000411,0.000510,0.000405,0.000687,0.000717,0.001042,0.001473,0.003088,0.011199,0.013910,0.357187,0.085544,0.018111,0.004203,0.003502,0.001103,0.001590,0.000398,0.000710,0.000321,0.000303,0.000233,0.000261,0.000230,0.000215,0.000123,0.000695]
,	"raw_mv" : [
	[-6.867000,-7.248499,-6.867000,-7.248499,-7.248499,-7.248499,-7.248499,-7.248499,-6.867000,-6.867000,-7.248499,-6.867000,-6.867000,-7.248499,-6.867000,-7.248499,-6.867000,-6.485500,-6.867000,-7.248499,-6.867000,-7.248499,-6.485500,-6.867000,-6.867000,-6.867000,-7.248499,-7.248499,-6.867000,-7.248499,-7.248499,-7.248499,-7.248499,-7.248499,-7.248499,-7.248499,-7.248499,-7.248499,-7.248499,-7.248499,-7.248499,-7.248499,-7.248499,-7.248499,-7.248499,-7.248499,-7.248499,-7.630000,-7.630000,-7.248499,-7.248499,-7.248499,-7.630000,-7.248499,-7.248499,-7.630000,-7.630000,-7.630000,-7.630000,-7.630000,-7.630000,-8.011500,-8.011500,-7.630000,-7.630000,-7.630000,-7.248499,-8.011500,-7.630000,-7.630000,-7.630000,-8.392999,-7.630000,-7.630000,-7.630000,-8.011500,-7.630000,-8.011500,-8.011500,-7.630000,-7.630000,-7.630000,-7.630000,-7.630000,-7.630000,-7.630000,-8.011500,-7.248499,-7.630000,-7.248499,-7.248499,-7.630000,-7.630000,-7.630000,-7.630000,-7.630000,-7.630000,-7.630000,-7.248499,-7.630000,-7.248499,-7.248499,-7.248499,-7.248499,-7.248499,-7.248499,-7.248499,-6.867000,-6.867000,-7.248499,-6.867000,-7.248499,-7.248499,-7.630000,-6.867000,-6.867000,-6.867000,-7.248499,-6.867000,-6.867000,-6.867000,-1.526000,-7.248499,-35.861000,-0.381500,48.450500,-14.115500,-81.259498,0.381500,61.803001,9.537500,-74.011001,-59.132499,70.577499,63.710502,-88.508003,-91.559997,87.745002,87.363502,-99.953002,-129.328506,73.248001,141.917999,-55.317501,-200.669006,6.485500,221.651504,34.334999,-251.790008,-99.571502,222.796005,133.525009,-209.061996,-193.802001,164.044998,202.958007,-120.172500,-227.374008,56.462001,204.484008,-9.919000,-245.304504,-26.323499,236.911499,38.150001,-267.431518,-51.884002,248.356506,54.936000,-267.813018,-93.467498,253.316009,125.132003,-267.813018,-203.721008,257.512512,240.345001,-251.408508,-325.037994,230.807510,335.720001,-196.091003,-389.511505,140.773498,378.066497,-80.114997,-427.661499,23.652999,408.205017,24.416000,-434.910003,-84.311500,410.494018,119.409500,-411.257019,-189.223999,386.078002,210.206497,-366.621490,-283.072998,342.968505,293.755004,-321.604492,-361.280517,283.835998,370.054992,-233.859497,-436.436004,178.542007,436.054504,-117.120498,-490.609008,49.976501,481.834503,1.526000,-496.331512,-81.640998,471.915496,141.154998,-471.915496,-238.055999,451.696014,275.824493,-424.227996,-358.991516,384.170501,376.540496,-331.904998,-440.251007,272.390991,439.106506,-206.010009,-497.857513,142.299499,503.961517,-83.548500,-547.452514,11.063500,525.707031,46.924499,-526.088500,-131.617507,497.857513,176.634506,-475.348999,-266.287017,445.592010,293.755004,-408.968017,-371.580993,367.384490,374.251495,-317.026519,-434.528503,272.772491,439.488006],
	[0.000000,0.000000,0.000000,0.000000,0.000000,0.000000,0.000000,0.000000,0.000000,0.000000,0.000000,0.000000,0.000000,0.000000,0.000000,0.000000,0.000000,0.000000,0.000000,0.000000,0.000000,0.000000,0.000000,0.000000,0.000000,0.000000,0.000000,0.000000,0.000000,0.000000,0.000000,0.000000,0.000000,0.000000,0.000000,0.000000,0.000000,0.000000,0.000000,0.000000,0.000000,0.000000,0.000000,0.000000,0.000000,0.000000,0.000000,0.000000,0.000000,0.000000,0.000000,0.000000,0.000000,0.000000,0.000000,0.000000,0.000000,0.000000,0.000000,0.000000,0.000000,0.000000,0.000000,0.000000,0.000000,0.000000,0.000000,0.000000,0.000000,0.000000,0.000000,0.000000,0.000000,0.000000,0.000000,0.000000,0.000000,0.000000,0.000000,0.000000,0.000000,0.000000,0.000000,0.000000,0.000000,0.000000,0.000000,0.000000,0.000000,0.000000,0.000000,0.000000,0.000000,0.000000,0.000000,0.000000,0.000000,0.000000,0.000000,0.000000,0.000000,0.000000,0.000000,0.000000,0.000000,0.000000,0.000000,0.000000,0.000000,0.000000,0.000000,0.000000,0.000000,0.000000,0.000000,0.000000,0.000000,0.000000,0.000000,0.000000,0.000000,0.000000,0.000000,0.000000,0.000000,0.000000,0.000000,0.000000,0.000000,0.000000,0.000000,0.000000,0.000000,0.000000,0.000000,0.000000,0.000000,0.000000,0.000000,0.000000,0.000000,0.000000,0.000000,0.000000,0.000000,0.000000,0.000000,0.000000,0.000000,0.000000,0.000000,0.000000,0.000000,0.000000,0.000000,0.000000,0.000000,0.000000,0.000000,0.000000,0.000000,0.000000,0.000000,0.000000,0.000000,0.000000,0.000000,0.000000,0.000000,0.000000,0.000000,0.000000,0.000000,0.000000,0.000000,0.000000,0.000000,0.000000,0.000000,0.000000,0.000000,0.000000,0.000000,0.000000,0.000000,0.000000,0.000000,0.000000,0.000000,0.000000,0.000000,0.000000,0.000000,0.000000,0.000000,0.000000,0.000000,0.000000,0.000000,0.000000,0.000000,0.000000,0.000000,0.000000,0.000000,0.000000,0.000000,0.000000,0.000000,0.000000,0.000000,0.000000,0.000000,0.000000,0.000000,0.000000,0.000000,0.000000,0.000000,0.000000,0.000000,0.000000,0.000000,0.000000,0.000000,0.000000,0.000000,0.000000,0.000000,0.000000,0.000000,0.000000,0.000000,0.000000,0.000000,0.000000,0.000000,0.000000,0.000000,0.000000,0.000000,0.000000,0.000000,0.000000,0.000000,0.000000,0.000000,0.000000,0.000000,0.000000,0.000000,0.000000,0.000000,0.000000,0.000000,0.000000],
	[-6.485500,-6.485500,-6.485500,-6.332900,-6.332900,-6.485500,-6.332900,-6.180300,-6.485500,-6.409200,-6.485500,-6.409200,-6.256600,-6.256600,-6.256600,-6.485500,-6.485500,-6.409200,-6.332900,-6.256600,-6.409200,-6.409200,-6.256600,-6.256600,-6.180300,-6.332900,-6.332900,-6.180300,-6.256600,-6.256600,-6.332900,-6.180300,-6.332900,-6.256600,-6.104000,-6.180300,-6.180300,-6.409200,-6.485500,-6.332900,-6.332900,-6.256600,-6.409200,-6.409200,-6.561800,-6.485500,-6.409200,-6.409200,-6.638100,-6.561800,-6.561800,-6.409200,-6.332900,-6.638100,-6.638100,-6.561800,-6.638100,-6.714400,-6.638100,-6.714400,-6.485500,-6.638100,-6.790700,-6.943300,-6.561800,-6.714400,-6.790700,-6.638100,-6.790700,-6.790700,-6.714400,-7.019600,-6.790700,-6.638100,-6.714400,-6.867000,-6.714400,-6.714400,-6.790700,-6.867000,-6.867000,-6.714400,-6.943300,-6.943300,-6.867000,-6.790700,-6.867000,-7.019600,-7.172200,-7.095900,-7.019600,-7.095900,-7.019600,-7.019600,-7.019600,-7.095900,-7.095900,-4.883200,-7.858900,-12.436900,-0.610400,-8.011500,-8.087800,-6.943300,-6.104000,-7.324800,-5.417300,-7.172200,-8.393000,-5.875100,-3.280900,-11.445000,-5.722500,-4.883200,-9.995300,-8.545599,14.649601,-24.644901,-19.303899,11.521300,5.569900,-16.404500,-26.094600,-4.654300,12.131700,11.673900,-38.073699,-23.424100,26.170900,16.480800,-39.981201,-28.612501,16.862300,19.075000,-25.789400,-8.393000,-28.231000,12.971000,11.979100,-1.983800,-48.297901,-0.457800,19.990600,4.349100,-17.014900,-37.463302,-11.902800,45.551101,5.798800,-65.465400,-23.042600,43.338401,36.166202,-62.260803,-48.145301,25.560501,65.999504,-50.663200,-60.505901,2.441600,78.360099,-28.536201,-65.770599,-20.600999,76.986701,-2.899400,-73.705802,-30.367401,68.288505,21.058801,-70.806404,-44.559200,51.349903,44.559200,-67.830703,-55.164901,36.089900,67.067703,-62.108203,-65.007598,15.488900,81.183204,-43.567302,-71.722000,4.043900,85.913803,-52.341800,-73.248001,26.247200,73.782104,-62.184501,-63.863101,22.966300,68.135902,-37.005500,-84.845603,13.352500,78.131202,-13.199900,-107.506706,-4.501699,85.608604,13.428800,-112.924003,-19.380201,74.392501,38.378902,-107.964500,-36.700302,56.080501,60.887401,-90.186599,-51.731403,41.583499,66.838798,-70.577499,-59.895500,25.026401,58.140602,-34.945400,-56.767200,6.256600,30.443700,-13.428800,-35.937301,10.453100,4.349100,-20.448400,-28.536201,38.455200,-12.360600,-36.471401,-32.198600,65.618003,3.357200,-58.064300,-64.015701,76.300003,40.973102,-61.650402,-85.608604,60.124401,68.288505,-45.474800,-107.964500,35.784702,92.017799,-32.351200,-106.591102,2.594200,98.884803,-11.216100,-93.238601,-27.239101,92.170402,5.569900],
	[-8.774499,-8.774499,-8.774499,-8.774499,-8.774499,-8.774499,-8.774499,-8.774499,-9.156000,-9.156000,-8.774499,-9.156000,-8.774499,-8.774499,-8.774499,-9.156000,-8.774499,-8.774499,-8.392999,-8.392999,-8.774499,-8.774499,-8.392999,-8.392999,-8.392999,-8.392999,-8.774499,-8.392999,-8.392999,-8.011500,-8.011500,-8.011500,-8.011500,-8.011500,-7.248499,-7.248499,-7.248499,-7.248499,-7.248499,-7.248499,-6.867000,-6.867000,-6.867000,-6.867000,-7.248499,-6.867000,-6.867000,-6.485500,-6.104000,-6.485500,-6.104000,-6.104000,-6.485500,-6.104000,-5.722499,-6.104000,-6.104000,-5.722499,-5.722499,-5.722499,-5.722499,-5.341000,-5.722499,-5.722499,-5.722499,-5.722499,-6.104000,-5.722499,-5.722499,-5.722499,-5.722499,-6.104000,-5.722499,-5.341000,-5.341000,-5.722499,-5.722499,-5.722499,-5.722499,-5.722499,-5.722499,-6.104000,-5.722499,-6.104000,-6.104000,-6.104000,-6.485500,-6.104000,-6.104000,-6.104000,-6.485500,-6.485500,-6.485500,-6.485500,-6.867000,-6.867000,-6.485500,-6.867000,-6.485500,-6.485500,-6.867000,-7.248499,-6.867000,-6.867000,-6.867000,-6.867000,-6.867000,-6.867000,-6.867000,-6.485500,-6.867000,-6.867000,-6.485500,-6.104000,-6.485500,-6.485500,-6.485500,-6.485500,-6.867000,-6.485500,-6.485500,-6.485500,-6.867000,-6.867000,-6.867000,-6.485500,-6.867000,-6.485500,-6.867000,-6.867000,-6.867000,-7.248499,-7.248499,-7.248499,-6.867000,-6.867000,-7.248499,-7.248499,-7.630000,-7.630000,-7.630000,-7.630000,-7.630000,-8.011500,-6.867000,-4.959500,-10.300499,-8.011500,-5.341000,-7.248499,-9.919000,-8.392999,-6.485500,-5.722499,-9.919000,-10.682000,-4.196499,-5.722499,-11.063500,-8.774499,-4.196499,-11.826499,-8.011500,-3.052000,-8.774499,-15.260000,-6.867000,-3.815000,-4.578000,-16.404500,-12.971000,1.144500,-3.815000,-17.167499,-16.023000,-1.144500,-1.144500,-13.352499,-17.548999,-5.722499,-2.670500,-5.341000,-19.838001,-8.774499,-1.144500,-6.485500,-16.785999,-9.537500,-4.196499,-4.578000,-17.167499,-11.063500,-1.907500,-8.011500,-15.641500,-6.104000,-1.526000,-13.734000,-16.785999,-4.959500,3.433500,-12.589500,-20.219499,-8.011500,8.011500,-9.156000,-21.364000,-10.682000,8.011500,-5.722499,-19.456501,-15.260000,5.722499,0.000000,-17.930500,-19.075000,3.815000,4.196499,-15.260000,-19.456501,0.381500,4.959500,-12.971000,-17.548999,-4.196499,6.104000,-10.300499,-18.312000,-3.815000,7.630000,-11.063500,-19.838001,-4.196499,14.115500,-10.300499,-25.179000,-6.867000,16.404500,-3.815000,-27.468000,-14.878500,19.456501,5.722499,-30.138500,-24.797500,17.548999,17.167499,-27.086500,-33.190502,10.300499,23.271499,-19.838001,-38.531501,0.000000,28.231000,-10.682000],
	[138.484497,138.484497,138.865997,138.865997,138.865997,138.865997,138.484497,138.865997,138.484497,138.865997,138.484497,138.484497,138.484497,138.484497,138.865997,138.865997,138.484497,138.484497,138.484497,138.484497,138.484497,138.865997,138.865997,138.865997,138.865997,138.865997,138.865997,138.865997,138.865997,138.484497,138.865997,138.865997,138.865997,138.484497,138.865997,138.865997,138.865997,138.865997,138.865997,138.865997,138.865997,138.865997,138.865997,138.865997,138.865997,138.484497,138.484497,138.865997,138.484497,138.865997,138.865997,138.865997,138.865997,138.865997,138.865997,138.484497,138.865997,138.484497,138.484497,138.484497,138.484497,138.865997,138.484497,138.484497,138.865997,138.484497,138.865997,138.484497,138.865997,138.484497,138.484497,138.484497,138.484497,138.865997,138.865997,138.865997,138.484497,138.484497,138.484497,138.484497,138.484497,138.484497,138.484497,138.865997,138.484497,138.484497,138.865997,138.484497,138.865997,138.865997,138.865997,138.865997,138.484497,138.484497,138.484497,138.865997,138.865997,138.865997,138.865997,138.484497,138.865997,138.865997,138.484497,138.865997,138.484497,138.865997,138.865997,138.865997,138.865997,138.865997,138.865997,138.865997,138.484497,138.484497,138.865997,138.865997,138.484497,138.865997,138.865997,138.865997,138.865997,138.865997,138.865997,138.865997,138.865997,138.865997,138.865997,138.865997,138.865997,138.865997,138.865997,138.865997,138.865997,138.865997,138.865997,138.865997,140.773498,130.854507,140.773498,152.218505,127.421005,130.854507,150.692504,144.588501,125.895004,136.576995,146.877502,146.877502,128.947006,133.143508,141.154998,151.455505,136.576995,126.658004,139.247497,154.126007,135.050994,119.409500,145.733001,160.992996,133.525009,117.120498,143.444000,153.363006,143.444000,118.646499,132.762008,162.518997,144.207000,119.409500,127.802505,156.415008,155.652008,123.606002,112.542503,160.992996,153.363006,132.762008,117.120498,143.062500,160.229995,149.929504,103.005004,131.236007,167.860000,158.704010,104.149497,120.554000,168.623001,160.229995,118.264999,104.912498,161.755996,169.767501,127.802505,98.045501,151.455505,172.438003,143.062500,90.797004,139.247497,177.016006,153.363006,92.704498,126.658004,173.964004,164.426498,101.097503,112.542503,169.767501,170.149002,114.450004,101.479003,162.137496,170.149002,131.617507,98.045501,146.496002,170.912002,148.022003,91.559997,141.536499,168.241500,155.652008,100.716003,131.617507,157.941009,163.281997,117.501998,112.542503,151.455505,172.819503,124.750503,110.635002,146.496002,165.189498,142.299499,103.768005,140.773498,164.426498,151.074005,101.097503,140.010498,158.322509,160.992996,101.097503,131.236007,158.322509,165.570999,105.293998,127.802505,153.363006,166.333999,114.068504,121.317001,151.837005]
],
"normalized" : [
	[-0.004801,-0.006678,-0.004801,-0.006678,-0.006678,-0.006678,-0.006678,-0.006678,-0.004801,-0.004801,-0.006678,-0.004801,-0.004801,-0.006678,-0.004801,-0.006678,-0.004801,-0.002925,-0.004801,-0.006678,-0.004801,-0.006678,-0.002925,-0.004801,-0.004801,-0.004801,-0.006678,-0.006678,-0.004801,-0.006678,-0.006678,-0.006678,-0.006678,-0.006678,-0.006678,-0.006678,-0.006678,-0.006678,-0.006678,-0.006678,-0.006678,-0.006678,-0.006678,-0.006678,-0.006678,-0.006678,-0.006678,-0.008555,-0.008555,-0.006678,-0.006678,-0.006678,-0.008555,-0.006678,-0.006678,-0.008555,-0.008555,-0.008555,-0.008555,-0.008555,-0.008555,-0.010432,-0.010432,-0.008555,-0.008555,-0.008555,-0.006678,-0.010432,-0.008555,-0.008555,-0.008555,-0.012308,-0.008555,-0.008555,-0.008555,-0.010432,-0.008555,-0.010432,-0.010432,-0.008555,-0.008555,-0.008555,-0.008555,-0.008555,-0.008555,-0.008555,-0.010432,-0.006678,-0.008555,-0.006678,-0.006678,-0.008555,-0.008555,-0.008555,-0.008555,-0.008555,-0.008555,-0.008555,-0.006678,-0.008555,-0.006678,-0.006678,-0.006678,-0.006678,-0.006678,-0.006678,-0.006678,-0.004801,-0.004801,-0.006678,-0.004801,-0.006678,-0.006678,-0.008555,-0.004801,-0.004801,-0.004801,-0.006678,-0.004801,-0.004801,-0.004801,0.021472,-0.006678,-0.147434,0.027102,0.267325,-0.040459,-0.370766,0.030856,0.333011,0.075898,-0.335108,-0.261915,0.376176,0.342395,-0.406424,-0.421438,0.460629,0.458753,-0.462726,-0.607235,0.389313,0.727126,-0.243147,-0.958186,0.060884,1.119365,0.197886,-1.209669,-0.460849,1.124995,0.685838,-0.999474,-0.924404,0.835977,1.027405,-0.562193,-1.089557,0.306737,1.034912,-0.019815,-1.177764,-0.100515,1.194435,0.216653,-1.286615,-0.226257,1.250737,0.299230,-1.288492,-0.430821,1.275135,0.644550,-1.288492,-0.973199,1.295779,1.211326,-1.207792,-1.570003,1.164407,1.680511,-0.935665,-1.887172,0.721496,1.888829,-0.365136,-2.074846,0.145337,2.037091,0.149090,-2.110504,-0.385780,2.048352,0.616399,-1.994146,-0.901883,1.928240,1.063063,-1.774567,-1.363561,1.716169,1.474069,-1.553112,-1.748293,1.425274,1.849417,-1.121462,-2.118011,0.907294,2.174093,-0.547179,-2.384508,0.274832,2.399302,0.036486,-2.412659,-0.372642,2.350507,0.723373,-2.292548,-1.142106,2.251040,1.385862,-2.057955,-1.737033,1.918857,1.881322,-1.603784,-2.136779,1.368972,2.189107,-0.984460,-2.420166,0.729003,2.508153,-0.382026,-2.664143,0.083404,2.615127,0.259818,-2.559045,-0.618495,2.478125,0.897910,-2.309438,-1.280985,2.221012,1.474069,-1.982886,-1.798965,1.836280,1.870061,-1.530591,-2.108627,1.370848,2.190984],
	[0.000000,0.000000,0.000000,0.000000,0.000000,0.000000,0.000000,0.000000,0.000000,0.000000,0.000000,0.000000,0.000000,0.000000,0.000000,0.000000,0.000000,0.000000,0.000000,0.000000,0.000000,0.000000,0.000000,0.000000,0.000000,0.000000,0.000000,0.000000,0.000000,0.000000,0.000000,0.000000,0.000000,0.000000,0.000000,0.000000,0.000000,0.000000,0.000000,0.000000,0.000000,0.000000,0.000000,0.000000,0.000000,0.000000,0.000000,0.000000,0.000000,0.000000,0.000000,0.000000,0.000000,0.000000,0.000000,0.000000,0.000000,0.000000,0.000000,0.000000,0.000000,0.000000,0.000000,0.000000,0.000000,0.000000,0.000000,0.000000,0.000000,0.000000,0.000000,0.000000,0.000000,0.000000,0.000000,0.000000,0.000000,0.000000,0.000000,0.000000,0.000000,0.000000,0.000000,0.000000,0.000000,0.000000,0.000000,0.000000,0.000000,0.000000,0.000000,0.000000,0.000000,0.000000,0.000000,0.000000,0.000000,0.000000,0.000000,0.000000,0.000000,0.000000,0.000000,0.000000,0.000000,0.000000,0.000000,0.000000,0.000000,0.000000,0.000000,0.000000,0.000000,0.000000,0.000000,0.000000,0.000000,0.000000,0.000000,0.000000,0.000000,0.000000,0.000000,0.000000,0.000000,0.000000,0.000000,0.000000,0.000000,0.000000,0.000000,0.000000,0.000000,0.000000,0.000000,0.000000,0.000000,0.000000,0.000000,0.000000,0.000000,0.000000,0.000000,0.000000,0.000000,0.000000,0.000000,0.000000,0.000000,0.000000,0.000000,0.000000,0.000000,0.000000,0.000000,0.000000,0.000000,0.000000,0.000000,0.000000,0.000000,0.000000,0.000000,0.000000,0.000000,0.000000,0.000000,0.000000,0.000000,0.000000,0.000000,0.000000,0.000000,0.000000,0.000000,0.000000,0.000000,0.000000,0.000000,0.000000,0.000000,0.000000,0.000000,0.000000,0.000000,0.000000,0.000000,0.000000,0.000000,0.000000,0.000000,0.000000,0.000000,0.000000,0.000000,0.000000,0.000000,0.000000,0.000000,0.000000,0.000000,0.000000,0.000000,0.000000,0.000000,0.000000,0.000000,0.000000,0.000000,0.000000,0.000000,0.000000,0.000000,0.000000,0.000000,0.000000,0.000000,0.000000,0.000000,0.000000,0.000000,0.000000,0.000000,0.000000,0.000000,0.000000,0.000000,0.000000,0.000000,0.000000,0.000000,0.000000,0.000000,0.000000,0.000000,0.000000,0.000000,0.000000,0.000000,0.000000,0.000000,0.000000,0.000000,0.000000,0.000000,0.000000,0.000000,0.000000,0.000000,0.000000,0.000000,0.000000,0.000000,0.000000,0.000000,0.000000],
	[-0.003850,-0.003850,-0.003850,0.000181,0.000181,-0.003850,0.000181,0.004212,-0.003850,-0.001834,-0.003850,-0.001834,0.002196,0.002196,0.002196,-0.003850,-0.003850,-0.001834,0.000181,0.002196,-0.001834,-0.001834,0.002196,0.002196,0.004212,0.000181,0.000181,0.004212,0.002196,0.002196,0.000181,0.004212,0.000181,0.002196,0.006227,0.004212,0.004212,-0.001834,-0.003850,0.000181,0.000181,0.002196,-0.001834,-0.001834,-0.005865,-0.003850,-0.001834,-0.001834,-0.007881,-0.005865,-0.005865,-0.001834,0.000181,-0.007881,-0.007881,-0.005865,-0.007881,-0.009897,-0.007881,-0.009897,-0.003850,-0.007881,-0.011912,-0.015943,-0.005865,-0.009897,-0.011912,-0.007881,-0.011912,-0.011912,-0.009897,-0.017959,-0.011912,-0.007881,-0.009897,-0.013928,-0.009897,-0.009897,-0.011912,-0.013928,-0.013928,-0.009897,-0.015943,-0.015943,-0.013928,-0.011912,-0.013928,-0.017959,-0.021990,-0.019975,-0.017959,-0.019975,-0.017959,-0.017959,-0.017959,-0.019975,-0.019975,0.038477,-0.040131,-0.161068,0.151352,-0.044162,-0.046178,-0.015943,0.006227,-0.026022,0.024368,-0.021990,-0.054240,0.012274,0.080805,-0.134865,0.016306,0.038477,-0.096568,-0.058271,0.554477,-0.483568,-0.342474,0.471836,0.314618,-0.265881,-0.521865,0.044524,0.487961,0.475868,-0.838318,-0.451318,0.858836,0.602852,-0.888708,-0.588380,0.612930,0.671383,-0.513802,-0.054240,-0.578302,0.510133,0.483930,0.115071,-1.108411,0.155384,0.695571,0.282368,-0.282006,-0.822193,-0.146959,1.370804,0.320665,-1.561926,-0.441240,1.312351,1.122883,-1.477270,-1.104380,0.842711,1.910991,-1.170895,-1.430911,0.231977,2.237522,-0.586365,-1.569989,-0.376740,2.201241,0.090884,-1.779614,-0.634740,1.971460,0.723789,-1.703020,-1.009645,1.523992,1.344601,-1.624411,-1.289817,1.120867,1.939210,-1.473239,-1.549832,0.576649,2.312100,-0.983442,-1.727207,0.274305,2.437069,-1.215239,-1.767520,0.860852,2.116585,-1.475255,-1.519598,0.774180,1.967429,-0.810099,-2.073895,0.520211,2.231475,-0.181225,-2.672535,0.048556,2.429006,0.522227,-2.815644,-0.344490,2.132710,1.181336,-2.684628,-0.802036,1.648960,1.775944,-2.214988,-1.199114,1.265992,1.933163,-1.696973,-1.414786,0.828602,1.703382,-0.755677,-1.332145,0.332758,0.971711,-0.187271,-0.781880,0.443618,0.282368,-0.372709,-0.586365,1.183351,-0.159053,-0.795990,-0.683115,1.900913,0.256165,-1.366411,-1.523630,2.183100,1.249867,-1.461145,-2.094051,1.755788,1.971460,-1.033833,-2.684628,1.112805,2.598319,-0.687146,-2.648347,0.236008,2.779725,-0.128818,-2.295613,-0.552099,2.602350,0.314618],
	[-0.209144,-0.209144,-0.209144,-0.209144,-0.209144,-0.209144,-0.209144,-0.209144,-0.259942,-0.259942,-0.209144,-0.259942,-0.209144,-0.209144,-0.209144,-0.259942,-0.209144,-0.209144,-0.158346,-0.158346,-0.209144,-0.209144,-0.158346,-0.158346,-0.158346,-0.158346,-0.209144,-0.158346,-0.158346,-0.107549,-0.107549,-0.107549,-0.107549,-0.107549,-0.005953,-0.005953,-0.005953,-0.005953,-0.005953,-0.005953,0.044844,0.044844,0.044844,0.044844,-0.005953,0.044844,0.044844,0.095642,0.146440,0.095642,0.146440,0.146440,0.095642,0.146440,0.197238,0.146440,0.146440,0.197238,0.197238,0.197238,0.197238,0.248036,0.197238,0.197238,0.197238,0.197238,0.146440,0.197238,0.197238,0.197238,0.197238,0.146440,0.197238,0.248036,0.248036,0.197238,0.197238,0.197238,0.197238,0.197238,0.197238,0.146440,0.197238,0.146440,0.146440,0.146440,0.095642,0.146440,0.146440,0.146440,0.095642,0.095642,0.095642,0.095642,0.044844,0.044844,0.095642,0.044844,0.095642,0.095642,0.044844,-0.005953,0.044844,0.044844,0.044844,0.044844,0.044844,0.044844,0.044844,0.095642,0.044844,0.044844,0.095642,0.146440,0.095642,0.095642,0.095642,0.095642,0.044844,0.095642,0.095642,0.095642,0.044844,0.044844,0.044844,0.095642,0.044844,0.095642,0.044844,0.044844,0.044844,-0.005953,-0.005953,-0.005953,0.044844,0.044844,-0.005953,-0.005953,-0.056751,-0.056751,-0.056751,-0.056751,-0.056751,-0.107549,0.044844,0.298833,-0.412336,-0.107549,0.248036,-0.005953,-0.361538,-0.158346,0.095642,0.197238,-0.361538,-0.463134,0.400429,0.197238,-0.513932,-0.209144,0.400429,-0.615527,-0.107549,0.552823,-0.209144,-1.072708,0.044844,0.451227,0.349631,-1.225102,-0.767921,1.111600,0.451227,-1.326697,-1.174304,0.806812,0.806812,-0.818719,-1.377495,0.197238,0.603621,0.248036,-1.682283,-0.209144,0.806812,0.095642,-1.275900,-0.310740,0.400429,0.349631,-1.326697,-0.513932,0.705217,-0.107549,-1.123506,0.146440,0.756014,-0.869517,-1.275900,0.298833,1.416387,-0.717123,-1.733081,-0.107549,2.025961,-0.259942,-1.885474,-0.463134,2.025961,0.197238,-1.631485,-1.072708,1.721174,0.959206,-1.428293,-1.580687,1.467185,1.517982,-1.072708,-1.631485,1.010004,1.619578,-0.767921,-1.377495,0.400429,1.771972,-0.412336,-1.479091,0.451227,1.975163,-0.513932,-1.682283,0.400429,2.838727,-0.412336,-2.393453,0.044844,3.143515,0.451227,-2.698240,-1.021910,3.549898,1.721174,-3.053825,-2.342655,3.295908,3.245110,-2.647442,-3.460209,2.330749,4.057877,-1.682283,-4.171379,0.959206,4.718249,-0.463134],
	[-0.018410,-0.018410,0.006794,0.006794,0.006794,0.006794,-0.018410,0.006794,-0.018410,0.006794,-0.018410,-0.018410,-0.018410,-0.018410,0.006794,0.006794,-0.018410,-0.018410,-0.018410,-0.018410,-0.018410,0.006794,0.006794,0.006794,0.006794,0.006794,0.006794,0.006794,0.006794,-0.018410,0.006794,0.006794,0.006794,-0.018410,0.006794,0.006794,0.006794,0.006794,0.006794,0.006794,0.006794,0.006794,0.006794,0.006794,0.006794,-0.018410,-0.018410,0.006794,-0.018410,0.006794,0.006794,0.006794,0.006794,0.006794,0.006794,-0.018410,0.006794,-0.018410,-0.018410,-0.018410,-0.018410,0.006794,-0.018410,-0.018410,0.006794,-0.018410,0.006794,-0.018410,0.006794,-0.018410,-0.018410,-0.018410,-0.018410,0.006794,0.006794,0.006794,-0.018410,-0.018410,-0.018410,-0.018410,-0.018410,-0.018410,-0.018410,0.006794,-0.018410,-0.018410,0.006794,-0.018410,0.006794,0.006794,0.006794,0.006794,-0.018410,-0.018410,-0.018410,0.006794,0.006794,0.006794,0.006794,-0.018410,0.006794,0.006794,-0.018410,0.006794,-0.018410,0.006794,0.006794,0.006794,0.006794,0.006794,0.006794,0.006794,-0.018410,-0.018410,0.006794,0.006794,-0.018410,0.006794,0.006794,0.006794,0.006794,0.006794,0.006794,0.006794,0.006794,0.006794,0.006794,0.006794,0.006794,0.006794,0.006794,0.006794,0.006794,0.006794,0.006794,0.006794,0.132824,-0.522526,0.132824,0.888998,-0.749378,-0.522526,0.788175,0.384882,-0.850202,-0.144440,0.536117,0.536117,-0.648555,-0.371291,0.158029,0.838587,-0.144440,-0.799790,0.032000,1.015028,-0.245263,-1.278701,0.460499,1.468732,-0.346085,-1.429936,0.309264,0.964616,0.309264,-1.329112,-0.396497,1.569555,0.359676,-1.278701,-0.724173,1.166263,1.115851,-1.001437,-1.732405,1.468732,0.964616,-0.396497,-1.429936,0.284059,1.418320,0.737763,-2.362550,-0.497320,1.922436,1.317497,-2.286933,-1.203083,1.972848,1.418320,-1.354318,-2.236522,1.519143,2.048465,-0.724173,-2.690226,0.838587,2.224906,0.284059,-3.169137,0.032000,2.527376,0.964616,-3.043108,-0.799790,2.325730,1.695584,-2.488580,-1.732405,2.048465,2.073671,-1.606376,-2.463374,1.544349,2.073671,-0.472114,-2.690226,0.510911,2.124083,0.611734,-3.118725,0.183235,1.947642,1.115851,-2.513785,-0.472114,1.267086,1.619967,-1.404730,-1.732405,0.838587,2.250112,-0.925819,-1.858434,0.510911,1.745996,0.233647,-2.312139,0.132824,1.695584,0.813381,-2.488580,0.082412,1.292292,1.468732,-2.488580,-0.497320,1.292292,1.771201,-2.211316,-0.724173,0.964616,1.821613,-1.631582,-1.152672,0.863793]
],
"cwt" : [
	[0.590898,0.358578,0.181568,0.075476,0.025795,0.007293,0.001519,0.000314,0.000283,0.000532,0.000495,0.000191,0.000306,0.000309,0.000339,0.000486,0.000509,0.000650,0.000741,0.000559,0.000336,0.000280,0.000285,0.000271,0.000141,0.000313,0.000461,0.000387,0.000349,0.000388,0.000286,0.000096,0.000053,0.000081,0.000074,0.000064,0.000066,0.000061,0.000063,0.000058,0.000059,0.000053,0.000077,0.000105,0.000108,0.000224,0.000436,0.000562,0.000544,0.000480,0.000485,0.000518,0.000484,0.000423,0.000448,0.000429,0.000285,0.000127,0.000100,0.000215,0.000410,0.000522,0.000445,0.000229,0.000033,0.000224,0.000445,0.000568,0.000564,0.000624,0.000791,0.000853,0.000741,0.000582,0.000452,0.000261,0.000140,0.000351,0.000425,0.000340,0.000235,0.000182,0.000144,0.000127,0.000226,0.000369,0.000380,0.000220,0.000047,0.000212,0.000344,0.000376,0.000286,0.000148,0.000079,0.000143,0.000211,0.000198,0.000161,0.000213,0.000209,0.000140,0.000087,0.000018,0.000121,0.000275,0.000374,0.000383,0.000332,0.000267,0.000280,0.000435,0.000618,0.000724,0.000698,0.000548,0.000229,0.000815,0.003161,0.008114,0.017132,0.031458,0.051337,0.075517,0.101458,0.126041,0.146407,0.160908,0.170098,0.177047,0.186026,0.199801,0.217980,0.238231,0.258504,0.277959,0.296634,0.314863,0.332961,0.351281,0.370545,0.392091,0.417516,0.447627,0.481516,0.516666,0.549965,0.578691,0.601093,0.616805,0.626874,0.632833,0.635302,0.633554,0.626554,0.614311,0.598475,0.582274,0.569947,0.565212,0.569228,0.579987,0.593968,0.608207,0.621006,0.631672,0.640480,0.648754,0.658344,0.670809,0.687269,0.708801,0.736189,0.769030,0.805637,0.844050,0.882566,0.919095,0.950865,0.975541,0.992462,1.002584,1.007732,1.010311,1.012951,1.017346,1.023356,1.029863,1.036309,1.042828,1.049193,1.054702,1.059233,1.063518,1.068076,1.072646,1.077103,1.082208,1.088820,1.096865,1.105617,1.114540,1.123241,1.131079,1.137646,1.143452,1.149452,1.156034,1.163150,1.171111,1.180218,1.189583,1.197353,1.202498,1.205767,1.208797,1.213127,1.220215,1.231172,1.245572,1.261133,1.275319,1.286875,1.295408,1.300306,1.300995,1.297878,1.292168,1.285118,1.278180,1.273571,1.273457,1.278298,1.286587,1.296149,1.304967,1.311009,1.312720,1.310328,1.305859,1.301242,1.297065,1.293533,1.291520,1.291631,1.292971,1.294002,1.294076,1.292953,1.289442,1.281639,1.266406,1.234190,1.164319,1.032686,0.832657],
	[0.000000,0.000000,0.000000,0.000000,0.000000,0.000000,0.000000,0.000000,0.000000,0.000000,0.000000,0.000000,0.000000,0.000000,0.000000,0.000000,0.000000,0.000000,0.000000,0.000000,0.000000,0.000000,0.000000,0.000000,0.000000,0.000000,0.000000,0.000000,0.000000,0.000000,0.000000,0.000000,0.000000,0.000000,0.000000,0.000000,0.000000,0.000000,0.000000,0.000000,0.000000,0.000000,0.000000,0.000000,0.000000,0.000000,0.000000,0.000000,0.000000,0.000000,0.000000,0.000000,0.000000,0.000000,0.000000,0.000000,0.000000,0.000000,0.000000,0.000000,0.000000,0.000000,0.000000,0.000000,0.000000,0.000000,0.000000,0.000000,0.000000,0.000000,0.000000,0.000000,0.000000,0.000000,0.000000,0.000000,0.000000,0.000000,0.000000,0.000000,0.000000,0.000000,0.000000,0.000000,0.000000,0.000000,0.000000,0.000000,0.000000,0.000000,0.000000,0.000000,0.000000,0.000000,0.000000,0.000000,0.000000,0.000000,0.000000,0.000000,0.000000,0.000000,0.000000,0.000000,0.000000,0.000000,0.000000,0.000000,0.000000,0.000000,0.000000,0.000000,0.000000,0.000000,0.000000,0.000000,0.000000,0.000000,0.000000,0.000000,0.000000,0.000000,0.000000,0.000000,0.000000,0.000000,0.000000,0.000000,0.000000,0.000000,0.000000,0.000000,0.000000,0.000000,0.000000,0.000000,0.000000,0.000000,0.000000,0.000000,0.000000,0.000000,0.000000,0.000000,0.000000,0.000000,0.000000,0.000000,0.000000,0.000000,0.000000,0.000000,0.000000,0.000000,0.000000,0.000000,0.000000,0.000000,0.000000,0.000000,0.000000,0.000000,0.000000,0.000000,0.000000,0.000000,0.000000,0.000000,0.000000,0.000000,0.000000,0.000000,0.000000,0.000000,0.000000,0.000000,0.000000,0.000000,0.000000,0.000000,0.000000,0.000000,0.000000,0.000000,0.000000,0.000000,0.000000,0.000000,0.000000,0.000000,0.000000,0.000000,0.000000,0.000000,0.000000,0.000000,0.000000,0.000000,0.000000,0.000000,0.000000,0.000000,0.000000,0.000000,0.000000,0.000000,0.000000,0.000000,0.000000,0.000000,0.000000,0.000000,0.000000,0.000000,0.000000,0.000000,0.000000,0.000000,0.000000,0.000000,0.000000,0.000000,0.000000,0.000000,0.000000,0.000000,0.000000,0.000000,0.000000,0.000000,0.000000,0.000000,0.000000,0.000000,0.000000,0.000000,0.000000,0.000000,0.000000,0.000000,0.000000,0.000000,0.000000,0.000000,0.000000,0.000000,0.000000,0.000000,0.000000,0.000000,0.000000,0.000000,0.000000,0.000000,0.000000,0.000000],
	[0.406666,0.212993,0.091602,0.032541,0.010128,0.003373,0.001738,0.001496,0.001347,0.000909,0.000689,0.000741,0.000863,0.001075,0.001298,0.001355,0.001196,0.001022,0.001029,0.001164,0.001216,0.001086,0.000918,0.000904,0.001023,0.001056,0.000948,0.000867,0.000815,0.000633,0.000395,0.000509,0.000755,0.000901,0.000963,0.001039,0.001256,0.001390,0.001269,0.001018,0.000794,0.000646,0.000629,0.000768,0.000962,0.001104,0.001237,0.001332,0.001287,0.001183,0.001256,0.001533,0.001751,0.001634,0.001200,0.000824,0.000738,0.000685,0.000760,0.001080,0.001520,0.001956,0.002177,0.002022,0.001589,0.001123,0.000656,0.000231,0.000031,0.000439,0.001149,0.001691,0.001839,0.001744,0.001591,0.001368,0.001122,0.001036,0.001091,0.001105,0.001058,0.001140,0.001319,0.001345,0.001232,0.001192,0.001289,0.001383,0.001297,0.000931,0.000465,0.000455,0.000950,0.002408,0.005758,0.011606,0.020026,0.030070,0.039227,0.044195,0.043108,0.036718,0.027225,0.016700,0.006650,0.003057,0.010799,0.018105,0.024481,0.028955,0.030245,0.027860,0.028326,0.048759,0.089161,0.139861,0.190602,0.231431,0.255833,0.263433,0.260066,0.255198,0.259399,0.281583,0.322659,0.373466,0.422177,0.460639,0.484864,0.493146,0.484353,0.456515,0.406734,0.335292,0.254855,0.201307,0.213417,0.267927,0.325066,0.368089,0.387814,0.378796,0.349262,0.329601,0.356667,0.432673,0.529466,0.621052,0.693052,0.743371,0.779271,0.809132,0.836295,0.861501,0.886442,0.910788,0.930179,0.941809,0.948702,0.954738,0.959009,0.959791,0.960602,0.966368,0.975694,0.982791,0.985545,0.986432,0.986546,0.984431,0.981341,0.981921,0.988055,0.997021,1.007089,1.019823,1.034898,1.047631,1.054771,1.058772,1.063155,1.067438,1.070293,1.073802,1.080453,1.088517,1.093617,1.093437,1.088522,1.079246,1.065490,1.050924,1.044192,1.051826,1.072140,1.099884,1.133339,1.172222,1.212011,1.245920,1.270928,1.287478,1.295158,1.293553,1.285950,1.276975,1.266665,1.251686,1.232374,1.213158,1.195400,1.175537,1.151384,1.124432,1.094050,1.054793,1.002799,0.940672,0.872289,0.796741,0.712339,0.622999,0.535935,0.456416,0.389418,0.343633,0.328959,0.348274,0.393760,0.454590,0.525822,0.607517,0.697314,0.788667,0.877244,0.962898,1.042998,1.110472,1.161796,1.201395,1.235594,1.266963,1.296566,1.325866,1.352677,1.370225,1.374416,1.368431,1.356804,1.338498,1.309010,1.263527,1.191021,1.070231,0.884774,0.647996],
	[0.744753,0.385982,0.162765,0.057456,0.018840,0.007155,0.006132,0.009947,0.012157,0.009103,0.003672,0.006061,0.008478,0.009536,0.011326,0.012002,0.010925,0.010841,0.012637,0.014856,0.016325,0.015142,0.011076,0.006725,0.005802,0.008171,0.009950,0.009170,0.007433,0.006498,0.006530,0.008697,0.013092,0.016680,0.016044,0.011229,0.005731,0.003176,0.005232,0.007762,0.007855,0.006118,0.006019,0.007317,0.007795,0.007247,0.008842,0.010767,0.008243,0.004022,0.007428,0.010858,0.014376,0.017516,0.017208,0.014408,0.012914,0.011874,0.008750,0.006410,0.009000,0.010434,0.007989,0.005340,0.006947,0.008396,0.008908,0.009244,0.009043,0.010070,0.012736,0.015894,0.018857,0.019629,0.016841,0.011594,0.006711,0.004123,0.004099,0.005756,0.005668,0.004154,0.004467,0.003458,0.002968,0.006614,0.009271,0.011181,0.012339,0.011989,0.010210,0.008604,0.009426,0.011202,0.010914,0.007934,0.003724,0.004962,0.011547,0.016884,0.018488,0.016284,0.012072,0.007708,0.003822,0.001114,0.003219,0.006065,0.009342,0.012787,0.015656,0.017761,0.018637,0.016985,0.012365,0.007052,0.006679,0.009270,0.010638,0.011567,0.012425,0.012549,0.011782,0.010281,0.008248,0.005488,0.001988,0.002594,0.002581,0.002366,0.007113,0.010398,0.011788,0.012577,0.012905,0.011376,0.007436,0.004589,0.005911,0.007132,0.010316,0.021137,0.041261,0.068892,0.099625,0.126384,0.143081,0.150058,0.151925,0.151059,0.149050,0.150982,0.162575,0.183797,0.207635,0.225525,0.232012,0.223708,0.199636,0.169626,0.160880,0.192497,0.249205,0.309183,0.357217,0.388061,0.410989,0.443516,0.494459,0.555192,0.610534,0.652201,0.678970,0.690789,0.687944,0.673259,0.650496,0.621382,0.589320,0.565171,0.560450,0.572141,0.582937,0.578259,0.557487,0.528973,0.500886,0.480040,0.472367,0.476964,0.482388,0.476336,0.460200,0.448989,0.456227,0.485195,0.532756,0.592199,0.654972,0.714794,0.770333,0.823479,0.873838,0.916310,0.946009,0.963329,0.971371,0.971337,0.964322,0.955411,0.951540,0.955346,0.964457,0.976601,0.990703,1.002440,1.004676,0.994689,0.976534,0.954136,0.926924,0.895276,0.865630,0.845712,0.837288,0.837710,0.846503,0.865507,0.894722,0.934104,0.987520,1.058136,1.139934,1.219351,1.286839,1.343410,1.395611,1.449062,1.508790,1.580231,1.664325,1.753986,1.840287,1.920458,1.995471,2.062270,2.114565,2.150851,2.176107,2.194623,2.203107,2.186076,2.110228,1.928869,1.612188,1.187587],
	[0.326612,0.181985,0.087297,0.036200,0.013489,0.005539,0.002981,0.001674,0.001860,0.002530,0.002772,0.002953,0.003743,0.005205,0.006501,0.006564,0.005182,0.002971,0.000786,0.002293,0.003780,0.003803,0.002849,0.001703,0.000811,0.000786,0.001828,0.003207,0.004500,0.005495,0.006033,0.006113,0.005919,0.005502,0.004613,0.003179,0.001687,0.000721,0.000321,0.000217,0.000262,0.000761,0.001903,0.003468,0.004901,0.005409,0.004435,0.002568,0.001912,0.002409,0.002170,0.001297,0.001291,0.002287,0.002726,0.002514,0.002646,0.003230,0.003489,0.003898,0.004575,0.004881,0.004668,0.003950,0.002835,0.001758,0.001282,0.001630,0.002425,0.002889,0.002668,0.002938,0.004065,0.004863,0.005180,0.005085,0.004360,0.003143,0.001967,0.001428,0.001946,0.003168,0.004255,0.004642,0.004338,0.003351,0.001931,0.001929,0.002726,0.002705,0.002962,0.004025,0.004843,0.005158,0.004928,0.003997,0.003045,0.003361,0.004308,0.004837,0.004679,0.003859,0.002475,0.001237,0.001974,0.002659,0.002418,0.001737,0.001464,0.002168,0.003771,0.005653,0.007075,0.007612,0.007255,0.006409,0.005515,0.004478,0.003128,0.001733,0.000717,0.000250,0.000132,0.000055,0.000059,0.000042,0.000062,0.000045,0.000057,0.000090,0.000543,0.002063,0.006788,0.019082,0.044793,0.088516,0.149982,0.222176,0.293439,0.352617,0.393414,0.415164,0.420844,0.414760,0.401409,0.385277,0.370085,0.357467,0.348352,0.346414,0.356503,0.378250,0.406297,0.437673,0.474675,0.520558,0.574061,0.627784,0.670969,0.694034,0.692737,0.671598,0.644852,0.631063,0.641117,0.669791,0.701444,0.723075,0.732340,0.737085,0.749141,0.776075,0.813982,0.846659,0.855090,0.831724,0.788380,0.751249,0.745977,0.783600,0.856973,0.946626,1.031036,1.097488,1.145479,1.178816,1.197188,1.199610,1.193468,1.192833,1.205155,1.225021,1.243706,1.258290,1.269864,1.280355,1.294353,1.317852,1.350554,1.383621,1.408525,1.424330,1.433949,1.438080,1.437070,1.434800,1.434811,1.434538,1.428883,1.417668,1.403942,1.386307,1.359753,1.324897,1.290529,1.265399,1.252447,1.251766,1.261254,1.271748,1.269334,1.246613,1.207842,1.160871,1.109599,1.059760,1.025664,1.019999,1.038282,1.063200,1.079899,1.080208,1.061418,1.030222,1.003175,0.993798,0.999752,1.009740,1.018002,1.024278,1.026239,1.022051,1.017953,1.023728,1.039376,1.054387,1.060990,1.059443,1.050399,1.031511,1.003242,0.967763,0.916403,0.827252,0.685925,0.506530]
],
"envelope_edge" : [
	[0.013203,0.012735,0.011746,0.010584,0.009526,0.008678,0.008015,0.007484,0.007045,0.006669,0.006341,0.006045,0.005776,0.005532,0.005307,0.005099,0.004905,0.004724,0.004555,0.004396,0.004243,0.004098,0.003959,0.003828,0.003701,0.003579,0.003464,0.003353,0.003245,0.003142,0.003042,0.002944,0.002849,0.002757,0.002667,0.002580,0.002495,0.002413,0.002332,0.002253,0.002175,0.002100,0.002025,0.001953,0.001881,0.001810,0.001741,0.001675,0.001609,0.001544,0.001479,0.001416,0.001353,0.001291,0.001230,0.001170,0.001110,0.001050,0.000989,0.000929,0.000871,0.000815,0.000759,0.000702,0.000644,0.000585,0.000529,0.000474,0.000419,0.000364,0.000309,0.000255,0.000202,0.000147,0.000092,0.000037,-0.000019,-0.000075,-0.000129,-0.000184,-0.000240,-0.000296,-0.000353,-0.000410,-0.000468,-0.000524,-0.000581,-0.000638,-0.000698,-0.000758,-0.000817,-0.000877,-0.000937,-0.000999,-0.001062,-0.001126,-0.001190,-0.001256,-0.001322,-0.001390,-0.001459,-0.001529,-0.001602,-0.001676,-0.001753,-0.001831,-0.001910,-0.001992,-0.002077,-0.002166,-0.002259,-0.002355,-0.002456,-0.002561,-0.002672,-0.002793,-0.002927,-0.003081,-0.003253,-0.003443,-0.003647,-0.003852,-0.004040,-0.004190,-0.004292,-0.004344,-0.004360,-0.004364,-0.004387,-0.004451,-0.004554,-0.004674,-0.004782,-0.004866,-0.004928,-0.004977,-0.005022,-0.005066,-0.005112,-0.005162,-0.005219,-0.005285,-0.005350,-0.005395,-0.005399,-0.005348,-0.005238,-0.005081,-0.004893,-0.004696,-0.004506,-0.004329,-0.004159,-0.003998,-0.003854,-0.003747,-0.003697,-0.003717,-0.003805,-0.003938,-0.004079,-0.004195,-0.004275,-0.004321,-0.004348,-0.004369,-0.004400,-0.004451,-0.004526,-0.004619,-0.004725,-0.004834,-0.004931,-0.004997,-0.005017,-0.004984,-0.004896,-0.004750,-0.004551,-0.004319,-0.004078,-0.003851,-0.003653,-0.003493,-0.003367,-0.003260,-0.003158,-0.003053,-0.002949,-0.002845,-0.002739,-0.002631,-0.002528,-0.002434,-0.002344,-0.002258,-0.002178,-0.002106,-0.002039,-0.001966,-0.001884,-0.001794,-0.001694,-0.001587,-0.001479,-0.001376,-0.001280,-0.001185,-0.001091,-0.000995,-0.000891,-0.000770,-0.000634,-0.000495,-0.000369,-0.000262,-0.000171,-0.000090,-0.000005,0.000104,0.000252,0.000436,0.000645,0.000871,0.001110,0.001350,0.001577,0.001783,0.001963,0.002113,0.002234,0.002342,0.002461,0.002609,0.002795,0.003020,0.003279,0.003556,0.003832,0.004094,0.004347,0.004599,0.004855,0.005117,0.005402,0.005723,0.006088,0.006498,0.006964,0.007504,0.008136,0.008896,0.009836,0.010956,0.012103,0.012959],
	[0.000000,0.000000,0.000000,0.000000,0.000000,0.000000,0.000000,0.000000,0.000000,0.000000,0.000000,0.000000,0.000000,0.000000,0.000000,0.000000,0.000000,0.000000,0.000000,0.000000,0.000000,0.000000,0.000000,0.000000,0.000000,0.000000,0.000000,0.000000,0.000000,0.000000,0.000000,0.000000,0.000000,0.000000,0.000000,0.000000,0.000000,0.000000,0.000000,0.000000,0.000000,0.000000,0.000000,0.000000,0.000000,0.000000,0.000000,0.000000,0.000000,0.000000,0.000000,0.000000,0.000000,0.000000,0.000000,0.000000,0.000000,0.000000,0.000000,0.000000,0.000000,0.000000,0.000000,0.000000,0.000000,0.000000,0.000000,0.000000,0.000000,0.000000,0.000000,0.000000,0.000000,0.000000,0.000000,0.000000,0.000000,0.000000,0.000000,0.000000,0.000000,0.000000,0.000000,0.000000,0.000000,0.000000,0.000000,0.000000,0.000000,0.000000,0.000000,0.000000,0.000000,0.000000,0.000000,0.000000,0.000000,0.000000,0.000000,0.000000,0.000000,0.000000,0.000000,0.000000,0.000000,0.000000,0.000000,0.000000,0.000000,0.000000,0.000000,0.000000,0.000000,0.000000,0.000000,0.000000,0.000000,0.000000,0.000000,0.000000,0.000000,0.000000,0.000000,0.000000,0.000000,0.000000,0.000000,0.000000,0.000000,0.000000,0.000000,0.000000,0.000000,0.000000,0.000000,0.000000,0.000000,0.000000,0.000000,0.000000,0.000000,0.000000,0.000000,0.000000,0.000000,0.000000,0.000000,0.000000,0.000000,0.000000,0.000000,0.000000,0.000000,0.000000,0.000000,0.000000,0.000000,0.000000,0.000000,0.000000,0.000000,0.000000,0.000000,0.000000,0.000000,0.000000,0.000000,0.000000,0.000000,0.000000,0.000000,0.000000,0.000000,0.000000,0.000000,0.000000,0.000000,0.000000,0.000000,0.000000,0.000000,0.000000,0.000000,0.000000,0.000000,0.000000,0.000000,0.000000,0.000000,0.000000,0.000000,0.000000,0.000000,0.000000,0.000000,0.000000,0.000000,0.000000,0.000000,0.000000,0.000000,0.000000,0.000000,0.000000,0.000000,0.000000,0.000000,0.000000,0.000000,0.000000,0.000000,0.000000,0.000000,0.000000,0.000000,0.000000,0.000000,0.000000,0.000000,0.000000,0.000000,0.000000,0.000000,0.000000,0.000000,0.000000,0.000000,0.000000,0.000000,0.000000,0.000000,0.000000,0.000000,0.000000,0.000000,0.000000,0.000000,0.000000,0.000000,0.000000,0.000000,0.000000,0.000000,0.000000,0.000000,0.000000,0.000000,0.000000,0.000000,0.000000,0.000000,0.000000,0.000000,0.000000,0.000000,0.000000],
	[0.012059,0.011169,0.010023,0.008942,0.008066,0.007391,0.006859,0.006425,0.006057,0.005735,0.005446,0.005187,0.004951,0.004736,0.004538,0.004355,0.004184,0.004022,0.003868,0.003723,0.003588,0.003458,0.003333,0.003213,0.003098,0.002989,0.002884,0.002781,0.002683,0.002587,0.002493,0.002400,0.002311,0.002226,0.002143,0.002062,0.001983,0.001907,0.001833,0.001760,0.001686,0.001613,0.001540,0.001469,0.001401,0.001333,0.001267,0.001203,0.001139,0.001075,0.001010,0.000948,0.000888,0.000830,0.000770,0.000708,0.000646,0.000584,0.000522,0.000460,0.000401,0.000344,0.000290,0.000235,0.000179,0.000121,0.000062,0.000001,-0.000062,-0.000126,-0.000186,-0.000243,-0.000299,-0.000356,-0.000415,-0.000474,-0.000536,-0.000599,-0.000661,-0.000724,-0.000788,-0.000854,-0.000919,-0.000984,-0.001051,-0.001121,-0.001191,-0.001263,-0.001335,-0.001411,-0.001493,-0.001583,-0.001679,-0.001783,-0.001893,-0.002001,-0.002094,-0.002161,-0.002189,-0.002189,-0.002184,-0.002203,-0.002259,-0.002361,-0.002512,-0.002727,-0.002919,-0.003058,-0.003194,-0.003318,-0.003460,-0.003645,-0.003947,-0.004317,-0.004617,-0.004782,-0.004795,-0.004683,-0.004511,-0.004364,-0.004310,-0.004379,-0.004559,-0.004784,-0.004943,-0.004958,-0.004816,-0.004555,-0.004217,-0.003843,-0.003461,-0.003109,-0.002838,-0.002762,-0.003022,-0.003694,-0.004472,-0.004953,-0.005127,-0.005104,-0.004983,-0.004903,-0.005055,-0.005550,-0.006236,-0.006776,-0.007001,-0.006937,-0.006696,-0.006402,-0.006137,-0.005911,-0.005703,-0.005505,-0.005309,-0.005087,-0.004834,-0.004582,-0.004366,-0.004174,-0.003990,-0.003829,-0.003715,-0.003623,-0.003505,-0.003355,-0.003208,-0.003080,-0.002963,-0.002860,-0.002797,-0.002772,-0.002750,-0.002709,-0.002659,-0.002601,-0.002507,-0.002369,-0.002220,-0.002092,-0.001978,-0.001862,-0.001753,-0.001661,-0.001568,-0.001444,-0.001288,-0.001124,-0.000974,-0.000849,-0.000773,-0.000783,-0.000883,-0.001017,-0.001114,-0.001154,-0.001140,-0.001048,-0.000853,-0.000562,-0.000215,0.000161,0.000556,0.000941,0.001288,0.001607,0.001927,0.002248,0.002539,0.002800,0.003064,0.003349,0.003638,0.003926,0.004235,0.004568,0.004880,0.005124,0.005296,0.005402,0.005406,0.005258,0.004942,0.004465,0.003824,0.003028,0.002140,0.001276,0.000533,-0.000068,-0.000553,-0.000922,-0.001143,-0.001208,-0.001142,-0.000961,-0.000648,-0.000219,0.000259,0.000730,0.001189,0.001653,0.002135,0.002656,0.003255,0.003937,0.004659,0.005381,0.006119,0.006913,0.007783,0.008745,0.009824,0.010963,0.011920,0.012350],
	[0.017900,0.016483,0.014540,0.012707,0.011257,0.010160,0.009304,0.008637,0.008111,0.007668,0.007229,0.006824,0.006498,0.006196,0.005930,0.005693,0.005470,0.005247,0.005045,0.004867,0.004718,0.004585,0.004448,0.004288,0.004119,0.003970,0.003855,0.003746,0.003630,0.003507,0.003385,0.003263,0.003166,0.003101,0.003057,0.002995,0.002903,0.002783,0.002677,0.002600,0.002538,0.002462,0.002377,0.002301,0.002238,0.002165,0.002093,0.002043,0.002006,0.001914,0.001819,0.001761,0.001707,0.001678,0.001658,0.001621,0.001569,0.001526,0.001479,0.001402,0.001334,0.001302,0.001265,0.001198,0.001128,0.001082,0.001034,0.000989,0.000938,0.000881,0.000829,0.000793,0.000772,0.000769,0.000764,0.000738,0.000684,0.000617,0.000548,0.000497,0.000461,0.000412,0.000359,0.000314,0.000244,0.000185,0.000150,0.000116,0.000091,0.000067,0.000035,-0.000014,-0.000068,-0.000103,-0.000126,-0.000156,-0.000221,-0.000314,-0.000373,-0.000390,-0.000388,-0.000393,-0.000416,-0.000462,-0.000519,-0.000602,-0.000685,-0.000745,-0.000801,-0.000842,-0.000875,-0.000900,-0.000917,-0.000931,-0.000959,-0.001026,-0.001114,-0.001177,-0.001226,-0.001275,-0.001321,-0.001363,-0.001408,-0.001455,-0.001510,-0.001569,-0.001653,-0.001746,-0.001820,-0.001921,-0.002013,-0.002074,-0.002139,-0.002208,-0.002278,-0.002349,-0.002444,-0.002579,-0.002726,-0.002875,-0.003067,-0.003284,-0.003487,-0.003633,-0.003697,-0.003671,-0.003599,-0.003540,-0.003521,-0.003538,-0.003609,-0.003738,-0.003891,-0.004000,-0.004022,-0.003962,-0.003863,-0.003777,-0.003792,-0.004024,-0.004498,-0.004993,-0.005300,-0.005393,-0.005339,-0.005263,-0.005275,-0.005374,-0.005438,-0.005349,-0.005094,-0.004736,-0.004330,-0.003910,-0.003514,-0.003178,-0.002916,-0.002738,-0.002680,-0.002758,-0.002888,-0.002928,-0.002821,-0.002641,-0.002506,-0.002475,-0.002556,-0.002731,-0.002952,-0.003132,-0.003222,-0.003287,-0.003450,-0.003768,-0.004184,-0.004601,-0.004944,-0.005163,-0.005249,-0.005228,-0.005139,-0.004993,-0.004770,-0.004464,-0.004112,-0.003762,-0.003439,-0.003150,-0.002921,-0.002776,-0.002700,-0.002642,-0.002566,-0.002462,-0.002314,-0.002101,-0.001838,-0.001587,-0.001392,-0.001251,-0.001164,-0.001166,-0.001286,-0.001500,-0.001755,-0.002026,-0.002320,-0.002626,-0.002927,-0.003222,-0.003503,-0.003706,-0.003752,-0.003624,-0.003394,-0.003149,-0.002926,-0.002727,-0.002542,-0.002335,-0.002029,-0.001566,-0.000951,-0.000217,0.000633,0.001624,0.002742,0.003941,0.005203,0.006580,0.008169,0.010080,0.012360,0.014833,0.016983,0.018137],
	[0.010825,0.010136,0.009267,0.008422,0.007703,0.007125,0.006665,0.006279,0.005945,0.005658,0.005403,0.005169,0.004953,0.004760,0.004589,0.004438,0.004291,0.004147,0.003990,0.003839,0.003717,0.003604,0.003494,0.003380,0.003266,0.003150,0.003042,0.002943,0.002853,0.002769,0.002691,0.002614,0.002540,0.002468,0.002397,0.002325,0.002248,0.002168,0.002089,0.002012,0.001936,0.001861,0.001789,0.001724,0.001668,0.001620,0.001572,0.001512,0.001444,0.001382,0.001328,0.001267,0.001201,0.001142,0.001090,0.001036,0.000978,0.000924,0.000872,0.000819,0.000770,0.000725,0.000680,0.000635,0.000586,0.000531,0.000472,0.000413,0.000360,0.000312,0.000263,0.000207,0.000156,0.000112,0.000070,0.000028,-0.000013,-0.000061,-0.000114,-0.000174,-0.000234,-0.000287,-0.000333,-0.000376,-0.000419,-0.000464,-0.000520,-0.000582,-0.000636,-0.000688,-0.000746,-0.000800,-0.000849,-0.000896,-0.000942,-0.000993,-0.001053,-0.001117,-0.001174,-0.001225,-0.001276,-0.001329,-0.001388,-0.001459,-0.001532,-0.001593,-0.001655,-0.001724,-0.001800,-0.001879,-0.001955,-0.002025,-0.002088,-0.002150,-0.002215,-0.002287,-0.002364,-0.002445,-0.002532,-0.002627,-0.002730,-0.002839,-0.002951,-0.003067,-0.003189,-0.003318,-0.003456,-0.003605,-0.003769,-0.003951,-0.004160,-0.004405,-0.004702,-0.005057,-0.005452,-0.005832,-0.006120,-0.006244,-0.006179,-0.005955,-0.005642,-0.005312,-0.005017,-0.004790,-0.004649,-0.004596,-0.004621,-0.004710,-0.004862,-0.005081,-0.005334,-0.005565,-0.005748,-0.005904,-0.006044,-0.006141,-0.006140,-0.005995,-0.005711,-0.005342,-0.004990,-0.004767,-0.004747,-0.004907,-0.005120,-0.005244,-0.005227,-0.005125,-0.005035,-0.005029,-0.005101,-0.005169,-0.005120,-0.004895,-0.004560,-0.004291,-0.004269,-0.004562,-0.005079,-0.005623,-0.006001,-0.006103,-0.005941,-0.005616,-0.005229,-0.004820,-0.004408,-0.004051,-0.003820,-0.003714,-0.003641,-0.003519,-0.003345,-0.003159,-0.002986,-0.002843,-0.002742,-0.002648,-0.002489,-0.002222,-0.001881,-0.001522,-0.001165,-0.000813,-0.000483,-0.000189,0.000097,0.000415,0.000755,0.001081,0.001393,0.001712,0.002018,0.002244,0.002356,0.002385,0.002388,0.002414,0.002523,0.002769,0.003134,0.003519,0.003828,0.004030,0.004115,0.004046,0.003819,0.003550,0.003401,0.003443,0.003638,0.003914,0.004171,0.004306,0.004283,0.004193,0.004159,0.004215,0.004329,0.004483,0.004671,0.004852,0.004981,0.005094,0.005287,0.005602,0.006001,0.006445,0.006936,0.007468,0.008022,0.008627,0.009353,0.010163,0.010836,0.011096]
],
	"idxs" : [3,0,3,3,3]
,"hydrophone_pos" : [
	[0.000000,0.000000,0.000000],
	[0.000000,0.000000,0.000000],
	[32.299999,-4.300000,3.660000],
	[-6.599999,34.700000,1.659999],
	[-4.599999,0.000000,-34.340000]
],
	"direction_of_arrival" : [0.000000,0.000000,0.000000]
,	"valid" : [0.000000,-0.203052,-0.000000,-0.000000,-0.000000]
}
