dump = {
	"magnitude" : [0.000000,0.000016,0.000003,0.000003,0.000008,0.000000,0.000011,0.000007,0.000047,0.000082,0.000088,0.000092,0.000078,0.001038,0.008931,0.030844,0.035415,0.001552,0.001930,0.000544,0.000435,0.000089,0.000014,0.000132,0.000080,0.000045,0.000128,0.000057,0.000114,0.000182,0.000836,0.003411]
,	"raw_mv" : [
	[-116.738998,-22.508501,33.571998,62.947502,-84.311500,-25.942001,-1.144500,49.595001,-40.438999,-20.219499,-46.161499,46.161499,13.352499,-14.878500,-71.340499,17.930500,32.046001,-17.167499,-37.768501,-2.289000,26.704999,-26.704999,-18.312000,-9.537500,6.485500,-49.213500,11.444999,-11.826499,20.219499,-74.774002,4.196499,-25.942001,28.993999,-19.456501,-15.641500,-67.525497,26.704999,20.982500,-23.652999,-94.230499,18.312000,75.918502,-24.797500,-120.172500,-25.942001,100.334503,7.630000,-77.063003,-75.918502,77.444503,19.456501,-38.531501,-71.340499,45.017002,24.034500,-5.341000,-71.340499,8.392999,37.005500,-5.341000,-67.525497,29.757000,35.097999,-30.901500,-71.340499,37.768501,76.681503,-49.976501,-87.363502,20.600999,107.201499,-46.924499,-89.271003,-4.578000,124.750503,-17.548999,-90.797004,-73.629501,136.958496,54.173000,-86.600502,-141.917999,115.213005,104.149497,-43.491001,-171.675003,43.109500,159.848495,0.763000,-186.934997,-16.785999,161.755996,29.757000,-126.276504,-62.184501,126.276504,11.063500,-72.866500,-47.305999,115.975997,-13.734000,-64.473503,-48.069000,101.860504,-24.416000,-61.040000,-40.057498,117.120498,-21.364000,-80.877998,-53.409999,109.109001,22.127000,-69.432998,-64.473503,63.329002,46.161499,-57.606502,-56.843502,32.427501,48.069000,-64.473503,-7.630000,22.889999,15.641500,-77.826004,24.416000,28.612501,25.179000,-117.120498,20.219499,56.462001,25.560501,-119.027999,-8.392999,64.092002,61.421501,-103.768005,-59.895500,53.409999,86.219001,-66.381004,-96.519500,24.034500,88.508003,7.630000,-124.750503,-11.063500,81.640998,57.987998,-117.501998,-48.832000,41.583499,96.138000,-88.508003,-57.987998,10.682000,90.415504,-58.750999,-60.658500,-12.589500,88.889503,-31.664501,-75.155502,-10.300499,86.600502,-7.630000,-103.005004,-18.312000,108.346000,41.201999,-148.403503,-42.728000,111.398002,90.797004,-154.507507,-73.629501,80.496498,133.525009,-125.132003,-90.415504,54.173000,141.154998,-81.259498,-112.542503,4.959500,140.010498,-3.815000,-136.576995,-25.179000,118.646499,40.438999,-142.680999,-45.779998,111.398002,69.051498,-148.403503,-54.936000,94.611999,91.178504,-132.380508,-92.704498,81.259498,122.080001,-122.843002,-112.924003,75.918502,128.947006,-94.230499,-133.525009,36.242500,133.906509,-45.779998,-156.033508,5.341000,136.958496,-4.196499,-181.975509,-18.312000,141.154998,23.652999,-193.420501,-32.427501,132.762008,62.184501,-189.986999,-70.958999,136.576995,87.363502,-183.882995,-99.190002,109.872001,113.305503,-138.102996,-137.721496,73.248001,143.444000,-68.669998,-189.223999,12.208000,156.415008,24.797500,-208.680496,-50.739501,148.785003,78.207504,-208.298995,-79.733497,123.606002,120.554000,-177.779006,-111.016502,84.693000,152.218505,-145.351501,-115.975997],
	[0.000000,0.000000,0.000000,0.000000,0.000000,0.000000,0.000000,0.000000,0.000000,0.000000,0.000000,0.000000,0.000000,0.000000,0.000000,0.000000,0.000000,0.000000,0.000000,0.000000,0.000000,0.000000,0.000000,0.000000,0.000000,0.000000,0.000000,0.000000,0.000000,0.000000,0.000000,0.000000,0.000000,0.000000,0.000000,0.000000,0.000000,0.000000,0.000000,0.000000,0.000000,0.000000,0.000000,0.000000,0.000000,0.000000,0.000000,0.000000,0.000000,0.000000,0.000000,0.000000,0.000000,0.000000,0.000000,0.000000,0.000000,0.000000,0.000000,0.000000,0.000000,0.000000,0.000000,0.000000,0.000000,0.000000,0.000000,0.000000,0.000000,0.000000,0.000000,0.000000,0.000000,0.000000,0.000000,0.000000,0.000000,0.000000,0.000000,0.000000,0.000000,0.000000,0.000000,0.000000,0.000000,0.000000,0.000000,0.000000,0.000000,0.000000,0.000000,0.000000,0.000000,0.000000,0.000000,0.000000,0.000000,0.000000,0.000000,0.000000,0.000000,0.000000,0.000000,0.000000,0.000000,0.000000,0.000000,0.000000,0.000000,0.000000,0.000000,0.000000,0.000000,0.000000,0.000000,0.000000,0.000000,0.000000,0.000000,0.000000,0.000000,0.000000,0.000000,0.000000,0.000000,0.000000,0.000000,0.000000,0.000000,0.000000,0.000000,0.000000,0.000000,0.000000,0.000000,0.000000,0.000000,0.000000,0.000000,0.000000,0.000000,0.000000,0.000000,0.000000,0.000000,0.000000,0.000000,0.000000,0.000000,0.000000,0.000000,0.000000,0.000000,0.000000,0.000000,0.000000,0.000000,0.000000,0.000000,0.000000,0.000000,0.000000,0.000000,0.000000,0.000000,0.000000,0.000000,0.000000,0.000000,0.000000,0.000000,0.000000,0.000000,0.000000,0.000000,0.000000,0.000000,0.000000,0.000000,0.000000,0.000000,0.000000,0.000000,0.000000,0.000000,0.000000,0.000000,0.000000,0.000000,0.000000,0.000000,0.000000,0.000000,0.000000,0.000000,0.000000,0.000000,0.000000,0.000000,0.000000,0.000000,0.000000,0.000000,0.000000,0.000000,0.000000,0.000000,0.000000,0.000000,0.000000,0.000000,0.000000,0.000000,0.000000,0.000000,0.000000,0.000000,0.000000,0.000000,0.000000,0.000000,0.000000,0.000000,0.000000,0.000000,0.000000,0.000000,0.000000,0.000000,0.000000,0.000000,0.000000,0.000000,0.000000,0.000000,0.000000,0.000000,0.000000,0.000000,0.000000,0.000000,0.000000,0.000000,0.000000,0.000000,0.000000,0.000000,0.000000,0.000000,0.000000,0.000000,0.000000,0.000000,0.000000,0.000000,0.000000],
	[-6.714400,-11.826499,-6.943300,0.000000,-5.417300,-11.292400,-10.300499,0.000000,-3.967600,-9.384900,-12.513200,-0.763000,-3.433500,-8.087800,-13.428800,-1.907500,-3.128300,-7.095900,-13.047300,-4.272799,-3.204600,-5.493600,-12.055400,-6.561800,-2.594200,-5.035799,-10.758300,-8.621900,-2.441600,-4.730600,-8.774499,-10.529400,-3.128300,-4.120200,-7.019600,-12.055400,-3.891300,-4.578000,-5.798800,-11.445000,-4.883200,-5.112100,-4.654300,-11.368700,-6.180300,-4.578000,-4.578000,-10.529400,-6.867000,-4.272799,-4.501699,-9.461200,-8.621900,-3.662400,-3.738700,-8.469300,-10.453100,-3.052000,-3.204600,-7.324800,-11.750200,-3.204600,-3.204600,-6.180300,-11.979100,-4.806900,-3.662400,-4.959500,-11.216100,-6.332900,-4.349100,-4.730600,-9.995300,-6.714400,-4.349100,-4.806900,-9.156000,-7.935200,-3.586100,-4.806900,-8.621900,-9.842700,-2.823100,-3.815000,-8.545599,-11.216100,-2.594200,-2.746800,-7.477400,-12.284300,-3.815000,-2.289000,-6.180300,-12.360600,-5.875100,-1.907500,-4.425400,-11.521300,-8.011500,-2.365300,-3.891300,-9.766400,-9.919000,-3.204600,-2.899400,-8.240400,-11.368700,-3.891300,-2.517900,-7.324800,-12.513200,-4.578000,-2.365300,-6.104000,-12.284300,-5.722500,-3.204600,-6.027700,-11.597600,-6.180300,-2.517900,-5.417300,-11.292400,-7.401100,-2.823100,-4.501699,-10.376800,-9.156000,-2.899400,-3.815000,-9.690100,-10.682000,-3.204600,-3.280900,-7.935200,-12.131700,-4.196500,-2.212700,-6.485500,-13.047300,-5.341000,-2.060100,-5.646200,-12.055400,-6.638100,-2.823100,-4.043900,-11.063500,-8.240400,-2.975700,-3.662400,-9.232300,-9.232300,-3.509800,-3.738700,-8.011500,-10.300499,-3.815000,-3.433500,-6.638100,-11.063500,-4.196500,-3.738700,-6.332900,-11.063500,-4.578000,-3.662400,-5.875100,-10.453100,-5.798800,-4.120200,-4.883200,-9.766400,-7.324800,-4.196500,-5.341000,-8.469300,-8.087800,-4.043900,-5.493600,-7.324800,-9.079700,-4.578000,-5.264700,-6.256600,-9.232300,-4.806900,-5.341000,-6.180300,-9.919000,-4.959500,-5.188400,-5.951400,-9.003399,-5.493600,-5.264700,-5.569900,-8.545599,-6.790700,-4.730600,-5.035799,-7.477400,-8.087800,-5.341000,-4.806900,-6.104000,-8.774499,-5.951400,-5.264700,-4.959500,-9.461200,-6.104000,-5.264700,-4.730600,-9.537500,-7.172200,-6.027700,-4.578000,-8.621900,-7.172200,-6.180300,-4.654300,-7.858900,-8.850800,-6.409200,-4.272799,-6.943300,-9.690100,-6.714400,-4.425400,-6.180300,-10.300499,-7.095900,-4.806900,-4.654300,-10.453100,-7.553700,-5.188400,-4.654300,-8.469300,-7.401100,-6.943300,-5.417300,-6.867000,-6.180300,-8.011500,-7.172200,-5.035799,-5.951400,-8.087800,-8.393000,-4.578000,-5.264700,-6.790700,-9.156000,-6.256600],
	[-6.867000,-6.867000,-6.867000,-7.248499,-6.867000,-6.867000,-7.248499,-7.248499,-7.248499,-7.248499,-6.867000,-7.248499,-7.248499,-7.630000,-6.867000,-7.248499,-7.248499,-7.248499,-6.867000,-7.248499,-7.248499,-6.867000,-7.248499,-7.248499,-6.867000,-7.248499,-6.867000,-7.248499,-7.630000,-7.248499,-7.248499,-7.248499,-7.630000,-7.630000,-7.248499,-7.248499,-7.248499,-7.248499,-7.248499,-7.248499,-7.248499,-7.248499,-6.867000,-7.248499,-7.248499,-6.867000,-7.248499,-7.248499,-6.867000,-7.248499,-6.867000,-6.867000,-6.485500,-6.485500,-6.867000,-6.867000,-6.867000,-6.867000,-6.485500,-6.867000,-6.485500,-6.485500,-6.867000,-6.485500,-6.867000,-6.485500,-6.867000,-7.248499,-6.867000,-7.248499,-6.867000,-6.867000,-6.867000,-7.248499,-7.248499,-7.248499,-7.248499,-6.867000,-7.248499,-7.248499,-7.248499,-7.248499,-6.867000,-6.867000,-7.248499,-7.248499,-7.248499,-7.248499,-6.867000,-7.248499,-7.248499,-7.248499,-7.248499,-7.248499,-7.248499,-7.248499,-7.248499,-6.867000,-7.248499,-6.867000,-6.867000,-7.248499,-7.248499,-7.248499,-7.248499,-7.248499,-7.248499,-6.867000,-7.248499,-7.248499,-7.248499,-7.248499,-7.248499,-7.248499,-7.248499,-7.248499,-7.248499,-7.248499,-7.248499,-7.248499,-7.248499,-7.248499,-7.248499,-7.248499,-7.248499,-7.248499,-7.248499,-7.248499,-7.248499,-7.248499,-7.248499,-7.248499,-7.248499,-7.248499,-7.630000,-6.867000,-6.867000,-7.248499,-7.248499,-7.248499,-7.248499,-6.867000,-7.248499,-7.248499,-7.248499,-7.630000,-7.248499,-7.248499,-7.248499,-7.248499,-7.248499,-7.248499,-7.248499,-7.248499,-7.248499,-7.248499,-7.248499,-7.248499,-7.248499,-6.867000,-7.248499,-7.248499,-7.248499,-7.248499,-6.867000,-7.248499,-7.248499,-7.248499,-6.867000,-7.248499,-7.248499,-7.248499,-7.248499,-7.248499,-6.867000,-7.248499,-7.248499,-7.248499,-7.248499,-7.248499,-7.248499,-7.248499,-7.248499,-7.248499,-7.248499,-7.248499,-7.248499,-7.630000,-6.867000,-7.248499,-7.248499,-7.630000,-6.867000,-6.867000,-6.867000,-7.248499,-6.867000,-6.867000,-6.867000,-6.867000,-6.867000,-6.867000,-6.485500,-6.867000,-6.485500,-6.867000,-6.485500,-6.867000,-6.485500,-6.485500,-6.867000,-6.867000,-6.867000,-7.248499,-6.867000,-7.248499,-7.248499,-7.248499,-6.867000,-7.248499,-7.248499,-7.248499,-6.867000,-7.248499,-7.248499,-6.867000,-6.867000,-6.867000,-7.248499,-7.248499,-7.248499,-7.248499,-6.867000,-7.248499,-7.248499,-7.248499,-7.248499,-7.248499,-7.248499,-7.630000,-7.248499,-7.248499,-6.867000,-7.248499,-7.248499,-7.248499,-7.248499,-7.248499,-7.248499,-7.630000,-7.248499,-6.867000,-7.248499,-7.248499,-6.867000,-7.630000],
	[-7.248499,-6.867000,-7.248499,-7.248499,-7.630000,-7.248499,-6.867000,-7.248499,-7.248499,-7.248499,-6.867000,-7.248499,-7.248499,-7.248499,-7.248499,-7.248499,-7.248499,-7.248499,-7.248499,-7.630000,-7.248499,-6.867000,-7.248499,-7.248499,-6.867000,-6.867000,-7.248499,-7.248499,-7.248499,-7.248499,-7.248499,-7.248499,-7.248499,-7.248499,-7.248499,-6.867000,-7.248499,-7.248499,-7.248499,-6.867000,-7.248499,-7.248499,-7.248499,-7.248499,-7.630000,-6.867000,-6.867000,-7.248499,-6.867000,-6.867000,-6.867000,-6.867000,-6.867000,-6.867000,-6.867000,-6.867000,-6.867000,-6.867000,-6.867000,-6.485500,-6.867000,-6.867000,-6.867000,-6.867000,-6.867000,-6.867000,-7.248499,-6.867000,-6.867000,-7.248499,-6.867000,-7.248499,-7.248499,-7.248499,-6.867000,-7.248499,-7.248499,-7.248499,-6.867000,-6.867000,-7.248499,-7.248499,-7.248499,-7.248499,-6.867000,-7.248499,-7.248499,-6.867000,-7.248499,-6.867000,-7.630000,-7.248499,-7.248499,-7.248499,-7.248499,-7.248499,-7.248499,-6.867000,-7.248499,-7.248499,-7.248499,-7.248499,-7.248499,-7.248499,-7.248499,-7.248499,-7.248499,-7.248499,-7.248499,-7.248499,-7.248499,-7.248499,-7.248499,-7.248499,-7.248499,-7.630000,-7.248499,-7.248499,-6.867000,-7.248499,-7.630000,-7.248499,-6.867000,-7.630000,-7.248499,-6.867000,-6.867000,-6.867000,-7.248499,-7.248499,-7.248499,-7.248499,-7.248499,-7.248499,-7.248499,-6.867000,-7.248499,-7.248499,-7.248499,-7.630000,-7.248499,-7.248499,-7.248499,-7.248499,-7.248499,-7.248499,-7.248499,-7.248499,-7.248499,-7.248499,-7.248499,-7.248499,-7.630000,-7.248499,-6.867000,-7.248499,-6.867000,-7.248499,-7.248499,-6.867000,-6.867000,-7.248499,-7.248499,-7.248499,-6.867000,-6.867000,-7.630000,-7.248499,-7.248499,-7.630000,-6.867000,-7.248499,-7.248499,-7.248499,-7.248499,-7.248499,-6.867000,-7.248499,-6.867000,-7.248499,-7.630000,-7.248499,-7.248499,-7.248499,-7.248499,-6.867000,-7.248499,-7.248499,-7.248499,-7.248499,-7.248499,-7.248499,-6.867000,-6.867000,-7.248499,-6.867000,-7.248499,-6.867000,-6.867000,-6.867000,-7.248499,-6.867000,-6.867000,-6.867000,-6.485500,-6.867000,-6.867000,-6.867000,-6.867000,-6.867000,-6.867000,-6.867000,-6.867000,-6.867000,-7.248499,-6.867000,-6.867000,-6.867000,-7.248499,-6.867000,-6.867000,-6.867000,-6.867000,-6.867000,-7.248499,-7.630000,-7.248499,-7.248499,-6.867000,-7.248499,-7.248499,-7.248499,-7.248499,-6.867000,-7.248499,-7.248499,-6.867000,-7.248499,-7.248499,-7.630000,-7.630000,-7.248499,-6.867000,-7.248499,-7.248499,-6.867000,-6.867000,-7.248499,-7.248499,-7.248499,-7.248499,-6.867000,-7.248499,-7.248499,-7.248499,-7.248499]
],
"normalized" : [
	[-1.263329,-0.168728,0.482713,0.823945,-0.886644,-0.208613,0.079439,0.668839,-0.377013,-0.142139,-0.443486,0.628955,0.247839,-0.080097,-0.735971,0.301018,0.464987,-0.106686,-0.345992,0.066144,0.402944,-0.217476,-0.119981,-0.018055,0.168071,-0.478939,0.225681,-0.044644,0.327608,-0.775855,0.141481,-0.208613,0.429534,-0.133276,-0.088960,-0.691655,0.402944,0.336471,-0.182023,-1.001865,0.305450,0.974618,-0.195318,-1.303213,-0.208613,1.258239,0.181365,-0.802444,-0.789150,0.992345,0.318744,-0.354855,-0.735971,0.615660,0.371923,0.030692,-0.735971,0.190229,0.522597,0.030692,-0.691655,0.438397,0.500439,-0.266223,-0.735971,0.531460,0.983481,-0.487802,-0.922097,0.332039,1.338008,-0.452350,-0.944255,0.039555,1.541860,-0.111118,-0.961981,-0.762560,1.683671,0.722018,-0.913234,-1.555813,1.431071,1.302555,-0.412465,-1.901476,0.593502,1.949566,0.101597,-2.078739,-0.102255,1.971724,0.438397,-1.374118,-0.629613,1.559587,0.221250,-0.753697,-0.456781,1.439934,-0.066802,-0.656202,-0.465644,1.275966,-0.190886,-0.616318,-0.372581,1.453229,-0.155434,-0.846760,-0.527686,1.360166,0.349765,-0.713813,-0.656202,0.828376,0.628955,-0.576434,-0.567571,0.469418,0.651113,-0.656202,0.004102,0.358629,0.274429,-0.811308,0.376355,0.425102,0.385218,-1.267760,0.327608,0.748608,0.389650,-1.289918,-0.004760,0.837239,0.806218,-1.112655,-0.603023,0.713155,1.094271,-0.678360,-1.028455,0.371923,1.120860,0.181365,-1.356392,-0.035781,1.041092,0.766334,-1.272192,-0.474507,0.575776,1.209492,-0.935392,-0.580865,0.216818,1.143018,-0.589729,-0.611886,-0.053507,1.125292,-0.275086,-0.780287,-0.026918,1.098702,0.004102,-1.103792,-0.119981,1.351302,0.571345,-1.631150,-0.403602,1.386755,1.147450,-1.702055,-0.762560,1.027797,1.643787,-1.360824,-0.957550,0.722018,1.732418,-0.851192,-1.214581,0.150344,1.719124,0.048418,-1.493771,-0.199750,1.470955,0.562481,-1.564676,-0.439055,1.386755,0.894850,-1.631150,-0.545413,1.191766,1.151881,-1.445024,-0.984139,1.036660,1.510839,-1.334234,-1.219013,0.974618,1.590608,-1.001865,-1.458318,0.513734,1.648219,-0.439055,-1.719782,0.154776,1.683671,0.043986,-2.021129,-0.119981,1.732418,0.367492,-2.154076,-0.283950,1.634924,0.815081,-2.114192,-0.731539,1.679239,1.107566,-2.043287,-1.059476,1.369029,1.408913,-1.511497,-1.507066,0.943597,1.759008,-0.704950,-2.105329,0.234544,1.909682,0.380787,-2.331340,-0.496665,1.821050,1.001208,-2.326908,-0.833465,1.528566,1.493113,-1.972382,-1.196855,1.076545,1.860934,-1.595697,-1.254466],
	[0.000000,0.000000,0.000000,0.000000,0.000000,0.000000,0.000000,0.000000,0.000000,0.000000,0.000000,0.000000,0.000000,0.000000,0.000000,0.000000,0.000000,0.000000,0.000000,0.000000,0.000000,0.000000,0.000000,0.000000,0.000000,0.000000,0.000000,0.000000,0.000000,0.000000,0.000000,0.000000,0.000000,0.000000,0.000000,0.000000,0.000000,0.000000,0.000000,0.000000,0.000000,0.000000,0.000000,0.000000,0.000000,0.000000,0.000000,0.000000,0.000000,0.000000,0.000000,0.000000,0.000000,0.000000,0.000000,0.000000,0.000000,0.000000,0.000000,0.000000,0.000000,0.000000,0.000000,0.000000,0.000000,0.000000,0.000000,0.000000,0.000000,0.000000,0.000000,0.000000,0.000000,0.000000,0.000000,0.000000,0.000000,0.000000,0.000000,0.000000,0.000000,0.000000,0.000000,0.000000,0.000000,0.000000,0.000000,0.000000,0.000000,0.000000,0.000000,0.000000,0.000000,0.000000,0.000000,0.000000,0.000000,0.000000,0.000000,0.000000,0.000000,0.000000,0.000000,0.000000,0.000000,0.000000,0.000000,0.000000,0.000000,0.000000,0.000000,0.000000,0.000000,0.000000,0.000000,0.000000,0.000000,0.000000,0.000000,0.000000,0.000000,0.000000,0.000000,0.000000,0.000000,0.000000,0.000000,0.000000,0.000000,0.000000,0.000000,0.000000,0.000000,0.000000,0.000000,0.000000,0.000000,0.000000,0.000000,0.000000,0.000000,0.000000,0.000000,0.000000,0.000000,0.000000,0.000000,0.000000,0.000000,0.000000,0.000000,0.000000,0.000000,0.000000,0.000000,0.000000,0.000000,0.000000,0.000000,0.000000,0.000000,0.000000,0.000000,0.000000,0.000000,0.000000,0.000000,0.000000,0.000000,0.000000,0.000000,0.000000,0.000000,0.000000,0.000000,0.000000,0.000000,0.000000,0.000000,0.000000,0.000000,0.000000,0.000000,0.000000,0.000000,0.000000,0.000000,0.000000,0.000000,0.000000,0.000000,0.000000,0.000000,0.000000,0.000000,0.000000,0.000000,0.000000,0.000000,0.000000,0.000000,0.000000,0.000000,0.000000,0.000000,0.000000,0.000000,0.000000,0.000000,0.000000,0.000000,0.000000,0.000000,0.000000,0.000000,0.000000,0.000000,0.000000,0.000000,0.000000,0.000000,0.000000,0.000000,0.000000,0.000000,0.000000,0.000000,0.000000,0.000000,0.000000,0.000000,0.000000,0.000000,0.000000,0.000000,0.000000,0.000000,0.000000,0.000000,0.000000,0.000000,0.000000,0.000000,0.000000,0.000000,0.000000,0.000000,0.000000,0.000000,0.000000,0.000000,0.000000,0.000000,0.000000,0.000000,0.000000],
	[-0.067776,-1.837189,-0.147004,2.256228,0.381178,-1.652325,-1.309006,2.256228,0.882952,-0.992097,-2.074872,1.992136,1.067816,-0.543141,-2.391782,1.595999,1.173453,-0.199822,-2.259736,0.777316,1.147044,0.354769,-1.916417,-0.014958,1.358317,0.513224,-1.467461,-0.728005,1.411135,0.618861,-0.780823,-1.388234,1.173453,0.830134,-0.173413,-1.916417,0.909361,0.671679,0.249133,-1.705144,0.566042,0.486815,0.645270,-1.678734,0.117087,0.671679,0.671679,-1.388234,-0.120595,0.777316,0.698088,-1.018506,-0.728005,0.988589,0.962180,-0.675187,-1.361825,1.199862,1.147044,-0.279050,-1.810780,1.147044,1.147044,0.117087,-1.890008,0.592452,0.988589,0.539633,-1.625916,0.064268,0.750906,0.618861,-1.203370,-0.067776,0.750906,0.592452,-0.912869,-0.490323,1.014998,0.592452,-0.728005,-1.150551,1.279089,0.935770,-0.701596,-1.625916,1.358317,1.305498,-0.331868,-1.995644,0.935770,1.463953,0.117087,-2.022053,0.222723,1.595999,0.724497,-1.731553,-0.516732,1.437544,0.909361,-1.124142,-1.176961,1.147044,1.252680,-0.595959,-1.678734,0.909361,1.384726,-0.279050,-2.074872,0.671679,1.437544,0.143496,-1.995644,0.275542,1.147044,0.169905,-1.757962,0.117087,1.384726,0.381178,-1.652325,-0.305459,1.279089,0.698088,-1.335416,-0.912869,1.252680,0.935770,-1.097733,-1.441052,1.147044,1.120635,-0.490323,-1.942826,0.803725,1.490362,0.011450,-2.259736,0.407587,1.543181,0.301951,-1.916417,-0.041367,1.279089,0.856543,-1.573098,-0.595959,1.226271,0.988589,-0.939278,-0.939278,1.041407,0.962180,-0.516732,-1.309006,0.935770,1.067816,-0.041367,-1.573098,0.803725,0.962180,0.064268,-1.573098,0.671679,0.988589,0.222723,-1.361825,0.249133,0.830134,0.566042,-1.124142,-0.279050,0.803725,0.407587,-0.675187,-0.543141,0.856543,0.354769,-0.279050,-0.886460,0.671679,0.433996,0.090678,-0.939278,0.592452,0.407587,0.117087,-1.176961,0.539633,0.460406,0.196314,-0.860051,0.354769,0.433996,0.328360,-0.701596,-0.094186,0.618861,0.513224,-0.331868,-0.543141,0.407587,0.592452,0.143496,-0.780823,0.196314,0.433996,0.539633,-1.018506,0.143496,0.433996,0.618861,-1.044915,-0.226231,0.169905,0.671679,-0.728005,-0.226231,0.117087,0.645270,-0.463914,-0.807233,0.037859,0.777316,-0.147004,-1.097733,-0.067776,0.724497,0.117087,-1.309006,-0.199822,0.592452,0.645270,-1.361825,-0.358277,0.460406,0.645270,-0.675187,-0.305459,-0.147004,0.381178,-0.120595,0.117087,-0.516732,-0.226231,0.513224,0.196314,-0.543141,-0.648778,0.671679,0.433996,-0.094186,-0.912869,0.090678],
	[1.078179,1.078179,1.078179,-0.508121,1.078179,1.078179,-0.508121,-0.508121,-0.508121,-0.508121,1.078179,-0.508121,-0.508121,-2.094424,1.078179,-0.508121,-0.508121,-0.508121,1.078179,-0.508121,-0.508121,1.078179,-0.508121,-0.508121,1.078179,-0.508121,1.078179,-0.508121,-2.094424,-0.508121,-0.508121,-0.508121,-2.094424,-2.094424,-0.508121,-0.508121,-0.508121,-0.508121,-0.508121,-0.508121,-0.508121,-0.508121,1.078179,-0.508121,-0.508121,1.078179,-0.508121,-0.508121,1.078179,-0.508121,1.078179,1.078179,2.664480,2.664480,1.078179,1.078179,1.078179,1.078179,2.664480,1.078179,2.664480,2.664480,1.078179,2.664480,1.078179,2.664480,1.078179,-0.508121,1.078179,-0.508121,1.078179,1.078179,1.078179,-0.508121,-0.508121,-0.508121,-0.508121,1.078179,-0.508121,-0.508121,-0.508121,-0.508121,1.078179,1.078179,-0.508121,-0.508121,-0.508121,-0.508121,1.078179,-0.508121,-0.508121,-0.508121,-0.508121,-0.508121,-0.508121,-0.508121,-0.508121,1.078179,-0.508121,1.078179,1.078179,-0.508121,-0.508121,-0.508121,-0.508121,-0.508121,-0.508121,1.078179,-0.508121,-0.508121,-0.508121,-0.508121,-0.508121,-0.508121,-0.508121,-0.508121,-0.508121,-0.508121,-0.508121,-0.508121,-0.508121,-0.508121,-0.508121,-0.508121,-0.508121,-0.508121,-0.508121,-0.508121,-0.508121,-0.508121,-0.508121,-0.508121,-0.508121,-0.508121,-2.094424,1.078179,1.078179,-0.508121,-0.508121,-0.508121,-0.508121,1.078179,-0.508121,-0.508121,-0.508121,-2.094424,-0.508121,-0.508121,-0.508121,-0.508121,-0.508121,-0.508121,-0.508121,-0.508121,-0.508121,-0.508121,-0.508121,-0.508121,-0.508121,1.078179,-0.508121,-0.508121,-0.508121,-0.508121,1.078179,-0.508121,-0.508121,-0.508121,1.078179,-0.508121,-0.508121,-0.508121,-0.508121,-0.508121,1.078179,-0.508121,-0.508121,-0.508121,-0.508121,-0.508121,-0.508121,-0.508121,-0.508121,-0.508121,-0.508121,-0.508121,-0.508121,-2.094424,1.078179,-0.508121,-0.508121,-2.094424,1.078179,1.078179,1.078179,-0.508121,1.078179,1.078179,1.078179,1.078179,1.078179,1.078179,2.664480,1.078179,2.664480,1.078179,2.664480,1.078179,2.664480,2.664480,1.078179,1.078179,1.078179,-0.508121,1.078179,-0.508121,-0.508121,-0.508121,1.078179,-0.508121,-0.508121,-0.508121,1.078179,-0.508121,-0.508121,1.078179,1.078179,1.078179,-0.508121,-0.508121,-0.508121,-0.508121,1.078179,-0.508121,-0.508121,-0.508121,-0.508121,-0.508121,-0.508121,-2.094424,-0.508121,-0.508121,1.078179,-0.508121,-0.508121,-0.508121,-0.508121,-0.508121,-0.508121,-2.094424,-0.508121,1.078179,-0.508121,-0.508121,1.078179,-2.094424],
	[-0.502496,1.212613,-0.502496,-0.502496,-2.217607,-0.502496,1.212613,-0.502496,-0.502496,-0.502496,1.212613,-0.502496,-0.502496,-0.502496,-0.502496,-0.502496,-0.502496,-0.502496,-0.502496,-2.217607,-0.502496,1.212613,-0.502496,-0.502496,1.212613,1.212613,-0.502496,-0.502496,-0.502496,-0.502496,-0.502496,-0.502496,-0.502496,-0.502496,-0.502496,1.212613,-0.502496,-0.502496,-0.502496,1.212613,-0.502496,-0.502496,-0.502496,-0.502496,-2.217607,1.212613,1.212613,-0.502496,1.212613,1.212613,1.212613,1.212613,1.212613,1.212613,1.212613,1.212613,1.212613,1.212613,1.212613,2.927722,1.212613,1.212613,1.212613,1.212613,1.212613,1.212613,-0.502496,1.212613,1.212613,-0.502496,1.212613,-0.502496,-0.502496,-0.502496,1.212613,-0.502496,-0.502496,-0.502496,1.212613,1.212613,-0.502496,-0.502496,-0.502496,-0.502496,1.212613,-0.502496,-0.502496,1.212613,-0.502496,1.212613,-2.217607,-0.502496,-0.502496,-0.502496,-0.502496,-0.502496,-0.502496,1.212613,-0.502496,-0.502496,-0.502496,-0.502496,-0.502496,-0.502496,-0.502496,-0.502496,-0.502496,-0.502496,-0.502496,-0.502496,-0.502496,-0.502496,-0.502496,-0.502496,-0.502496,-2.217607,-0.502496,-0.502496,1.212613,-0.502496,-2.217607,-0.502496,1.212613,-2.217607,-0.502496,1.212613,1.212613,1.212613,-0.502496,-0.502496,-0.502496,-0.502496,-0.502496,-0.502496,-0.502496,1.212613,-0.502496,-0.502496,-0.502496,-2.217607,-0.502496,-0.502496,-0.502496,-0.502496,-0.502496,-0.502496,-0.502496,-0.502496,-0.502496,-0.502496,-0.502496,-0.502496,-2.217607,-0.502496,1.212613,-0.502496,1.212613,-0.502496,-0.502496,1.212613,1.212613,-0.502496,-0.502496,-0.502496,1.212613,1.212613,-2.217607,-0.502496,-0.502496,-2.217607,1.212613,-0.502496,-0.502496,-0.502496,-0.502496,-0.502496,1.212613,-0.502496,1.212613,-0.502496,-2.217607,-0.502496,-0.502496,-0.502496,-0.502496,1.212613,-0.502496,-0.502496,-0.502496,-0.502496,-0.502496,-0.502496,1.212613,1.212613,-0.502496,1.212613,-0.502496,1.212613,1.212613,1.212613,-0.502496,1.212613,1.212613,1.212613,2.927722,1.212613,1.212613,1.212613,1.212613,1.212613,1.212613,1.212613,1.212613,1.212613,-0.502496,1.212613,1.212613,1.212613,-0.502496,1.212613,1.212613,1.212613,1.212613,1.212613,-0.502496,-2.217607,-0.502496,-0.502496,1.212613,-0.502496,-0.502496,-0.502496,-0.502496,1.212613,-0.502496,-0.502496,1.212613,-0.502496,-0.502496,-2.217607,-2.217607,-0.502496,1.212613,-0.502496,-0.502496,1.212613,1.212613,-0.502496,-0.502496,-0.502496,-0.502496,1.212613,-0.502496,-0.502496,-0.502496,-0.502496]
],
"cwt" : [
	[0.348119,0.304290,0.347306,0.375238,0.366028,0.332767,0.291720,0.253751,0.225631,0.214335,0.222906,0.242363,0.260964,0.274502,0.280950,0.275588,0.257001,0.231531,0.207054,0.185127,0.162420,0.137547,0.114060,0.099338,0.099635,0.111106,0.125982,0.141068,0.151194,0.147248,0.127661,0.108532,0.113972,0.145543,0.189953,0.237980,0.284703,0.331147,0.381460,0.435497,0.487323,0.531390,0.565725,0.587861,0.593139,0.581008,0.558782,0.534161,0.507142,0.474229,0.437205,0.402150,0.372030,0.345902,0.324803,0.312308,0.308100,0.306918,0.305433,0.306040,0.312971,0.327779,0.350723,0.382965,0.423306,0.465346,0.502107,0.532138,0.557636,0.578501,0.592873,0.602396,0.611797,0.623297,0.636355,0.653512,0.680381,0.717439,0.757948,0.795974,0.830029,0.858253,0.877870,0.891849,0.909145,0.934283,0.961753,0.983131,0.993720,0.990169,0.968286,0.927704,0.874700,0.816342,0.755124,0.692851,0.635866,0.591931,0.562644,0.542103,0.523960,0.507326,0.494674,0.488030,0.489307,0.500503,0.520251,0.541869,0.558146,0.567063,0.569587,0.563980,0.547969,0.524993,0.501797,0.480366,0.457684,0.432156,0.404639,0.374397,0.340303,0.306528,0.282326,0.274706,0.283465,0.304088,0.333394,0.370463,0.411872,0.450068,0.479426,0.500823,0.518188,0.533030,0.545269,0.556802,0.569382,0.580856,0.588357,0.592705,0.595500,0.595317,0.591678,0.589627,0.594378,0.603693,0.611627,0.616278,0.618473,0.616724,0.609175,0.597946,0.585934,0.571466,0.551532,0.528126,0.506573,0.489228,0.475241,0.465412,0.462242,0.465352,0.471785,0.481244,0.497164,0.522155,0.555555,0.596277,0.644124,0.696096,0.745106,0.785720,0.818253,0.844513,0.862873,0.871303,0.872300,0.869958,0.864226,0.853099,0.838533,0.824816,0.812359,0.798609,0.785248,0.778119,0.778170,0.779257,0.777483,0.776179,0.779322,0.785766,0.792733,0.800149,0.808054,0.813542,0.814448,0.813855,0.817167,0.825932,0.837764,0.850926,0.865006,0.877786,0.885714,0.887868,0.886213,0.881741,0.873790,0.863974,0.857145,0.856465,0.860475,0.867198,0.878019,0.894447,0.913594,0.930619,0.944276,0.956434,0.967236,0.975006,0.980942,0.989487,1.002592,1.017112,1.029233,1.037721,1.041327,1.037320,1.025721,1.011833,1.001116,0.994096,0.989632,0.989788,0.996648,1.007241,1.017403,1.028248,1.043005,1.060037,1.074842,1.086360,1.095849,1.101822,1.101366,1.095214,1.086728,1.076392,1.060900,1.034480,0.984185,0.887098,0.726372,0.521463],
	[0.000000,0.000000,0.000000,0.000000,0.000000,0.000000,0.000000,0.000000,0.000000,0.000000,0.000000,0.000000,0.000000,0.000000,0.000000,0.000000,0.000000,0.000000,0.000000,0.000000,0.000000,0.000000,0.000000,0.000000,0.000000,0.000000,0.000000,0.000000,0.000000,0.000000,0.000000,0.000000,0.000000,0.000000,0.000000,0.000000,0.000000,0.000000,0.000000,0.000000,0.000000,0.000000,0.000000,0.000000,0.000000,0.000000,0.000000,0.000000,0.000000,0.000000,0.000000,0.000000,0.000000,0.000000,0.000000,0.000000,0.000000,0.000000,0.000000,0.000000,0.000000,0.000000,0.000000,0.000000,0.000000,0.000000,0.000000,0.000000,0.000000,0.000000,0.000000,0.000000,0.000000,0.000000,0.000000,0.000000,0.000000,0.000000,0.000000,0.000000,0.000000,0.000000,0.000000,0.000000,0.000000,0.000000,0.000000,0.000000,0.000000,0.000000,0.000000,0.000000,0.000000,0.000000,0.000000,0.000000,0.000000,0.000000,0.000000,0.000000,0.000000,0.000000,0.000000,0.000000,0.000000,0.000000,0.000000,0.000000,0.000000,0.000000,0.000000,0.000000,0.000000,0.000000,0.000000,0.000000,0.000000,0.000000,0.000000,0.000000,0.000000,0.000000,0.000000,0.000000,0.000000,0.000000,0.000000,0.000000,0.000000,0.000000,0.000000,0.000000,0.000000,0.000000,0.000000,0.000000,0.000000,0.000000,0.000000,0.000000,0.000000,0.000000,0.000000,0.000000,0.000000,0.000000,0.000000,0.000000,0.000000,0.000000,0.000000,0.000000,0.000000,0.000000,0.000000,0.000000,0.000000,0.000000,0.000000,0.000000,0.000000,0.000000,0.000000,0.000000,0.000000,0.000000,0.000000,0.000000,0.000000,0.000000,0.000000,0.000000,0.000000,0.000000,0.000000,0.000000,0.000000,0.000000,0.000000,0.000000,0.000000,0.000000,0.000000,0.000000,0.000000,0.000000,0.000000,0.000000,0.000000,0.000000,0.000000,0.000000,0.000000,0.000000,0.000000,0.000000,0.000000,0.000000,0.000000,0.000000,0.000000,0.000000,0.000000,0.000000,0.000000,0.000000,0.000000,0.000000,0.000000,0.000000,0.000000,0.000000,0.000000,0.000000,0.000000,0.000000,0.000000,0.000000,0.000000,0.000000,0.000000,0.000000,0.000000,0.000000,0.000000,0.000000,0.000000,0.000000,0.000000,0.000000,0.000000,0.000000,0.000000,0.000000,0.000000,0.000000,0.000000,0.000000,0.000000,0.000000,0.000000,0.000000,0.000000,0.000000,0.000000,0.000000,0.000000,0.000000,0.000000,0.000000,0.000000,0.000000,0.000000,0.000000,0.000000,0.000000],
	[0.507830,0.695051,0.855486,0.959440,1.015594,1.045377,1.060156,1.063205,1.060827,1.059816,1.059047,1.053603,1.044192,1.034601,1.022420,1.001044,0.970055,0.935666,0.901134,0.865592,0.833173,0.812114,0.802234,0.794143,0.783070,0.773071,0.765598,0.754741,0.738350,0.723896,0.717504,0.715881,0.714740,0.714813,0.713707,0.702455,0.676972,0.644789,0.615430,0.591015,0.571636,0.562099,0.564768,0.571632,0.572703,0.567830,0.563412,0.561523,0.559921,0.560901,0.571327,0.592503,0.618460,0.645658,0.676122,0.709622,0.740481,0.764395,0.782603,0.796489,0.803102,0.799582,0.787845,0.771152,0.749167,0.721271,0.691063,0.662059,0.632339,0.599266,0.566320,0.539786,0.521314,0.508700,0.502369,0.505758,0.518963,0.538012,0.561750,0.593883,0.635621,0.681300,0.724871,0.765822,0.805235,0.840054,0.865858,0.882803,0.893969,0.899843,0.899636,0.896156,0.893902,0.892854,0.889198,0.881618,0.871604,0.858632,0.841180,0.822159,0.808042,0.801996,0.802035,0.806309,0.815088,0.827276,0.840343,0.854047,0.869405,0.883572,0.890000,0.884936,0.870210,0.848625,0.821201,0.791631,0.768642,0.759221,0.761420,0.767020,0.769945,0.769195,0.765373,0.759394,0.754754,0.756001,0.763535,0.773846,0.785153,0.798177,0.811285,0.820555,0.826667,0.836486,0.854514,0.877183,0.898666,0.917010,0.930731,0.934519,0.923863,0.901419,0.874445,0.847796,0.823442,0.804246,0.791802,0.781586,0.766497,0.745125,0.722421,0.702721,0.686836,0.675684,0.671379,0.673258,0.676873,0.678853,0.679364,0.678492,0.674479,0.667281,0.659906,0.654297,0.647799,0.635947,0.617861,0.596565,0.574833,0.554188,0.536995,0.524184,0.511371,0.493346,0.471707,0.452925,0.439703,0.428615,0.416836,0.406483,0.399612,0.393370,0.384794,0.376008,0.370840,0.370560,0.375245,0.384673,0.395363,0.399626,0.391638,0.373789,0.353921,0.337224,0.324331,0.316363,0.315987,0.321540,0.326608,0.327810,0.327288,0.326710,0.325368,0.324526,0.326222,0.328802,0.330551,0.335088,0.346183,0.360418,0.371604,0.379108,0.385554,0.388935,0.383299,0.367708,0.348656,0.332270,0.320239,0.314851,0.321429,0.341617,0.368380,0.393097,0.414065,0.433474,0.450435,0.462628,0.472015,0.482902,0.495192,0.505048,0.511791,0.517686,0.520022,0.509806,0.480401,0.433771,0.376361,0.312654,0.245846,0.180852,0.124841,0.097559,0.125428,0.181541,0.235209,0.277796,0.311711,0.338686,0.354981,0.357091,0.346233,0.325592,0.311579,0.361252],
	[0.528310,0.526657,0.468972,0.418029,0.404711,0.388637,0.322746,0.233287,0.221940,0.295897,0.375481,0.440092,0.485853,0.495918,0.462313,0.410726,0.374076,0.351961,0.325855,0.293763,0.271908,0.266472,0.259661,0.223489,0.145775,0.154718,0.317517,0.455224,0.502795,0.481614,0.454955,0.458661,0.469069,0.437159,0.345231,0.223745,0.119096,0.053712,0.042558,0.103658,0.192663,0.266234,0.293221,0.285883,0.273618,0.260224,0.242727,0.208057,0.165710,0.189663,0.254345,0.323753,0.388003,0.392132,0.317222,0.220278,0.180938,0.177970,0.132872,0.115225,0.198768,0.227018,0.186835,0.161988,0.217697,0.316232,0.347382,0.254869,0.084387,0.115364,0.247167,0.316488,0.318450,0.262373,0.193520,0.204434,0.268686,0.301011,0.275151,0.220352,0.235288,0.329971,0.406611,0.409432,0.333629,0.235030,0.218335,0.272083,0.301586,0.273006,0.195981,0.109355,0.054633,0.052574,0.094755,0.144484,0.156596,0.122861,0.161078,0.275969,0.340381,0.312152,0.218320,0.121758,0.113965,0.192004,0.268165,0.300775,0.271810,0.194303,0.107010,0.045450,0.017609,0.007333,0.003036,0.002209,0.002696,0.002295,0.002621,0.002211,0.002556,0.002154,0.002505,0.002118,0.002465,0.002125,0.002579,0.001632,0.003578,0.019808,0.056644,0.130374,0.256798,0.420081,0.562281,0.618305,0.562731,0.425777,0.281417,0.228742,0.259594,0.256295,0.168120,0.046640,0.169140,0.259489,0.254340,0.185080,0.106091,0.049652,0.018256,0.003666,0.003009,0.007296,0.016953,0.045647,0.107769,0.194414,0.272698,0.307139,0.288119,0.249396,0.254871,0.306999,0.353384,0.376496,0.383867,0.376481,0.342773,0.270030,0.155890,0.043279,0.151292,0.256077,0.295913,0.268141,0.194656,0.109669,0.045109,0.014637,0.007210,0.001278,0.018425,0.053344,0.115545,0.215441,0.341072,0.451390,0.519849,0.563918,0.608516,0.642148,0.631580,0.567582,0.477569,0.391517,0.308305,0.215261,0.134427,0.115158,0.152082,0.183344,0.160356,0.089114,0.021323,0.046826,0.103510,0.196145,0.295685,0.318036,0.223272,0.066849,0.057066,0.117231,0.187863,0.279058,0.343394,0.373509,0.386739,0.392191,0.389311,0.383450,0.388203,0.408304,0.424082,0.412346,0.375848,0.326281,0.256066,0.187898,0.204349,0.269886,0.301276,0.274266,0.203162,0.134982,0.132251,0.199950,0.285586,0.343173,0.361150,0.358119,0.337920,0.285615,0.205941,0.139366,0.149863,0.244812,0.378072,0.488669,0.514351,0.428272,0.255771,0.107953,0.256498,0.433833],
	[0.290987,0.371466,0.427496,0.500052,0.580939,0.616888,0.587260,0.522955,0.464900,0.424304,0.381071,0.311328,0.214508,0.115293,0.041928,0.052212,0.131967,0.255297,0.407725,0.537880,0.592055,0.568511,0.529340,0.526652,0.529757,0.485336,0.382796,0.251012,0.130669,0.048120,0.003725,0.043809,0.115948,0.215624,0.311650,0.375303,0.405036,0.414184,0.404937,0.363829,0.277259,0.164818,0.205975,0.400278,0.555929,0.589066,0.507471,0.395988,0.307455,0.215626,0.116845,0.045118,0.017387,0.007834,0.021222,0.057455,0.115240,0.201433,0.292922,0.334747,0.296328,0.210138,0.142880,0.149516,0.221162,0.289991,0.315295,0.295037,0.224713,0.118112,0.157240,0.283452,0.365264,0.404655,0.425425,0.440435,0.457045,0.480673,0.494152,0.460739,0.366017,0.259323,0.243026,0.299243,0.336721,0.335560,0.309831,0.279764,0.290152,0.354059,0.385741,0.334375,0.237498,0.164330,0.161161,0.222581,0.294190,0.326214,0.294185,0.210060,0.115488,0.049215,0.019220,0.007814,0.002777,0.002272,0.002547,0.002499,0.001737,0.003533,0.020049,0.054214,0.116643,0.209831,0.309500,0.382510,0.436260,0.515242,0.621942,0.709720,0.741008,0.721425,0.699984,0.699790,0.669467,0.572281,0.450629,0.362319,0.292466,0.209208,0.131786,0.100458,0.133985,0.209744,0.275694,0.276077,0.181874,0.051952,0.182768,0.280613,0.275112,0.200019,0.114637,0.053812,0.019835,0.004794,0.004004,0.019819,0.059484,0.134149,0.251149,0.389672,0.486811,0.472832,0.334295,0.155855,0.192164,0.345520,0.464045,0.525442,0.528510,0.505310,0.512479,0.574855,0.644015,0.638129,0.501101,0.250697,0.112254,0.292031,0.364570,0.316633,0.200866,0.090047,0.117086,0.145617,0.075136,0.128728,0.329012,0.467739,0.481011,0.377565,0.238401,0.209143,0.282258,0.318988,0.287294,0.207832,0.123984,0.130877,0.236685,0.341456,0.377807,0.318796,0.193654,0.086837,0.176463,0.296161,0.363424,0.369794,0.317646,0.199660,0.056158,0.183900,0.284366,0.274474,0.196177,0.115636,0.062129,0.035717,0.050275,0.119256,0.218845,0.311020,0.372326,0.405526,0.417728,0.406697,0.366354,0.288255,0.161295,0.050496,0.237952,0.422526,0.529350,0.531295,0.468591,0.410858,0.371796,0.321508,0.270593,0.271369,0.313180,0.341640,0.349126,0.359072,0.363162,0.346164,0.378153,0.499337,0.614613,0.652587,0.616349,0.561878,0.540110,0.531416,0.481947,0.375148,0.258829,0.237053,0.294842,0.321751,0.276226,0.162494,0.041317,0.165663]
],
"envelope_edge" : [
	[0.006894,0.005571,0.004860,0.004725,0.004739,0.004689,0.004513,0.004221,0.003839,0.003406,0.003020,0.002764,0.002632,0.002582,0.002600,0.002658,0.002691,0.002645,0.002531,0.002389,0.002233,0.002030,0.001754,0.001400,0.001032,0.000725,0.000492,0.000325,0.000231,0.000165,0.000004,-0.000362,-0.000863,-0.001315,-0.001645,-0.001863,-0.002004,-0.002105,-0.002162,-0.002131,-0.001987,-0.001750,-0.001442,-0.001073,-0.000675,-0.000320,-0.000058,0.000129,0.000280,0.000386,0.000408,0.000339,0.000212,0.000041,-0.000179,-0.000433,-0.000676,-0.000893,-0.001111,-0.001362,-0.001641,-0.001924,-0.002197,-0.002437,-0.002603,-0.002666,-0.002650,-0.002599,-0.002533,-0.002450,-0.002367,-0.002319,-0.002315,-0.002334,-0.002374,-0.002448,-0.002534,-0.002567,-0.002509,-0.002375,-0.002187,-0.001952,-0.001701,-0.001487,-0.001312,-0.001106,-0.000805,-0.000406,0.000064,0.000583,0.001113,0.001583,0.001940,0.002180,0.002317,0.002337,0.002227,0.002024,0.001804,0.001614,0.001447,0.001270,0.001071,0.000857,0.000639,0.000446,0.000326,0.000309,0.000376,0.000485,0.000621,0.000779,0.000922,0.001004,0.001026,0.001026,0.001020,0.000991,0.000931,0.000836,0.000680,0.000416,0.000041,-0.000388,-0.000803,-0.001166,-0.001471,-0.001702,-0.001830,-0.001849,-0.001805,-0.001750,-0.001702,-0.001652,-0.001606,-0.001570,-0.001527,-0.001459,-0.001378,-0.001305,-0.001238,-0.001174,-0.001139,-0.001154,-0.001182,-0.001170,-0.001114,-0.001040,-0.000952,-0.000850,-0.000752,-0.000685,-0.000639,-0.000595,-0.000576,-0.000618,-0.000727,-0.000877,-0.001056,-0.001271,-0.001511,-0.001746,-0.001975,-0.002217,-0.002478,-0.002733,-0.002956,-0.003131,-0.003239,-0.003244,-0.003138,-0.002955,-0.002739,-0.002494,-0.002220,-0.001944,-0.001702,-0.001491,-0.001293,-0.001119,-0.000997,-0.000921,-0.000866,-0.000834,-0.000853,-0.000913,-0.000961,-0.000971,-0.000980,-0.001018,-0.001066,-0.001095,-0.001105,-0.001104,-0.001084,-0.001041,-0.001005,-0.001008,-0.001044,-0.001076,-0.001082,-0.001063,-0.001013,-0.000923,-0.000802,-0.000681,-0.000577,-0.000488,-0.000425,-0.000410,-0.000449,-0.000511,-0.000568,-0.000620,-0.000674,-0.000705,-0.000684,-0.000617,-0.000534,-0.000445,-0.000344,-0.000238,-0.000154,-0.000089,-0.000010,0.000113,0.000277,0.000467,0.000680,0.000898,0.001077,0.001190,0.001253,0.001297,0.001325,0.001334,0.001352,0.001413,0.001504,0.001601,0.001719,0.001892,0.002119,0.002380,0.002673,0.003012,0.003384,0.003766,0.004158,0.004598,0.005113,0.005740,0.006496,0.007316,0.007906,0.007861],
	[0.000000,0.000000,0.000000,0.000000,0.000000,0.000000,0.000000,0.000000,0.000000,0.000000,0.000000,0.000000,0.000000,0.000000,0.000000,0.000000,0.000000,0.000000,0.000000,0.000000,0.000000,0.000000,0.000000,0.000000,0.000000,0.000000,0.000000,0.000000,0.000000,0.000000,0.000000,0.000000,0.000000,0.000000,0.000000,0.000000,0.000000,0.000000,0.000000,0.000000,0.000000,0.000000,0.000000,0.000000,0.000000,0.000000,0.000000,0.000000,0.000000,0.000000,0.000000,0.000000,0.000000,0.000000,0.000000,0.000000,0.000000,0.000000,0.000000,0.000000,0.000000,0.000000,0.000000,0.000000,0.000000,0.000000,0.000000,0.000000,0.000000,0.000000,0.000000,0.000000,0.000000,0.000000,0.000000,0.000000,0.000000,0.000000,0.000000,0.000000,0.000000,0.000000,0.000000,0.000000,0.000000,0.000000,0.000000,0.000000,0.000000,0.000000,0.000000,0.000000,0.000000,0.000000,0.000000,0.000000,0.000000,0.000000,0.000000,0.000000,0.000000,0.000000,0.000000,0.000000,0.000000,0.000000,0.000000,0.000000,0.000000,0.000000,0.000000,0.000000,0.000000,0.000000,0.000000,0.000000,0.000000,0.000000,0.000000,0.000000,0.000000,0.000000,0.000000,0.000000,0.000000,0.000000,0.000000,0.000000,0.000000,0.000000,0.000000,0.000000,0.000000,0.000000,0.000000,0.000000,0.000000,0.000000,0.000000,0.000000,0.000000,0.000000,0.000000,0.000000,0.000000,0.000000,0.000000,0.000000,0.000000,0.000000,0.000000,0.000000,0.000000,0.000000,0.000000,0.000000,0.000000,0.000000,0.000000,0.000000,0.000000,0.000000,0.000000,0.000000,0.000000,0.000000,0.000000,0.000000,0.000000,0.000000,0.000000,0.000000,0.000000,0.000000,0.000000,0.000000,0.000000,0.000000,0.000000,0.000000,0.000000,0.000000,0.000000,0.000000,0.000000,0.000000,0.000000,0.000000,0.000000,0.000000,0.000000,0.000000,0.000000,0.000000,0.000000,0.000000,0.000000,0.000000,0.000000,0.000000,0.000000,0.000000,0.000000,0.000000,0.000000,0.000000,0.000000,0.000000,0.000000,0.000000,0.000000,0.000000,0.000000,0.000000,0.000000,0.000000,0.000000,0.000000,0.000000,0.000000,0.000000,0.000000,0.000000,0.000000,0.000000,0.000000,0.000000,0.000000,0.000000,0.000000,0.000000,0.000000,0.000000,0.000000,0.000000,0.000000,0.000000,0.000000,0.000000,0.000000,0.000000,0.000000,0.000000,0.000000,0.000000,0.000000,0.000000,0.000000,0.000000,0.000000,0.000000,0.000000,0.000000,0.000000,0.000000,0.000000],
	[-0.006589,-0.006737,-0.006254,-0.005473,-0.004699,-0.004024,-0.003434,-0.002923,-0.002509,-0.002151,-0.001797,-0.001444,-0.001124,-0.000820,-0.000497,-0.000168,0.000103,0.000296,0.000429,0.000500,0.000481,0.000405,0.000357,0.000366,0.000385,0.000388,0.000410,0.000459,0.000478,0.000435,0.000376,0.000354,0.000361,0.000397,0.000492,0.000640,0.000756,0.000769,0.000690,0.000560,0.000380,0.000162,-0.000029,-0.000135,-0.000189,-0.000263,-0.000376,-0.000501,-0.000641,-0.000825,-0.001041,-0.001223,-0.001341,-0.001415,-0.001454,-0.001424,-0.001310,-0.001143,-0.000955,-0.000736,-0.000482,-0.000223,0.000005,0.000202,0.000374,0.000499,0.000559,0.000572,0.000561,0.000501,0.000358,0.000140,-0.000110,-0.000382,-0.000685,-0.001007,-0.001309,-0.001576,-0.001830,-0.002068,-0.002244,-0.002321,-0.002316,-0.002259,-0.002145,-0.001961,-0.001731,-0.001496,-0.001270,-0.001048,-0.000845,-0.000684,-0.000553,-0.000417,-0.000268,-0.000129,-0.000008,0.000099,0.000173,0.000179,0.000119,0.000035,-0.000040,-0.000104,-0.000151,-0.000164,-0.000142,-0.000094,-0.000006,0.000147,0.000362,0.000592,0.000792,0.000944,0.001033,0.001024,0.000914,0.000762,0.000648,0.000603,0.000603,0.000613,0.000616,0.000592,0.000525,0.000433,0.000355,0.000309,0.000283,0.000277,0.000308,0.000360,0.000389,0.000383,0.000391,0.000465,0.000608,0.000806,0.001063,0.001376,0.001694,0.001950,0.002122,0.002226,0.002276,0.002286,0.002298,0.002351,0.002433,0.002489,0.002488,0.002443,0.002372,0.002280,0.002185,0.002122,0.002108,0.002128,0.002165,0.002221,0.002291,0.002354,0.002401,0.002455,0.002540,0.002645,0.002733,0.002782,0.002794,0.002771,0.002724,0.002683,0.002676,0.002674,0.002628,0.002531,0.002425,0.002336,0.002247,0.002140,0.002035,0.001952,0.001869,0.001758,0.001625,0.001490,0.001372,0.001293,0.001286,0.001353,0.001437,0.001466,0.001417,0.001312,0.001176,0.001012,0.000844,0.000717,0.000643,0.000584,0.000516,0.000444,0.000367,0.000273,0.000176,0.000090,-0.000001,-0.000116,-0.000220,-0.000269,-0.000269,-0.000258,-0.000233,-0.000172,-0.000092,-0.000057,-0.000106,-0.000228,-0.000401,-0.000628,-0.000884,-0.001102,-0.001225,-0.001268,-0.001276,-0.001261,-0.001211,-0.001147,-0.001095,-0.001049,-0.000971,-0.000859,-0.000727,-0.000570,-0.000345,-0.000054,0.000238,0.000447,0.000538,0.000495,0.000306,-0.000061,-0.000629,-0.001442,-0.002249,-0.002757,-0.003027,-0.003173,-0.003273,-0.003330,-0.003360,-0.003416,-0.003576,-0.003926,-0.004645,-0.005727],
	[-0.001042,-0.000063,0.000400,0.000508,0.000482,0.000764,0.000957,0.000609,-0.000292,-0.000807,-0.000859,-0.000617,-0.000192,0.000409,0.000895,0.001114,0.001102,0.001121,0.001145,0.001102,0.000926,0.000802,0.000786,0.000839,0.000407,-0.000816,-0.001448,-0.000901,-0.000064,0.000594,0.000818,0.001022,0.001459,0.002155,0.002662,0.002725,0.002274,0.001559,0.000626,-0.000107,-0.000365,-0.000163,0.000223,0.000499,0.000622,0.000721,0.000779,0.000811,0.000447,-0.000116,-0.000329,-0.000252,0.000219,0.001028,0.001629,0.001590,0.001177,0.001043,0.000936,0.000248,-0.000066,0.000362,0.000444,0.000065,-0.000450,-0.000200,0.000612,0.001485,0.000932,-0.000451,-0.000645,-0.000162,0.000442,0.000795,0.000555,-0.000031,-0.000112,0.000219,0.000574,0.000399,-0.000189,-0.000353,0.000210,0.001033,0.001648,0.001514,0.000946,0.000802,0.001218,0.001723,0.002003,0.001808,0.001278,0.000623,0.000210,0.000135,0.000342,0.000160,-0.000446,-0.000442,0.000330,0.001152,0.001559,0.001207,0.000430,0.000054,0.000326,0.000932,0.001627,0.002016,0.002013,0.001679,0.001321,0.001012,0.000792,0.000582,0.000440,0.000282,0.000166,0.000022,-0.000087,-0.000231,-0.000345,-0.000501,-0.000633,-0.000818,-0.000990,-0.001242,-0.001555,-0.002011,-0.002491,-0.003061,-0.003383,-0.003213,-0.002232,-0.000814,0.000636,0.001404,0.001383,0.000693,0.000586,0.000878,0.001323,0.000328,-0.000622,-0.000031,0.000598,0.001062,0.000975,0.000699,0.000282,-0.000095,-0.000489,-0.000820,-0.001225,-0.001677,-0.002076,-0.002177,-0.001891,-0.001364,-0.000929,-0.000931,-0.001220,-0.001313,-0.001040,-0.000693,-0.000265,0.000142,0.000680,0.000996,0.001124,0.000030,-0.001040,-0.000750,-0.000221,0.000452,0.000730,0.000691,0.000257,-0.000247,-0.000740,-0.001214,-0.001814,-0.002343,-0.002934,-0.003329,-0.003393,-0.002969,-0.002401,-0.001847,-0.001300,-0.000499,0.000432,0.001263,0.001722,0.001941,0.002012,0.001919,0.001412,0.000725,0.000313,0.000419,0.000660,0.000663,0.000000,-0.000821,-0.001286,-0.001576,-0.001154,-0.000293,0.000501,0.000047,-0.001107,-0.001689,-0.002082,-0.002111,-0.001807,-0.001450,-0.001164,-0.000914,-0.000711,-0.000598,-0.000553,-0.000430,-0.000106,0.000301,0.000628,0.000825,0.000869,0.000406,-0.000259,-0.000383,-0.000031,0.000364,0.000456,0.000001,-0.000767,-0.001315,-0.001346,-0.001029,-0.000614,-0.000285,0.000071,0.000314,0.000263,-0.000368,-0.001278,-0.001979,-0.001989,-0.001368,-0.000197,0.000710,0.001003,-0.000502,-0.002048,-0.001819],
	[-0.001643,-0.001575,-0.001395,-0.001306,-0.000770,0.000058,0.000907,0.001369,0.001574,0.001688,0.001911,0.002100,0.002051,0.001599,0.000680,-0.000506,-0.001414,-0.001999,-0.002022,-0.001400,-0.000390,0.000424,0.000782,0.001014,0.001556,0.002285,0.002823,0.002906,0.002475,0.001760,0.000751,-0.000250,-0.000862,-0.001223,-0.001083,-0.000731,-0.000263,0.000125,0.000590,0.000970,0.001197,0.000509,-0.000895,-0.001325,-0.000418,0.000965,0.002076,0.002478,0.002613,0.002627,0.002378,0.001768,0.001137,0.000534,-0.000058,-0.000587,-0.001004,-0.001217,-0.000945,-0.000269,0.000400,0.000537,0.000100,-0.000618,-0.000957,-0.000803,-0.000345,0.000046,0.000343,-0.000264,-0.001445,-0.001740,-0.001449,-0.001094,-0.000805,-0.000563,-0.000343,-0.000044,0.000483,0.001142,0.001548,0.001227,0.000472,0.000170,0.000352,0.000610,0.000743,0.000619,0.000285,0.000294,0.000902,0.001521,0.001635,0.001169,0.000498,0.000111,0.000278,0.000840,0.001496,0.001851,0.001765,0.001340,0.000873,0.000469,0.000133,-0.000185,-0.000462,-0.000763,-0.001075,-0.001494,-0.001974,-0.002509,-0.003023,-0.003368,-0.003361,-0.003164,-0.003050,-0.003035,-0.002691,-0.001928,-0.000934,-0.000146,0.000378,0.000949,0.001841,0.002570,0.002811,0.002669,0.002613,0.002401,0.001924,0.001103,0.000441,0.000098,0.000448,0.000971,0.001524,0.000498,-0.000527,0.000101,0.000753,0.001233,0.001085,0.000750,0.000221,-0.000252,-0.000818,-0.001364,-0.001986,-0.002521,-0.002839,-0.002576,-0.001638,-0.000404,0.000375,-0.000364,-0.001959,-0.002362,-0.002064,-0.001364,-0.000802,-0.000486,-0.000575,-0.000385,0.000305,0.001657,0.002802,0.002971,0.001046,0.000054,0.000937,0.001545,0.001831,0.001067,0.000202,0.000205,-0.000231,-0.001578,-0.001882,-0.000949,0.000324,0.001210,0.001060,0.000202,-0.000075,0.000339,0.000792,0.000927,0.000424,-0.000543,-0.001023,-0.000710,0.000112,0.000851,0.001035,0.000054,-0.001073,-0.000945,-0.000487,0.000326,0.000842,0.001309,0.000180,-0.000946,-0.000359,0.000268,0.000654,0.000395,-0.000026,-0.000715,-0.001437,-0.002128,-0.002342,-0.002237,-0.001805,-0.001414,-0.000891,-0.000479,0.000039,0.000229,0.000211,-0.001429,-0.002903,-0.002549,-0.001740,-0.000621,-0.000102,0.000096,0.000102,0.000148,-0.000217,-0.000707,-0.000989,-0.000922,-0.000936,-0.000947,-0.000959,-0.001124,-0.001749,-0.001954,-0.001398,-0.000405,0.000349,0.000708,0.000817,0.001225,0.001730,0.002066,0.001603,0.000795,0.000408,0.000778,0.001066,0.001180,-0.000186,-0.001587]
],
	"idxs" : [65,0,1,132,113]
,"hydrophone_pos" : [
	[0.000000,0.000000,0.000000],
	[0.000000,0.000000,0.000000],
	[0.450000,0.000000,0.000000],
	[0.000000,0.450000,0.000000],
	[0.000000,0.000000,-0.450000]
],
	"direction_of_arrival" : [0.635455,0.066890,0.769235]
,	"valid" : [0.000000,-0.000000,-0.000000,-0.000000,-10017698.000000]
}
dump = {
	"magnitude" : [0.000000,0.019937,0.020765,0.019744,0.022247,0.035278,0.005311,0.047961,0.082172,0.076918,0.010706,0.306032,0.139693,0.353104,3.217032,5.410672,3.926195,0.999324,0.065150,0.117856,0.157230,0.010317,0.035560,0.095653,0.021376,0.053443,0.053152,0.001132,0.016454,0.015900,0.024009,0.022535]
,	"raw_mv" : [
	[-8.392999,-7.630000,-6.485500,-8.011500,-8.392999,-6.867000,-8.392999,-8.774499,-6.104000,-1.526000,-3.052000,-5.341000,-4.959500,-5.722499,-6.104000,-5.722499,-4.578000,-4.196499,-5.722499,-6.104000,-5.341000,-6.867000,-7.248499,-7.248499,-6.485500,-6.104000,-6.867000,-7.630000,-7.630000,-9.537500,-10.682000,-10.300499,-9.919000,-8.392999,-8.011500,-8.774499,-11.444999,-12.589500,-8.011500,-3.433500,-2.670500,-5.341000,-6.485500,-6.104000,-6.104000,-8.774499,-7.630000,-4.959500,-5.341000,-8.774499,-8.774499,-7.248499,-9.156000,-8.392999,-7.630000,-7.630000,-7.630000,-5.341000,-3.052000,-2.670500,-6.485500,-9.156000,-7.248499,-3.815000,-1.144500,-1.144500,-3.052000,-2.670500,-0.763000,0.763000,-0.381500,-1.526000,-2.670500,-3.815000,-3.052000,-0.763000,-0.381500,0.000000,-1.526000,-3.433500,-4.578000,-3.815000,-3.433500,-2.670500,-3.433500,-6.867000,-8.392999,-8.011500,-9.537500,-7.630000,-7.248499,-9.156000,-9.919000,-7.248499,-6.104000,-4.196499,-4.578000,-8.011500,-8.392999,-7.630000,-8.011500,-12.208000,-11.826499,-10.300499,-9.156000,-8.011500,-7.630000,-9.919000,-11.063500,-9.537500,-9.156000,-8.011500,-8.011500,-9.156000,-10.300499,-9.156000,-9.156000,-7.630000,-4.196499,-6.485500,-9.156000,-8.011500,-8.011500,-7.630000,-6.867000,-4.578000,-4.578000,-6.485500,-8.011500,-7.248499,-5.722499,-5.722499,-5.341000,-6.485500,-6.485500,-3.815000,-6.485500,-8.392999,-9.919000,-7.630000,1.144500,-24.797500,-51.884002,46.542999,63.329002,-66.381004,-55.317501,19.075000,7.248499,6.104000,-17.930500,-14.115500,35.097999,11.444999,-74.774002,-33.571998,62.184501,-48.450500,-124.369003,51.884002,96.138000,82.403999,106.819999,-91.178504,-159.085494,-340.679504,-118.264999,942.686523,12.208000,-566.527526,-1281.077026,156.415008,2738.788574,208.680496,-2730.014160,-459.707519,1807.928466,989.992492,-2248.561035,-993.426025,2182.561523,1702.253051,-2118.851074,-2012.794067,1537.445068,2408.028076,-1318.082519,-2498.062011,1047.980468,2396.201416,-799.624023,-2601.448486,684.411010,2655.239990,-278.494995,-2730.777099,76.681503,2325.624023,471.152496,-2501.495605,-655.416992,2276.410644,1291.759033,-2416.039550,-1387.515502,2020.042480,1769.778564,-1975.788574,-1923.141479,1669.062500,2306.549072,-1475.260498,-2565.587646,1111.691040,2635.402099,-695.474487,-2749.852050,447.118011,2689.574951,53.409999,-2973.029541,-315.882019,2799.828613,852.652526,-2895.584960,-1082.697021,2517.136962,1694.623046,-2488.143066,-1965.488037,2062.770507,2366.444580,-1885.373046,-2458.385986,1426.046997,2612.511962,-1086.893554,-2871.550537,783.219482,2924.197509,-410.112518,-2989.434082,39.294502,2779.609130,487.938507,-2900.926025,-631.764038,2578.558593,1059.044067,-2638.072509,-1231.100463,2279.462646,1857.523559,-2304.641601,-2010.886474,1843.789550],
	[0.000000,0.000000,0.000000,0.000000,0.000000,0.000000,0.000000,0.000000,0.000000,0.000000,0.000000,0.000000,0.000000,0.000000,0.000000,0.000000,0.000000,0.000000,0.000000,0.000000,0.000000,0.000000,0.000000,0.000000,0.000000,0.000000,0.000000,0.000000,0.000000,0.000000,0.000000,0.000000,0.000000,0.000000,0.000000,0.000000,0.000000,0.000000,0.000000,0.000000,0.000000,0.000000,0.000000,0.000000,0.000000,0.000000,0.000000,0.000000,0.000000,0.000000,0.000000,0.000000,0.000000,0.000000,0.000000,0.000000,0.000000,0.000000,0.000000,0.000000,0.000000,0.000000,0.000000,0.000000,0.000000,0.000000,0.000000,0.000000,0.000000,0.000000,0.000000,0.000000,0.000000,0.000000,0.000000,0.000000,0.000000,0.000000,0.000000,0.000000,0.000000,0.000000,0.000000,0.000000,0.000000,0.000000,0.000000,0.000000,0.000000,0.000000,0.000000,0.000000,0.000000,0.000000,0.000000,0.000000,0.000000,0.000000,0.000000,0.000000,0.000000,0.000000,0.000000,0.000000,0.000000,0.000000,0.000000,0.000000,0.000000,0.000000,0.000000,0.000000,0.000000,0.000000,0.000000,0.000000,0.000000,0.000000,0.000000,0.000000,0.000000,0.000000,0.000000,0.000000,0.000000,0.000000,0.000000,0.000000,0.000000,0.000000,0.000000,0.000000,0.000000,0.000000,0.000000,0.000000,0.000000,0.000000,0.000000,0.000000,0.000000,0.000000,0.000000,0.000000,0.000000,0.000000,0.000000,0.000000,0.000000,0.000000,0.000000,0.000000,0.000000,0.000000,0.000000,0.000000,0.000000,0.000000,0.000000,0.000000,0.000000,0.000000,0.000000,0.000000,0.000000,0.000000,0.000000,0.000000,0.000000,0.000000,0.000000,0.000000,0.000000,0.000000,0.000000,0.000000,0.000000,0.000000,0.000000,0.000000,0.000000,0.000000,0.000000,0.000000,0.000000,0.000000,0.000000,0.000000,0.000000,0.000000,0.000000,0.000000,0.000000,0.000000,0.000000,0.000000,0.000000,0.000000,0.000000,0.000000,0.000000,0.000000,0.000000,0.000000,0.000000,0.000000,0.000000,0.000000,0.000000,0.000000,0.000000,0.000000,0.000000,0.000000,0.000000,0.000000,0.000000,0.000000,0.000000,0.000000,0.000000,0.000000,0.000000,0.000000,0.000000,0.000000,0.000000,0.000000,0.000000,0.000000,0.000000,0.000000,0.000000,0.000000,0.000000,0.000000,0.000000,0.000000,0.000000,0.000000,0.000000,0.000000,0.000000,0.000000,0.000000,0.000000,0.000000,0.000000,0.000000,0.000000,0.000000,0.000000,0.000000,0.000000,0.000000,0.000000],
	[-6.561800,-6.485500,-6.485500,-6.409200,-6.409200,-6.485500,-6.638100,-6.790700,-6.638100,-6.485500,-6.332900,-6.485500,-6.409200,-6.561800,-6.485500,-6.485500,-6.409200,-6.485500,-6.485500,-6.561800,-6.561800,-6.485500,-6.561800,-6.561800,-6.638100,-6.638100,-6.638100,-6.638100,-6.485500,-6.714400,-6.714400,-6.485500,-6.561800,-6.714400,-6.638100,-6.561800,-6.790700,-6.714400,-6.714400,-6.638100,-6.485500,-6.561800,-6.638100,-6.790700,-6.714400,-6.561800,-6.561800,-6.485500,-6.485500,-6.561800,-6.561800,-6.409200,-6.485500,-6.638100,-6.561800,-6.561800,-6.561800,-6.638100,-6.485500,-6.256600,-6.409200,-6.409200,-6.256600,-6.409200,-6.561800,-6.409200,-6.332900,-6.256600,-6.180300,-6.180300,-6.180300,-6.180300,-6.180300,-6.256600,-6.027700,-6.180300,-6.180300,-6.180300,-6.104000,-6.027700,-6.027700,-6.332900,-6.332900,-6.409200,-6.409200,-6.332900,-6.561800,-6.714400,-6.409200,-6.485500,-6.409200,-6.409200,-6.638100,-6.638100,-6.485500,-6.638100,-6.638100,-6.638100,-6.638100,-6.561800,-6.714400,-6.714400,-6.561800,-6.638100,-6.638100,-6.638100,-6.790700,-6.638100,-6.714400,-6.790700,-6.790700,-6.638100,-6.409200,-6.790700,-7.172200,-5.951400,-5.951400,-7.630000,-7.095900,-5.875100,-5.951400,-6.790700,-7.782600,-5.875100,-4.883200,-8.087800,-7.706300,-4.120200,-6.180300,-10.376800,-10.529400,-2.136399,2.212700,-8.011500,-14.115500,-8.850800,-2.975700,-3.509800,-9.079700,-10.529400,-3.433500,0.000000,-7.324800,-14.649601,-8.240400,-1.526000,-3.357200,-11.750200,-8.011500,12.589500,10.071599,-15.336300,-84.693000,-44.788101,114.907806,40.133800,-64.626098,-46.619300,8.774499,37.997402,-31.664501,-55.088600,17.701601,21.440300,-14.954800,-38.684101,19.914300,33.800899,-31.817100,-43.567302,7.095900,31.511901,-40.515300,-32.351200,18.769800,41.278301,-34.029800,-51.044700,10.300499,57.606502,-42.117603,-67.983299,10.987200,81.106903,-18.312000,-92.399299,-26.094600,85.990104,21.211400,-86.676803,-48.526802,71.950904,45.322200,-78.054901,-68.670005,49.213500,71.645706,-62.413402,-81.793602,24.263401,87.287200,-33.190502,-88.279106,-10.453100,91.560005,-10.071599,-88.431701,-31.511901,87.134605,19.456501,-84.464103,-53.562603,71.798301,45.017002,-72.103500,-69.967102,52.265502,61.268901,-60.200702,-66.991401,31.664501,66.686203,-45.551101,-72.790199,8.698200,79.275703,-25.331600,-75.994804,-10.605700,78.436401,-12.055400,-76.605201,-24.187101,77.749702,9.232300,-74.316200,-41.888702,63.023803,30.672601,-67.678100,-52.494400,52.112903,46.466701,-64.015701,-58.674701,34.029800,60.811103,-46.771900,-67.372901,10.987200,71.035301,-30.672601,-69.738204,-7.401100,71.493103,-13.276200],
	[-7.630000,-6.867000,-7.248499,-7.248499,-7.248499,-7.248499,-7.248499,-6.867000,-7.248499,-7.248499,-7.248499,-7.248499,-7.248499,-7.630000,-7.248499,-7.248499,-7.248499,-7.248499,-7.248499,-7.248499,-6.867000,-7.248499,-7.248499,-6.867000,-7.248499,-7.248499,-7.248499,-7.248499,-7.248499,-7.248499,-7.630000,-7.248499,-6.867000,-7.248499,-7.630000,-7.248499,-6.867000,-7.248499,-7.248499,-7.248499,-6.867000,-7.248499,-7.248499,-7.248499,-7.248499,-7.248499,-7.248499,-7.248499,-7.248499,-7.248499,-6.867000,-7.248499,-7.248499,-6.867000,-7.248499,-7.248499,-6.867000,-7.248499,-7.248499,-7.248499,-7.248499,-7.248499,-7.630000,-7.248499,-6.867000,-7.248499,-7.248499,-7.248499,-6.867000,-6.867000,-6.867000,-6.485500,-6.867000,-6.485500,-6.867000,-6.485500,-6.867000,-6.867000,-6.485500,-6.867000,-6.485500,-6.867000,-6.867000,-6.867000,-6.867000,-6.867000,-7.248499,-7.248499,-7.248499,-6.867000,-6.867000,-7.248499,-6.867000,-7.248499,-7.248499,-7.248499,-7.248499,-7.248499,-7.248499,-6.867000,-7.248499,-7.248499,-7.248499,-7.248499,-7.248499,-7.248499,-7.248499,-7.248499,-6.867000,-7.248499,-7.248499,-7.248499,-7.630000,-6.867000,-6.867000,-7.248499,-7.248499,-7.248499,-7.248499,-6.867000,-7.248499,-7.248499,-7.248499,-6.867000,-7.248499,-7.248499,-7.248499,-7.248499,-7.248499,-7.248499,-6.867000,-7.248499,-6.867000,-7.248499,-7.248499,-6.867000,-7.248499,-7.248499,-7.630000,-7.248499,-7.248499,-6.867000,-7.248499,-6.867000,-7.248499,-7.248499,-6.867000,-6.867000,-7.248499,-7.630000,-7.248499,-7.248499,-7.248499,-7.248499,-7.248499,-7.248499,-7.248499,-7.248499,-6.867000,-7.248499,-7.248499,-7.248499,-7.248499,-7.248499,-7.248499,-6.867000,-7.248499,-7.248499,-6.867000,-7.248499,-6.867000,-6.867000,-7.248499,-7.248499,-6.867000,-7.248499,-7.248499,-7.248499,-7.248499,-7.248499,-6.867000,-7.248499,-6.867000,-7.630000,-6.867000,-6.867000,-7.248499,-7.630000,-7.248499,-6.867000,-7.248499,-6.867000,-7.248499,-6.867000,-7.248499,-6.867000,-7.248499,-7.630000,-7.248499,-6.867000,-6.867000,-6.867000,-7.248499,-7.248499,-7.248499,-7.248499,-7.248499,-7.248499,-6.867000,-7.248499,-7.248499,-7.248499,-7.630000,-6.867000,-6.867000,-6.867000,-6.867000,-6.867000,-6.867000,-6.867000,-6.867000,-6.485500,-6.485500,-6.485500,-6.485500,-6.485500,-6.485500,-6.485500,-6.867000,-6.485500,-6.485500,-6.867000,-7.248499,-6.867000,-6.867000,-7.248499,-6.867000,-6.485500,-7.248499,-6.867000,-7.248499,-6.867000,-7.248499,-6.867000,-7.248499,-6.867000,-6.867000,-6.867000,-7.248499,-6.485500,-7.248499,-7.248499,-7.248499,-7.248499,-7.248499,-7.248499],
	[-7.248499,-7.248499,-7.248499,-7.248499,-6.867000,-7.248499,-7.248499,-7.248499,-7.248499,-7.248499,-7.248499,-7.248499,-7.248499,-7.248499,-7.248499,-7.248499,-7.248499,-7.248499,-6.867000,-7.630000,-7.248499,-7.248499,-7.248499,-7.248499,-7.248499,-7.248499,-7.248499,-7.248499,-7.248499,-7.248499,-7.248499,-7.248499,-7.248499,-7.248499,-7.248499,-7.248499,-7.248499,-7.248499,-6.867000,-7.630000,-7.630000,-7.248499,-7.248499,-7.248499,-7.248499,-7.248499,-7.248499,-7.248499,-7.248499,-7.248499,-6.867000,-7.248499,-7.630000,-7.248499,-7.248499,-7.248499,-7.248499,-6.867000,-7.248499,-7.248499,-7.248499,-7.248499,-7.248499,-7.248499,-6.867000,-6.867000,-7.248499,-7.248499,-7.248499,-6.867000,-6.867000,-6.867000,-6.867000,-6.867000,-6.867000,-6.867000,-6.867000,-6.867000,-6.867000,-6.485500,-6.867000,-6.867000,-6.485500,-6.867000,-6.867000,-6.867000,-6.867000,-7.248499,-7.248499,-6.867000,-6.867000,-6.867000,-7.248499,-7.248499,-7.248499,-7.248499,-7.248499,-7.248499,-6.867000,-7.248499,-6.867000,-7.248499,-7.248499,-7.248499,-7.248499,-7.248499,-7.248499,-6.867000,-7.248499,-6.867000,-6.867000,-7.248499,-7.248499,-7.248499,-6.867000,-7.248499,-7.248499,-7.248499,-7.248499,-7.248499,-7.248499,-7.248499,-7.248499,-7.248499,-7.248499,-7.248499,-7.248499,-7.248499,-7.248499,-7.248499,-7.248499,-7.248499,-6.867000,-7.248499,-6.867000,-7.248499,-6.867000,-6.867000,-7.248499,-7.248499,-7.248499,-7.248499,-7.248499,-7.630000,-7.248499,-7.630000,-7.248499,-7.248499,-7.248499,-7.248499,-7.248499,-7.248499,-7.248499,-7.248499,-7.248499,-7.248499,-6.867000,-7.248499,-7.248499,-7.248499,-7.248499,-6.867000,-6.867000,-7.248499,-7.248499,-7.248499,-6.867000,-7.248499,-7.248499,-7.248499,-7.248499,-6.867000,-7.248499,-7.248499,-6.867000,-6.867000,-6.867000,-7.630000,-7.248499,-7.248499,-7.248499,-6.867000,-7.248499,-7.248499,-7.248499,-7.248499,-7.248499,-7.248499,-7.248499,-7.248499,-6.867000,-7.248499,-7.248499,-7.248499,-7.248499,-6.867000,-7.248499,-6.867000,-7.248499,-6.867000,-6.867000,-7.248499,-7.248499,-7.248499,-7.248499,-7.248499,-7.248499,-7.248499,-7.248499,-7.248499,-7.248499,-7.248499,-6.867000,-6.867000,-6.867000,-6.867000,-6.867000,-6.867000,-6.867000,-6.867000,-6.867000,-6.867000,-6.867000,-6.867000,-6.867000,-6.867000,-6.867000,-6.867000,-6.867000,-6.867000,-6.867000,-6.867000,-6.867000,-6.867000,-6.867000,-7.248499,-6.867000,-6.867000,-6.867000,-7.248499,-7.248499,-7.248499,-7.248499,-6.867000,-7.248499,-7.248499,-7.248499,-6.867000,-6.867000,-7.248499,-7.248499,-6.867000,-7.248499,-6.867000,-6.867000,-7.248499]
],
"normalized" : [
	[-0.000210,0.000462,0.001471,0.000126,-0.000210,0.001135,-0.000210,-0.000546,0.001808,0.005844,0.004499,0.002480,0.002817,0.002144,0.001808,0.002144,0.003153,0.003489,0.002144,0.001808,0.002480,0.001135,0.000798,0.000798,0.001471,0.001808,0.001135,0.000462,0.000462,-0.001219,-0.002228,-0.001892,-0.001555,-0.000210,0.000126,-0.000546,-0.002901,-0.003910,0.000126,0.004162,0.004835,0.002480,0.001471,0.001808,0.001808,-0.000546,0.000462,0.002817,0.002480,-0.000546,-0.000546,0.000798,-0.000882,-0.000210,0.000462,0.000462,0.000462,0.002480,0.004499,0.004835,0.001471,-0.000882,0.000798,0.003826,0.006180,0.006180,0.004499,0.004835,0.006517,0.007862,0.006853,0.005844,0.004835,0.003826,0.004499,0.006517,0.006853,0.007190,0.005844,0.004162,0.003153,0.003826,0.004162,0.004835,0.004162,0.001135,-0.000210,0.000126,-0.001219,0.000462,0.000798,-0.000882,-0.001555,0.000798,0.001808,0.003489,0.003153,0.000126,-0.000210,0.000462,0.000126,-0.003574,-0.003237,-0.001892,-0.000882,0.000126,0.000462,-0.001555,-0.002564,-0.001219,-0.000882,0.000126,0.000126,-0.000882,-0.001892,-0.000882,-0.000882,0.000462,0.003489,0.001471,-0.000882,0.000126,0.000126,0.000462,0.001135,0.003153,0.003153,0.001471,0.000126,0.000798,0.002144,0.002144,0.002480,0.001471,0.001471,0.003826,0.001471,-0.000210,-0.001555,0.000462,0.008199,-0.014674,-0.038557,0.048228,0.063028,-0.051339,-0.041584,0.024008,0.013581,0.012572,-0.008619,-0.005255,0.038136,0.017281,-0.058739,-0.022411,0.062019,-0.035529,-0.102468,0.052937,0.091957,0.079847,0.101375,-0.073204,-0.133079,-0.293194,-0.097086,0.838378,0.017954,-0.492330,-1.122365,0.145104,2.422043,0.191188,-2.399926,-0.398144,1.601282,0.880089,-1.975418,-0.868736,1.931605,1.508106,-1.861050,-1.767537,1.362791,2.130404,-1.154993,-2.195409,0.931218,2.119976,-0.697857,-2.286567,0.610651,2.348376,-0.238365,-2.400599,0.074801,2.057746,0.422616,-2.198436,-0.570706,2.014354,1.146164,-2.123088,-1.216214,1.788308,1.567644,-1.734908,-1.688488,1.478841,2.040927,-1.293581,-2.254948,0.987393,2.330885,-0.606026,-2.417418,0.401424,2.378650,0.054282,-2.614199,-0.271330,2.475863,0.758993,-2.545914,-0.947449,2.226608,1.501378,-2.186663,-1.725826,1.825982,2.093739,-1.655187,-2.160425,1.264568,2.310702,-0.951149,-2.524722,0.697772,2.585522,-0.354415,-2.628663,0.041836,2.458035,0.437416,-2.550623,-0.549851,2.280765,0.940973,-2.318859,-1.078299,2.017045,1.645011,-2.024866,-1.765855,1.632902],
	[0.000000,0.000000,0.000000,0.000000,0.000000,0.000000,0.000000,0.000000,0.000000,0.000000,0.000000,0.000000,0.000000,0.000000,0.000000,0.000000,0.000000,0.000000,0.000000,0.000000,0.000000,0.000000,0.000000,0.000000,0.000000,0.000000,0.000000,0.000000,0.000000,0.000000,0.000000,0.000000,0.000000,0.000000,0.000000,0.000000,0.000000,0.000000,0.000000,0.000000,0.000000,0.000000,0.000000,0.000000,0.000000,0.000000,0.000000,0.000000,0.000000,0.000000,0.000000,0.000000,0.000000,0.000000,0.000000,0.000000,0.000000,0.000000,0.000000,0.000000,0.000000,0.000000,0.000000,0.000000,0.000000,0.000000,0.000000,0.000000,0.000000,0.000000,0.000000,0.000000,0.000000,0.000000,0.000000,0.000000,0.000000,0.000000,0.000000,0.000000,0.000000,0.000000,0.000000,0.000000,0.000000,0.000000,0.000000,0.000000,0.000000,0.000000,0.000000,0.000000,0.000000,0.000000,0.000000,0.000000,0.000000,0.000000,0.000000,0.000000,0.000000,0.000000,0.000000,0.000000,0.000000,0.000000,0.000000,0.000000,0.000000,0.000000,0.000000,0.000000,0.000000,0.000000,0.000000,0.000000,0.000000,0.000000,0.000000,0.000000,0.000000,0.000000,0.000000,0.000000,0.000000,0.000000,0.000000,0.000000,0.000000,0.000000,0.000000,0.000000,0.000000,0.000000,0.000000,0.000000,0.000000,0.000000,0.000000,0.000000,0.000000,0.000000,0.000000,0.000000,0.000000,0.000000,0.000000,0.000000,0.000000,0.000000,0.000000,0.000000,0.000000,0.000000,0.000000,0.000000,0.000000,0.000000,0.000000,0.000000,0.000000,0.000000,0.000000,0.000000,0.000000,0.000000,0.000000,0.000000,0.000000,0.000000,0.000000,0.000000,0.000000,0.000000,0.000000,0.000000,0.000000,0.000000,0.000000,0.000000,0.000000,0.000000,0.000000,0.000000,0.000000,0.000000,0.000000,0.000000,0.000000,0.000000,0.000000,0.000000,0.000000,0.000000,0.000000,0.000000,0.000000,0.000000,0.000000,0.000000,0.000000,0.000000,0.000000,0.000000,0.000000,0.000000,0.000000,0.000000,0.000000,0.000000,0.000000,0.000000,0.000000,0.000000,0.000000,0.000000,0.000000,0.000000,0.000000,0.000000,0.000000,0.000000,0.000000,0.000000,0.000000,0.000000,0.000000,0.000000,0.000000,0.000000,0.000000,0.000000,0.000000,0.000000,0.000000,0.000000,0.000000,0.000000,0.000000,0.000000,0.000000,0.000000,0.000000,0.000000,0.000000,0.000000,0.000000,0.000000,0.000000,0.000000,0.000000,0.000000,0.000000,0.000000,0.000000,0.000000],
	[-0.005453,-0.003289,-0.003289,-0.001124,-0.001124,-0.003289,-0.007618,-0.011947,-0.007618,-0.003289,0.001039,-0.003289,-0.001124,-0.005453,-0.003289,-0.003289,-0.001124,-0.003289,-0.003289,-0.005453,-0.005453,-0.003289,-0.005453,-0.005453,-0.007618,-0.007618,-0.007618,-0.007618,-0.003289,-0.009782,-0.009782,-0.003289,-0.005453,-0.009782,-0.007618,-0.005453,-0.011947,-0.009782,-0.009782,-0.007618,-0.003289,-0.005453,-0.007618,-0.011947,-0.009782,-0.005453,-0.005453,-0.003289,-0.003289,-0.005453,-0.005453,-0.001124,-0.003289,-0.007618,-0.005453,-0.005453,-0.005453,-0.007618,-0.003289,0.003204,-0.001124,-0.001124,0.003204,-0.001124,-0.005453,-0.001124,0.001039,0.003204,0.005369,0.005369,0.005369,0.005369,0.005369,0.003204,0.009698,0.005369,0.005369,0.005369,0.007533,0.009698,0.009698,0.001039,0.001039,-0.001124,-0.001124,0.001039,-0.005453,-0.009782,-0.001124,-0.003289,-0.001124,-0.001124,-0.007618,-0.007618,-0.003289,-0.007618,-0.007618,-0.007618,-0.007618,-0.005453,-0.009782,-0.009782,-0.005453,-0.007618,-0.007618,-0.007618,-0.011947,-0.007618,-0.009782,-0.011947,-0.011947,-0.007618,-0.001124,-0.011947,-0.022770,0.011862,0.011862,-0.035758,-0.020605,0.014027,0.011862,-0.011947,-0.040087,0.014027,0.042167,-0.048745,-0.037922,0.063813,0.005369,-0.113683,-0.118012,0.120092,0.243474,-0.046581,-0.219748,-0.070391,0.096282,0.081129,-0.076885,-0.118012,0.083294,0.180701,-0.027099,-0.234900,-0.053074,0.137409,0.085459,-0.152646,-0.046581,0.537858,0.466427,-0.254381,-2.221995,-1.089914,3.440576,1.319276,-1.652707,-1.141864,0.429629,1.258667,-0.717604,-1.382133,0.682886,0.788951,-0.243558,-0.916746,0.745659,1.139615,-0.721933,-1.055280,0.382008,1.074677,-0.968697,-0.737085,0.713190,1.351745,-0.784706,-1.267410,0.472920,1.814967,-1.014153,-1.747949,0.492402,2.481662,-0.338800,-2.440619,-0.559589,2.620195,0.782457,-2.278275,-1.195979,2.221910,1.466468,-2.033676,-1.767431,1.576862,2.213252,-1.589934,-2.139740,0.869041,2.656993,-0.760896,-2.323731,-0.115847,2.778211,-0.105024,-2.328060,-0.713275,2.652664,0.732671,-2.215501,-1.338842,2.217581,1.457810,-1.864837,-1.804229,1.663446,1.918868,-1.527161,-1.719810,1.079006,2.072554,-1.111560,-1.884319,0.427464,2.429711,-0.537943,-1.975232,-0.120177,2.405901,-0.161304,-1.992548,-0.505474,2.386420,0.442616,-1.927611,-1.007659,1.968653,1.050866,-1.739291,-1.308537,1.659117,1.498937,-1.635391,-1.483869,1.146108,1.905880,-1.146193,-1.730633,0.492402,2.195935,-0.689464,-1.797735,-0.029264,2.208923,-0.195937],
	[-2.046304,0.921675,-0.562313,-0.562313,-0.562313,-0.562313,-0.562313,0.921675,-0.562313,-0.562313,-0.562313,-0.562313,-0.562313,-2.046304,-0.562313,-0.562313,-0.562313,-0.562313,-0.562313,-0.562313,0.921675,-0.562313,-0.562313,0.921675,-0.562313,-0.562313,-0.562313,-0.562313,-0.562313,-0.562313,-2.046304,-0.562313,0.921675,-0.562313,-2.046304,-0.562313,0.921675,-0.562313,-0.562313,-0.562313,0.921675,-0.562313,-0.562313,-0.562313,-0.562313,-0.562313,-0.562313,-0.562313,-0.562313,-0.562313,0.921675,-0.562313,-0.562313,0.921675,-0.562313,-0.562313,0.921675,-0.562313,-0.562313,-0.562313,-0.562313,-0.562313,-2.046304,-0.562313,0.921675,-0.562313,-0.562313,-0.562313,0.921675,0.921675,0.921675,2.405664,0.921675,2.405664,0.921675,2.405664,0.921675,0.921675,2.405664,0.921675,2.405664,0.921675,0.921675,0.921675,0.921675,0.921675,-0.562313,-0.562313,-0.562313,0.921675,0.921675,-0.562313,0.921675,-0.562313,-0.562313,-0.562313,-0.562313,-0.562313,-0.562313,0.921675,-0.562313,-0.562313,-0.562313,-0.562313,-0.562313,-0.562313,-0.562313,-0.562313,0.921675,-0.562313,-0.562313,-0.562313,-2.046304,0.921675,0.921675,-0.562313,-0.562313,-0.562313,-0.562313,0.921675,-0.562313,-0.562313,-0.562313,0.921675,-0.562313,-0.562313,-0.562313,-0.562313,-0.562313,-0.562313,0.921675,-0.562313,0.921675,-0.562313,-0.562313,0.921675,-0.562313,-0.562313,-2.046304,-0.562313,-0.562313,0.921675,-0.562313,0.921675,-0.562313,-0.562313,0.921675,0.921675,-0.562313,-2.046304,-0.562313,-0.562313,-0.562313,-0.562313,-0.562313,-0.562313,-0.562313,-0.562313,0.921675,-0.562313,-0.562313,-0.562313,-0.562313,-0.562313,-0.562313,0.921675,-0.562313,-0.562313,0.921675,-0.562313,0.921675,0.921675,-0.562313,-0.562313,0.921675,-0.562313,-0.562313,-0.562313,-0.562313,-0.562313,0.921675,-0.562313,0.921675,-2.046304,0.921675,0.921675,-0.562313,-2.046304,-0.562313,0.921675,-0.562313,0.921675,-0.562313,0.921675,-0.562313,0.921675,-0.562313,-2.046304,-0.562313,0.921675,0.921675,0.921675,-0.562313,-0.562313,-0.562313,-0.562313,-0.562313,-0.562313,0.921675,-0.562313,-0.562313,-0.562313,-2.046304,0.921675,0.921675,0.921675,0.921675,0.921675,0.921675,0.921675,0.921675,2.405664,2.405664,2.405664,2.405664,2.405664,2.405664,2.405664,0.921675,2.405664,2.405664,0.921675,-0.562313,0.921675,0.921675,-0.562313,0.921675,2.405664,-0.562313,0.921675,-0.562313,0.921675,-0.562313,0.921675,-0.562313,0.921675,0.921675,0.921675,-0.562313,2.405664,-0.562313,-0.562313,-0.562313,-0.562313,-0.562313,-0.562313],
	[-0.579418,-0.579418,-0.579418,-0.579418,1.298119,-0.579418,-0.579418,-0.579418,-0.579418,-0.579418,-0.579418,-0.579418,-0.579418,-0.579418,-0.579418,-0.579418,-0.579418,-0.579418,1.298119,-2.456959,-0.579418,-0.579418,-0.579418,-0.579418,-0.579418,-0.579418,-0.579418,-0.579418,-0.579418,-0.579418,-0.579418,-0.579418,-0.579418,-0.579418,-0.579418,-0.579418,-0.579418,-0.579418,1.298119,-2.456959,-2.456959,-0.579418,-0.579418,-0.579418,-0.579418,-0.579418,-0.579418,-0.579418,-0.579418,-0.579418,1.298119,-0.579418,-2.456959,-0.579418,-0.579418,-0.579418,-0.579418,1.298119,-0.579418,-0.579418,-0.579418,-0.579418,-0.579418,-0.579418,1.298119,1.298119,-0.579418,-0.579418,-0.579418,1.298119,1.298119,1.298119,1.298119,1.298119,1.298119,1.298119,1.298119,1.298119,1.298119,3.175657,1.298119,1.298119,3.175657,1.298119,1.298119,1.298119,1.298119,-0.579418,-0.579418,1.298119,1.298119,1.298119,-0.579418,-0.579418,-0.579418,-0.579418,-0.579418,-0.579418,1.298119,-0.579418,1.298119,-0.579418,-0.579418,-0.579418,-0.579418,-0.579418,-0.579418,1.298119,-0.579418,1.298119,1.298119,-0.579418,-0.579418,-0.579418,1.298119,-0.579418,-0.579418,-0.579418,-0.579418,-0.579418,-0.579418,-0.579418,-0.579418,-0.579418,-0.579418,-0.579418,-0.579418,-0.579418,-0.579418,-0.579418,-0.579418,-0.579418,1.298119,-0.579418,1.298119,-0.579418,1.298119,1.298119,-0.579418,-0.579418,-0.579418,-0.579418,-0.579418,-2.456959,-0.579418,-2.456959,-0.579418,-0.579418,-0.579418,-0.579418,-0.579418,-0.579418,-0.579418,-0.579418,-0.579418,-0.579418,1.298119,-0.579418,-0.579418,-0.579418,-0.579418,1.298119,1.298119,-0.579418,-0.579418,-0.579418,1.298119,-0.579418,-0.579418,-0.579418,-0.579418,1.298119,-0.579418,-0.579418,1.298119,1.298119,1.298119,-2.456959,-0.579418,-0.579418,-0.579418,1.298119,-0.579418,-0.579418,-0.579418,-0.579418,-0.579418,-0.579418,-0.579418,-0.579418,1.298119,-0.579418,-0.579418,-0.579418,-0.579418,1.298119,-0.579418,1.298119,-0.579418,1.298119,1.298119,-0.579418,-0.579418,-0.579418,-0.579418,-0.579418,-0.579418,-0.579418,-0.579418,-0.579418,-0.579418,-0.579418,1.298119,1.298119,1.298119,1.298119,1.298119,1.298119,1.298119,1.298119,1.298119,1.298119,1.298119,1.298119,1.298119,1.298119,1.298119,1.298119,1.298119,1.298119,1.298119,1.298119,1.298119,1.298119,1.298119,-0.579418,1.298119,1.298119,1.298119,-0.579418,-0.579418,-0.579418,-0.579418,1.298119,-0.579418,-0.579418,-0.579418,1.298119,1.298119,-0.579418,-0.579418,1.298119,-0.579418,1.298119,1.298119,-0.579418]
],
"cwt" : [
	[0.504119,0.292598,0.143031,0.057974,0.019189,0.004954,0.000790,0.000835,0.001032,0.001039,0.000886,0.000521,0.000188,0.000062,0.000193,0.000361,0.000388,0.000333,0.000294,0.000265,0.000260,0.000236,0.000254,0.000291,0.000252,0.000192,0.000131,0.000109,0.000240,0.000290,0.000298,0.000290,0.000276,0.000412,0.000578,0.000765,0.001039,0.001261,0.001312,0.001239,0.001057,0.000777,0.000538,0.000463,0.000559,0.000710,0.000827,0.000894,0.000867,0.000714,0.000490,0.000291,0.000215,0.000231,0.000230,0.000318,0.000511,0.000749,0.000933,0.001041,0.001114,0.001106,0.001012,0.000931,0.000853,0.000736,0.000658,0.000647,0.000619,0.000526,0.000393,0.000252,0.000289,0.000394,0.000420,0.000400,0.000364,0.000355,0.000416,0.000403,0.000326,0.000310,0.000371,0.000498,0.000606,0.000531,0.000290,0.000153,0.000295,0.000453,0.000585,0.000640,0.000597,0.000532,0.000529,0.000627,0.000741,0.000738,0.000667,0.000688,0.000790,0.000801,0.000641,0.000423,0.000307,0.000382,0.000525,0.000565,0.000478,0.000355,0.000261,0.000259,0.000333,0.000328,0.000201,0.000169,0.000415,0.000700,0.000870,0.000827,0.000623,0.000374,0.000155,0.000258,0.000443,0.000563,0.000642,0.000630,0.000539,0.000460,0.000388,0.000320,0.000357,0.000470,0.000618,0.000811,0.001169,0.001896,0.003357,0.006118,0.010547,0.016337,0.022423,0.027306,0.029582,0.028508,0.024460,0.018939,0.014019,0.011497,0.011964,0.014746,0.018756,0.022826,0.026327,0.029732,0.033827,0.037583,0.037757,0.031512,0.019517,0.011031,0.024279,0.054032,0.103915,0.169388,0.237226,0.299615,0.370277,0.480102,0.638388,0.814107,0.961027,1.047224,1.070416,1.055265,1.035596,1.034519,1.056503,1.092988,1.132332,1.165914,1.189512,1.203098,1.209381,1.210476,1.206170,1.196495,1.184819,1.176567,1.174895,1.178376,1.182336,1.181379,1.171581,1.152869,1.130382,1.112075,1.103696,1.106143,1.116969,1.132434,1.147945,1.159247,1.165163,1.168420,1.172884,1.180642,1.191968,1.206297,1.221704,1.234501,1.241346,1.241821,1.238180,1.233330,1.230116,1.231509,1.239298,1.252274,1.266902,1.280089,1.290573,1.298146,1.303210,1.307358,1.312772,1.320092,1.327595,1.332917,1.334664,1.332202,1.325484,1.316235,1.308307,1.305265,1.307442,1.311875,1.314778,1.313523,1.307141,1.296574,1.284584,1.274016,1.265493,1.257636,1.249758,1.243250,1.239964,1.240200,1.241648,1.236274,1.205175,1.120845,0.964187,0.744931],
	[0.000000,0.000000,0.000000,0.000000,0.000000,0.000000,0.000000,0.000000,0.000000,0.000000,0.000000,0.000000,0.000000,0.000000,0.000000,0.000000,0.000000,0.000000,0.000000,0.000000,0.000000,0.000000,0.000000,0.000000,0.000000,0.000000,0.000000,0.000000,0.000000,0.000000,0.000000,0.000000,0.000000,0.000000,0.000000,0.000000,0.000000,0.000000,0.000000,0.000000,0.000000,0.000000,0.000000,0.000000,0.000000,0.000000,0.000000,0.000000,0.000000,0.000000,0.000000,0.000000,0.000000,0.000000,0.000000,0.000000,0.000000,0.000000,0.000000,0.000000,0.000000,0.000000,0.000000,0.000000,0.000000,0.000000,0.000000,0.000000,0.000000,0.000000,0.000000,0.000000,0.000000,0.000000,0.000000,0.000000,0.000000,0.000000,0.000000,0.000000,0.000000,0.000000,0.000000,0.000000,0.000000,0.000000,0.000000,0.000000,0.000000,0.000000,0.000000,0.000000,0.000000,0.000000,0.000000,0.000000,0.000000,0.000000,0.000000,0.000000,0.000000,0.000000,0.000000,0.000000,0.000000,0.000000,0.000000,0.000000,0.000000,0.000000,0.000000,0.000000,0.000000,0.000000,0.000000,0.000000,0.000000,0.000000,0.000000,0.000000,0.000000,0.000000,0.000000,0.000000,0.000000,0.000000,0.000000,0.000000,0.000000,0.000000,0.000000,0.000000,0.000000,0.000000,0.000000,0.000000,0.000000,0.000000,0.000000,0.000000,0.000000,0.000000,0.000000,0.000000,0.000000,0.000000,0.000000,0.000000,0.000000,0.000000,0.000000,0.000000,0.000000,0.000000,0.000000,0.000000,0.000000,0.000000,0.000000,0.000000,0.000000,0.000000,0.000000,0.000000,0.000000,0.000000,0.000000,0.000000,0.000000,0.000000,0.000000,0.000000,0.000000,0.000000,0.000000,0.000000,0.000000,0.000000,0.000000,0.000000,0.000000,0.000000,0.000000,0.000000,0.000000,0.000000,0.000000,0.000000,0.000000,0.000000,0.000000,0.000000,0.000000,0.000000,0.000000,0.000000,0.000000,0.000000,0.000000,0.000000,0.000000,0.000000,0.000000,0.000000,0.000000,0.000000,0.000000,0.000000,0.000000,0.000000,0.000000,0.000000,0.000000,0.000000,0.000000,0.000000,0.000000,0.000000,0.000000,0.000000,0.000000,0.000000,0.000000,0.000000,0.000000,0.000000,0.000000,0.000000,0.000000,0.000000,0.000000,0.000000,0.000000,0.000000,0.000000,0.000000,0.000000,0.000000,0.000000,0.000000,0.000000,0.000000,0.000000,0.000000,0.000000,0.000000,0.000000,0.000000,0.000000,0.000000,0.000000,0.000000,0.000000,0.000000,0.000000,0.000000],
	[0.329202,0.171245,0.072685,0.024927,0.006423,0.000875,0.001521,0.001788,0.001803,0.001430,0.001056,0.000822,0.000494,0.000543,0.000593,0.000434,0.000406,0.000482,0.000457,0.000536,0.000534,0.000436,0.000367,0.000356,0.000255,0.000406,0.000677,0.000912,0.001263,0.001607,0.001702,0.001603,0.001475,0.001292,0.001090,0.001064,0.001019,0.000820,0.000736,0.000877,0.001100,0.001266,0.001348,0.001365,0.001167,0.000703,0.000280,0.000417,0.000703,0.000964,0.001146,0.001228,0.001217,0.001099,0.000894,0.000822,0.001077,0.001448,0.001634,0.001459,0.001093,0.001010,0.001305,0.001553,0.001500,0.001144,0.000679,0.000332,0.000256,0.000172,0.000093,0.000362,0.000588,0.000812,0.000982,0.000980,0.000853,0.000841,0.001100,0.001428,0.001538,0.001318,0.000938,0.000831,0.001141,0.001617,0.001913,0.001790,0.001294,0.000713,0.000758,0.001225,0.001399,0.001235,0.001003,0.000868,0.000726,0.000618,0.000671,0.000862,0.001015,0.000964,0.000737,0.000462,0.000343,0.000560,0.000720,0.000822,0.001144,0.001701,0.002432,0.003396,0.004786,0.006690,0.008864,0.010925,0.012559,0.013531,0.013831,0.013919,0.014551,0.016140,0.018472,0.021150,0.024148,0.028034,0.033717,0.041863,0.052649,0.065827,0.080096,0.092569,0.099814,0.099858,0.093509,0.084090,0.075743,0.071405,0.071921,0.076465,0.083220,0.089925,0.094581,0.096503,0.097538,0.102699,0.119440,0.155515,0.220184,0.331065,0.507965,0.745901,0.998876,1.195098,1.274538,1.224474,1.087309,0.932877,0.814234,0.742328,0.697767,0.657373,0.611933,0.570181,0.548452,0.554213,0.577951,0.601005,0.610747,0.607397,0.599881,0.598990,0.611301,0.636234,0.669372,0.706910,0.747709,0.793664,0.847209,0.907881,0.972336,1.037376,1.100816,1.159134,1.207558,1.243643,1.267935,1.281287,1.285126,1.283892,1.283135,1.284795,1.287195,1.289658,1.293725,1.299305,1.303428,1.304141,1.302492,1.299538,1.294591,1.288114,1.283059,1.281122,1.280569,1.279714,1.279751,1.281938,1.284250,1.283725,1.280540,1.276796,1.272621,1.266405,1.257540,1.245712,1.228712,1.204731,1.176679,1.151100,1.132435,1.120651,1.114484,1.113499,1.115577,1.116124,1.112566,1.107208,1.103601,1.102451,1.102872,1.104933,1.108104,1.109042,1.104545,1.096028,1.087886,1.082257,1.078603,1.077093,1.078367,1.080340,1.079060,1.073350,1.065801,1.058693,1.051859,1.045323,1.040324,1.035971,1.027162,1.005320,0.957280,0.865235,0.717429,0.525811],
	[0.370501,0.363161,0.292737,0.179264,0.085060,0.150540,0.239215,0.281367,0.269091,0.224701,0.196257,0.218806,0.269808,0.291641,0.255161,0.184052,0.126868,0.129151,0.187848,0.250406,0.281585,0.283648,0.282743,0.281015,0.251474,0.189072,0.132085,0.142562,0.233888,0.372368,0.514002,0.620410,0.681074,0.703937,0.690375,0.635750,0.551041,0.466534,0.406705,0.368654,0.329356,0.268775,0.186568,0.102305,0.038949,0.006994,0.038132,0.099126,0.179963,0.247974,0.275235,0.267500,0.251553,0.242921,0.249702,0.269809,0.279299,0.260364,0.225217,0.212905,0.261884,0.367715,0.474988,0.524041,0.502456,0.445476,0.384621,0.313901,0.207849,0.077138,0.077846,0.110811,0.081260,0.060620,0.105816,0.168719,0.203045,0.196799,0.143601,0.076372,0.125701,0.172375,0.175179,0.181688,0.220304,0.274561,0.318527,0.350122,0.369729,0.352678,0.274744,0.156786,0.111437,0.146367,0.128903,0.072465,0.091562,0.177053,0.249926,0.280159,0.254320,0.183415,0.102932,0.051651,0.052812,0.104022,0.178516,0.237576,0.239915,0.170438,0.157080,0.329354,0.496056,0.566330,0.522883,0.398644,0.264739,0.222908,0.274485,0.326691,0.353041,0.359485,0.351441,0.323990,0.267008,0.181261,0.091723,0.077406,0.132948,0.154346,0.114227,0.073234,0.151716,0.239329,0.301170,0.336498,0.343975,0.336061,0.324019,0.296638,0.236491,0.132984,0.034227,0.173840,0.317635,0.439123,0.529715,0.578469,0.570281,0.493821,0.363757,0.223756,0.114699,0.046405,0.035836,0.098163,0.181731,0.253675,0.280641,0.250371,0.176053,0.090310,0.087119,0.173074,0.246125,0.274145,0.253823,0.185443,0.065632,0.112727,0.264171,0.359272,0.384395,0.361816,0.316869,0.249341,0.148378,0.039013,0.104766,0.173186,0.208423,0.269742,0.384178,0.518036,0.632017,0.700697,0.714012,0.665148,0.546097,0.373372,0.200984,0.079714,0.019998,0.079986,0.202159,0.364680,0.514366,0.588281,0.558213,0.455728,0.353895,0.295955,0.249537,0.182205,0.109790,0.104496,0.177671,0.239424,0.238635,0.164717,0.138229,0.294939,0.428978,0.440683,0.335039,0.189487,0.083083,0.056935,0.097274,0.165128,0.226402,0.237179,0.185444,0.110136,0.075780,0.120589,0.203630,0.279062,0.354708,0.454806,0.539050,0.550311,0.480123,0.384644,0.360118,0.424188,0.488182,0.477887,0.378727,0.239143,0.123581,0.059880,0.053557,0.103852,0.178012,0.246563,0.284373,0.299148,0.345904,0.415395,0.419434,0.331678,0.220413,0.177095,0.225717,0.312759],
	[0.201029,0.010252,0.169624,0.297262,0.349951,0.320763,0.230392,0.126371,0.053137,0.021034,0.009269,0.004137,0.007928,0.018200,0.057466,0.138638,0.254805,0.378479,0.464843,0.468595,0.382029,0.250840,0.135185,0.061399,0.021962,0.003680,0.002435,0.002464,0.002753,0.002209,0.002526,0.003206,0.008343,0.020720,0.062433,0.156792,0.308682,0.494953,0.660690,0.734355,0.673850,0.506710,0.312495,0.161321,0.075077,0.043922,0.065127,0.148063,0.286624,0.448221,0.581694,0.635977,0.581404,0.432677,0.265539,0.228609,0.308778,0.349512,0.314685,0.227385,0.136782,0.147881,0.272569,0.413191,0.508635,0.531321,0.497930,0.447444,0.398928,0.331411,0.229588,0.121926,0.050252,0.024190,0.028386,0.063313,0.124454,0.217872,0.316572,0.363829,0.351679,0.348291,0.356218,0.312163,0.259904,0.316135,0.431927,0.513968,0.532636,0.500622,0.450303,0.400191,0.331796,0.232000,0.134448,0.119738,0.174435,0.192693,0.132550,0.036659,0.133203,0.194321,0.168387,0.095665,0.095945,0.162426,0.181924,0.144119,0.196273,0.346975,0.457807,0.493420,0.483164,0.457852,0.416471,0.342613,0.236566,0.128333,0.053363,0.020442,0.009314,0.003416,0.003297,0.002819,0.003316,0.003629,0.008645,0.018101,0.048169,0.109427,0.180058,0.215768,0.194809,0.155540,0.172711,0.261482,0.369103,0.423650,0.391125,0.309079,0.246120,0.229149,0.216182,0.145540,0.043585,0.139285,0.194764,0.168419,0.106629,0.054147,0.025232,0.023554,0.054307,0.127437,0.230555,0.321766,0.357544,0.323517,0.258395,0.277959,0.398628,0.503875,0.541501,0.525914,0.494433,0.463836,0.423499,0.363161,0.305477,0.307706,0.366263,0.428748,0.489277,0.554291,0.616941,0.671123,0.682382,0.592315,0.391412,0.180755,0.211427,0.303286,0.300622,0.225463,0.131306,0.066994,0.065973,0.130619,0.231770,0.323119,0.361915,0.337385,0.281049,0.248007,0.236533,0.198571,0.153099,0.171113,0.263283,0.369268,0.416020,0.370714,0.260156,0.140696,0.056739,0.020929,0.016033,0.023686,0.051772,0.120255,0.217312,0.291860,0.293395,0.219689,0.119823,0.048992,0.022696,0.012877,0.006913,0.006651,0.006441,0.006656,0.006280,0.006537,0.006205,0.006522,0.006206,0.006394,0.006839,0.012369,0.020348,0.050116,0.128746,0.239819,0.341820,0.407629,0.438386,0.437310,0.397416,0.314710,0.229764,0.248174,0.339874,0.416988,0.464767,0.499671,0.539803,0.575744,0.571190,0.494709,0.342665,0.143575,0.129401,0.306670,0.392548,0.348431]
],
"envelope_edge" : [
	[0.012935,0.012274,0.011232,0.010126,0.009158,0.008385,0.007773,0.007282,0.006878,0.006528,0.006220,0.005942,0.005689,0.005456,0.005242,0.005045,0.004862,0.004690,0.004529,0.004377,0.004233,0.004096,0.003966,0.003842,0.003724,0.003610,0.003501,0.003395,0.003294,0.003197,0.003103,0.003012,0.002923,0.002837,0.002754,0.002674,0.002596,0.002522,0.002451,0.002381,0.002312,0.002244,0.002176,0.002108,0.002042,0.001979,0.001917,0.001858,0.001799,0.001742,0.001684,0.001627,0.001569,0.001513,0.001458,0.001403,0.001349,0.001297,0.001246,0.001197,0.001148,0.001099,0.001051,0.001003,0.000955,0.000907,0.000860,0.000812,0.000766,0.000720,0.000674,0.000627,0.000580,0.000534,0.000490,0.000445,0.000400,0.000355,0.000310,0.000266,0.000222,0.000177,0.000132,0.000088,0.000045,0.000002,-0.000040,-0.000086,-0.000132,-0.000176,-0.000220,-0.000263,-0.000307,-0.000352,-0.000397,-0.000442,-0.000487,-0.000531,-0.000576,-0.000623,-0.000668,-0.000713,-0.000758,-0.000806,-0.000854,-0.000904,-0.000952,-0.000999,-0.001048,-0.001098,-0.001148,-0.001200,-0.001252,-0.001304,-0.001357,-0.001412,-0.001468,-0.001522,-0.001576,-0.001631,-0.001688,-0.001747,-0.001808,-0.001872,-0.001934,-0.001998,-0.002062,-0.002128,-0.002196,-0.002267,-0.002339,-0.002415,-0.002493,-0.002574,-0.002657,-0.002745,-0.002837,-0.002935,-0.003040,-0.003149,-0.003255,-0.003352,-0.003431,-0.003494,-0.003546,-0.003603,-0.003678,-0.003784,-0.003921,-0.004084,-0.004256,-0.004429,-0.004595,-0.004759,-0.004924,-0.005104,-0.005286,-0.005469,-0.005648,-0.005867,-0.006172,-0.006650,-0.007224,-0.007806,-0.008381,-0.008848,-0.009208,-0.009557,-0.010038,-0.010576,-0.010862,-0.010625,-0.009876,-0.008855,-0.007898,-0.007239,-0.006915,-0.006796,-0.006714,-0.006554,-0.006284,-0.005926,-0.005525,-0.005122,-0.004743,-0.004388,-0.004058,-0.003773,-0.003556,-0.003397,-0.003261,-0.003102,-0.002899,-0.002657,-0.002412,-0.002216,-0.002112,-0.002103,-0.002150,-0.002202,-0.002221,-0.002185,-0.002091,-0.001957,-0.001822,-0.001713,-0.001631,-0.001559,-0.001479,-0.001374,-0.001229,-0.001038,-0.000824,-0.000619,-0.000448,-0.000317,-0.000228,-0.000168,-0.000109,-0.000021,0.000111,0.000282,0.000474,0.000676,0.000875,0.001063,0.001244,0.001439,0.001661,0.001910,0.002175,0.002443,0.002698,0.002921,0.003104,0.003270,0.003455,0.003684,0.003959,0.004266,0.004582,0.004886,0.005169,0.005439,0.005719,0.006021,0.006341,0.006681,0.007060,0.007517,0.008107,0.008902,0.009946,0.011160,0.012280,0.012950],
	[0.000000,0.000000,0.000000,0.000000,0.000000,0.000000,0.000000,0.000000,0.000000,0.000000,0.000000,0.000000,0.000000,0.000000,0.000000,0.000000,0.000000,0.000000,0.000000,0.000000,0.000000,0.000000,0.000000,0.000000,0.000000,0.000000,0.000000,0.000000,0.000000,0.000000,0.000000,0.000000,0.000000,0.000000,0.000000,0.000000,0.000000,0.000000,0.000000,0.000000,0.000000,0.000000,0.000000,0.000000,0.000000,0.000000,0.000000,0.000000,0.000000,0.000000,0.000000,0.000000,0.000000,0.000000,0.000000,0.000000,0.000000,0.000000,0.000000,0.000000,0.000000,0.000000,0.000000,0.000000,0.000000,0.000000,0.000000,0.000000,0.000000,0.000000,0.000000,0.000000,0.000000,0.000000,0.000000,0.000000,0.000000,0.000000,0.000000,0.000000,0.000000,0.000000,0.000000,0.000000,0.000000,0.000000,0.000000,0.000000,0.000000,0.000000,0.000000,0.000000,0.000000,0.000000,0.000000,0.000000,0.000000,0.000000,0.000000,0.000000,0.000000,0.000000,0.000000,0.000000,0.000000,0.000000,0.000000,0.000000,0.000000,0.000000,0.000000,0.000000,0.000000,0.000000,0.000000,0.000000,0.000000,0.000000,0.000000,0.000000,0.000000,0.000000,0.000000,0.000000,0.000000,0.000000,0.000000,0.000000,0.000000,0.000000,0.000000,0.000000,0.000000,0.000000,0.000000,0.000000,0.000000,0.000000,0.000000,0.000000,0.000000,0.000000,0.000000,0.000000,0.000000,0.000000,0.000000,0.000000,0.000000,0.000000,0.000000,0.000000,0.000000,0.000000,0.000000,0.000000,0.000000,0.000000,0.000000,0.000000,0.000000,0.000000,0.000000,0.000000,0.000000,0.000000,0.000000,0.000000,0.000000,0.000000,0.000000,0.000000,0.000000,0.000000,0.000000,0.000000,0.000000,0.000000,0.000000,0.000000,0.000000,0.000000,0.000000,0.000000,0.000000,0.000000,0.000000,0.000000,0.000000,0.000000,0.000000,0.000000,0.000000,0.000000,0.000000,0.000000,0.000000,0.000000,0.000000,0.000000,0.000000,0.000000,0.000000,0.000000,0.000000,0.000000,0.000000,0.000000,0.000000,0.000000,0.000000,0.000000,0.000000,0.000000,0.000000,0.000000,0.000000,0.000000,0.000000,0.000000,0.000000,0.000000,0.000000,0.000000,0.000000,0.000000,0.000000,0.000000,0.000000,0.000000,0.000000,0.000000,0.000000,0.000000,0.000000,0.000000,0.000000,0.000000,0.000000,0.000000,0.000000,0.000000,0.000000,0.000000,0.000000,0.000000,0.000000,0.000000,0.000000,0.000000,0.000000,0.000000,0.000000,0.000000,0.000000,0.000000],
	[0.011151,0.010390,0.009420,0.008506,0.007762,0.007170,0.006705,0.006331,0.006007,0.005724,0.005465,0.005232,0.005016,0.004817,0.004634,0.004463,0.004301,0.004150,0.004007,0.003871,0.003743,0.003620,0.003501,0.003388,0.003279,0.003172,0.003071,0.002974,0.002880,0.002792,0.002707,0.002624,0.002542,0.002462,0.002383,0.002306,0.002232,0.002159,0.002085,0.002014,0.001945,0.001879,0.001814,0.001751,0.001690,0.001628,0.001563,0.001498,0.001437,0.001378,0.001321,0.001265,0.001209,0.001154,0.001098,0.001041,0.000985,0.000931,0.000881,0.000831,0.000778,0.000723,0.000671,0.000621,0.000573,0.000524,0.000474,0.000421,0.000368,0.000317,0.000263,0.000211,0.000161,0.000111,0.000062,0.000013,-0.000036,-0.000088,-0.000139,-0.000188,-0.000235,-0.000283,-0.000334,-0.000388,-0.000441,-0.000492,-0.000540,-0.000588,-0.000638,-0.000692,-0.000750,-0.000804,-0.000856,-0.000908,-0.000963,-0.001019,-0.001076,-0.001135,-0.001195,-0.001254,-0.001313,-0.001372,-0.001434,-0.001498,-0.001565,-0.001634,-0.001702,-0.001773,-0.001847,-0.001922,-0.001999,-0.002079,-0.002160,-0.002240,-0.002318,-0.002393,-0.002467,-0.002541,-0.002622,-0.002712,-0.002812,-0.002918,-0.003026,-0.003136,-0.003252,-0.003377,-0.003509,-0.003643,-0.003768,-0.003874,-0.003947,-0.003980,-0.003986,-0.003992,-0.004033,-0.004132,-0.004290,-0.004491,-0.004714,-0.004940,-0.005161,-0.005380,-0.005611,-0.005885,-0.006237,-0.006701,-0.007286,-0.007984,-0.008784,-0.009639,-0.010333,-0.010485,-0.009767,-0.008169,-0.006080,-0.004121,-0.002806,-0.002275,-0.002282,-0.002464,-0.002601,-0.002679,-0.002809,-0.003086,-0.003488,-0.003883,-0.004137,-0.004227,-0.004241,-0.004293,-0.004446,-0.004701,-0.005001,-0.005285,-0.005524,-0.005721,-0.005892,-0.006047,-0.006168,-0.006224,-0.006192,-0.006071,-0.005858,-0.005550,-0.005163,-0.004734,-0.004297,-0.003875,-0.003497,-0.003187,-0.002935,-0.002708,-0.002488,-0.002280,-0.002081,-0.001871,-0.001639,-0.001405,-0.001183,-0.000971,-0.000769,-0.000593,-0.000445,-0.000304,-0.000153,0.000000,0.000149,0.000308,0.000495,0.000700,0.000901,0.001097,0.001302,0.001518,0.001738,0.001963,0.002189,0.002386,0.002513,0.002562,0.002567,0.002561,0.002562,0.002582,0.002643,0.002747,0.002861,0.002956,0.003037,0.003121,0.003217,0.003327,0.003468,0.003647,0.003839,0.004008,0.004147,0.004278,0.004413,0.004555,0.004720,0.004929,0.005178,0.005437,0.005692,0.005953,0.006235,0.006542,0.006892,0.007323,0.007877,0.008575,0.009418,0.010326,0.011087,0.011416],
	[0.000062,0.000777,0.001263,0.001336,0.000440,-0.000511,-0.000507,-0.000184,0.000222,0.000274,0.000009,-0.000349,-0.000311,0.000068,0.000480,0.000490,0.000063,-0.000615,-0.001011,-0.001002,-0.000749,-0.000566,-0.000467,-0.000325,-0.000129,-0.000212,-0.000790,-0.001746,-0.002530,-0.002856,-0.002589,-0.001915,-0.001041,-0.000144,0.000780,0.001576,0.002107,0.002265,0.002256,0.002252,0.002396,0.002524,0.002513,0.002164,0.001605,0.000780,-0.000003,-0.000518,-0.000728,-0.000548,-0.000197,0.000046,0.000103,0.000029,-0.000077,-0.000090,0.000068,0.000195,0.000080,-0.000389,-0.000924,-0.001108,-0.000631,0.000247,0.001137,0.001691,0.002096,0.002384,0.002624,0.002036,0.001109,0.000966,0.000878,0.000349,-0.000144,-0.000191,0.000080,0.000398,0.000612,0.000099,-0.000531,-0.000442,-0.000444,-0.000611,-0.000840,-0.000785,-0.000573,-0.000221,0.000244,0.000901,0.001425,0.001349,0.000617,0.000347,0.000477,0.000121,-0.000638,-0.000916,-0.000687,-0.000150,0.000382,0.000663,0.000469,-0.000069,-0.000783,-0.001303,-0.001501,-0.001261,-0.000875,-0.000875,-0.001967,-0.002638,-0.001971,-0.000735,0.000519,0.001183,0.000979,0.000170,-0.000285,-0.000216,0.000042,0.000356,0.000687,0.001056,0.001356,0.001422,0.000976,0.000151,-0.000213,-0.000085,-0.000059,-0.000735,-0.001462,-0.001424,-0.001246,-0.000821,-0.000505,-0.000163,0.000022,0.000388,0.000514,0.000519,-0.000837,-0.002128,-0.002134,-0.001879,-0.001138,-0.000243,0.000869,0.001815,0.002386,0.002328,0.001852,0.001091,0.000168,-0.000547,-0.000743,-0.000544,-0.000020,0.000452,0.000654,0.000242,-0.000649,-0.001089,-0.000908,-0.000467,-0.000056,0.000256,-0.000340,-0.001694,-0.001904,-0.001401,-0.000661,-0.000151,0.000288,0.000462,0.000519,-0.000480,-0.001602,-0.001808,-0.002139,-0.002569,-0.002879,-0.002633,-0.001966,-0.000913,0.000241,0.001462,0.002413,0.002859,0.002482,0.001639,0.000312,-0.000982,-0.001755,-0.001950,-0.001340,-0.000175,0.001035,0.001746,0.001826,0.001697,0.001665,0.001578,0.001075,0.000232,-0.000245,-0.000067,0.000306,0.000341,-0.000683,-0.001281,-0.000473,0.000749,0.001674,0.001732,0.001124,0.000226,-0.000428,-0.000714,-0.000548,-0.000116,0.000167,-0.000074,-0.000816,-0.001592,-0.001958,-0.002049,-0.002081,-0.001884,-0.001159,-0.000161,0.000589,0.000624,0.000133,-0.000048,0.000495,0.001429,0.002173,0.002281,0.001795,0.001002,0.000118,-0.000583,-0.000911,-0.000903,-0.000708,-0.000658,-0.000710,-0.000297,0.000556,0.001158,0.000982,0.000249,-0.000387,-0.000420],
	[0.002288,0.000861,-0.000601,-0.000091,0.000524,0.001455,0.001843,0.001864,0.001374,0.000914,0.000443,0.000072,-0.000374,-0.000818,-0.001416,-0.001848,-0.002006,-0.001594,-0.000684,0.000552,0.001527,0.001937,0.001745,0.001319,0.000833,0.000399,0.000020,-0.000245,-0.000521,-0.000767,-0.001062,-0.001374,-0.001782,-0.002287,-0.002981,-0.003645,-0.004034,-0.003775,-0.002726,-0.001012,0.000730,0.001853,0.002020,0.001480,0.000594,-0.000371,-0.001384,-0.002261,-0.002758,-0.002601,-0.001772,-0.000445,0.000878,0.001656,0.001319,0.000260,-0.000129,0.000283,0.000730,0.000835,0.000203,-0.000943,-0.001633,-0.001485,-0.000769,0.000156,0.000884,0.001344,0.001698,0.002069,0.002217,0.001925,0.001267,0.000541,-0.000163,-0.000801,-0.001320,-0.001605,-0.001403,-0.000837,-0.000444,-0.000362,-0.000109,0.000131,-0.000305,-0.000997,-0.000966,-0.000351,0.000498,0.001171,0.001638,0.001956,0.002307,0.002359,0.001929,0.001081,0.000848,0.001050,0.001406,0.000599,-0.000196,0.000225,0.000554,0.000409,-0.000347,-0.000562,-0.000390,-0.000631,-0.001499,-0.001612,-0.000939,-0.000033,0.000681,0.001305,0.001882,0.002437,0.002680,0.002533,0.002037,0.001530,0.001113,0.000799,0.000502,0.000275,0.000020,-0.000215,-0.000515,-0.000827,-0.001244,-0.001491,-0.001433,-0.001030,-0.000746,-0.000903,-0.001470,-0.001747,-0.001456,-0.000563,0.000273,0.000708,0.000570,0.000505,0.000586,0.000897,0.000060,-0.000722,-0.000254,0.000065,0.000147,-0.000215,-0.000678,-0.001310,-0.001914,-0.002466,-0.002598,-0.002296,-0.001668,-0.001217,-0.001391,-0.002180,-0.002445,-0.001959,-0.001168,-0.000552,-0.000156,0.000095,0.000338,0.000373,0.000035,-0.000611,-0.000957,-0.001026,-0.000919,-0.000697,-0.000206,0.000509,0.001711,0.002938,0.003666,0.002712,0.001329,0.001366,0.001888,0.002194,0.001964,0.001300,0.000419,-0.000268,-0.000510,-0.000204,0.000427,0.001014,0.001216,0.001116,0.001114,0.001144,0.000770,0.000108,-0.000228,0.000127,0.001048,0.002014,0.002543,0.002474,0.001992,0.001386,0.000872,0.000406,-0.000080,-0.000468,-0.000422,0.000163,0.001037,0.001665,0.001765,0.001421,0.001030,0.000744,0.000508,0.000298,0.000136,-0.000027,-0.000168,-0.000327,-0.000471,-0.000643,-0.000808,-0.001019,-0.001251,-0.001558,-0.001916,-0.002470,-0.002948,-0.003087,-0.002761,-0.002217,-0.001578,-0.000961,-0.000387,-0.000147,-0.000580,-0.001447,-0.001721,-0.001562,-0.001190,-0.000902,-0.000468,0.000128,0.001107,0.001974,0.002605,0.001933,0.000274,-0.000286,0.000753,0.001565]
],
	"idxs" : [170,0,151,29,36]
,"hydrophone_pos" : [
	[0.000000,0.000000,0.000000],
	[0.000000,0.000000,0.000000],
	[0.450000,0.000000,0.000000],
	[0.000000,0.450000,0.000000],
	[0.000000,0.000000,-0.450000]
],
	"direction_of_arrival" : [0.635455,0.066890,0.769235]
,	"valid" : [0.000000,-0.000000,-0.000000,-0.000000,-10017698.000000]
}
dump = {
	"magnitude" : [0.000000,0.000076,0.000068,0.000038,0.000049,0.000073,0.000133,0.000261,0.000166,0.000058,0.000072,0.000447,0.000479,0.000032,0.000455,0.001833,0.002277,0.001168,0.000224,0.000709,0.001264,0.000971,0.000206,0.000018,0.000154,0.000145,0.000051,0.000012,0.000013,0.000006,0.000006,0.000005]
,	"raw_mv" : [
	[-12.208000,-6.104000,-4.196499,-6.104000,-5.341000,-4.578000,-6.485500,-4.196499,-4.578000,-5.341000,-3.052000,-1.144500,-2.289000,-3.052000,-0.381500,-1.907500,-1.144500,-1.144500,-1.907500,-0.381500,2.289000,0.763000,3.052000,5.341000,1.907500,0.763000,2.289000,3.052000,3.052000,4.959500,-0.381500,-2.670500,1.526000,3.052000,1.907500,0.000000,-0.763000,-0.763000,3.433500,3.052000,-1.526000,-4.959500,-5.722499,-3.815000,0.000000,-0.381500,-6.867000,-6.104000,-3.052000,-3.433500,-4.578000,-5.722499,-8.011500,-9.919000,-6.485500,-4.578000,-4.196499,-4.196499,-6.104000,-8.774499,-4.578000,-4.959500,-9.919000,-9.537500,-8.392999,-11.063500,-12.208000,-10.300499,-10.300499,-7.630000,-9.156000,-13.734000,-12.971000,-9.156000,-11.444999,-17.167499,-14.496999,-14.115500,-12.971000,-14.496999,-15.260000,-15.260000,-10.682000,-9.537500,-13.352499,-12.971000,-14.115500,-17.167499,-18.312000,-17.930500,-17.930500,-14.496999,-10.682000,-14.115500,-15.641500,-14.115500,-14.496999,-11.444999,-11.063500,-12.971000,-11.826499,-8.774499,-8.774499,-11.063500,-11.444999,-12.208000,-11.826499,-8.392999,-6.104000,-6.104000,-4.196499,-3.815000,-5.341000,-8.392999,-10.682000,-13.734000,-7.630000,-4.959500,-6.485500,-9.156000,-9.537500,-8.774499,-6.867000,-4.196499,-5.722499,-6.104000,-4.578000,-3.052000,-3.815000,-1.526000,0.381500,-1.526000,0.000000,-1.526000,-3.052000,-3.433500,-0.763000,-0.763000,-1.526000,0.000000,-0.763000,-1.144500,-3.815000,-4.196499,-3.433500,-3.815000,-4.196499,-1.907500,0.000000,-3.052000,-5.722499,-3.433500,-3.052000,-3.052000,-0.381500,-0.763000,-1.526000,-0.381500,-1.526000,-4.196499,-2.289000,-0.763000,-3.052000,-0.763000,0.381500,-3.052000,-5.341000,-5.341000,-4.196499,-1.907500,-1.526000,0.763000,-12.971000,-56.462001,9.537500,86.219001,-26.323499,-82.022499,-0.763000,10.682000,1.907500,-14.115500,-30.138500,17.930500,31.283000,-46.542999,-60.277000,42.346500,5.722499,-131.999008,-5.341000,104.149497,75.155502,120.935501,-12.971000,-185.790496,-181.212509,-460.852020,849.981994,310.159515,-299.859008,-1212.025512,-680.977539,2280.225585,1540.115478,-2354.999511,-1514.173461,1410.405517,1626.334472,-1450.463012,-1930.008544,1439.399536,2361.485107,-1004.108032,-2663.251464,450.551513,2641.887451,90.034004,-2816.614501,-181.212509,2463.345459,561.949523,-2701.401611,-593.995483,2530.489501,1114.743042,-2602.974609,-1114.743042,2029.198486,1519.895996,-1994.482055,-1686.229980,1632.438476,2151.659912,-1488.994506,-2311.890136,1172.730957,2382.849121,-842.733520,-2564.443115,581.787536,2632.350097,-85.074501,-2884.521484,-181.594009,2676.604003,743.924987,-2729.250976,-856.467529,2458.385986,1415.364990,-2559.483642,-1649.224487,2275.647460,2076.504638,-2134.874023],
	[0.000000,0.000000,0.000000,0.000000,0.000000,0.000000,0.000000,0.000000,0.000000,0.000000,0.000000,0.000000,0.000000,0.000000,0.000000,0.000000,0.000000,0.000000,0.000000,0.000000,0.000000,0.000000,0.000000,0.000000,0.000000,0.000000,0.000000,0.000000,0.000000,0.000000,0.000000,0.000000,0.000000,0.000000,0.000000,0.000000,0.000000,0.000000,0.000000,0.000000,0.000000,0.000000,0.000000,0.000000,0.000000,0.000000,0.000000,0.000000,0.000000,0.000000,0.000000,0.000000,0.000000,0.000000,0.000000,0.000000,0.000000,0.000000,0.000000,0.000000,0.000000,0.000000,0.000000,0.000000,0.000000,0.000000,0.000000,0.000000,0.000000,0.000000,0.000000,0.000000,0.000000,0.000000,0.000000,0.000000,0.000000,0.000000,0.000000,0.000000,0.000000,0.000000,0.000000,0.000000,0.000000,0.000000,0.000000,0.000000,0.000000,0.000000,0.000000,0.000000,0.000000,0.000000,0.000000,0.000000,0.000000,0.000000,0.000000,0.000000,0.000000,0.000000,0.000000,0.000000,0.000000,0.000000,0.000000,0.000000,0.000000,0.000000,0.000000,0.000000,0.000000,0.000000,0.000000,0.000000,0.000000,0.000000,0.000000,0.000000,0.000000,0.000000,0.000000,0.000000,0.000000,0.000000,0.000000,0.000000,0.000000,0.000000,0.000000,0.000000,0.000000,0.000000,0.000000,0.000000,0.000000,0.000000,0.000000,0.000000,0.000000,0.000000,0.000000,0.000000,0.000000,0.000000,0.000000,0.000000,0.000000,0.000000,0.000000,0.000000,0.000000,0.000000,0.000000,0.000000,0.000000,0.000000,0.000000,0.000000,0.000000,0.000000,0.000000,0.000000,0.000000,0.000000,0.000000,0.000000,0.000000,0.000000,0.000000,0.000000,0.000000,0.000000,0.000000,0.000000,0.000000,0.000000,0.000000,0.000000,0.000000,0.000000,0.000000,0.000000,0.000000,0.000000,0.000000,0.000000,0.000000,0.000000,0.000000,0.000000,0.000000,0.000000,0.000000,0.000000,0.000000,0.000000,0.000000,0.000000,0.000000,0.000000,0.000000,0.000000,0.000000,0.000000,0.000000,0.000000,0.000000,0.000000,0.000000,0.000000,0.000000,0.000000,0.000000,0.000000,0.000000,0.000000,0.000000,0.000000,0.000000,0.000000,0.000000,0.000000,0.000000,0.000000,0.000000,0.000000,0.000000,0.000000,0.000000,0.000000,0.000000,0.000000,0.000000,0.000000,0.000000,0.000000,0.000000,0.000000,0.000000,0.000000,0.000000,0.000000,0.000000,0.000000,0.000000,0.000000,0.000000,0.000000,0.000000,0.000000,0.000000,0.000000,0.000000,0.000000],
	[-6.714400,-6.409200,-6.409200,-6.638100,-6.485500,-6.561800,-6.714400,-6.485500,-6.409200,-6.561800,-6.561800,-6.638100,-6.638100,-6.714400,-6.638100,-6.790700,-6.561800,-6.561800,-6.409200,-6.638100,-6.638100,-6.638100,-6.638100,-6.485500,-6.714400,-6.714400,-6.485500,-6.485500,-6.485500,-6.332900,-6.409200,-6.485500,-6.409200,-6.409200,-6.485500,-6.485500,-6.409200,-6.638100,-6.485500,-6.332900,-6.332900,-6.409200,-6.256600,-6.332900,-6.332900,-6.180300,-6.332900,-6.332900,-6.332900,-6.409200,-6.485500,-6.561800,-6.485500,-6.561800,-6.561800,-6.485500,-6.638100,-6.638100,-6.714400,-6.561800,-6.638100,-6.714400,-6.714400,-6.561800,-6.714400,-6.790700,-7.019600,-6.867000,-6.943300,-6.790700,-6.867000,-7.095900,-6.943300,-7.095900,-7.019600,-7.019600,-6.867000,-7.095900,-7.019600,-7.019600,-7.095900,-7.019600,-7.019600,-7.019600,-7.095900,-6.714400,-6.867000,-6.943300,-6.943300,-6.867000,-6.867000,-6.790700,-6.714400,-6.714400,-6.638100,-6.561800,-6.485500,-6.409200,-6.409200,-6.332900,-6.332900,-6.180300,-6.180300,-6.332900,-6.256600,-6.332900,-6.180300,-6.027700,-5.951400,-6.104000,-6.027700,-6.027700,-6.027700,-6.180300,-5.951400,-6.180300,-6.104000,-5.875100,-6.027700,-6.104000,-6.180300,-6.180300,-6.027700,-5.951400,-6.180300,-6.104000,-6.104000,-6.104000,-6.256600,-6.332900,-6.180300,-6.256600,-6.180300,-6.256600,-6.332900,-6.332900,-6.409200,-6.485500,-6.180300,-6.332900,-6.332900,-6.256600,-6.256600,-6.180300,-6.485500,-7.095900,-6.104000,-5.341000,-6.867000,-7.401100,-5.951400,-5.569900,-6.332900,-7.553700,-6.561800,-4.272799,-6.638100,-8.164100,-4.730600,-4.730600,-9.156000,-11.216100,-5.112100,2.823100,-3.662400,-13.505100,-11.063500,-4.349100,-2.517900,-6.943300,-10.987200,-5.722500,-0.076300,-4.043900,-13.657700,-11.139800,-2.746800,-1.754900,-9.003399,-12.284300,7.019600,13.886600,-3.662400,-63.481601,-81.946205,77.444503,88.965805,-52.036602,-56.996101,-11.292400,38.989299,-5.341000,-63.023803,-4.272799,29.146600,-5.035799,-34.869102,-8.011500,44.788101,-14.802200,-44.864402,-18.159400,38.531501,-20.829900,-43.033203,-2.212700,47.000801,-9.156000,-57.301303,-17.396400,59.590301,-6.409200,-78.054901,-19.761701,73.553199,25.102701,-87.287200,-57.606502,59.285102,62.031902,-67.372901,-73.019104,34.945400,78.894203,-48.908302,-85.379699,5.112100,91.636306,-22.127000,-92.170402,-20.372100,91.865203,11.292400,-86.219001,-50.052803,78.207504,36.089900,-80.038703,-62.871200,60.887401,61.497802,-65.694305,-76.681503,34.716499,77.902305,-44.101402,-84.158905,7.782600,85.532302,-27.391700,-76.681503,-8.927100,79.046806,-9.156000,-76.452606,-30.138500],
	[-7.248499,-7.248499,-7.248499,-7.248499,-7.248499,-7.248499,-7.248499,-6.867000,-6.867000,-7.248499,-7.248499,-7.248499,-7.248499,-7.248499,-7.248499,-7.248499,-7.248499,-7.248499,-7.248499,-7.248499,-7.248499,-6.867000,-6.867000,-6.867000,-7.248499,-7.248499,-7.248499,-6.867000,-7.248499,-7.248499,-7.248499,-7.248499,-7.248499,-7.248499,-7.248499,-7.248499,-7.248499,-7.248499,-7.248499,-6.867000,-7.248499,-6.867000,-7.248499,-7.248499,-7.248499,-7.248499,-6.867000,-7.248499,-7.248499,-7.248499,-6.867000,-7.248499,-7.248499,-7.248499,-7.248499,-7.248499,-7.248499,-7.248499,-7.248499,-7.248499,-7.248499,-7.248499,-6.867000,-6.867000,-7.248499,-7.248499,-7.248499,-6.867000,-6.867000,-7.248499,-7.248499,-7.248499,-7.248499,-7.248499,-7.248499,-7.248499,-7.630000,-6.867000,-7.248499,-7.248499,-7.248499,-6.867000,-6.867000,-6.867000,-7.248499,-7.248499,-7.248499,-6.867000,-7.248499,-6.867000,-7.248499,-7.248499,-7.248499,-7.248499,-6.867000,-7.248499,-6.867000,-6.867000,-6.867000,-6.485500,-7.248499,-6.867000,-6.485500,-6.485500,-6.485500,-6.867000,-6.867000,-6.867000,-6.485500,-6.485500,-7.248499,-6.867000,-6.867000,-6.485500,-6.867000,-7.248499,-6.867000,-6.867000,-6.867000,-7.248499,-7.248499,-7.248499,-7.248499,-6.867000,-7.248499,-7.248499,-7.248499,-7.248499,-7.248499,-7.248499,-6.867000,-7.248499,-6.867000,-6.867000,-7.248499,-7.248499,-7.248499,-7.248499,-7.248499,-7.248499,-7.248499,-7.248499,-7.248499,-7.248499,-7.248499,-7.248499,-6.867000,-7.248499,-7.248499,-7.248499,-7.248499,-7.248499,-7.248499,-7.248499,-6.867000,-6.867000,-7.248499,-7.248499,-7.248499,-7.248499,-7.248499,-7.248499,-7.248499,-6.867000,-6.867000,-7.248499,-7.248499,-7.248499,-7.248499,-7.248499,-7.248499,-6.867000,-7.630000,-7.248499,-7.248499,-7.248499,-6.867000,-7.248499,-6.867000,-7.248499,-7.248499,-7.248499,-7.248499,-7.248499,-6.867000,-7.248499,-6.867000,-7.248499,-6.867000,-7.248499,-7.248499,-7.248499,-7.248499,-7.630000,-6.867000,-7.248499,-7.248499,-7.248499,-7.248499,-7.248499,-7.248499,-6.867000,-6.867000,-7.248499,-7.248499,-7.248499,-7.248499,-7.248499,-6.867000,-6.867000,-6.867000,-7.248499,-7.248499,-7.248499,-7.248499,-7.248499,-7.248499,-6.867000,-6.867000,-6.867000,-7.248499,-6.867000,-6.867000,-7.248499,-7.248499,-7.248499,-7.248499,-7.248499,-7.248499,-7.248499,-7.248499,-7.248499,-7.248499,-7.630000,-7.248499,-6.867000,-7.248499,-7.248499,-7.248499,-7.248499,-6.867000,-6.867000,-6.867000,-6.867000,-6.867000,-6.867000,-6.867000,-6.867000,-6.485500,-6.867000,-6.485500,-6.867000,-6.867000,-6.867000,-6.867000,-6.485500],
	[-7.248499,-7.248499,-7.248499,-7.248499,-7.248499,-6.867000,-7.248499,-7.248499,-6.867000,-7.248499,-7.248499,-7.248499,-6.867000,-7.248499,-7.248499,-7.248499,-7.248499,-7.248499,-7.248499,-7.248499,-7.248499,-6.867000,-6.867000,-7.248499,-7.248499,-7.248499,-7.248499,-7.248499,-7.248499,-7.248499,-6.867000,-7.248499,-7.248499,-7.248499,-7.248499,-7.630000,-7.248499,-7.248499,-7.248499,-6.867000,-7.248499,-7.248499,-6.867000,-7.248499,-7.248499,-6.867000,-7.248499,-7.248499,-7.248499,-7.248499,-7.248499,-7.248499,-7.248499,-7.248499,-7.248499,-7.248499,-7.248499,-7.248499,-7.248499,-7.248499,-7.248499,-7.248499,-6.867000,-7.248499,-6.867000,-7.248499,-7.248499,-7.248499,-7.248499,-6.867000,-7.248499,-6.867000,-7.248499,-7.248499,-7.248499,-7.248499,-7.248499,-7.248499,-7.248499,-6.867000,-6.867000,-7.248499,-7.630000,-7.630000,-6.867000,-7.248499,-7.248499,-7.248499,-7.248499,-7.248499,-7.248499,-7.248499,-6.867000,-7.248499,-6.867000,-6.867000,-7.248499,-7.248499,-6.867000,-6.867000,-6.867000,-6.867000,-6.867000,-6.485500,-6.485500,-6.485500,-6.867000,-6.867000,-6.867000,-6.867000,-6.867000,-6.867000,-6.867000,-6.867000,-6.867000,-7.248499,-7.248499,-6.867000,-6.867000,-7.248499,-6.867000,-7.248499,-6.867000,-7.248499,-6.867000,-7.248499,-7.248499,-7.248499,-7.248499,-7.248499,-7.248499,-6.867000,-7.248499,-7.248499,-7.248499,-7.248499,-7.248499,-7.248499,-7.248499,-7.248499,-6.867000,-6.867000,-7.248499,-6.867000,-7.248499,-7.248499,-7.248499,-7.248499,-7.248499,-7.248499,-7.630000,-7.248499,-7.248499,-7.248499,-7.248499,-7.248499,-7.248499,-7.248499,-7.248499,-7.248499,-6.867000,-7.248499,-7.248499,-7.248499,-7.248499,-7.248499,-7.248499,-7.248499,-7.248499,-7.248499,-6.867000,-7.248499,-7.630000,-7.248499,-7.248499,-7.248499,-7.248499,-6.867000,-7.248499,-6.867000,-7.248499,-7.248499,-7.248499,-7.248499,-7.248499,-7.248499,-7.248499,-7.248499,-7.248499,-7.248499,-7.248499,-7.248499,-7.248499,-7.248499,-6.867000,-7.248499,-7.630000,-7.248499,-7.248499,-7.248499,-7.248499,-7.248499,-7.248499,-7.248499,-7.248499,-7.248499,-7.248499,-6.867000,-6.867000,-7.248499,-7.248499,-7.630000,-6.867000,-7.248499,-7.248499,-7.248499,-7.630000,-6.867000,-6.867000,-7.248499,-7.248499,-7.248499,-7.248499,-6.867000,-7.248499,-7.248499,-7.248499,-7.248499,-7.248499,-7.630000,-7.248499,-7.248499,-6.867000,-7.248499,-7.248499,-7.248499,-7.248499,-7.248499,-7.248499,-6.867000,-6.867000,-6.867000,-6.867000,-6.867000,-6.867000,-6.867000,-6.867000,-6.867000,-6.867000,-6.867000,-6.867000,-6.867000,-6.867000,-6.867000,-6.485500,-6.485500]
],
"normalized" : [
	[-0.007611,-0.000618,0.001567,-0.000618,0.000256,0.001130,-0.001055,0.001567,0.001130,0.000256,0.002878,0.005064,0.003752,0.002878,0.005938,0.004189,0.005064,0.005064,0.004189,0.005938,0.008998,0.007249,0.009872,0.012494,0.008560,0.007249,0.008998,0.009872,0.009872,0.012057,0.005938,0.003315,0.008123,0.009872,0.008560,0.006375,0.005501,0.005501,0.010309,0.009872,0.004627,0.000693,-0.000180,0.002004,0.006375,0.005938,-0.001492,-0.000618,0.002878,0.002441,0.001130,-0.000180,-0.002803,-0.004989,-0.001055,0.001130,0.001567,0.001567,-0.000618,-0.003677,0.001130,0.000693,-0.004989,-0.004551,-0.003240,-0.006300,-0.007611,-0.005426,-0.005426,-0.002366,-0.004114,-0.009360,-0.008485,-0.004114,-0.006737,-0.013293,-0.010234,-0.009797,-0.008485,-0.010234,-0.011108,-0.011108,-0.005863,-0.004551,-0.008922,-0.008485,-0.009797,-0.013293,-0.014605,-0.014168,-0.014168,-0.010234,-0.005863,-0.009797,-0.011545,-0.009797,-0.010234,-0.006737,-0.006300,-0.008485,-0.007174,-0.003677,-0.003677,-0.006300,-0.006737,-0.007611,-0.007174,-0.003240,-0.000618,-0.000618,0.001567,0.002004,0.000256,-0.003240,-0.005863,-0.009360,-0.002366,0.000693,-0.001055,-0.004114,-0.004551,-0.003677,-0.001492,0.001567,-0.000180,-0.000618,0.001130,0.002878,0.002004,0.004627,0.006812,0.004627,0.006375,0.004627,0.002878,0.002441,0.005501,0.005501,0.004627,0.006375,0.005501,0.005064,0.002004,0.001567,0.002441,0.002004,0.001567,0.004189,0.006375,0.002878,-0.000180,0.002441,0.002878,0.002878,0.005938,0.005501,0.004627,0.005938,0.004627,0.001567,0.003752,0.005501,0.002878,0.005501,0.006812,0.002878,0.000256,0.000256,0.001567,0.004189,0.004627,0.007249,-0.008485,-0.058314,0.017302,0.105159,-0.023784,-0.087600,0.005501,0.018614,0.008560,-0.009797,-0.028155,0.026918,0.042217,-0.046950,-0.062685,0.054893,0.012931,-0.144859,0.000256,0.125702,0.092483,0.144934,-0.008485,-0.206490,-0.201245,-0.521636,0.980225,0.361734,-0.337182,-1.382279,-0.773841,2.618899,1.770932,-2.691819,-1.728459,1.622320,1.869716,-1.655464,-2.204894,1.655539,2.712000,-1.144061,-3.044993,0.522586,3.033266,0.109530,-3.220705,-0.201245,2.828705,0.650218,-3.088702,-0.674183,2.905634,1.283570,-2.975932,-1.270819,2.331290,1.747766,-2.278763,-1.925589,1.876710,2.471597,-1.699610,-2.642427,1.350009,2.736478,-0.959170,-2.931785,0.672947,3.022339,-0.091096,-3.298508,-0.201682,3.073042,0.858713,-3.120610,-0.974905,2.823023,1.628002,-2.926103,-1.883191,2.613654,2.385489,-2.439615],
	[0.000000,0.000000,0.000000,0.000000,0.000000,0.000000,0.000000,0.000000,0.000000,0.000000,0.000000,0.000000,0.000000,0.000000,0.000000,0.000000,0.000000,0.000000,0.000000,0.000000,0.000000,0.000000,0.000000,0.000000,0.000000,0.000000,0.000000,0.000000,0.000000,0.000000,0.000000,0.000000,0.000000,0.000000,0.000000,0.000000,0.000000,0.000000,0.000000,0.000000,0.000000,0.000000,0.000000,0.000000,0.000000,0.000000,0.000000,0.000000,0.000000,0.000000,0.000000,0.000000,0.000000,0.000000,0.000000,0.000000,0.000000,0.000000,0.000000,0.000000,0.000000,0.000000,0.000000,0.000000,0.000000,0.000000,0.000000,0.000000,0.000000,0.000000,0.000000,0.000000,0.000000,0.000000,0.000000,0.000000,0.000000,0.000000,0.000000,0.000000,0.000000,0.000000,0.000000,0.000000,0.000000,0.000000,0.000000,0.000000,0.000000,0.000000,0.000000,0.000000,0.000000,0.000000,0.000000,0.000000,0.000000,0.000000,0.000000,0.000000,0.000000,0.000000,0.000000,0.000000,0.000000,0.000000,0.000000,0.000000,0.000000,0.000000,0.000000,0.000000,0.000000,0.000000,0.000000,0.000000,0.000000,0.000000,0.000000,0.000000,0.000000,0.000000,0.000000,0.000000,0.000000,0.000000,0.000000,0.000000,0.000000,0.000000,0.000000,0.000000,0.000000,0.000000,0.000000,0.000000,0.000000,0.000000,0.000000,0.000000,0.000000,0.000000,0.000000,0.000000,0.000000,0.000000,0.000000,0.000000,0.000000,0.000000,0.000000,0.000000,0.000000,0.000000,0.000000,0.000000,0.000000,0.000000,0.000000,0.000000,0.000000,0.000000,0.000000,0.000000,0.000000,0.000000,0.000000,0.000000,0.000000,0.000000,0.000000,0.000000,0.000000,0.000000,0.000000,0.000000,0.000000,0.000000,0.000000,0.000000,0.000000,0.000000,0.000000,0.000000,0.000000,0.000000,0.000000,0.000000,0.000000,0.000000,0.000000,0.000000,0.000000,0.000000,0.000000,0.000000,0.000000,0.000000,0.000000,0.000000,0.000000,0.000000,0.000000,0.000000,0.000000,0.000000,0.000000,0.000000,0.000000,0.000000,0.000000,0.000000,0.000000,0.000000,0.000000,0.000000,0.000000,0.000000,0.000000,0.000000,0.000000,0.000000,0.000000,0.000000,0.000000,0.000000,0.000000,0.000000,0.000000,0.000000,0.000000,0.000000,0.000000,0.000000,0.000000,0.000000,0.000000,0.000000,0.000000,0.000000,0.000000,0.000000,0.000000,0.000000,0.000000,0.000000,0.000000,0.000000,0.000000,0.000000,0.000000,0.000000,0.000000,0.000000,0.000000,0.000000],
	[0.000892,0.011163,0.011163,0.003460,0.008595,0.006028,0.000892,0.008595,0.011163,0.006028,0.006028,0.003460,0.003460,0.000892,0.003460,-0.001675,0.006028,0.006028,0.011163,0.003460,0.003460,0.003460,0.003460,0.008595,0.000892,0.000892,0.008595,0.008595,0.008595,0.013731,0.011163,0.008595,0.011163,0.011163,0.008595,0.008595,0.011163,0.003460,0.008595,0.013731,0.013731,0.011163,0.016298,0.013731,0.013731,0.018866,0.013731,0.013731,0.013731,0.011163,0.008595,0.006028,0.008595,0.006028,0.006028,0.008595,0.003460,0.003460,0.000892,0.006028,0.003460,0.000892,0.000892,0.006028,0.000892,-0.001675,-0.009378,-0.004242,-0.006810,-0.001675,-0.004242,-0.011945,-0.006810,-0.011945,-0.009378,-0.009378,-0.004242,-0.011945,-0.009378,-0.009378,-0.011945,-0.009378,-0.009378,-0.009378,-0.011945,0.000892,-0.004242,-0.006810,-0.006810,-0.004242,-0.004242,-0.001675,0.000892,0.000892,0.003460,0.006028,0.008595,0.011163,0.011163,0.013731,0.013731,0.018866,0.018866,0.013731,0.016298,0.013731,0.018866,0.024001,0.026569,0.021434,0.024001,0.024001,0.024001,0.018866,0.026569,0.018866,0.021434,0.029137,0.024001,0.021434,0.018866,0.018866,0.024001,0.026569,0.018866,0.021434,0.021434,0.021434,0.016298,0.013731,0.018866,0.016298,0.018866,0.016298,0.013731,0.013731,0.011163,0.008595,0.018866,0.013731,0.013731,0.016298,0.016298,0.018866,0.008595,-0.011945,0.021434,0.047110,-0.004242,-0.022216,0.026569,0.039407,0.013731,-0.027351,0.006028,0.083058,0.003460,-0.047893,0.067652,0.067652,-0.081273,-0.150600,0.054813,0.321852,0.103599,-0.227630,-0.145464,0.080490,0.142114,-0.006810,-0.142897,0.034272,0.224280,0.090761,-0.232766,-0.148032,0.134411,0.167791,-0.076137,-0.186547,0.463074,0.694165,0.103599,-1.909459,-2.530837,2.833041,3.220760,-1.524307,-1.691206,-0.153168,1.538931,0.047110,-1.894053,0.083058,1.207701,0.057381,-0.946580,-0.042757,1.734074,-0.271281,-1.282946,-0.384259,1.523525,-0.474127,-1.221321,0.152385,1.808537,-0.081273,-1.701477,-0.358582,2.232204,0.011163,-2.399885,-0.438180,2.702089,1.071614,-2.710574,-1.711748,2.221933,2.314370,-2.040410,-2.230419,1.402844,2.881826,-1.419033,-2.646382,0.398882,3.310629,-0.517778,-2.874906,-0.458721,3.318332,0.606864,-2.674627,-1.457548,2.858717,1.441359,-2.466645,-1.888918,2.275854,2.296396,-1.983922,-2.353667,1.395141,2.848447,-1.257269,-2.605299,0.488751,3.105214,-0.694948,-2.353667,-0.073570,2.886962,-0.081273,-2.345964,-0.787384],
	[-0.605303,-0.605303,-0.605303,-0.605303,-0.605303,-0.605303,-0.605303,1.116425,1.116425,-0.605303,-0.605303,-0.605303,-0.605303,-0.605303,-0.605303,-0.605303,-0.605303,-0.605303,-0.605303,-0.605303,-0.605303,1.116425,1.116425,1.116425,-0.605303,-0.605303,-0.605303,1.116425,-0.605303,-0.605303,-0.605303,-0.605303,-0.605303,-0.605303,-0.605303,-0.605303,-0.605303,-0.605303,-0.605303,1.116425,-0.605303,1.116425,-0.605303,-0.605303,-0.605303,-0.605303,1.116425,-0.605303,-0.605303,-0.605303,1.116425,-0.605303,-0.605303,-0.605303,-0.605303,-0.605303,-0.605303,-0.605303,-0.605303,-0.605303,-0.605303,-0.605303,1.116425,1.116425,-0.605303,-0.605303,-0.605303,1.116425,1.116425,-0.605303,-0.605303,-0.605303,-0.605303,-0.605303,-0.605303,-0.605303,-2.327034,1.116425,-0.605303,-0.605303,-0.605303,1.116425,1.116425,1.116425,-0.605303,-0.605303,-0.605303,1.116425,-0.605303,1.116425,-0.605303,-0.605303,-0.605303,-0.605303,1.116425,-0.605303,1.116425,1.116425,1.116425,2.838154,-0.605303,1.116425,2.838154,2.838154,2.838154,1.116425,1.116425,1.116425,2.838154,2.838154,-0.605303,1.116425,1.116425,2.838154,1.116425,-0.605303,1.116425,1.116425,1.116425,-0.605303,-0.605303,-0.605303,-0.605303,1.116425,-0.605303,-0.605303,-0.605303,-0.605303,-0.605303,-0.605303,1.116425,-0.605303,1.116425,1.116425,-0.605303,-0.605303,-0.605303,-0.605303,-0.605303,-0.605303,-0.605303,-0.605303,-0.605303,-0.605303,-0.605303,-0.605303,1.116425,-0.605303,-0.605303,-0.605303,-0.605303,-0.605303,-0.605303,-0.605303,1.116425,1.116425,-0.605303,-0.605303,-0.605303,-0.605303,-0.605303,-0.605303,-0.605303,1.116425,1.116425,-0.605303,-0.605303,-0.605303,-0.605303,-0.605303,-0.605303,1.116425,-2.327034,-0.605303,-0.605303,-0.605303,1.116425,-0.605303,1.116425,-0.605303,-0.605303,-0.605303,-0.605303,-0.605303,1.116425,-0.605303,1.116425,-0.605303,1.116425,-0.605303,-0.605303,-0.605303,-0.605303,-2.327034,1.116425,-0.605303,-0.605303,-0.605303,-0.605303,-0.605303,-0.605303,1.116425,1.116425,-0.605303,-0.605303,-0.605303,-0.605303,-0.605303,1.116425,1.116425,1.116425,-0.605303,-0.605303,-0.605303,-0.605303,-0.605303,-0.605303,1.116425,1.116425,1.116425,-0.605303,1.116425,1.116425,-0.605303,-0.605303,-0.605303,-0.605303,-0.605303,-0.605303,-0.605303,-0.605303,-0.605303,-0.605303,-2.327034,-0.605303,1.116425,-0.605303,-0.605303,-0.605303,-0.605303,1.116425,1.116425,1.116425,1.116425,1.116425,1.116425,1.116425,1.116425,2.838154,1.116425,2.838154,1.116425,1.116425,1.116425,1.116425,2.838154],
	[-0.492657,-0.492657,-0.492657,-0.492657,-0.492657,1.309088,-0.492657,-0.492657,1.309088,-0.492657,-0.492657,-0.492657,1.309088,-0.492657,-0.492657,-0.492657,-0.492657,-0.492657,-0.492657,-0.492657,-0.492657,1.309088,1.309088,-0.492657,-0.492657,-0.492657,-0.492657,-0.492657,-0.492657,-0.492657,1.309088,-0.492657,-0.492657,-0.492657,-0.492657,-2.294405,-0.492657,-0.492657,-0.492657,1.309088,-0.492657,-0.492657,1.309088,-0.492657,-0.492657,1.309088,-0.492657,-0.492657,-0.492657,-0.492657,-0.492657,-0.492657,-0.492657,-0.492657,-0.492657,-0.492657,-0.492657,-0.492657,-0.492657,-0.492657,-0.492657,-0.492657,1.309088,-0.492657,1.309088,-0.492657,-0.492657,-0.492657,-0.492657,1.309088,-0.492657,1.309088,-0.492657,-0.492657,-0.492657,-0.492657,-0.492657,-0.492657,-0.492657,1.309088,1.309088,-0.492657,-2.294405,-2.294405,1.309088,-0.492657,-0.492657,-0.492657,-0.492657,-0.492657,-0.492657,-0.492657,1.309088,-0.492657,1.309088,1.309088,-0.492657,-0.492657,1.309088,1.309088,1.309088,1.309088,1.309088,3.110833,3.110833,3.110833,1.309088,1.309088,1.309088,1.309088,1.309088,1.309088,1.309088,1.309088,1.309088,-0.492657,-0.492657,1.309088,1.309088,-0.492657,1.309088,-0.492657,1.309088,-0.492657,1.309088,-0.492657,-0.492657,-0.492657,-0.492657,-0.492657,-0.492657,1.309088,-0.492657,-0.492657,-0.492657,-0.492657,-0.492657,-0.492657,-0.492657,-0.492657,1.309088,1.309088,-0.492657,1.309088,-0.492657,-0.492657,-0.492657,-0.492657,-0.492657,-0.492657,-2.294405,-0.492657,-0.492657,-0.492657,-0.492657,-0.492657,-0.492657,-0.492657,-0.492657,-0.492657,1.309088,-0.492657,-0.492657,-0.492657,-0.492657,-0.492657,-0.492657,-0.492657,-0.492657,-0.492657,1.309088,-0.492657,-2.294405,-0.492657,-0.492657,-0.492657,-0.492657,1.309088,-0.492657,1.309088,-0.492657,-0.492657,-0.492657,-0.492657,-0.492657,-0.492657,-0.492657,-0.492657,-0.492657,-0.492657,-0.492657,-0.492657,-0.492657,-0.492657,1.309088,-0.492657,-2.294405,-0.492657,-0.492657,-0.492657,-0.492657,-0.492657,-0.492657,-0.492657,-0.492657,-0.492657,-0.492657,1.309088,1.309088,-0.492657,-0.492657,-2.294405,1.309088,-0.492657,-0.492657,-0.492657,-2.294405,1.309088,1.309088,-0.492657,-0.492657,-0.492657,-0.492657,1.309088,-0.492657,-0.492657,-0.492657,-0.492657,-0.492657,-2.294405,-0.492657,-0.492657,1.309088,-0.492657,-0.492657,-0.492657,-0.492657,-0.492657,-0.492657,1.309088,1.309088,1.309088,1.309088,1.309088,1.309088,1.309088,1.309088,1.309088,1.309088,1.309088,1.309088,1.309088,1.309088,1.309088,3.110833,3.110833]
],
"cwt" : [
	[0.706093,0.417210,0.207202,0.085291,0.028891,0.007824,0.001387,0.000164,0.000299,0.000520,0.000845,0.000825,0.000528,0.000373,0.000407,0.000295,0.000059,0.000360,0.000514,0.000457,0.000314,0.000401,0.000881,0.001127,0.000981,0.000759,0.000566,0.000402,0.000890,0.001431,0.001621,0.001621,0.001552,0.001304,0.000973,0.000910,0.001011,0.001202,0.001514,0.001658,0.001496,0.001373,0.001419,0.001556,0.001828,0.002007,0.001854,0.001493,0.001142,0.000759,0.000362,0.000602,0.000901,0.001004,0.000945,0.000700,0.000585,0.000863,0.001090,0.001202,0.001330,0.001396,0.001196,0.000834,0.000703,0.000800,0.000755,0.000641,0.000832,0.001181,0.001477,0.001664,0.001732,0.001752,0.001741,0.001593,0.001270,0.000896,0.000728,0.000874,0.001117,0.001267,0.001292,0.001126,0.000735,0.000313,0.000391,0.000545,0.000440,0.000543,0.001030,0.001299,0.001312,0.001193,0.000928,0.000615,0.000627,0.000733,0.000793,0.000934,0.001061,0.001005,0.000790,0.000559,0.000393,0.000519,0.000761,0.000711,0.000387,0.000165,0.000450,0.000630,0.000688,0.000988,0.001439,0.001758,0.001847,0.001667,0.001304,0.000975,0.000796,0.000742,0.000809,0.000820,0.000712,0.000601,0.000474,0.000281,0.000366,0.000515,0.000384,0.000071,0.000287,0.000578,0.000725,0.000722,0.000613,0.000425,0.000297,0.000402,0.000495,0.000577,0.000568,0.000423,0.000305,0.000453,0.000794,0.001092,0.001220,0.001188,0.000984,0.000589,0.000120,0.000224,0.000350,0.000265,0.000204,0.000526,0.000721,0.000714,0.000609,0.000475,0.000546,0.000864,0.001066,0.001077,0.000891,0.000435,0.000728,0.002609,0.006255,0.012119,0.019798,0.028081,0.035237,0.039358,0.039084,0.034536,0.027524,0.020687,0.016396,0.015848,0.018368,0.022394,0.026630,0.030491,0.034475,0.039677,0.045436,0.047980,0.042986,0.029745,0.016660,0.023920,0.051749,0.108645,0.191538,0.281341,0.363369,0.450427,0.582647,0.779531,1.008389,1.212098,1.345635,1.396466,1.386432,1.356109,1.341224,1.356625,1.396402,1.445083,1.488768,1.519995,1.537974,1.546432,1.549242,1.547120,1.539579,1.529391,1.522731,1.524260,1.533168,1.544055,1.550125,1.545557,1.527968,1.501266,1.474918,1.458024,1.453946,1.460844,1.474933,1.491286,1.504034,1.509605,1.509755,1.509596,1.513131,1.521857,1.535995,1.554189,1.572462,1.586170,1.593511,1.595988,1.596370,1.597909,1.604241,1.617036,1.632049,1.635712,1.603033,1.501177,1.305820,1.024708],
	[0.000000,0.000000,0.000000,0.000000,0.000000,0.000000,0.000000,0.000000,0.000000,0.000000,0.000000,0.000000,0.000000,0.000000,0.000000,0.000000,0.000000,0.000000,0.000000,0.000000,0.000000,0.000000,0.000000,0.000000,0.000000,0.000000,0.000000,0.000000,0.000000,0.000000,0.000000,0.000000,0.000000,0.000000,0.000000,0.000000,0.000000,0.000000,0.000000,0.000000,0.000000,0.000000,0.000000,0.000000,0.000000,0.000000,0.000000,0.000000,0.000000,0.000000,0.000000,0.000000,0.000000,0.000000,0.000000,0.000000,0.000000,0.000000,0.000000,0.000000,0.000000,0.000000,0.000000,0.000000,0.000000,0.000000,0.000000,0.000000,0.000000,0.000000,0.000000,0.000000,0.000000,0.000000,0.000000,0.000000,0.000000,0.000000,0.000000,0.000000,0.000000,0.000000,0.000000,0.000000,0.000000,0.000000,0.000000,0.000000,0.000000,0.000000,0.000000,0.000000,0.000000,0.000000,0.000000,0.000000,0.000000,0.000000,0.000000,0.000000,0.000000,0.000000,0.000000,0.000000,0.000000,0.000000,0.000000,0.000000,0.000000,0.000000,0.000000,0.000000,0.000000,0.000000,0.000000,0.000000,0.000000,0.000000,0.000000,0.000000,0.000000,0.000000,0.000000,0.000000,0.000000,0.000000,0.000000,0.000000,0.000000,0.000000,0.000000,0.000000,0.000000,0.000000,0.000000,0.000000,0.000000,0.000000,0.000000,0.000000,0.000000,0.000000,0.000000,0.000000,0.000000,0.000000,0.000000,0.000000,0.000000,0.000000,0.000000,0.000000,0.000000,0.000000,0.000000,0.000000,0.000000,0.000000,0.000000,0.000000,0.000000,0.000000,0.000000,0.000000,0.000000,0.000000,0.000000,0.000000,0.000000,0.000000,0.000000,0.000000,0.000000,0.000000,0.000000,0.000000,0.000000,0.000000,0.000000,0.000000,0.000000,0.000000,0.000000,0.000000,0.000000,0.000000,0.000000,0.000000,0.000000,0.000000,0.000000,0.000000,0.000000,0.000000,0.000000,0.000000,0.000000,0.000000,0.000000,0.000000,0.000000,0.000000,0.000000,0.000000,0.000000,0.000000,0.000000,0.000000,0.000000,0.000000,0.000000,0.000000,0.000000,0.000000,0.000000,0.000000,0.000000,0.000000,0.000000,0.000000,0.000000,0.000000,0.000000,0.000000,0.000000,0.000000,0.000000,0.000000,0.000000,0.000000,0.000000,0.000000,0.000000,0.000000,0.000000,0.000000,0.000000,0.000000,0.000000,0.000000,0.000000,0.000000,0.000000,0.000000,0.000000,0.000000,0.000000,0.000000,0.000000,0.000000,0.000000,0.000000,0.000000,0.000000,0.000000,0.000000],
	[0.411758,0.220606,0.099408,0.037704,0.012387,0.003542,0.001555,0.001972,0.001733,0.001041,0.000473,0.000232,0.000216,0.000328,0.000516,0.000988,0.001434,0.001566,0.001444,0.001226,0.001049,0.001095,0.001390,0.001608,0.001733,0.001760,0.001381,0.000557,0.000494,0.000918,0.000870,0.000765,0.000767,0.000580,0.000395,0.000723,0.001129,0.001541,0.001779,0.001561,0.000960,0.000461,0.000351,0.000291,0.000688,0.000896,0.000667,0.000426,0.000614,0.000755,0.000689,0.000501,0.000284,0.000220,0.000550,0.000841,0.000965,0.001024,0.001109,0.001195,0.001255,0.001335,0.001476,0.001603,0.001633,0.001557,0.001340,0.001086,0.001116,0.001310,0.001327,0.001005,0.000378,0.000380,0.000898,0.001088,0.001038,0.000875,0.000547,0.000141,0.000427,0.000589,0.000839,0.001465,0.002033,0.002150,0.001866,0.001464,0.000999,0.000425,0.000137,0.000359,0.000257,0.000234,0.000426,0.000482,0.000439,0.000353,0.000265,0.000475,0.000930,0.001226,0.001109,0.000754,0.000599,0.000963,0.001492,0.001718,0.001453,0.000968,0.000805,0.000822,0.000561,0.000481,0.000805,0.001186,0.001718,0.001999,0.001775,0.001396,0.001331,0.001575,0.001830,0.001791,0.001445,0.001220,0.001320,0.001436,0.001354,0.001102,0.000819,0.000569,0.000469,0.000364,0.000103,0.000661,0.001182,0.001486,0.001539,0.001385,0.001324,0.001809,0.003207,0.005508,0.008295,0.011174,0.013826,0.015834,0.016913,0.017268,0.017509,0.018262,0.019892,0.022367,0.025254,0.028052,0.031173,0.036451,0.045436,0.058011,0.073401,0.090418,0.106432,0.117403,0.119983,0.114003,0.102911,0.091765,0.084594,0.083077,0.086847,0.094223,0.102688,0.109558,0.113197,0.114726,0.119115,0.134516,0.170135,0.235951,0.349399,0.535045,0.798600,1.100931,1.364073,1.507824,1.494885,1.354312,1.163875,1.000524,0.896095,0.835278,0.787064,0.732914,0.677318,0.639645,0.634542,0.657550,0.688233,0.707056,0.708536,0.700621,0.696961,0.708632,0.738034,0.780465,0.829895,0.882623,0.939073,1.002263,1.073240,1.148947,1.224985,1.298361,1.365768,1.422053,1.463565,1.490632,1.504892,1.507990,1.504515,1.501682,1.503475,1.508128,1.513287,1.520178,1.530095,1.540405,1.547624,1.551631,1.553604,1.552495,1.547364,1.540994,1.536954,1.534807,1.532061,1.529110,1.528157,1.528029,1.524558,1.516644,1.507613,1.499637,1.490894,1.479375,1.465100,1.446836,1.421182,1.387764,1.350405,1.306262,1.234438,1.104257,0.902796,0.654747],
	[0.529368,0.398792,0.242435,0.153327,0.168002,0.260163,0.373841,0.451177,0.452886,0.373915,0.248176,0.128833,0.052809,0.020963,0.009665,0.009346,0.018325,0.047901,0.114719,0.208452,0.295026,0.347012,0.369019,0.382508,0.397007,0.408353,0.405970,0.377256,0.312576,0.217021,0.118356,0.048882,0.019052,0.013144,0.017517,0.043671,0.099219,0.159993,0.178444,0.121760,0.028682,0.125626,0.196434,0.222824,0.262693,0.328898,0.383000,0.409825,0.416752,0.408459,0.376915,0.311294,0.216467,0.119050,0.049355,0.018470,0.013669,0.021351,0.053242,0.129747,0.248610,0.376508,0.466611,0.493280,0.474914,0.460441,0.476872,0.493944,0.465005,0.374296,0.244218,0.113877,0.028349,0.108445,0.225280,0.353052,0.443762,0.468164,0.454299,0.438643,0.420033,0.395433,0.378295,0.376376,0.377832,0.357965,0.291410,0.170371,0.031707,0.118587,0.191214,0.211493,0.219650,0.216854,0.182491,0.156473,0.147105,0.194469,0.352076,0.514275,0.617586,0.636705,0.564575,0.452024,0.383317,0.385759,0.448748,0.560609,0.676597,0.733235,0.709628,0.652793,0.627616,0.642107,0.641361,0.592369,0.520208,0.452741,0.383119,0.293576,0.211000,0.222871,0.291440,0.325619,0.294689,0.205917,0.102277,0.087808,0.149023,0.166319,0.131971,0.174991,0.298818,0.369193,0.339061,0.236712,0.125710,0.052480,0.021296,0.009748,0.008844,0.016860,0.049184,0.118401,0.211319,0.292935,0.326365,0.295402,0.216784,0.136005,0.104630,0.149155,0.253676,0.373033,0.452292,0.453000,0.373955,0.253357,0.149065,0.108997,0.150127,0.253611,0.373008,0.452561,0.452973,0.372181,0.244346,0.119748,0.108821,0.222747,0.341081,0.416731,0.406245,0.297765,0.155704,0.101241,0.075129,0.027153,0.121080,0.162330,0.116665,0.036174,0.121814,0.179850,0.165445,0.113986,0.086293,0.113126,0.161797,0.171560,0.126768,0.170098,0.314277,0.414688,0.419548,0.341818,0.222677,0.108551,0.118851,0.244300,0.372884,0.451924,0.447080,0.356045,0.204983,0.061891,0.164011,0.282288,0.345672,0.362447,0.347762,0.298896,0.218283,0.142781,0.142456,0.221596,0.312851,0.378513,0.411225,0.417862,0.418183,0.428665,0.420116,0.354747,0.242416,0.128846,0.052652,0.021185,0.024284,0.061690,0.135662,0.256054,0.409210,0.540829,0.588968,0.534417,0.410157,0.274703,0.215806,0.251108,0.258525,0.197583,0.108489,0.045715,0.051863,0.095727,0.150329,0.178490,0.130725,0.038245,0.140181,0.217185,0.260069,0.337319,0.459109,0.549942],
	[0.647431,0.411057,0.131401,0.107630,0.261179,0.330616,0.345469,0.354714,0.385503,0.417219,0.430213,0.424012,0.393903,0.327160,0.227119,0.125358,0.060372,0.063469,0.138412,0.259522,0.388638,0.473554,0.474581,0.391054,0.264470,0.155048,0.110274,0.143333,0.225697,0.306232,0.336751,0.296120,0.216694,0.208158,0.277625,0.291074,0.194718,0.073891,0.195189,0.292772,0.314181,0.303021,0.296663,0.303965,0.325190,0.335633,0.300150,0.217363,0.122128,0.051840,0.018513,0.007877,0.003540,0.002426,0.002588,0.003131,0.008121,0.018229,0.046145,0.102873,0.166768,0.187491,0.128223,0.030855,0.131545,0.201816,0.216151,0.216865,0.203268,0.131710,0.030502,0.128091,0.187220,0.172270,0.124492,0.105529,0.156036,0.273729,0.425318,0.570790,0.691033,0.787542,0.843086,0.813785,0.682675,0.491172,0.304375,0.165854,0.098416,0.115940,0.168733,0.180738,0.131479,0.187587,0.348570,0.473603,0.526824,0.506067,0.422262,0.315393,0.248757,0.258849,0.318543,0.372023,0.389861,0.367966,0.302528,0.208987,0.123221,0.066324,0.041503,0.058205,0.136289,0.266439,0.405185,0.502204,0.530560,0.488632,0.386138,0.249020,0.123529,0.042823,0.033297,0.097877,0.172312,0.204612,0.166037,0.092385,0.112355,0.214014,0.303466,0.341177,0.308856,0.221640,0.123776,0.059989,0.063224,0.136582,0.248069,0.351054,0.385717,0.316637,0.182750,0.138647,0.184040,0.174007,0.136017,0.147580,0.223944,0.311347,0.347800,0.306607,0.215454,0.123830,0.061559,0.036170,0.056941,0.124410,0.220189,0.306754,0.342480,0.307919,0.220046,0.121226,0.047635,0.010125,0.053515,0.141639,0.274101,0.428318,0.558757,0.612272,0.557934,0.415187,0.256834,0.185380,0.182613,0.128582,0.041486,0.130029,0.187176,0.166304,0.103260,0.046690,0.017890,0.007565,0.002740,0.002877,0.007812,0.020159,0.057805,0.141786,0.274212,0.429270,0.559284,0.613281,0.563883,0.429955,0.269690,0.140501,0.062844,0.025755,0.023459,0.057003,0.135038,0.255174,0.381747,0.463239,0.480392,0.479651,0.508738,0.525224,0.471371,0.360152,0.311571,0.445201,0.618095,0.694019,0.635765,0.482121,0.319970,0.265861,0.316677,0.349364,0.325321,0.272789,0.243826,0.272082,0.339342,0.394695,0.413215,0.408769,0.383146,0.320294,0.225519,0.133956,0.127642,0.210895,0.281625,0.282653,0.211183,0.114833,0.046712,0.021948,0.012667,0.007383,0.006918,0.006550,0.001730,0.023264,0.071168,0.157532,0.302119,0.498859,0.680553,0.748392]
],
"envelope_edge" : [
	[0.015215,0.014503,0.013220,0.011799,0.010542,0.009543,0.008767,0.008150,0.007645,0.007216,0.006843,0.006514,0.006218,0.005947,0.005701,0.005476,0.005265,0.005069,0.004889,0.004721,0.004561,0.004408,0.004266,0.004135,0.004010,0.003889,0.003773,0.003659,0.003550,0.003450,0.003356,0.003265,0.003177,0.003092,0.003007,0.002924,0.002845,0.002768,0.002695,0.002626,0.002558,0.002491,0.002425,0.002360,0.002299,0.002242,0.002186,0.002130,0.002074,0.002019,0.001961,0.001905,0.001853,0.001803,0.001754,0.001705,0.001655,0.001606,0.001560,0.001515,0.001471,0.001429,0.001388,0.001344,0.001300,0.001257,0.001216,0.001174,0.001131,0.001091,0.001053,0.001015,0.000979,0.000942,0.000907,0.000871,0.000836,0.000798,0.000760,0.000721,0.000686,0.000651,0.000618,0.000585,0.000551,0.000514,0.000476,0.000441,0.000406,0.000369,0.000335,0.000304,0.000272,0.000240,0.000208,0.000174,0.000138,0.000104,0.000070,0.000037,0.000005,-0.000026,-0.000058,-0.000092,-0.000127,-0.000162,-0.000195,-0.000227,-0.000260,-0.000297,-0.000334,-0.000367,-0.000403,-0.000438,-0.000472,-0.000504,-0.000535,-0.000566,-0.000600,-0.000635,-0.000672,-0.000709,-0.000745,-0.000781,-0.000817,-0.000854,-0.000892,-0.000931,-0.000971,-0.001009,-0.001046,-0.001088,-0.001131,-0.001170,-0.001210,-0.001250,-0.001291,-0.001333,-0.001378,-0.001423,-0.001468,-0.001512,-0.001558,-0.001604,-0.001654,-0.001704,-0.001754,-0.001803,-0.001852,-0.001901,-0.001953,-0.002006,-0.002065,-0.002125,-0.002184,-0.002244,-0.002309,-0.002374,-0.002438,-0.002504,-0.002574,-0.002647,-0.002724,-0.002802,-0.002882,-0.002965,-0.003053,-0.003150,-0.003261,-0.003378,-0.003500,-0.003618,-0.003724,-0.003807,-0.003868,-0.003912,-0.003956,-0.004018,-0.004119,-0.004261,-0.004438,-0.004631,-0.004827,-0.005015,-0.005204,-0.005396,-0.005605,-0.005822,-0.006039,-0.006244,-0.006481,-0.006806,-0.007325,-0.007993,-0.008728,-0.009490,-0.010125,-0.010593,-0.011010,-0.011580,-0.012269,-0.012704,-0.012508,-0.011627,-0.010311,-0.008961,-0.007915,-0.007309,-0.007041,-0.006900,-0.006699,-0.006358,-0.005886,-0.005345,-0.004798,-0.004284,-0.003807,-0.003360,-0.002957,-0.002623,-0.002359,-0.002122,-0.001856,-0.001526,-0.001131,-0.000703,-0.000303,0.000000,0.000183,0.000275,0.000340,0.000430,0.000578,0.000799,0.001087,0.001398,0.001689,0.001942,0.002175,0.002411,0.002676,0.002997,0.003393,0.003855,0.004353,0.004862,0.005376,0.005903,0.006472,0.007146,0.008019,0.009180,0.010664,0.012366,0.013972,0.015035],
	[0.000000,0.000000,0.000000,0.000000,0.000000,0.000000,0.000000,0.000000,0.000000,0.000000,0.000000,0.000000,0.000000,0.000000,0.000000,0.000000,0.000000,0.000000,0.000000,0.000000,0.000000,0.000000,0.000000,0.000000,0.000000,0.000000,0.000000,0.000000,0.000000,0.000000,0.000000,0.000000,0.000000,0.000000,0.000000,0.000000,0.000000,0.000000,0.000000,0.000000,0.000000,0.000000,0.000000,0.000000,0.000000,0.000000,0.000000,0.000000,0.000000,0.000000,0.000000,0.000000,0.000000,0.000000,0.000000,0.000000,0.000000,0.000000,0.000000,0.000000,0.000000,0.000000,0.000000,0.000000,0.000000,0.000000,0.000000,0.000000,0.000000,0.000000,0.000000,0.000000,0.000000,0.000000,0.000000,0.000000,0.000000,0.000000,0.000000,0.000000,0.000000,0.000000,0.000000,0.000000,0.000000,0.000000,0.000000,0.000000,0.000000,0.000000,0.000000,0.000000,0.000000,0.000000,0.000000,0.000000,0.000000,0.000000,0.000000,0.000000,0.000000,0.000000,0.000000,0.000000,0.000000,0.000000,0.000000,0.000000,0.000000,0.000000,0.000000,0.000000,0.000000,0.000000,0.000000,0.000000,0.000000,0.000000,0.000000,0.000000,0.000000,0.000000,0.000000,0.000000,0.000000,0.000000,0.000000,0.000000,0.000000,0.000000,0.000000,0.000000,0.000000,0.000000,0.000000,0.000000,0.000000,0.000000,0.000000,0.000000,0.000000,0.000000,0.000000,0.000000,0.000000,0.000000,0.000000,0.000000,0.000000,0.000000,0.000000,0.000000,0.000000,0.000000,0.000000,0.000000,0.000000,0.000000,0.000000,0.000000,0.000000,0.000000,0.000000,0.000000,0.000000,0.000000,0.000000,0.000000,0.000000,0.000000,0.000000,0.000000,0.000000,0.000000,0.000000,0.000000,0.000000,0.000000,0.000000,0.000000,0.000000,0.000000,0.000000,0.000000,0.000000,0.000000,0.000000,0.000000,0.000000,0.000000,0.000000,0.000000,0.000000,0.000000,0.000000,0.000000,0.000000,0.000000,0.000000,0.000000,0.000000,0.000000,0.000000,0.000000,0.000000,0.000000,0.000000,0.000000,0.000000,0.000000,0.000000,0.000000,0.000000,0.000000,0.000000,0.000000,0.000000,0.000000,0.000000,0.000000,0.000000,0.000000,0.000000,0.000000,0.000000,0.000000,0.000000,0.000000,0.000000,0.000000,0.000000,0.000000,0.000000,0.000000,0.000000,0.000000,0.000000,0.000000,0.000000,0.000000,0.000000,0.000000,0.000000,0.000000,0.000000,0.000000,0.000000,0.000000,0.000000,0.000000,0.000000,0.000000,0.000000,0.000000,0.000000,0.000000],
	[0.013399,0.012430,0.011243,0.010121,0.009196,0.008465,0.007880,0.007406,0.007008,0.006657,0.006342,0.006057,0.005798,0.005561,0.005343,0.005142,0.004957,0.004786,0.004625,0.004471,0.004325,0.004185,0.004053,0.003930,0.003813,0.003702,0.003597,0.003492,0.003386,0.003288,0.003197,0.003106,0.003019,0.002936,0.002851,0.002769,0.002693,0.002620,0.002551,0.002485,0.002419,0.002350,0.002282,0.002215,0.002151,0.002093,0.002035,0.001975,0.001916,0.001861,0.001806,0.001753,0.001698,0.001643,0.001589,0.001539,0.001490,0.001442,0.001393,0.001346,0.001300,0.001253,0.001208,0.001164,0.001121,0.001079,0.001036,0.000992,0.000947,0.000905,0.000866,0.000826,0.000783,0.000736,0.000694,0.000656,0.000617,0.000578,0.000539,0.000496,0.000452,0.000412,0.000370,0.000331,0.000295,0.000262,0.000227,0.000191,0.000154,0.000114,0.000071,0.000031,-0.000007,-0.000048,-0.000087,-0.000125,-0.000164,-0.000203,-0.000244,-0.000286,-0.000325,-0.000362,-0.000399,-0.000438,-0.000481,-0.000524,-0.000563,-0.000599,-0.000636,-0.000677,-0.000721,-0.000763,-0.000805,-0.000851,-0.000897,-0.000941,-0.000984,-0.001024,-0.001065,-0.001110,-0.001158,-0.001205,-0.001250,-0.001295,-0.001342,-0.001393,-0.001444,-0.001494,-0.001544,-0.001596,-0.001650,-0.001706,-0.001765,-0.001823,-0.001887,-0.001952,-0.002014,-0.002077,-0.002142,-0.002211,-0.002286,-0.002367,-0.002451,-0.002534,-0.002613,-0.002687,-0.002758,-0.002826,-0.002897,-0.002976,-0.003065,-0.003163,-0.003269,-0.003378,-0.003487,-0.003603,-0.003732,-0.003879,-0.004030,-0.004170,-0.004287,-0.004368,-0.004404,-0.004399,-0.004381,-0.004394,-0.004473,-0.004625,-0.004835,-0.005079,-0.005335,-0.005587,-0.005834,-0.006087,-0.006377,-0.006746,-0.007237,-0.007871,-0.008642,-0.009537,-0.010523,-0.011415,-0.011810,-0.011273,-0.009651,-0.007252,-0.004751,-0.002851,-0.001897,-0.001736,-0.001924,-0.002108,-0.002194,-0.002292,-0.002545,-0.002982,-0.003475,-0.003845,-0.004011,-0.004036,-0.004059,-0.004188,-0.004452,-0.004798,-0.005142,-0.005426,-0.005638,-0.005795,-0.005920,-0.006008,-0.006027,-0.005945,-0.005754,-0.005459,-0.005057,-0.004561,-0.004012,-0.003456,-0.002921,-0.002437,-0.002035,-0.001713,-0.001428,-0.001145,-0.000866,-0.000595,-0.000312,0.000005,0.000347,0.000693,0.001043,0.001399,0.001742,0.002054,0.002349,0.002655,0.002974,0.003292,0.003619,0.003982,0.004381,0.004786,0.005185,0.005599,0.006051,0.006537,0.007060,0.007633,0.008256,0.008909,0.009608,0.010447,0.011494,0.012631,0.013525,0.013822],
	[0.000760,0.001663,0.001533,0.000743,-0.000243,-0.000737,-0.000637,0.000124,0.001101,0.001981,0.002288,0.002085,0.001486,0.000917,0.000372,-0.000085,-0.000611,-0.001145,-0.001658,-0.001808,-0.001627,-0.001182,-0.000823,-0.000492,-0.000217,0.000195,0.000651,0.001229,0.001679,0.001927,0.001708,0.001253,0.000644,0.000200,-0.000305,-0.000716,-0.001072,-0.000920,-0.000613,-0.000190,-0.001000,-0.001854,-0.001675,-0.001690,-0.001764,-0.001722,-0.001334,-0.000883,-0.000395,0.000086,0.000615,0.001052,0.001225,0.000999,0.000457,-0.000188,-0.000796,-0.001397,-0.002092,-0.002728,-0.003067,-0.002865,-0.002233,-0.001452,-0.000950,-0.000725,-0.000537,0.000006,0.000696,0.001315,0.001368,0.000950,-0.000369,-0.001638,-0.002113,-0.002130,-0.001558,-0.000896,-0.000440,-0.000164,0.000066,0.000219,0.000241,0.000329,0.000512,0.000958,0.001287,0.001478,0.000360,-0.000858,-0.000778,-0.000800,-0.000730,-0.000733,-0.000766,-0.001226,-0.001784,-0.002788,-0.003320,-0.002987,-0.002051,-0.000933,-0.000027,0.000105,-0.000370,-0.001050,-0.001572,-0.001745,-0.001256,-0.000327,0.000576,0.000979,0.001075,0.001298,0.001891,0.002470,0.002813,0.002954,0.003065,0.002996,0.002425,0.001622,0.001461,0.001829,0.002343,0.002561,0.002134,0.001215,0.000846,0.000960,0.000717,0.000006,0.000021,0.000826,0.001786,0.002282,0.002203,0.001707,0.001192,0.000703,0.000273,-0.000220,-0.000737,-0.001170,-0.001228,-0.000885,-0.000213,0.000397,0.000671,0.000358,-0.000343,-0.001122,-0.001486,-0.001285,-0.000488,0.000492,0.001288,0.001459,0.001032,0.000154,-0.000667,-0.001137,-0.000925,-0.000196,0.000835,0.001583,0.001841,0.001219,0.000051,-0.000639,-0.000395,0.000314,0.001428,0.002133,0.002086,0.001374,0.001229,0.000404,-0.000090,0.000286,0.000646,0.000031,-0.000664,-0.000265,0.000022,0.000066,-0.000404,-0.000803,-0.000922,-0.000692,-0.000950,-0.001773,-0.001901,-0.001125,-0.000102,0.000619,0.000802,0.000127,-0.001075,-0.001693,-0.001430,-0.000666,0.000411,0.001136,0.001396,0.000186,-0.001133,-0.001042,-0.000699,-0.000144,0.000259,0.000664,0.000677,0.000213,-0.000680,-0.001207,-0.001247,-0.000910,-0.000498,-0.000084,0.000184,0.000551,0.001133,0.001770,0.002009,0.001747,0.001093,0.000345,-0.000431,-0.001161,-0.001822,-0.002244,-0.002133,-0.001302,-0.000003,0.001224,0.001919,0.001846,0.001191,0.000885,0.001243,0.001519,0.001404,0.000754,0.000067,-0.000400,-0.000462,-0.000268,0.000100,-0.000720,-0.001671,-0.001537,-0.001703,-0.001806,-0.001602,-0.000532],
	[0.001644,0.002699,0.001888,-0.000187,-0.000797,-0.000487,-0.000262,-0.000231,-0.000169,0.000087,0.000491,0.000923,0.001415,0.001816,0.001938,0.001563,0.000791,-0.000204,-0.000992,-0.001354,-0.001069,-0.000244,0.000852,0.001669,0.001921,0.001480,0.000696,-0.000086,-0.000390,-0.000204,0.000409,0.000906,0.000901,0.000277,0.000291,0.000830,0.001360,0.000343,-0.000672,-0.000251,0.000145,0.000462,0.000505,0.000611,0.000771,0.001258,0.001816,0.002199,0.002128,0.001763,0.001286,0.000918,0.000610,0.000353,0.000112,-0.000133,-0.000396,-0.000700,-0.001030,-0.001258,-0.001071,-0.000619,-0.000138,-0.000833,-0.001657,-0.001225,-0.001043,-0.000695,-0.000524,-0.000132,-0.001038,-0.001847,-0.001542,-0.001360,-0.001535,-0.002250,-0.003094,-0.003722,-0.003839,-0.003467,-0.002751,-0.001749,-0.000377,0.001234,0.002578,0.003218,0.003060,0.002360,0.001325,0.000425,0.000022,0.000059,-0.000403,-0.001473,-0.001746,-0.001148,-0.000211,0.000737,0.001371,0.001416,0.000916,0.000326,0.000119,0.000368,0.000851,0.001390,0.001816,0.001892,0.001571,0.000996,0.000275,-0.000560,-0.001324,-0.001663,-0.001374,-0.000540,0.000541,0.001585,0.002341,0.002576,0.002233,0.001485,0.000552,-0.000070,-0.000098,0.000244,0.000586,0.000238,-0.000600,-0.000903,-0.000569,0.000127,0.000847,0.001217,0.001043,0.000410,-0.000437,-0.001078,-0.001231,-0.000752,0.000187,0.001079,0.001111,0.000352,0.000112,0.000281,0.000028,-0.000513,-0.000829,-0.000545,0.000179,0.000922,0.001243,0.001087,0.000602,-0.000039,-0.000730,-0.001235,-0.001355,-0.000977,-0.000252,0.000482,0.000863,0.000726,0.000207,-0.000656,-0.001604,-0.002237,-0.002619,-0.002361,-0.001513,-0.000102,0.001256,0.002156,0.002056,0.001497,0.001206,0.001391,0.000581,-0.000150,0.000259,0.000634,0.000782,0.000492,0.000124,-0.000268,-0.000596,-0.000981,-0.001363,-0.001869,-0.002473,-0.003082,-0.003377,-0.003134,-0.002226,-0.000870,0.000525,0.001426,0.001604,0.001167,0.000469,-0.000314,-0.001121,-0.001929,-0.002634,-0.003003,-0.002826,-0.002216,-0.001611,-0.001337,-0.001093,-0.000495,0.000121,0.000122,-0.000900,-0.001742,-0.001236,0.000105,0.001521,0.002254,0.001988,0.001048,0.000591,0.000775,0.001036,0.000972,0.000545,0.000064,-0.000057,0.000230,0.000676,0.001103,0.001573,0.001965,0.002050,0.001562,0.000681,0.000278,0.000623,0.001284,0.001761,0.001725,0.001285,0.000787,0.000400,0.000039,-0.000315,-0.000653,-0.001123,-0.001745,-0.002373,-0.003026,-0.003483,-0.003322,-0.002184,-0.000241]
],
	"idxs" : [201,0,182,60,78]
,"hydrophone_pos" : [
	[0.000000,0.000000,0.000000],
	[0.000000,0.000000,0.000000],
	[0.450000,0.000000,0.000000],
	[0.000000,0.450000,0.000000],
	[0.000000,0.000000,-0.450000]
],
	"direction_of_arrival" : [0.635455,0.066890,0.769235]
,	"valid" : [0.000000,-0.000000,-0.000000,-0.000000,-10017698.000000]
}
dump = {
	"magnitude" : [0.000000,0.000468,0.000945,0.000861,0.001023,0.000814,0.014356,0.034836,0.035536,0.077462,0.018438,0.014661,0.026808,0.161465,1.599441,29.864147,8.760765,1.456548,0.415032,0.332822,0.071597,0.039669,0.000610,0.003610,0.044309,0.084429,0.078603,0.072869,0.052478,0.030361,0.005645,0.184738]
,	"raw_mv" : [
	[-2.670500,-2.670500,-0.763000,1.144500,0.763000,-2.670500,-5.722499,-5.341000,-2.289000,-2.670500,-8.392999,-11.444999,-9.537500,-6.104000,-6.104000,-6.867000,-7.248499,-9.156000,-10.682000,-11.444999,-8.011500,-5.341000,-6.104000,-9.919000,-11.826499,-12.208000,-11.063500,-10.682000,-8.774499,-6.867000,-7.248499,-7.630000,-8.392999,-9.156000,-10.300499,-9.919000,-6.867000,-6.867000,-9.537500,-7.630000,-6.867000,-8.392999,-11.063500,-12.208000,-11.063500,-9.156000,-8.774499,-10.682000,-10.300499,-8.774499,-7.630000,-6.867000,-5.722499,-6.867000,-10.300499,-12.208000,-13.352499,-12.208000,-8.011500,-6.867000,-6.485500,-3.433500,-4.578000,-8.774499,-10.300499,-10.682000,-10.300499,-8.392999,-7.630000,-10.682000,-11.063500,-9.537500,-10.682000,-11.444999,-9.919000,-11.826499,-9.156000,-8.011500,-8.774499,-7.248499,-7.248499,-11.063500,-10.682000,-5.722499,-8.011500,-8.774499,-6.485500,-8.011500,-9.156000,-4.578000,-2.289000,-6.104000,-6.867000,-7.630000,-9.537500,-8.774499,-6.867000,-7.630000,-7.630000,-7.248499,-10.300499,-9.919000,-5.722499,1.144500,-15.641500,-58.369499,20.982500,77.444503,-44.635501,-73.629501,6.867000,6.485500,2.670500,-12.971000,-19.075000,27.849500,23.652999,-62.566001,-54.554500,46.542999,-20.982500,-133.906509,17.548999,103.005004,76.300003,114.831504,-49.213500,-178.160507,-240.726501,-343.350006,930.096984,159.466995,-400.193511,-1262.383544,-365.477020,2541.552978,998.004028,-2598.778076,-1069.726074,1625.953002,1407.353515,-1861.719970,-1572.542968,1810.217529,2142.885498,-1526.381469,-2437.021972,951.842529,2609.459960,-532.574035,-2748.707519,375.777496,2494.628418,-20.600999,-2730.014160,-32.427501,2649.517578,544.400512,-2733.829101,-598.573486,2211.174072,1112.835571,-2289.000000,-1268.106079,1959.384033,1840.737548,-1949.465087,-1954.424560,1592.380981,2177.983642,-1380.266967,-2345.080566,1092.615966,2556.050048,-716.457031,-2818.903564,400.575012,2716.280029,116.738998,-2816.233154,-293.755004,2612.130615,856.467529,-2824.625976,-1102.916503,2560.246582,1601.536987,-2547.275634,-1795.720581,2111.220947,2256.572509,-1892.621582,-2519.044433,1460.382080,2746.800048,-1123.135986,-2835.689453,754.606994,2776.175537,-241.871002,-3013.087158,-17.548999,2929.538574,483.742004,-2967.688476,-732.098510,2596.489013,1298.244506,-2664.395996,-1373.781494,2265.728515,1750.322021,-2254.665039,-1855.997558,1821.662475,2354.236572,-1677.073974,-2522.096435,1249.412475,2578.177001,-914.074035,-2653.714111,583.695007,2707.124023,-295.281005,-2762.441650,-24.034500,2584.662597,590.180480,-2721.239501,-757.658996,2392.768066,1140.303466,-2457.623046,-1213.170043,2067.729980,1713.316528,-2129.532959,-1779.316040,1744.981079,2154.711914,-1694.623046,-2222.237548,1291.759033,2469.449462,-1097.957031,-2546.894043,719.890502,2569.020996,-348.691009,-2628.153564,35.097999,2565.587646,358.610015,-2667.066650,-552.411987],
	[0.000000,0.000000,0.000000,0.000000,0.000000,0.000000,0.000000,0.000000,0.000000,0.000000,0.000000,0.000000,0.000000,0.000000,0.000000,0.000000,0.000000,0.000000,0.000000,0.000000,0.000000,0.000000,0.000000,0.000000,0.000000,0.000000,0.000000,0.000000,0.000000,0.000000,0.000000,0.000000,0.000000,0.000000,0.000000,0.000000,0.000000,0.000000,0.000000,0.000000,0.000000,0.000000,0.000000,0.000000,0.000000,0.000000,0.000000,0.000000,0.000000,0.000000,0.000000,0.000000,0.000000,0.000000,0.000000,0.000000,0.000000,0.000000,0.000000,0.000000,0.000000,0.000000,0.000000,0.000000,0.000000,0.000000,0.000000,0.000000,0.000000,0.000000,0.000000,0.000000,0.000000,0.000000,0.000000,0.000000,0.000000,0.000000,0.000000,0.000000,0.000000,0.000000,0.000000,0.000000,0.000000,0.000000,0.000000,0.000000,0.000000,0.000000,0.000000,0.000000,0.000000,0.000000,0.000000,0.000000,0.000000,0.000000,0.000000,0.000000,0.000000,0.000000,0.000000,0.000000,0.000000,0.000000,0.000000,0.000000,0.000000,0.000000,0.000000,0.000000,0.000000,0.000000,0.000000,0.000000,0.000000,0.000000,0.000000,0.000000,0.000000,0.000000,0.000000,0.000000,0.000000,0.000000,0.000000,0.000000,0.000000,0.000000,0.000000,0.000000,0.000000,0.000000,0.000000,0.000000,0.000000,0.000000,0.000000,0.000000,0.000000,0.000000,0.000000,0.000000,0.000000,0.000000,0.000000,0.000000,0.000000,0.000000,0.000000,0.000000,0.000000,0.000000,0.000000,0.000000,0.000000,0.000000,0.000000,0.000000,0.000000,0.000000,0.000000,0.000000,0.000000,0.000000,0.000000,0.000000,0.000000,0.000000,0.000000,0.000000,0.000000,0.000000,0.000000,0.000000,0.000000,0.000000,0.000000,0.000000,0.000000,0.000000,0.000000,0.000000,0.000000,0.000000,0.000000,0.000000,0.000000,0.000000,0.000000,0.000000,0.000000,0.000000,0.000000,0.000000,0.000000,0.000000,0.000000,0.000000,0.000000,0.000000,0.000000,0.000000,0.000000,0.000000,0.000000,0.000000,0.000000,0.000000,0.000000,0.000000,0.000000,0.000000,0.000000,0.000000,0.000000,0.000000,0.000000,0.000000,0.000000,0.000000,0.000000,0.000000,0.000000,0.000000,0.000000,0.000000,0.000000,0.000000,0.000000,0.000000,0.000000,0.000000,0.000000,0.000000,0.000000,0.000000,0.000000,0.000000,0.000000,0.000000,0.000000,0.000000,0.000000,0.000000,0.000000,0.000000,0.000000,0.000000,0.000000,0.000000,0.000000,0.000000,0.000000,0.000000],
	[-6.256600,-6.332900,-6.485500,-6.256600,-6.256600,-6.256600,-6.180300,-6.332900,-6.409200,-6.256600,-6.256600,-6.256600,-6.332900,-6.332900,-6.409200,-6.409200,-6.332900,-6.332900,-6.409200,-6.332900,-6.180300,-6.256600,-5.951400,-6.180300,-6.104000,-6.104000,-6.104000,-6.104000,-6.256600,-6.027700,-6.027700,-6.027700,-6.027700,-5.951400,-6.180300,-6.180300,-6.180300,-6.256600,-6.332900,-6.409200,-6.180300,-6.332900,-6.409200,-6.409200,-6.485500,-6.409200,-6.332900,-6.332900,-6.714400,-6.409200,-6.485500,-6.561800,-6.485500,-6.790700,-6.561800,-6.714400,-6.638100,-6.561800,-6.561800,-6.638100,-6.714400,-6.714400,-6.714400,-6.790700,-6.867000,-6.714400,-6.790700,-6.790700,-6.714400,-6.943300,-6.943300,-6.714400,-6.943300,-6.714400,-6.714400,-6.714400,-7.019600,-7.401100,-6.104000,-5.722500,-7.630000,-7.858900,-6.256600,-5.951400,-6.867000,-8.087800,-6.409200,-4.730600,-7.630000,-8.164100,-4.654300,-5.646200,-9.766400,-11.292400,-3.967600,2.746800,-5.646200,-14.039200,-10.224200,-3.815000,-3.128300,-8.011500,-11.139800,-4.654300,0.000000,-5.417300,-14.344400,-10.071599,-2.060100,-2.365300,-10.300499,-10.910900,9.613800,12.208000,-7.858900,-73.476905,-69.051506,96.595802,69.356704,-59.971801,-53.333702,-2.975700,39.904899,-16.786001,-61.650402,5.875100,26.476100,-9.690100,-37.387001,4.120200,41.430900,-23.195199,-44.711803,-7.706300,37.005500,-30.520000,-38.684101,6.256600,46.161502,-20.448400,-55.699001,-6.561800,61.192600,-22.355901,-75.384399,-7.019600,79.580902,6.638100,-91.407402,-44.864402,73.476905,46.085201,-77.520805,-63.481601,52.875900,67.220298,-62.871200,-79.123100,24.797500,86.524200,-40.591602,-88.584304,-1.144500,93.772705,-7.858900,-87.821304,-33.724601,87.668701,17.014900,-84.769302,-50.205402,75.613304,45.398502,-75.155502,-67.754402,53.181102,66.381004,-57.148700,-79.199401,28.154701,77.826004,-42.956901,-73.248001,8.850800,76.300003,-26.247200,-75.918502,-14.268100,80.954299,-2.441600,-76.605201,-31.817100,73.858406,11.597600,-75.308105,-41.659801,67.449203,32.503799,-69.204101,-54.707103,46.771900,50.205402,-57.530200,-62.260803,31.893400,63.329002,-50.358001,-66.609901,13.199900,70.882705,-29.222900,-71.111602,-9.995300,74.316200,-10.071599,-71.340499,-26.094600,68.212203,8.393000,-69.356704,-39.065601,62.108203,29.604400,-68.898902,-50.968402,47.611202,46.466701,-58.979900,-58.445800,29.528100,60.658500,-46.390399,-64.931304,10.071599,68.975204,-29.833301,-68.059600,-8.011500,70.958999,-10.758300,-71.416801,-26.705001,70.119705,12.208000,-70.653800,-40.591602,59.285102,29.451801,-65.236503,-51.349903,43.872501,48.297901,-54.173000,-59.132503,23.805601,60.734802],
	[-7.630000,-7.248499,-6.867000,-7.248499,-7.630000,-7.248499,-6.867000,-7.248499,-7.248499,-7.248499,-7.248499,-7.248499,-6.867000,-6.867000,-7.248499,-7.248499,-7.248499,-6.867000,-6.867000,-6.867000,-7.248499,-6.867000,-6.867000,-7.248499,-6.867000,-6.867000,-6.485500,-6.867000,-6.867000,-6.867000,-6.485500,-6.485500,-6.867000,-6.867000,-6.867000,-6.485500,-6.485500,-6.867000,-6.867000,-6.867000,-6.867000,-7.248499,-6.867000,-7.248499,-6.867000,-6.867000,-6.867000,-6.867000,-7.630000,-6.867000,-7.248499,-7.248499,-6.867000,-6.867000,-7.248499,-7.248499,-7.248499,-7.248499,-6.867000,-6.867000,-7.248499,-7.248499,-7.248499,-7.248499,-6.867000,-7.248499,-7.248499,-7.248499,-7.248499,-6.867000,-7.630000,-7.630000,-7.248499,-7.248499,-7.248499,-7.248499,-7.630000,-7.248499,-7.248499,-7.248499,-7.248499,-7.248499,-7.248499,-7.248499,-7.248499,-7.248499,-7.248499,-7.248499,-7.248499,-7.248499,-6.867000,-6.867000,-7.248499,-7.248499,-7.248499,-7.248499,-7.248499,-7.248499,-7.248499,-7.248499,-7.248499,-7.248499,-7.248499,-7.248499,-7.248499,-7.248499,-7.248499,-7.248499,-6.867000,-6.867000,-7.248499,-7.248499,-6.867000,-7.248499,-7.248499,-7.248499,-7.248499,-7.248499,-7.248499,-7.248499,-6.867000,-6.867000,-6.867000,-6.867000,-6.867000,-7.248499,-6.867000,-7.248499,-7.248499,-7.248499,-6.867000,-7.248499,-7.248499,-7.248499,-7.248499,-7.248499,-7.248499,-6.867000,-6.867000,-6.867000,-7.248499,-7.248499,-6.867000,-7.630000,-7.248499,-7.630000,-7.248499,-7.248499,-7.248499,-7.248499,-6.867000,-7.248499,-7.248499,-7.248499,-7.248499,-7.248499,-7.248499,-7.248499,-7.248499,-7.248499,-6.867000,-7.248499,-6.867000,-7.248499,-7.248499,-7.248499,-6.867000,-6.867000,-6.867000,-6.867000,-7.248499,-6.485500,-6.485500,-6.867000,-6.867000,-6.867000,-6.867000,-6.867000,-6.485500,-6.867000,-6.867000,-6.867000,-6.867000,-7.248499,-6.867000,-7.248499,-6.867000,-6.867000,-6.867000,-6.867000,-7.248499,-7.248499,-7.248499,-6.867000,-7.248499,-7.248499,-7.248499,-7.248499,-7.248499,-7.248499,-6.867000,-7.248499,-6.867000,-7.248499,-7.248499,-7.248499,-7.248499,-7.248499,-7.248499,-6.867000,-7.248499,-7.248499,-7.248499,-6.867000,-6.867000,-6.867000,-6.867000,-7.248499,-7.248499,-7.248499,-7.248499,-6.867000,-6.867000,-7.248499,-7.248499,-7.248499,-7.248499,-7.248499,-7.248499,-7.248499,-7.630000,-7.248499,-7.248499,-7.248499,-7.248499,-7.248499,-7.248499,-6.867000,-7.248499,-7.248499,-7.248499,-7.248499,-7.248499,-7.248499,-7.248499,-6.867000,-7.248499,-7.248499,-7.248499,-7.248499,-6.867000,-7.248499,-7.248499,-7.248499,-7.248499,-6.867000],
	[-7.248499,-6.867000,-7.248499,-7.248499,-7.248499,-7.248499,-7.248499,-7.248499,-7.248499,-7.248499,-7.248499,-7.248499,-7.248499,-7.248499,-7.630000,-7.248499,-6.867000,-7.248499,-7.248499,-6.867000,-7.248499,-6.867000,-6.867000,-6.867000,-6.867000,-6.867000,-6.867000,-6.867000,-6.867000,-6.867000,-6.867000,-6.485500,-6.867000,-6.867000,-6.867000,-6.485500,-6.867000,-6.867000,-7.248499,-6.867000,-6.867000,-7.248499,-6.867000,-6.867000,-6.867000,-6.867000,-6.867000,-7.248499,-7.248499,-6.867000,-6.867000,-6.867000,-7.248499,-7.248499,-7.248499,-6.867000,-7.248499,-7.248499,-7.248499,-7.248499,-7.248499,-7.248499,-7.248499,-7.248499,-6.867000,-6.867000,-7.248499,-7.248499,-7.248499,-7.248499,-7.248499,-7.248499,-7.248499,-7.248499,-6.867000,-6.867000,-7.248499,-7.248499,-7.248499,-6.867000,-7.248499,-7.630000,-7.248499,-7.248499,-6.867000,-7.248499,-7.248499,-6.867000,-6.867000,-7.248499,-7.248499,-7.248499,-7.248499,-7.248499,-7.248499,-7.248499,-7.248499,-7.248499,-7.248499,-7.248499,-7.248499,-7.248499,-7.248499,-7.248499,-6.867000,-7.248499,-7.248499,-6.867000,-7.248499,-7.248499,-7.248499,-6.867000,-6.867000,-7.248499,-6.867000,-7.248499,-7.248499,-7.248499,-7.248499,-7.248499,-7.248499,-7.248499,-7.248499,-7.248499,-6.867000,-7.248499,-6.867000,-7.248499,-7.630000,-7.630000,-7.248499,-7.248499,-7.248499,-6.867000,-7.248499,-6.867000,-7.248499,-7.248499,-7.248499,-7.248499,-6.867000,-7.248499,-7.248499,-7.248499,-7.630000,-7.248499,-6.867000,-7.248499,-7.248499,-7.248499,-7.248499,-7.248499,-7.248499,-7.248499,-6.867000,-6.867000,-7.248499,-7.248499,-7.248499,-7.248499,-7.630000,-7.248499,-7.248499,-7.248499,-6.867000,-6.867000,-7.248499,-7.248499,-6.867000,-6.867000,-6.485500,-6.867000,-6.485500,-6.485500,-6.867000,-6.485500,-6.867000,-6.867000,-6.867000,-6.867000,-6.867000,-6.867000,-6.867000,-6.867000,-6.867000,-7.248499,-7.248499,-6.867000,-6.867000,-6.867000,-7.248499,-7.248499,-6.867000,-6.867000,-6.867000,-7.248499,-7.248499,-7.248499,-6.867000,-7.248499,-6.867000,-7.248499,-7.248499,-6.867000,-7.248499,-7.248499,-7.248499,-7.248499,-6.867000,-7.248499,-7.248499,-7.248499,-6.867000,-7.248499,-7.248499,-7.630000,-6.867000,-7.248499,-7.248499,-7.248499,-7.630000,-7.248499,-7.248499,-7.248499,-7.248499,-7.248499,-7.630000,-6.867000,-7.248499,-7.248499,-7.630000,-6.867000,-7.630000,-7.248499,-7.248499,-7.248499,-7.248499,-6.867000,-7.248499,-7.248499,-7.248499,-6.867000,-6.867000,-7.248499,-7.630000,-7.248499,-7.248499,-7.248499,-7.248499,-7.248499,-7.248499,-6.867000,-7.248499,-7.248499,-7.248499,-7.248499]
],
"normalized" : [
	[0.008458,0.008458,0.009880,0.011301,0.011017,0.008458,0.006183,0.006467,0.008742,0.008458,0.004193,0.001918,0.003339,0.005899,0.005899,0.005330,0.005046,0.003624,0.002486,0.001918,0.004477,0.006467,0.005899,0.003055,0.001633,0.001349,0.002202,0.002486,0.003908,0.005330,0.005046,0.004761,0.004193,0.003624,0.002771,0.003055,0.005330,0.005330,0.003339,0.004761,0.005330,0.004193,0.002202,0.001349,0.002202,0.003624,0.003908,0.002486,0.002771,0.003908,0.004761,0.005330,0.006183,0.005330,0.002771,0.001349,0.000496,0.001349,0.004477,0.005330,0.005614,0.007889,0.007036,0.003908,0.002771,0.002486,0.002771,0.004193,0.004761,0.002486,0.002202,0.003339,0.002486,0.001918,0.003055,0.001633,0.003624,0.004477,0.003908,0.005046,0.005046,0.002202,0.002486,0.006183,0.004477,0.003908,0.005614,0.004477,0.003624,0.007036,0.008742,0.005899,0.005330,0.004761,0.003339,0.003908,0.005330,0.004761,0.004761,0.005046,0.002771,0.003055,0.006183,0.011301,-0.001209,-0.033056,0.026087,0.068171,-0.022820,-0.044430,0.015566,0.015282,0.012439,0.000780,-0.003768,0.031206,0.028078,-0.036184,-0.030213,0.045139,-0.005190,-0.089357,0.023528,0.087222,0.067318,0.096037,-0.026232,-0.122342,-0.168975,-0.245465,0.703690,0.129306,-0.287833,-0.930461,-0.261957,1.904779,0.754304,-1.926534,-0.786865,1.222342,1.059411,-1.377172,-1.161636,1.359683,1.607635,-1.127230,-1.805970,0.719898,1.955393,-0.386502,-2.038283,0.290532,1.869804,-0.004906,-2.024350,-0.013720,1.985250,0.416214,-2.027194,-0.435694,1.658533,0.839893,-1.695643,-0.934726,1.470863,1.382431,-1.442573,-1.446269,1.197320,1.633795,-1.018324,-1.737442,0.824823,1.915585,-0.523558,-2.090604,0.309014,2.035011,0.097459,-2.088613,-0.208499,1.957384,0.648811,-2.094869,-0.811603,1.918712,1.204144,-1.888147,-1.327980,1.584034,1.692371,-1.400205,-1.867105,1.098935,2.057759,-0.826673,-2.103115,0.572890,2.079654,-0.169828,-2.235337,-0.002631,2.193962,0.371002,-2.201499,-0.535216,1.945725,0.978087,-1.975442,-1.013490,1.699195,1.315040,-1.670052,-1.372907,1.368213,1.765164,-1.239548,-1.869380,0.941690,1.932077,-0.670850,-1.967481,0.445502,2.028187,-0.209637,-2.048520,-0.007465,1.936911,0.450336,-2.017810,-0.554267,1.793883,0.860367,-1.821325,-0.893780,1.551618,1.287458,-1.576785,-1.315753,1.311059,1.616450,-1.252628,-1.645882,0.973253,1.851037,-0.807906,-1.887863,0.547014,1.925252,-0.249446,-1.948429,0.036608,1.922693,0.277736,-1.977433,-0.401288],
	[0.000000,0.000000,0.000000,0.000000,0.000000,0.000000,0.000000,0.000000,0.000000,0.000000,0.000000,0.000000,0.000000,0.000000,0.000000,0.000000,0.000000,0.000000,0.000000,0.000000,0.000000,0.000000,0.000000,0.000000,0.000000,0.000000,0.000000,0.000000,0.000000,0.000000,0.000000,0.000000,0.000000,0.000000,0.000000,0.000000,0.000000,0.000000,0.000000,0.000000,0.000000,0.000000,0.000000,0.000000,0.000000,0.000000,0.000000,0.000000,0.000000,0.000000,0.000000,0.000000,0.000000,0.000000,0.000000,0.000000,0.000000,0.000000,0.000000,0.000000,0.000000,0.000000,0.000000,0.000000,0.000000,0.000000,0.000000,0.000000,0.000000,0.000000,0.000000,0.000000,0.000000,0.000000,0.000000,0.000000,0.000000,0.000000,0.000000,0.000000,0.000000,0.000000,0.000000,0.000000,0.000000,0.000000,0.000000,0.000000,0.000000,0.000000,0.000000,0.000000,0.000000,0.000000,0.000000,0.000000,0.000000,0.000000,0.000000,0.000000,0.000000,0.000000,0.000000,0.000000,0.000000,0.000000,0.000000,0.000000,0.000000,0.000000,0.000000,0.000000,0.000000,0.000000,0.000000,0.000000,0.000000,0.000000,0.000000,0.000000,0.000000,0.000000,0.000000,0.000000,0.000000,0.000000,0.000000,0.000000,0.000000,0.000000,0.000000,0.000000,0.000000,0.000000,0.000000,0.000000,0.000000,0.000000,0.000000,0.000000,0.000000,0.000000,0.000000,0.000000,0.000000,0.000000,0.000000,0.000000,0.000000,0.000000,0.000000,0.000000,0.000000,0.000000,0.000000,0.000000,0.000000,0.000000,0.000000,0.000000,0.000000,0.000000,0.000000,0.000000,0.000000,0.000000,0.000000,0.000000,0.000000,0.000000,0.000000,0.000000,0.000000,0.000000,0.000000,0.000000,0.000000,0.000000,0.000000,0.000000,0.000000,0.000000,0.000000,0.000000,0.000000,0.000000,0.000000,0.000000,0.000000,0.000000,0.000000,0.000000,0.000000,0.000000,0.000000,0.000000,0.000000,0.000000,0.000000,0.000000,0.000000,0.000000,0.000000,0.000000,0.000000,0.000000,0.000000,0.000000,0.000000,0.000000,0.000000,0.000000,0.000000,0.000000,0.000000,0.000000,0.000000,0.000000,0.000000,0.000000,0.000000,0.000000,0.000000,0.000000,0.000000,0.000000,0.000000,0.000000,0.000000,0.000000,0.000000,0.000000,0.000000,0.000000,0.000000,0.000000,0.000000,0.000000,0.000000,0.000000,0.000000,0.000000,0.000000,0.000000,0.000000,0.000000,0.000000,0.000000,0.000000,0.000000,0.000000,0.000000,0.000000,0.000000,0.000000,0.000000],
	[0.000910,-0.000984,-0.004773,0.000910,0.000910,0.000910,0.002804,-0.000984,-0.002879,0.000910,0.000910,0.000910,-0.000984,-0.000984,-0.002879,-0.002879,-0.000984,-0.000984,-0.002879,-0.000984,0.002804,0.000910,0.008488,0.002804,0.004699,0.004699,0.004699,0.004699,0.000910,0.006594,0.006594,0.006594,0.006594,0.008488,0.002804,0.002804,0.002804,0.000910,-0.000984,-0.002879,0.002804,-0.000984,-0.002879,-0.002879,-0.004773,-0.002879,-0.000984,-0.000984,-0.010457,-0.002879,-0.004773,-0.006668,-0.004773,-0.012352,-0.006668,-0.010457,-0.008563,-0.006668,-0.006668,-0.008563,-0.010457,-0.010457,-0.010457,-0.012352,-0.014247,-0.010457,-0.012352,-0.012352,-0.010457,-0.016141,-0.016141,-0.010457,-0.016141,-0.010457,-0.010457,-0.010457,-0.018036,-0.027509,0.004699,0.014172,-0.033193,-0.038877,0.000910,0.008488,-0.014247,-0.044561,-0.002879,0.038803,-0.033193,-0.046456,0.040698,0.016067,-0.086244,-0.124137,0.057750,0.224480,0.016067,-0.192345,-0.097612,0.061539,0.078591,-0.042667,-0.120348,0.040698,0.156272,0.021751,-0.199924,-0.093822,0.105116,0.097538,-0.099506,-0.114664,0.395000,0.459419,-0.038877,-1.668289,-1.558398,2.554918,1.878523,-1.332933,-1.168097,0.082380,1.147182,-0.260553,-1.374616,0.302161,0.813721,-0.084349,-0.772112,0.258584,1.185075,-0.419705,-0.954000,-0.035088,1.075185,-0.601593,-0.804322,0.311635,1.302544,-0.351497,-1.226832,-0.006668,1.675793,-0.398864,-1.715655,-0.018036,2.132408,0.321108,-2.113535,-0.957790,1.980834,1.300650,-1.768706,-1.420088,1.469275,1.825472,-1.404930,-1.808494,0.772038,2.304822,-0.851688,-2.043432,0.127852,2.484815,-0.038877,-2.024486,-0.681169,2.333242,0.578783,-1.948699,-1.090416,2.033885,1.283598,-1.709971,-1.526189,1.476853,1.804631,-1.262831,-1.810389,0.855404,2.088830,-0.910423,-1.662605,0.376053,2.050937,-0.495491,-1.728918,-0.198029,2.166512,0.095643,-1.745970,-0.633802,1.990308,0.444261,-1.713761,-0.878214,1.831156,0.963399,-1.562188,-1.202201,1.317702,1.402962,-1.272304,-1.389773,0.948242,1.728844,-1.094205,-1.497769,0.484049,1.916416,-0.569383,-1.609554,-0.091928,2.001676,-0.093822,-1.615238,-0.491702,1.850103,0.364685,-1.565977,-0.813795,1.698529,0.891402,-1.554609,-1.109363,1.338543,1.310123,-1.308303,-1.295040,0.889508,1.662531,-0.995683,-1.456086,0.406368,1.869049,-0.584541,-1.533768,-0.042667,1.918310,-0.110874,-1.617133,-0.506859,1.897469,0.459419,-1.598186,-0.851688,1.628427,0.887613,-1.463665,-1.118836,1.245704,1.355595,-1.188939,-1.312092,0.747408,1.664425],
	[-2.253113,-0.590882,1.071347,-0.590882,-2.253113,-0.590882,1.071347,-0.590882,-0.590882,-0.590882,-0.590882,-0.590882,1.071347,1.071347,-0.590882,-0.590882,-0.590882,1.071347,1.071347,1.071347,-0.590882,1.071347,1.071347,-0.590882,1.071347,1.071347,2.733576,1.071347,1.071347,1.071347,2.733576,2.733576,1.071347,1.071347,1.071347,2.733576,2.733576,1.071347,1.071347,1.071347,1.071347,-0.590882,1.071347,-0.590882,1.071347,1.071347,1.071347,1.071347,-2.253113,1.071347,-0.590882,-0.590882,1.071347,1.071347,-0.590882,-0.590882,-0.590882,-0.590882,1.071347,1.071347,-0.590882,-0.590882,-0.590882,-0.590882,1.071347,-0.590882,-0.590882,-0.590882,-0.590882,1.071347,-2.253113,-2.253113,-0.590882,-0.590882,-0.590882,-0.590882,-2.253113,-0.590882,-0.590882,-0.590882,-0.590882,-0.590882,-0.590882,-0.590882,-0.590882,-0.590882,-0.590882,-0.590882,-0.590882,-0.590882,1.071347,1.071347,-0.590882,-0.590882,-0.590882,-0.590882,-0.590882,-0.590882,-0.590882,-0.590882,-0.590882,-0.590882,-0.590882,-0.590882,-0.590882,-0.590882,-0.590882,-0.590882,1.071347,1.071347,-0.590882,-0.590882,1.071347,-0.590882,-0.590882,-0.590882,-0.590882,-0.590882,-0.590882,-0.590882,1.071347,1.071347,1.071347,1.071347,1.071347,-0.590882,1.071347,-0.590882,-0.590882,-0.590882,1.071347,-0.590882,-0.590882,-0.590882,-0.590882,-0.590882,-0.590882,1.071347,1.071347,1.071347,-0.590882,-0.590882,1.071347,-2.253113,-0.590882,-2.253113,-0.590882,-0.590882,-0.590882,-0.590882,1.071347,-0.590882,-0.590882,-0.590882,-0.590882,-0.590882,-0.590882,-0.590882,-0.590882,-0.590882,1.071347,-0.590882,1.071347,-0.590882,-0.590882,-0.590882,1.071347,1.071347,1.071347,1.071347,-0.590882,2.733576,2.733576,1.071347,1.071347,1.071347,1.071347,1.071347,2.733576,1.071347,1.071347,1.071347,1.071347,-0.590882,1.071347,-0.590882,1.071347,1.071347,1.071347,1.071347,-0.590882,-0.590882,-0.590882,1.071347,-0.590882,-0.590882,-0.590882,-0.590882,-0.590882,-0.590882,1.071347,-0.590882,1.071347,-0.590882,-0.590882,-0.590882,-0.590882,-0.590882,-0.590882,1.071347,-0.590882,-0.590882,-0.590882,1.071347,1.071347,1.071347,1.071347,-0.590882,-0.590882,-0.590882,-0.590882,1.071347,1.071347,-0.590882,-0.590882,-0.590882,-0.590882,-0.590882,-0.590882,-0.590882,-2.253113,-0.590882,-0.590882,-0.590882,-0.590882,-0.590882,-0.590882,1.071347,-0.590882,-0.590882,-0.590882,-0.590882,-0.590882,-0.590882,-0.590882,1.071347,-0.590882,-0.590882,-0.590882,-0.590882,1.071347,-0.590882,-0.590882,-0.590882,-0.590882,1.071347],
	[-0.540586,1.126715,-0.540586,-0.540586,-0.540586,-0.540586,-0.540586,-0.540586,-0.540586,-0.540586,-0.540586,-0.540586,-0.540586,-0.540586,-2.207890,-0.540586,1.126715,-0.540586,-0.540586,1.126715,-0.540586,1.126715,1.126715,1.126715,1.126715,1.126715,1.126715,1.126715,1.126715,1.126715,1.126715,2.794017,1.126715,1.126715,1.126715,2.794017,1.126715,1.126715,-0.540586,1.126715,1.126715,-0.540586,1.126715,1.126715,1.126715,1.126715,1.126715,-0.540586,-0.540586,1.126715,1.126715,1.126715,-0.540586,-0.540586,-0.540586,1.126715,-0.540586,-0.540586,-0.540586,-0.540586,-0.540586,-0.540586,-0.540586,-0.540586,1.126715,1.126715,-0.540586,-0.540586,-0.540586,-0.540586,-0.540586,-0.540586,-0.540586,-0.540586,1.126715,1.126715,-0.540586,-0.540586,-0.540586,1.126715,-0.540586,-2.207890,-0.540586,-0.540586,1.126715,-0.540586,-0.540586,1.126715,1.126715,-0.540586,-0.540586,-0.540586,-0.540586,-0.540586,-0.540586,-0.540586,-0.540586,-0.540586,-0.540586,-0.540586,-0.540586,-0.540586,-0.540586,-0.540586,1.126715,-0.540586,-0.540586,1.126715,-0.540586,-0.540586,-0.540586,1.126715,1.126715,-0.540586,1.126715,-0.540586,-0.540586,-0.540586,-0.540586,-0.540586,-0.540586,-0.540586,-0.540586,-0.540586,1.126715,-0.540586,1.126715,-0.540586,-2.207890,-2.207890,-0.540586,-0.540586,-0.540586,1.126715,-0.540586,1.126715,-0.540586,-0.540586,-0.540586,-0.540586,1.126715,-0.540586,-0.540586,-0.540586,-2.207890,-0.540586,1.126715,-0.540586,-0.540586,-0.540586,-0.540586,-0.540586,-0.540586,-0.540586,1.126715,1.126715,-0.540586,-0.540586,-0.540586,-0.540586,-2.207890,-0.540586,-0.540586,-0.540586,1.126715,1.126715,-0.540586,-0.540586,1.126715,1.126715,2.794017,1.126715,2.794017,2.794017,1.126715,2.794017,1.126715,1.126715,1.126715,1.126715,1.126715,1.126715,1.126715,1.126715,1.126715,-0.540586,-0.540586,1.126715,1.126715,1.126715,-0.540586,-0.540586,1.126715,1.126715,1.126715,-0.540586,-0.540586,-0.540586,1.126715,-0.540586,1.126715,-0.540586,-0.540586,1.126715,-0.540586,-0.540586,-0.540586,-0.540586,1.126715,-0.540586,-0.540586,-0.540586,1.126715,-0.540586,-0.540586,-2.207890,1.126715,-0.540586,-0.540586,-0.540586,-2.207890,-0.540586,-0.540586,-0.540586,-0.540586,-0.540586,-2.207890,1.126715,-0.540586,-0.540586,-2.207890,1.126715,-2.207890,-0.540586,-0.540586,-0.540586,-0.540586,1.126715,-0.540586,-0.540586,-0.540586,1.126715,1.126715,-0.540586,-2.207890,-0.540586,-0.540586,-0.540586,-0.540586,-0.540586,-0.540586,1.126715,-0.540586,-0.540586,-0.540586,-0.540586]
],
"cwt" : [
	[0.321625,0.170040,0.074181,0.026737,0.008228,0.002353,0.000983,0.001106,0.001275,0.001239,0.001152,0.001094,0.000999,0.000792,0.000432,0.000046,0.000203,0.000332,0.000522,0.000748,0.000894,0.000922,0.000812,0.000627,0.000474,0.000321,0.000103,0.000182,0.000322,0.000332,0.000202,0.000024,0.000128,0.000250,0.000428,0.000602,0.000644,0.000558,0.000514,0.000585,0.000618,0.000591,0.000570,0.000567,0.000569,0.000554,0.000485,0.000408,0.000354,0.000254,0.000110,0.000268,0.000433,0.000489,0.000466,0.000452,0.000540,0.000597,0.000458,0.000153,0.000346,0.000658,0.000743,0.000621,0.000437,0.000344,0.000428,0.000553,0.000575,0.000500,0.000404,0.000302,0.000178,0.000055,0.000094,0.000231,0.000268,0.000133,0.000160,0.000471,0.000693,0.000814,0.000845,0.000734,0.000474,0.000253,0.000336,0.000551,0.000808,0.000967,0.000880,0.000577,0.000220,0.000095,0.000285,0.000350,0.000257,0.000071,0.000302,0.000745,0.001483,0.002817,0.005134,0.008694,0.013351,0.018410,0.022691,0.024928,0.024357,0.021172,0.016532,0.012121,0.009508,0.009434,0.011524,0.014782,0.018062,0.020723,0.023180,0.026401,0.029981,0.031296,0.027525,0.018492,0.010271,0.017074,0.037860,0.076791,0.131239,0.189091,0.241434,0.298043,0.386455,0.518032,0.668414,0.798691,0.880450,0.908570,0.900396,0.883193,0.878252,0.892367,0.920147,0.951760,0.979073,0.997890,1.008066,1.012167,1.012448,1.009014,1.001749,0.993086,0.987324,0.987230,0.991956,0.997840,1.000318,0.995681,0.983124,0.966170,0.951109,0.942981,0.943086,0.949898,0.960767,0.972276,0.980876,0.984988,0.986171,0.987484,0.991100,0.997783,1.007431,1.018785,1.029080,1.035513,1.037383,1.036238,1.034338,1.033901,1.037269,1.046052,1.059483,1.074534,1.088152,1.098856,1.106305,1.110664,1.113045,1.115408,1.118904,1.122670,1.124889,1.124376,1.120639,1.113558,1.104331,1.096130,1.092324,1.093747,1.098269,1.102724,1.104549,1.102348,1.096457,1.089073,1.082561,1.077293,1.071973,1.066028,1.060582,1.057130,1.056457,1.058954,1.064419,1.070674,1.073699,1.070583,1.061977,1.051086,1.040950,1.033141,1.027839,1.023910,1.019571,1.014230,1.009358,1.006552,1.005167,1.003045,0.999153,0.994251,0.989460,0.985648,0.984014,0.985601,0.989848,0.994853,0.999417,1.003666,1.007547,1.010180,1.011206,1.011285,1.010524,1.007729,1.002212,0.995133,0.988066,0.981169,0.972597,0.956144,0.916883,0.833448,0.693251,0.509747],
	[0.000000,0.000000,0.000000,0.000000,0.000000,0.000000,0.000000,0.000000,0.000000,0.000000,0.000000,0.000000,0.000000,0.000000,0.000000,0.000000,0.000000,0.000000,0.000000,0.000000,0.000000,0.000000,0.000000,0.000000,0.000000,0.000000,0.000000,0.000000,0.000000,0.000000,0.000000,0.000000,0.000000,0.000000,0.000000,0.000000,0.000000,0.000000,0.000000,0.000000,0.000000,0.000000,0.000000,0.000000,0.000000,0.000000,0.000000,0.000000,0.000000,0.000000,0.000000,0.000000,0.000000,0.000000,0.000000,0.000000,0.000000,0.000000,0.000000,0.000000,0.000000,0.000000,0.000000,0.000000,0.000000,0.000000,0.000000,0.000000,0.000000,0.000000,0.000000,0.000000,0.000000,0.000000,0.000000,0.000000,0.000000,0.000000,0.000000,0.000000,0.000000,0.000000,0.000000,0.000000,0.000000,0.000000,0.000000,0.000000,0.000000,0.000000,0.000000,0.000000,0.000000,0.000000,0.000000,0.000000,0.000000,0.000000,0.000000,0.000000,0.000000,0.000000,0.000000,0.000000,0.000000,0.000000,0.000000,0.000000,0.000000,0.000000,0.000000,0.000000,0.000000,0.000000,0.000000,0.000000,0.000000,0.000000,0.000000,0.000000,0.000000,0.000000,0.000000,0.000000,0.000000,0.000000,0.000000,0.000000,0.000000,0.000000,0.000000,0.000000,0.000000,0.000000,0.000000,0.000000,0.000000,0.000000,0.000000,0.000000,0.000000,0.000000,0.000000,0.000000,0.000000,0.000000,0.000000,0.000000,0.000000,0.000000,0.000000,0.000000,0.000000,0.000000,0.000000,0.000000,0.000000,0.000000,0.000000,0.000000,0.000000,0.000000,0.000000,0.000000,0.000000,0.000000,0.000000,0.000000,0.000000,0.000000,0.000000,0.000000,0.000000,0.000000,0.000000,0.000000,0.000000,0.000000,0.000000,0.000000,0.000000,0.000000,0.000000,0.000000,0.000000,0.000000,0.000000,0.000000,0.000000,0.000000,0.000000,0.000000,0.000000,0.000000,0.000000,0.000000,0.000000,0.000000,0.000000,0.000000,0.000000,0.000000,0.000000,0.000000,0.000000,0.000000,0.000000,0.000000,0.000000,0.000000,0.000000,0.000000,0.000000,0.000000,0.000000,0.000000,0.000000,0.000000,0.000000,0.000000,0.000000,0.000000,0.000000,0.000000,0.000000,0.000000,0.000000,0.000000,0.000000,0.000000,0.000000,0.000000,0.000000,0.000000,0.000000,0.000000,0.000000,0.000000,0.000000,0.000000,0.000000,0.000000,0.000000,0.000000,0.000000,0.000000,0.000000,0.000000,0.000000,0.000000,0.000000,0.000000,0.000000,0.000000,0.000000,0.000000],
	[0.416990,0.257500,0.132524,0.055792,0.019071,0.005068,0.000604,0.000987,0.001075,0.000803,0.000616,0.000471,0.000247,0.000322,0.000519,0.000521,0.000536,0.000694,0.000703,0.000452,0.000237,0.000507,0.000761,0.000771,0.000583,0.000520,0.000687,0.000872,0.000913,0.000806,0.000583,0.000276,0.000494,0.000846,0.000843,0.000597,0.000617,0.000889,0.001047,0.001048,0.001035,0.000939,0.000614,0.000418,0.000720,0.001064,0.001434,0.001680,0.001554,0.001142,0.000763,0.000572,0.000628,0.000556,0.000188,0.000263,0.000535,0.000650,0.000701,0.000691,0.000574,0.000409,0.000514,0.000693,0.000631,0.000327,0.000036,0.000407,0.000856,0.001089,0.000879,0.000489,0.000827,0.001488,0.002495,0.004198,0.006550,0.009136,0.011532,0.013397,0.014422,0.014579,0.014396,0.014648,0.015724,0.017396,0.019212,0.021076,0.023553,0.027642,0.034177,0.043436,0.055164,0.068179,0.079963,0.087360,0.088282,0.083097,0.074604,0.066587,0.061986,0.061853,0.065505,0.071294,0.077348,0.082020,0.084424,0.085548,0.089221,0.101712,0.129878,0.181392,0.270481,0.415494,0.617098,0.841095,1.027106,1.118428,1.094462,0.983372,0.844248,0.729794,0.657977,0.615246,0.579564,0.539159,0.499075,0.473958,0.473090,0.490967,0.511832,0.522725,0.521435,0.514665,0.512405,0.522022,0.544245,0.575251,0.611049,0.649627,0.691671,0.739184,0.792594,0.849668,0.907267,0.962879,1.013590,1.055644,1.086798,1.107303,1.117992,1.120169,1.117689,1.115712,1.116410,1.118299,1.120343,1.123888,1.129467,1.134790,1.137773,1.138898,1.138918,1.136828,1.132382,1.128171,1.126512,1.126398,1.126001,1.126005,1.127731,1.129487,1.128080,1.123270,1.117512,1.111700,1.104346,1.094601,1.082667,1.067238,1.046304,1.021445,0.998400,0.982067,0.972932,0.969332,0.970399,0.974610,0.978118,0.977782,0.974545,0.971551,0.970279,0.970408,0.971832,0.974091,0.974500,0.969926,0.960837,0.951050,0.943293,0.937621,0.934064,0.933391,0.934476,0.933874,0.929619,0.923457,0.917946,0.913370,0.909265,0.906536,0.905547,0.904174,0.900420,0.895494,0.892115,0.891192,0.892423,0.896626,0.904423,0.913285,0.918950,0.919823,0.917586,0.913700,0.908172,0.901938,0.897244,0.894634,0.892101,0.888380,0.884684,0.882045,0.879460,0.876341,0.874525,0.875974,0.880198,0.885735,0.892342,0.899652,0.905321,0.907048,0.905449,0.902807,0.899967,0.896418,0.892378,0.888428,0.883032,0.871590,0.846618,0.796917,0.709380,0.578281],
	[0.612070,0.694121,0.747776,0.775144,0.763880,0.693820,0.563244,0.393317,0.205207,0.008284,0.185076,0.346547,0.444634,0.468836,0.440936,0.402114,0.385866,0.391724,0.397291,0.387328,0.366175,0.352271,0.360295,0.383485,0.399614,0.408555,0.416145,0.418897,0.431580,0.466809,0.500942,0.497616,0.460340,0.436839,0.456924,0.485575,0.463716,0.375404,0.268593,0.213362,0.189133,0.120095,0.026885,0.124467,0.211251,0.290846,0.395801,0.465977,0.421252,0.286076,0.242393,0.355182,0.443970,0.440446,0.342607,0.205551,0.200683,0.328136,0.421022,0.427861,0.349862,0.246374,0.228113,0.286707,0.326448,0.322602,0.312033,0.359455,0.473942,0.599349,0.655576,0.594691,0.443917,0.290156,0.241542,0.292269,0.322505,0.283920,0.198502,0.112710,0.052946,0.018805,0.002654,0.003174,0.008126,0.019218,0.051589,0.125554,0.239306,0.359471,0.437004,0.436957,0.359380,0.239333,0.125724,0.051548,0.019001,0.008063,0.003626,0.002793,0.002958,0.003249,0.008505,0.019953,0.051323,0.125670,0.243318,0.372304,0.467758,0.501437,0.477146,0.423385,0.363885,0.295606,0.211758,0.132166,0.095625,0.125040,0.196915,0.254128,0.243447,0.151229,0.012281,0.110927,0.163733,0.162239,0.203063,0.288921,0.353609,0.376359,0.357631,0.298473,0.207778,0.120909,0.122097,0.205887,0.293017,0.354894,0.394800,0.413897,0.397890,0.369096,0.357238,0.319957,0.246284,0.208975,0.199213,0.174798,0.204181,0.276040,0.310137,0.280835,0.203941,0.113911,0.043356,0.007310,0.036835,0.093143,0.155166,0.173200,0.112963,0.037608,0.164142,0.275734,0.335781,0.337235,0.291868,0.258789,0.323092,0.458070,0.593273,0.655402,0.593982,0.428356,0.224022,0.030555,0.136936,0.262905,0.313336,0.272768,0.190861,0.166423,0.170414,0.115220,0.029834,0.113704,0.169774,0.171536,0.198574,0.281131,0.351226,0.385096,0.388592,0.362713,0.300486,0.203606,0.101817,0.087742,0.149220,0.169537,0.117219,0.032204,0.117592,0.171896,0.148989,0.085540,0.103318,0.203201,0.298981,0.363060,0.390134,0.384548,0.345449,0.263615,0.155876,0.143314,0.210413,0.208718,0.148722,0.196568,0.331414,0.424970,0.433726,0.358602,0.234156,0.106938,0.007808,0.093014,0.192921,0.283557,0.321417,0.285663,0.206282,0.140509,0.143109,0.212072,0.285958,0.315780,0.284195,0.208388,0.129668,0.094355,0.128774,0.208929,0.286725,0.321138,0.301734,0.261360,0.262215,0.305137,0.330881,0.318973,0.302486,0.330699,0.407419,0.508801],
	[0.268622,0.311254,0.282369,0.204332,0.114775,0.047737,0.015903,0.007509,0.001744,0.018623,0.058745,0.132267,0.247994,0.393962,0.518984,0.560072,0.499043,0.380097,0.251288,0.126374,0.107689,0.165984,0.155390,0.093854,0.039326,0.020291,0.026132,0.056182,0.112199,0.201475,0.303293,0.373791,0.396840,0.400755,0.411142,0.417346,0.410194,0.400191,0.384614,0.359431,0.337299,0.313609,0.259496,0.150483,0.013572,0.193032,0.349660,0.444356,0.468585,0.443409,0.405548,0.386793,0.389832,0.396410,0.391580,0.364840,0.304271,0.211141,0.115321,0.055138,0.058345,0.128208,0.240990,0.359795,0.437261,0.438609,0.361616,0.240077,0.124839,0.053584,0.054326,0.126860,0.241352,0.364175,0.453955,0.489296,0.487072,0.489184,0.523148,0.576120,0.603258,0.570580,0.501613,0.455388,0.448527,0.464439,0.493675,0.508112,0.470719,0.373033,0.243609,0.126642,0.051876,0.019443,0.008236,0.003333,0.002567,0.003577,0.007784,0.017211,0.047487,0.112968,0.201849,0.278946,0.315194,0.320366,0.333169,0.367099,0.402737,0.427875,0.437134,0.406236,0.309203,0.174254,0.128104,0.165804,0.151485,0.094198,0.038404,0.007305,0.038546,0.094046,0.149045,0.153925,0.065414,0.123767,0.342416,0.509809,0.560761,0.481752,0.307249,0.114632,0.061235,0.068063,0.034965,0.127244,0.190523,0.213388,0.244080,0.282344,0.267748,0.161018,0.076288,0.289935,0.474638,0.551977,0.512177,0.395651,0.259268,0.151279,0.106944,0.143678,0.244991,0.363656,0.441948,0.444082,0.376512,0.284109,0.241157,0.269517,0.267840,0.160658,0.064203,0.272996,0.432259,0.505160,0.504055,0.446469,0.360368,0.283886,0.208579,0.165543,0.206644,0.192845,0.110484,0.128718,0.168298,0.143877,0.094282,0.055156,0.036993,0.053997,0.125755,0.243006,0.366504,0.450272,0.475096,0.460353,0.448879,0.465905,0.487784,0.481819,0.446093,0.405159,0.383057,0.372886,0.346107,0.280238,0.173728,0.087254,0.165182,0.256009,0.306200,0.324372,0.306982,0.269392,0.270066,0.320085,0.372275,0.402011,0.413992,0.425739,0.448759,0.481795,0.510018,0.502011,0.429478,0.293624,0.164588,0.206036,0.274908,0.252855,0.158798,0.089531,0.201034,0.348604,0.460589,0.514434,0.515329,0.472927,0.396874,0.320780,0.270961,0.203408,0.106314,0.153635,0.276596,0.361751,0.409666,0.447958,0.502591,0.574297,0.630760,0.629868,0.550478,0.410258,0.260293,0.157366,0.146311,0.213332,0.286298,0.311779,0.267038,0.158537,0.045015,0.159002]
],
"envelope_edge" : [
	[0.010566,0.009855,0.008939,0.008067,0.007351,0.006788,0.006339,0.005968,0.005652,0.005374,0.005125,0.004898,0.004691,0.004500,0.004321,0.004151,0.003990,0.003841,0.003699,0.003565,0.003439,0.003318,0.003203,0.003091,0.002983,0.002878,0.002776,0.002676,0.002581,0.002490,0.002401,0.002312,0.002225,0.002142,0.002060,0.001982,0.001905,0.001830,0.001755,0.001682,0.001610,0.001540,0.001470,0.001402,0.001334,0.001268,0.001202,0.001137,0.001072,0.001009,0.000944,0.000880,0.000818,0.000757,0.000696,0.000635,0.000575,0.000516,0.000457,0.000396,0.000334,0.000276,0.000219,0.000161,0.000103,0.000043,-0.000016,-0.000074,-0.000132,-0.000190,-0.000249,-0.000308,-0.000368,-0.000428,-0.000490,-0.000550,-0.000610,-0.000672,-0.000735,-0.000798,-0.000859,-0.000921,-0.000983,-0.001045,-0.001110,-0.001177,-0.001246,-0.001314,-0.001383,-0.001450,-0.001519,-0.001589,-0.001664,-0.001742,-0.001820,-0.001898,-0.001980,-0.002065,-0.002155,-0.002247,-0.002345,-0.002445,-0.002550,-0.002652,-0.002748,-0.002831,-0.002899,-0.002958,-0.003018,-0.003092,-0.003191,-0.003316,-0.003466,-0.003624,-0.003785,-0.003939,-0.004091,-0.004244,-0.004410,-0.004582,-0.004756,-0.004922,-0.005113,-0.005366,-0.005753,-0.006233,-0.006745,-0.007264,-0.007697,-0.008027,-0.008334,-0.008753,-0.009248,-0.009556,-0.009431,-0.008861,-0.008029,-0.007210,-0.006611,-0.006294,-0.006173,-0.006111,-0.005997,-0.005795,-0.005516,-0.005199,-0.004883,-0.004593,-0.004327,-0.004084,-0.003877,-0.003723,-0.003618,-0.003532,-0.003428,-0.003285,-0.003103,-0.002909,-0.002744,-0.002649,-0.002632,-0.002666,-0.002711,-0.002738,-0.002727,-0.002671,-0.002582,-0.002486,-0.002411,-0.002363,-0.002332,-0.002302,-0.002260,-0.002190,-0.002087,-0.001963,-0.001843,-0.001747,-0.001682,-0.001649,-0.001638,-0.001628,-0.001591,-0.001513,-0.001397,-0.001258,-0.001110,-0.000963,-0.000828,-0.000707,-0.000586,-0.000452,-0.000302,-0.000146,0.000008,0.000146,0.000252,0.000317,0.000356,0.000401,0.000475,0.000584,0.000719,0.000862,0.000993,0.001098,0.001184,0.001264,0.001346,0.001418,0.001475,0.001518,0.001559,0.001607,0.001678,0.001791,0.001946,0.002115,0.002266,0.002380,0.002463,0.002528,0.002592,0.002666,0.002750,0.002830,0.002898,0.002965,0.003046,0.003143,0.003243,0.003334,0.003416,0.003487,0.003551,0.003620,0.003711,0.003829,0.003970,0.004129,0.004309,0.004512,0.004731,0.004965,0.005223,0.005507,0.005810,0.006129,0.006475,0.006875,0.007368,0.008003,0.008810,0.009708,0.010469,0.010804],
	[0.000000,0.000000,0.000000,0.000000,0.000000,0.000000,0.000000,0.000000,0.000000,0.000000,0.000000,0.000000,0.000000,0.000000,0.000000,0.000000,0.000000,0.000000,0.000000,0.000000,0.000000,0.000000,0.000000,0.000000,0.000000,0.000000,0.000000,0.000000,0.000000,0.000000,0.000000,0.000000,0.000000,0.000000,0.000000,0.000000,0.000000,0.000000,0.000000,0.000000,0.000000,0.000000,0.000000,0.000000,0.000000,0.000000,0.000000,0.000000,0.000000,0.000000,0.000000,0.000000,0.000000,0.000000,0.000000,0.000000,0.000000,0.000000,0.000000,0.000000,0.000000,0.000000,0.000000,0.000000,0.000000,0.000000,0.000000,0.000000,0.000000,0.000000,0.000000,0.000000,0.000000,0.000000,0.000000,0.000000,0.000000,0.000000,0.000000,0.000000,0.000000,0.000000,0.000000,0.000000,0.000000,0.000000,0.000000,0.000000,0.000000,0.000000,0.000000,0.000000,0.000000,0.000000,0.000000,0.000000,0.000000,0.000000,0.000000,0.000000,0.000000,0.000000,0.000000,0.000000,0.000000,0.000000,0.000000,0.000000,0.000000,0.000000,0.000000,0.000000,0.000000,0.000000,0.000000,0.000000,0.000000,0.000000,0.000000,0.000000,0.000000,0.000000,0.000000,0.000000,0.000000,0.000000,0.000000,0.000000,0.000000,0.000000,0.000000,0.000000,0.000000,0.000000,0.000000,0.000000,0.000000,0.000000,0.000000,0.000000,0.000000,0.000000,0.000000,0.000000,0.000000,0.000000,0.000000,0.000000,0.000000,0.000000,0.000000,0.000000,0.000000,0.000000,0.000000,0.000000,0.000000,0.000000,0.000000,0.000000,0.000000,0.000000,0.000000,0.000000,0.000000,0.000000,0.000000,0.000000,0.000000,0.000000,0.000000,0.000000,0.000000,0.000000,0.000000,0.000000,0.000000,0.000000,0.000000,0.000000,0.000000,0.000000,0.000000,0.000000,0.000000,0.000000,0.000000,0.000000,0.000000,0.000000,0.000000,0.000000,0.000000,0.000000,0.000000,0.000000,0.000000,0.000000,0.000000,0.000000,0.000000,0.000000,0.000000,0.000000,0.000000,0.000000,0.000000,0.000000,0.000000,0.000000,0.000000,0.000000,0.000000,0.000000,0.000000,0.000000,0.000000,0.000000,0.000000,0.000000,0.000000,0.000000,0.000000,0.000000,0.000000,0.000000,0.000000,0.000000,0.000000,0.000000,0.000000,0.000000,0.000000,0.000000,0.000000,0.000000,0.000000,0.000000,0.000000,0.000000,0.000000,0.000000,0.000000,0.000000,0.000000,0.000000,0.000000,0.000000,0.000000,0.000000,0.000000,0.000000,0.000000,0.000000,0.000000,0.000000],
	[0.009577,0.009278,0.008603,0.007786,0.007026,0.006409,0.005915,0.005521,0.005200,0.004918,0.004668,0.004440,0.004233,0.004039,0.003863,0.003697,0.003541,0.003394,0.003257,0.003125,0.002996,0.002872,0.002757,0.002646,0.002539,0.002432,0.002330,0.002232,0.002139,0.002046,0.001957,0.001866,0.001776,0.001692,0.001611,0.001529,0.001446,0.001367,0.001290,0.001215,0.001140,0.001067,0.000993,0.000917,0.000842,0.000770,0.000700,0.000633,0.000566,0.000499,0.000429,0.000358,0.000288,0.000220,0.000150,0.000078,0.000008,-0.000059,-0.000127,-0.000196,-0.000265,-0.000336,-0.000408,-0.000478,-0.000548,-0.000620,-0.000696,-0.000773,-0.000848,-0.000922,-0.000997,-0.001079,-0.001165,-0.001251,-0.001340,-0.001430,-0.001517,-0.001598,-0.001676,-0.001750,-0.001824,-0.001904,-0.001993,-0.002091,-0.002195,-0.002300,-0.002406,-0.002519,-0.002642,-0.002776,-0.002912,-0.003042,-0.003155,-0.003237,-0.003283,-0.003300,-0.003313,-0.003354,-0.003445,-0.003590,-0.003778,-0.003986,-0.004199,-0.004407,-0.004612,-0.004826,-0.005070,-0.005377,-0.005776,-0.006283,-0.006890,-0.007591,-0.008355,-0.009022,-0.009273,-0.008799,-0.007530,-0.005746,-0.003966,-0.002681,-0.002093,-0.002046,-0.002216,-0.002368,-0.002454,-0.002562,-0.002793,-0.003152,-0.003534,-0.003813,-0.003944,-0.003989,-0.004049,-0.004194,-0.004436,-0.004731,-0.005019,-0.005263,-0.005460,-0.005622,-0.005762,-0.005874,-0.005933,-0.005917,-0.005819,-0.005640,-0.005379,-0.005051,-0.004687,-0.004316,-0.003960,-0.003646,-0.003394,-0.003199,-0.003030,-0.002867,-0.002714,-0.002572,-0.002424,-0.002256,-0.002079,-0.001908,-0.001738,-0.001571,-0.001422,-0.001301,-0.001191,-0.001074,-0.000953,-0.000835,-0.000709,-0.000559,-0.000390,-0.000227,-0.000079,0.000069,0.000225,0.000380,0.000532,0.000682,0.000811,0.000880,0.000875,0.000824,0.000763,0.000711,0.000679,0.000683,0.000730,0.000796,0.000850,0.000887,0.000919,0.000957,0.001004,0.001073,0.001172,0.001283,0.001369,0.001419,0.001446,0.001465,0.001478,0.001497,0.001539,0.001610,0.001682,0.001736,0.001774,0.001806,0.001834,0.001857,0.001888,0.001935,0.001985,0.002015,0.002026,0.002032,0.002038,0.002047,0.002079,0.002156,0.002271,0.002396,0.002512,0.002620,0.002717,0.002795,0.002856,0.002922,0.002999,0.003078,0.003147,0.003216,0.003291,0.003360,0.003416,0.003472,0.003547,0.003644,0.003764,0.003918,0.004112,0.004331,0.004554,0.004779,0.005019,0.005280,0.005567,0.005896,0.006297,0.006797,0.007409,0.008121,0.008844,0.009400],
	[-0.002615,-0.002061,-0.001235,-0.000398,0.000725,0.001676,0.002571,0.002668,0.002588,0.000574,-0.001429,-0.001297,-0.000987,-0.000215,0.000101,0.000269,0.000077,0.000086,0.000097,0.000260,0.000200,0.000095,-0.000148,-0.000170,-0.000161,-0.000071,-0.000059,0.000002,-0.000096,-0.000024,0.000244,0.000739,0.000943,0.000921,0.000852,0.001276,0.001886,0.002413,0.002248,0.001880,0.001582,0.001567,0.000434,-0.000694,-0.000854,-0.001076,-0.000863,-0.000078,0.000925,0.001011,0.000029,-0.000476,0.000112,0.000948,0.001563,0.001134,-0.000065,-0.000524,0.000004,0.000788,0.001340,0.001089,0.000329,-0.000040,0.000072,0.000165,-0.000094,-0.000577,-0.000700,-0.000091,0.001175,0.002507,0.003220,0.002962,0.002132,0.001790,0.002157,0.002661,0.002866,0.002668,0.002244,0.001766,0.001278,0.000831,0.000427,-0.000030,-0.000571,-0.001069,-0.001239,-0.000863,0.000023,0.001122,0.002013,0.002399,0.002246,0.001777,0.001265,0.000860,0.000520,0.000222,-0.000065,-0.000369,-0.000731,-0.001147,-0.001700,-0.002233,-0.002493,-0.002221,-0.001494,-0.000532,0.000291,0.000871,0.001207,0.001468,0.001465,0.001149,0.000453,-0.000134,-0.000398,0.000011,0.000515,0.001038,0.000097,-0.000964,-0.000695,-0.000936,-0.001239,-0.001343,-0.000858,-0.000341,0.000292,0.000663,0.000789,0.000206,-0.000692,-0.001273,-0.001232,-0.001004,-0.000592,-0.000153,0.000345,0.000532,0.000782,0.001104,0.001174,0.000807,0.000685,0.000368,-0.000045,-0.000048,0.000521,0.001063,0.001437,0.001284,0.000905,0.000134,-0.000492,-0.000905,-0.000831,-0.000563,-0.000270,-0.001256,-0.002157,-0.001910,-0.001470,-0.000924,-0.000752,-0.001191,-0.001828,-0.001910,-0.001173,0.000183,0.001751,0.002606,0.002806,0.001359,-0.000280,-0.000113,0.000363,0.001080,0.000976,0.000709,0.000595,0.000832,-0.000019,-0.000823,-0.000683,-0.000759,-0.001099,-0.001238,-0.000859,-0.000354,0.000234,0.000777,0.001269,0.001423,0.001038,0.000165,-0.000073,0.000143,0.000457,-0.000258,-0.000996,-0.000656,-0.000436,-0.000690,-0.001582,-0.001937,-0.001822,-0.001325,-0.000792,-0.000171,0.000316,0.000706,0.000364,-0.000445,-0.000699,-0.000354,-0.000734,-0.001554,-0.001672,-0.000905,0.000059,0.000949,0.001178,0.000985,-0.000201,-0.001344,-0.001512,-0.001352,-0.000671,-0.000131,0.000046,-0.000402,-0.001056,-0.001464,-0.001273,-0.000781,-0.000237,-0.000077,-0.000362,-0.001089,-0.001793,-0.002168,-0.002027,-0.001643,-0.001292,-0.001395,-0.001752,-0.001941,-0.001781,-0.001746,-0.002002,-0.002544,-0.002870,-0.002965],
	[0.000106,0.000681,0.001390,0.001702,0.001650,0.001212,0.000689,0.000197,-0.000290,-0.000889,-0.001451,-0.002009,-0.002330,-0.002173,-0.001311,-0.000009,0.001196,0.001843,0.001999,0.001527,0.000592,0.000402,0.000688,0.000675,0.000254,-0.000310,-0.000896,-0.001450,-0.001973,-0.002286,-0.002222,-0.001759,-0.001303,-0.000985,-0.000789,-0.000465,-0.000236,0.000025,0.000196,0.000422,0.000443,0.000718,0.000804,0.000969,-0.000583,-0.002107,-0.001782,-0.001301,-0.000445,0.000003,0.000286,0.000240,0.000344,0.000491,0.000843,0.001188,0.001563,0.001604,0.001258,0.000458,-0.000463,-0.001266,-0.001596,-0.001395,-0.000637,0.000301,0.001071,0.001271,0.000896,0.000033,-0.001011,-0.001900,-0.002356,-0.002324,-0.001847,-0.001273,-0.000888,-0.000792,-0.000721,-0.000392,0.000289,0.000989,0.001304,0.001226,0.001120,0.001137,0.001387,0.001970,0.002738,0.003337,0.003483,0.003148,0.002539,0.001929,0.001438,0.001031,0.000659,0.000307,-0.000069,-0.000494,-0.001013,-0.001441,-0.001580,-0.001335,-0.000947,-0.000692,-0.000646,-0.000530,-0.000256,0.000174,0.000740,0.001472,0.002041,0.001906,0.001104,0.000872,0.001077,0.001054,0.000699,0.000077,-0.000602,-0.000870,-0.000928,-0.000533,-0.000948,-0.002312,-0.002641,-0.001607,-0.000104,0.001373,0.002092,0.001721,0.000560,0.000216,-0.000577,-0.001221,-0.001104,-0.001032,-0.001067,-0.000780,-0.000337,-0.000125,-0.001618,-0.002774,-0.001990,-0.000807,0.000522,0.001204,0.001302,0.000736,-0.000146,-0.001073,-0.001580,-0.001470,-0.000800,0.000072,0.000661,0.000721,0.000227,0.000058,0.000335,0.000544,-0.001004,-0.002209,-0.001506,-0.000711,0.000346,0.001004,0.001420,0.001391,0.001291,0.000678,0.000432,0.000771,0.000520,-0.000144,-0.000047,0.000093,-0.000010,-0.000455,-0.001019,-0.001801,-0.002484,-0.002872,-0.002675,-0.002111,-0.001413,-0.001000,-0.000833,-0.000743,-0.000381,0.000055,0.000435,0.000529,0.000576,0.000670,0.000985,0.001182,0.001113,0.000063,-0.000949,-0.001010,-0.000840,-0.000537,-0.000327,-0.000417,-0.000853,-0.001094,-0.001030,-0.000800,-0.000630,-0.000518,-0.000427,-0.000182,0.000273,0.001006,0.001677,0.001954,0.001140,0.000134,0.000249,0.000605,0.000575,-0.000564,-0.001707,-0.001772,-0.001326,-0.000519,0.000221,0.000912,0.001248,0.001279,0.001100,0.001076,0.000253,-0.000985,-0.001379,-0.001214,-0.001002,-0.000857,-0.000738,-0.000344,0.000420,0.001512,0.002497,0.003055,0.002874,0.002153,0.001155,0.000653,0.000693,0.001261,0.001712,0.001967,0.000872,-0.000198]
],
	"idxs" : [133,0,114,106,12]
,"hydrophone_pos" : [
	[0.000000,0.000000,0.000000],
	[0.000000,0.000000,0.000000],
	[0.450000,0.000000,0.000000],
	[0.000000,0.450000,0.000000],
	[0.000000,0.000000,-0.450000]
],
	"direction_of_arrival" : [0.635454,0.066890,0.769235]
,	"valid" : [0.000000,-0.000000,-0.000000,-0.000000,-10017698.000000]
}
dump = {
	"magnitude" : [0.000000,0.000008,0.000003,0.000001,0.000000,0.000000,0.000002,0.000001,0.000013,0.000003,0.000001,0.000002,0.000000,0.000003,0.000003,0.000010,0.000006,0.000002,0.000001,0.000000,0.000000,0.000000,0.000000,0.000000,0.000000,0.000000,0.000000,0.000000,0.000000,0.000000,0.000000,0.000000]
,	"raw_mv" : [
	[-13.352499,-13.734000,-11.826499,-11.444999,-9.156000,-8.774499,-8.774499,-7.248499,-7.248499,-6.104000,-4.578000,-3.815000,-5.722499,-8.011500,-8.774499,-5.722499,-4.578000,-6.867000,-10.300499,-9.537500,-8.011500,-10.300499,-11.826499,-11.444999,-13.734000,-14.878500,-13.734000,-12.208000,-12.208000,-12.589500,-14.878500,-14.496999,-10.300499,-12.208000,-12.208000,-11.444999,-11.826499,-10.682000,-11.444999,-11.826499,-9.537500,-5.341000,-4.196499,-6.104000,-7.248499,-4.959500,-1.526000,-2.289000,-4.578000,-4.196499,0.381500,2.670500,2.670500,3.433500,1.907500,1.144500,1.526000,2.670500,3.052000,3.815000,4.578000,2.670500,2.670500,-0.381500,-1.907500,-0.381500,1.526000,1.144500,-1.526000,1.144500,2.289000,1.144500,-1.526000,-1.526000,-0.381500,0.000000,-0.763000,-0.763000,-0.763000,1.907500,1.144500,0.763000,-1.526000,-5.722499,-9.156000,-8.392999,-4.196499,-4.578000,-5.722499,-5.722499,-4.578000,-8.011500,-9.156000,-7.630000,-4.578000,-4.196499,-6.867000,-11.444999,-11.063500,-6.867000,-4.578000,-4.959500,-3.815000,-5.341000,-6.867000,-8.392999,-8.011500,-5.722499,-8.011500,-9.156000,-7.248499,-7.630000,-10.682000,-11.063500,-11.826499,-8.392999,-5.341000,-5.341000,-6.104000,-7.630000,-5.341000,-6.104000,-7.248499,-6.867000,-8.392999,-8.774499,-6.104000,-6.104000,-4.959500,-3.433500,-4.959500,-6.104000,-4.959500,-7.630000,-9.537500,-7.248499,-2.289000,-3.815000,-6.485500,-6.104000,-6.104000,-7.248499,-7.248499,-6.485500,-6.104000,-6.485500,-8.011500,-8.392999,-4.959500,-4.196499,-8.392999,-9.919000,-8.392999,-5.722499,-6.485500,-9.919000,-8.774499,-6.485500,-6.867000,-8.011500,-7.248499,-4.196499,-4.196499,-6.485500,-8.774499,-9.537500,-9.919000,-9.156000,-7.248499,-3.815000,-4.196499,-8.011500,-9.919000,-8.392999,-9.156000,-11.444999,-9.156000,-3.052000,-3.052000,-8.392999,-12.971000,-8.774499,-4.196499,-6.485500,-7.630000,-4.959500,-2.289000,-3.433500,-6.485500,-5.722499,-3.433500,-5.722499,-8.392999,-6.867000,-1.526000,0.381500,-1.144500,-4.196499,-5.722499,-5.722499,-6.485500,-6.104000,-6.485500,-5.341000,-8.011500,-9.537500,-6.867000,-5.722499,-9.919000,-11.444999,-10.682000,-8.392999,-8.011500,-9.537500,-9.537500,-8.011500,-8.392999,-12.971000,-16.785999,-14.496999,-12.589500,-13.352499,-9.919000,-9.919000,-11.063500,-12.589500,-12.589500,-10.682000,-11.826499,-14.878500,-17.548999,-16.023000,-13.352499,-12.589500,-12.208000,-11.444999,-11.444999,-13.352499,-12.208000,-10.682000,-9.919000,-9.156000,-6.867000,-7.630000,-7.248499,-7.248499,-8.774499,-6.104000,-1.526000,-2.670500,-6.867000,-7.630000,-5.341000,0.763000,1.526000,-4.578000],
	[0.000000,0.000000,0.000000,0.000000,0.000000,0.000000,0.000000,0.000000,0.000000,0.000000,0.000000,0.000000,0.000000,0.000000,0.000000,0.000000,0.000000,0.000000,0.000000,0.000000,0.000000,0.000000,0.000000,0.000000,0.000000,0.000000,0.000000,0.000000,0.000000,0.000000,0.000000,0.000000,0.000000,0.000000,0.000000,0.000000,0.000000,0.000000,0.000000,0.000000,0.000000,0.000000,0.000000,0.000000,0.000000,0.000000,0.000000,0.000000,0.000000,0.000000,0.000000,0.000000,0.000000,0.000000,0.000000,0.000000,0.000000,0.000000,0.000000,0.000000,0.000000,0.000000,0.000000,0.000000,0.000000,0.000000,0.000000,0.000000,0.000000,0.000000,0.000000,0.000000,0.000000,0.000000,0.000000,0.000000,0.000000,0.000000,0.000000,0.000000,0.000000,0.000000,0.000000,0.000000,0.000000,0.000000,0.000000,0.000000,0.000000,0.000000,0.000000,0.000000,0.000000,0.000000,0.000000,0.000000,0.000000,0.000000,0.000000,0.000000,0.000000,0.000000,0.000000,0.000000,0.000000,0.000000,0.000000,0.000000,0.000000,0.000000,0.000000,0.000000,0.000000,0.000000,0.000000,0.000000,0.000000,0.000000,0.000000,0.000000,0.000000,0.000000,0.000000,0.000000,0.000000,0.000000,0.000000,0.000000,0.000000,0.000000,0.000000,0.000000,0.000000,0.000000,0.000000,0.000000,0.000000,0.000000,0.000000,0.000000,0.000000,0.000000,0.000000,0.000000,0.000000,0.000000,0.000000,0.000000,0.000000,0.000000,0.000000,0.000000,0.000000,0.000000,0.000000,0.000000,0.000000,0.000000,0.000000,0.000000,0.000000,0.000000,0.000000,0.000000,0.000000,0.000000,0.000000,0.000000,0.000000,0.000000,0.000000,0.000000,0.000000,0.000000,0.000000,0.000000,0.000000,0.000000,0.000000,0.000000,0.000000,0.000000,0.000000,0.000000,0.000000,0.000000,0.000000,0.000000,0.000000,0.000000,0.000000,0.000000,0.000000,0.000000,0.000000,0.000000,0.000000,0.000000,0.000000,0.000000,0.000000,0.000000,0.000000,0.000000,0.000000,0.000000,0.000000,0.000000,0.000000,0.000000,0.000000,0.000000,0.000000,0.000000,0.000000,0.000000,0.000000,0.000000,0.000000,0.000000,0.000000,0.000000,0.000000,0.000000,0.000000,0.000000,0.000000,0.000000,0.000000,0.000000,0.000000,0.000000,0.000000,0.000000,0.000000,0.000000,0.000000,0.000000,0.000000,0.000000,0.000000,0.000000,0.000000,0.000000,0.000000,0.000000,0.000000,0.000000,0.000000,0.000000,0.000000,0.000000,0.000000,0.000000,0.000000,0.000000],
	[-6.790700,-6.790700,-6.790700,-6.790700,-6.867000,-6.867000,-6.867000,-6.790700,-6.943300,-6.867000,-6.790700,-6.943300,-6.790700,-6.867000,-6.867000,-6.867000,-6.714400,-6.790700,-6.638100,-6.714400,-6.714400,-6.714400,-6.790700,-6.867000,-6.714400,-6.638100,-6.561800,-6.561800,-6.561800,-6.561800,-6.638100,-6.638100,-6.561800,-6.485500,-6.561800,-6.561800,-6.409200,-6.485500,-6.485500,-6.409200,-6.485500,-6.332900,-6.180300,-6.256600,-5.951400,-5.951400,-6.104000,-6.104000,-6.256600,-6.027700,-6.180300,-6.180300,-6.104000,-6.104000,-6.104000,-6.104000,-6.027700,-5.875100,-6.104000,-6.409200,-6.409200,-6.256600,-6.104000,-6.256600,-6.256600,-6.180300,-6.256600,-6.180300,-6.180300,-6.332900,-6.180300,-6.180300,-6.104000,-5.951400,-6.180300,-6.256600,-6.256600,-6.332900,-6.180300,-6.256600,-6.332900,-6.180300,-6.104000,-6.256600,-6.332900,-6.256600,-6.180300,-6.180300,-6.256600,-6.256600,-6.332900,-6.409200,-6.485500,-6.409200,-6.485500,-6.256600,-6.409200,-6.485500,-6.561800,-6.561800,-6.485500,-6.485500,-6.638100,-6.638100,-6.561800,-6.638100,-6.867000,-6.714400,-6.790700,-6.790700,-6.714400,-6.790700,-6.714400,-6.714400,-6.714400,-6.638100,-6.638100,-6.638100,-6.790700,-6.867000,-6.790700,-6.638100,-6.638100,-6.790700,-6.714400,-6.714400,-6.714400,-6.790700,-6.638100,-6.485500,-6.561800,-6.485500,-6.638100,-6.638100,-6.714400,-6.790700,-6.638100,-6.714400,-6.714400,-6.790700,-6.714400,-6.714400,-6.714400,-6.638100,-6.638100,-6.714400,-6.790700,-6.638100,-6.638100,-6.561800,-6.790700,-6.943300,-7.019600,-6.790700,-6.790700,-6.638100,-6.790700,-6.867000,-6.790700,-6.867000,-6.790700,-6.714400,-6.714400,-6.790700,-6.790700,-6.638100,-6.638100,-6.714400,-6.714400,-6.638100,-6.638100,-6.561800,-6.485500,-6.561800,-6.638100,-6.485500,-6.485500,-6.332900,-6.256600,-6.332900,-6.332900,-6.332900,-6.409200,-6.332900,-6.180300,-6.256600,-6.332900,-6.180300,-6.104000,-6.027700,-5.875100,-5.951400,-5.875100,-5.951400,-6.027700,-6.027700,-6.027700,-6.104000,-5.798800,-6.104000,-6.027700,-5.951400,-5.951400,-5.951400,-6.180300,-6.104000,-6.409200,-6.256600,-6.332900,-6.485500,-6.256600,-6.332900,-6.180300,-6.332900,-6.180300,-6.256600,-6.332900,-6.485500,-6.256600,-6.409200,-6.332900,-6.332900,-6.485500,-6.332900,-6.332900,-6.561800,-6.561800,-6.485500,-6.561800,-6.485500,-6.485500,-6.485500,-6.409200,-6.485500,-6.561800,-6.409200,-6.332900,-6.561800,-6.561800,-6.485500,-6.561800,-6.638100,-6.638100,-6.561800,-6.714400,-6.485500,-6.790700,-6.790700,-6.714400,-6.561800,-6.714400,-6.714400,-6.867000,-6.714400,-6.638100,-6.790700],
	[-6.867000,-6.867000,-7.248499,-7.248499,-7.248499,-6.867000,-7.248499,-7.248499,-7.248499,-6.867000,-6.867000,-7.248499,-6.867000,-7.248499,-6.867000,-7.248499,-7.248499,-7.248499,-7.248499,-7.248499,-7.248499,-7.248499,-7.248499,-7.630000,-7.248499,-7.248499,-7.248499,-7.248499,-7.248499,-7.248499,-7.248499,-7.248499,-7.630000,-6.867000,-7.248499,-7.248499,-7.248499,-6.867000,-6.867000,-7.248499,-7.248499,-7.248499,-6.867000,-6.867000,-6.867000,-6.867000,-6.485500,-6.485500,-6.485500,-6.867000,-6.867000,-6.485500,-6.485500,-6.485500,-6.867000,-6.485500,-6.867000,-6.485500,-6.867000,-6.867000,-6.867000,-6.867000,-6.867000,-7.248499,-7.248499,-7.248499,-7.248499,-6.867000,-7.248499,-7.248499,-6.867000,-6.867000,-7.248499,-7.248499,-7.248499,-6.867000,-7.248499,-6.867000,-6.867000,-7.248499,-6.867000,-7.248499,-7.248499,-6.867000,-6.867000,-6.867000,-6.867000,-6.867000,-6.867000,-7.248499,-7.248499,-7.248499,-7.248499,-7.248499,-6.867000,-7.248499,-6.867000,-7.248499,-7.248499,-7.248499,-7.248499,-6.867000,-7.248499,-7.248499,-7.630000,-7.248499,-7.248499,-7.248499,-7.248499,-7.248499,-7.248499,-7.248499,-7.248499,-7.248499,-6.867000,-6.867000,-7.248499,-7.248499,-7.248499,-7.248499,-6.867000,-6.867000,-7.248499,-7.630000,-7.248499,-7.248499,-7.248499,-7.248499,-6.867000,-6.867000,-7.248499,-7.248499,-7.248499,-7.248499,-7.248499,-7.248499,-6.867000,-7.248499,-7.248499,-7.248499,-7.248499,-7.248499,-7.248499,-7.248499,-7.248499,-7.248499,-7.248499,-7.248499,-7.248499,-7.248499,-7.248499,-7.248499,-6.867000,-7.248499,-7.248499,-7.248499,-7.248499,-7.248499,-7.248499,-7.248499,-7.248499,-7.248499,-6.867000,-7.248499,-7.248499,-7.630000,-7.248499,-7.248499,-7.248499,-7.248499,-7.248499,-7.248499,-7.248499,-7.248499,-7.248499,-7.248499,-6.867000,-7.248499,-7.248499,-7.248499,-7.248499,-7.248499,-7.248499,-7.248499,-6.867000,-6.867000,-7.248499,-7.248499,-6.867000,-7.248499,-7.248499,-6.867000,-6.485500,-6.867000,-6.867000,-6.867000,-6.867000,-6.485500,-6.867000,-6.485500,-6.867000,-6.485500,-6.485500,-6.867000,-6.867000,-6.867000,-6.867000,-7.248499,-7.248499,-6.867000,-7.248499,-7.248499,-7.248499,-7.248499,-6.867000,-7.248499,-6.867000,-6.867000,-7.248499,-7.248499,-7.248499,-7.248499,-7.630000,-7.248499,-6.867000,-6.867000,-7.248499,-6.867000,-6.867000,-7.248499,-7.248499,-7.248499,-7.248499,-7.248499,-7.248499,-7.248499,-7.248499,-7.248499,-7.248499,-6.867000,-7.248499,-7.248499,-7.248499,-6.867000,-7.248499,-6.867000,-6.867000,-7.248499,-7.248499,-6.867000,-7.248499,-7.630000,-6.867000,-6.867000,-7.248499,-7.248499],
	[-7.248499,-7.248499,-7.248499,-7.248499,-7.248499,-7.248499,-7.248499,-7.248499,-6.867000,-7.248499,-7.248499,-7.248499,-7.248499,-7.248499,-6.867000,-7.248499,-7.248499,-7.248499,-6.867000,-6.867000,-7.248499,-7.248499,-7.248499,-7.248499,-7.248499,-7.630000,-7.630000,-7.248499,-7.248499,-6.867000,-7.248499,-7.248499,-7.248499,-7.248499,-7.248499,-7.248499,-7.248499,-7.248499,-7.248499,-7.248499,-6.867000,-7.248499,-6.867000,-6.485500,-6.867000,-6.485500,-6.867000,-6.867000,-6.867000,-6.485500,-6.867000,-6.485500,-6.867000,-6.867000,-6.867000,-6.867000,-6.485500,-6.867000,-6.867000,-7.248499,-6.867000,-6.485500,-6.867000,-7.248499,-7.248499,-6.867000,-7.248499,-6.867000,-7.248499,-7.248499,-6.867000,-7.248499,-7.248499,-6.867000,-7.248499,-7.248499,-7.248499,-7.248499,-7.248499,-7.248499,-7.248499,-6.867000,-6.867000,-7.248499,-7.248499,-7.248499,-6.867000,-7.248499,-7.248499,-7.248499,-7.248499,-7.248499,-7.248499,-7.248499,-6.867000,-7.248499,-7.248499,-7.248499,-7.248499,-7.248499,-7.248499,-7.248499,-7.248499,-7.248499,-7.248499,-7.248499,-7.248499,-7.630000,-7.248499,-6.867000,-7.248499,-7.248499,-7.248499,-7.248499,-7.248499,-7.248499,-7.248499,-7.248499,-6.867000,-7.248499,-7.248499,-7.248499,-7.248499,-7.248499,-6.867000,-7.248499,-7.248499,-7.630000,-7.248499,-7.248499,-7.248499,-7.248499,-7.248499,-7.248499,-7.248499,-7.248499,-7.630000,-7.248499,-7.248499,-7.248499,-7.630000,-7.248499,-7.248499,-6.867000,-6.867000,-7.248499,-7.248499,-7.248499,-7.248499,-6.867000,-7.248499,-7.248499,-7.248499,-7.248499,-7.630000,-7.248499,-7.248499,-6.867000,-7.248499,-7.248499,-7.630000,-7.248499,-7.248499,-7.248499,-7.248499,-7.248499,-7.248499,-7.248499,-7.248499,-7.248499,-7.248499,-7.248499,-6.867000,-7.248499,-7.248499,-7.248499,-6.867000,-6.867000,-7.248499,-7.630000,-7.248499,-6.867000,-7.248499,-6.867000,-7.248499,-7.248499,-7.248499,-6.867000,-7.248499,-7.248499,-6.867000,-6.867000,-7.248499,-6.867000,-6.867000,-6.867000,-6.867000,-6.867000,-6.867000,-6.867000,-6.867000,-6.485500,-6.867000,-6.867000,-6.867000,-6.867000,-6.867000,-6.867000,-6.867000,-6.867000,-6.867000,-7.248499,-7.248499,-7.248499,-7.248499,-7.248499,-7.248499,-7.248499,-7.248499,-6.867000,-6.867000,-7.248499,-7.248499,-7.248499,-6.867000,-7.248499,-7.248499,-7.248499,-7.248499,-7.248499,-6.867000,-6.867000,-7.248499,-7.248499,-7.248499,-7.248499,-7.248499,-7.248499,-7.248499,-6.867000,-6.867000,-7.248499,-7.248499,-7.248499,-7.248499,-7.248499,-7.248499,-7.248499,-7.248499,-7.248499,-6.867000,-7.248499,-7.248499,-6.867000,-7.248499,-7.248499]
],
"normalized" : [
	[-1.514610,-1.602156,-1.164427,-1.076882,-0.551607,-0.464062,-0.464062,-0.113879,-0.113879,0.148757,0.498940,0.674032,0.236303,-0.288970,-0.464062,0.236303,0.498940,-0.026333,-0.814244,-0.639153,-0.288970,-0.814244,-1.164427,-1.076882,-1.602156,-1.864793,-1.602156,-1.251973,-1.251973,-1.339519,-1.864793,-1.777247,-0.814244,-1.251973,-1.251973,-1.076882,-1.164427,-0.901790,-1.076882,-1.164427,-0.639153,0.323849,0.586486,0.148757,-0.113879,0.411394,1.199306,1.024214,0.498940,0.586486,1.637034,2.162309,2.162309,2.337400,1.987217,1.812126,1.899672,2.162309,2.249854,2.424946,2.600037,2.162309,2.162309,1.461943,1.111760,1.461943,1.899672,1.812126,1.199306,1.812126,2.074763,1.812126,1.199306,1.199306,1.461943,1.549489,1.374397,1.374397,1.374397,1.987217,1.812126,1.724580,1.199306,0.236303,-0.551607,-0.376516,0.586486,0.498940,0.236303,0.236303,0.498940,-0.288970,-0.551607,-0.201425,0.498940,0.586486,-0.026333,-1.076882,-0.989336,-0.026333,0.498940,0.411394,0.674032,0.323849,-0.026333,-0.376516,-0.288970,0.236303,-0.288970,-0.551607,-0.113879,-0.201425,-0.901790,-0.989336,-1.164427,-0.376516,0.323849,0.323849,0.148757,-0.201425,0.323849,0.148757,-0.113879,-0.026333,-0.376516,-0.464062,0.148757,0.148757,0.411394,0.761577,0.411394,0.148757,0.411394,-0.201425,-0.639153,-0.113879,1.024214,0.674032,0.061212,0.148757,0.148757,-0.113879,-0.113879,0.061212,0.148757,0.061212,-0.288970,-0.376516,0.411394,0.586486,-0.376516,-0.726699,-0.376516,0.236303,0.061212,-0.726699,-0.464062,0.061212,-0.026333,-0.288970,-0.113879,0.586486,0.586486,0.061212,-0.464062,-0.639153,-0.726699,-0.551607,-0.113879,0.674032,0.586486,-0.288970,-0.726699,-0.376516,-0.551607,-1.076882,-0.551607,0.849123,0.849123,-0.376516,-1.427065,-0.464062,0.586486,0.061212,-0.201425,0.411394,1.024214,0.761577,0.061212,0.236303,0.761577,0.236303,-0.376516,-0.026333,1.199306,1.637034,1.286851,0.586486,0.236303,0.236303,0.061212,0.148757,0.061212,0.323849,-0.288970,-0.639153,-0.026333,0.236303,-0.726699,-1.076882,-0.901790,-0.376516,-0.288970,-0.639153,-0.639153,-0.288970,-0.376516,-1.427065,-2.302521,-1.777247,-1.339519,-1.514610,-0.726699,-0.726699,-0.989336,-1.339519,-1.339519,-0.901790,-1.164427,-1.864793,-2.477613,-2.127430,-1.514610,-1.339519,-1.251973,-1.076882,-1.076882,-1.514610,-1.251973,-0.901790,-0.726699,-0.551607,-0.026333,-0.201425,-0.113879,-0.113879,-0.464062,0.148757,1.199306,0.936669,-0.026333,-0.201425,0.323849,1.724580,1.899672,0.498940],
	[0.000000,0.000000,0.000000,0.000000,0.000000,0.000000,0.000000,0.000000,0.000000,0.000000,0.000000,0.000000,0.000000,0.000000,0.000000,0.000000,0.000000,0.000000,0.000000,0.000000,0.000000,0.000000,0.000000,0.000000,0.000000,0.000000,0.000000,0.000000,0.000000,0.000000,0.000000,0.000000,0.000000,0.000000,0.000000,0.000000,0.000000,0.000000,0.000000,0.000000,0.000000,0.000000,0.000000,0.000000,0.000000,0.000000,0.000000,0.000000,0.000000,0.000000,0.000000,0.000000,0.000000,0.000000,0.000000,0.000000,0.000000,0.000000,0.000000,0.000000,0.000000,0.000000,0.000000,0.000000,0.000000,0.000000,0.000000,0.000000,0.000000,0.000000,0.000000,0.000000,0.000000,0.000000,0.000000,0.000000,0.000000,0.000000,0.000000,0.000000,0.000000,0.000000,0.000000,0.000000,0.000000,0.000000,0.000000,0.000000,0.000000,0.000000,0.000000,0.000000,0.000000,0.000000,0.000000,0.000000,0.000000,0.000000,0.000000,0.000000,0.000000,0.000000,0.000000,0.000000,0.000000,0.000000,0.000000,0.000000,0.000000,0.000000,0.000000,0.000000,0.000000,0.000000,0.000000,0.000000,0.000000,0.000000,0.000000,0.000000,0.000000,0.000000,0.000000,0.000000,0.000000,0.000000,0.000000,0.000000,0.000000,0.000000,0.000000,0.000000,0.000000,0.000000,0.000000,0.000000,0.000000,0.000000,0.000000,0.000000,0.000000,0.000000,0.000000,0.000000,0.000000,0.000000,0.000000,0.000000,0.000000,0.000000,0.000000,0.000000,0.000000,0.000000,0.000000,0.000000,0.000000,0.000000,0.000000,0.000000,0.000000,0.000000,0.000000,0.000000,0.000000,0.000000,0.000000,0.000000,0.000000,0.000000,0.000000,0.000000,0.000000,0.000000,0.000000,0.000000,0.000000,0.000000,0.000000,0.000000,0.000000,0.000000,0.000000,0.000000,0.000000,0.000000,0.000000,0.000000,0.000000,0.000000,0.000000,0.000000,0.000000,0.000000,0.000000,0.000000,0.000000,0.000000,0.000000,0.000000,0.000000,0.000000,0.000000,0.000000,0.000000,0.000000,0.000000,0.000000,0.000000,0.000000,0.000000,0.000000,0.000000,0.000000,0.000000,0.000000,0.000000,0.000000,0.000000,0.000000,0.000000,0.000000,0.000000,0.000000,0.000000,0.000000,0.000000,0.000000,0.000000,0.000000,0.000000,0.000000,0.000000,0.000000,0.000000,0.000000,0.000000,0.000000,0.000000,0.000000,0.000000,0.000000,0.000000,0.000000,0.000000,0.000000,0.000000,0.000000,0.000000,0.000000,0.000000,0.000000,0.000000,0.000000,0.000000,0.000000],
	[-1.142645,-1.142645,-1.142645,-1.142645,-1.425810,-1.425810,-1.425810,-1.142645,-1.708977,-1.425810,-1.142645,-1.708977,-1.142645,-1.425810,-1.425810,-1.425810,-0.859478,-1.142645,-0.576311,-0.859478,-0.859478,-0.859478,-1.142645,-1.425810,-0.859478,-0.576311,-0.293144,-0.293144,-0.293144,-0.293144,-0.576311,-0.576311,-0.293144,-0.009979,-0.293144,-0.293144,0.273188,-0.009979,-0.009979,0.273188,-0.009979,0.556355,1.122687,0.839520,1.972186,1.972186,1.405854,1.405854,0.839520,1.689019,1.122687,1.122687,1.405854,1.405854,1.405854,1.405854,1.689019,2.255353,1.405854,0.273188,0.273188,0.839520,1.405854,0.839520,0.839520,1.122687,0.839520,1.122687,1.122687,0.556355,1.122687,1.122687,1.405854,1.972186,1.122687,0.839520,0.839520,0.556355,1.122687,0.839520,0.556355,1.122687,1.405854,0.839520,0.556355,0.839520,1.122687,1.122687,0.839520,0.839520,0.556355,0.273188,-0.009979,0.273188,-0.009979,0.839520,0.273188,-0.009979,-0.293144,-0.293144,-0.009979,-0.009979,-0.576311,-0.576311,-0.293144,-0.576311,-1.425810,-0.859478,-1.142645,-1.142645,-0.859478,-1.142645,-0.859478,-0.859478,-0.859478,-0.576311,-0.576311,-0.576311,-1.142645,-1.425810,-1.142645,-0.576311,-0.576311,-1.142645,-0.859478,-0.859478,-0.859478,-1.142645,-0.576311,-0.009979,-0.293144,-0.009979,-0.576311,-0.576311,-0.859478,-1.142645,-0.576311,-0.859478,-0.859478,-1.142645,-0.859478,-0.859478,-0.859478,-0.576311,-0.576311,-0.859478,-1.142645,-0.576311,-0.576311,-0.293144,-1.142645,-1.708977,-1.992144,-1.142645,-1.142645,-0.576311,-1.142645,-1.425810,-1.142645,-1.425810,-1.142645,-0.859478,-0.859478,-1.142645,-1.142645,-0.576311,-0.576311,-0.859478,-0.859478,-0.576311,-0.576311,-0.293144,-0.009979,-0.293144,-0.576311,-0.009979,-0.009979,0.556355,0.839520,0.556355,0.556355,0.556355,0.273188,0.556355,1.122687,0.839520,0.556355,1.122687,1.405854,1.689019,2.255353,1.972186,2.255353,1.972186,1.689019,1.689019,1.689019,1.405854,2.538521,1.405854,1.689019,1.972186,1.972186,1.972186,1.122687,1.405854,0.273188,0.839520,0.556355,-0.009979,0.839520,0.556355,1.122687,0.556355,1.122687,0.839520,0.556355,-0.009979,0.839520,0.273188,0.556355,0.556355,-0.009979,0.556355,0.556355,-0.293144,-0.293144,-0.009979,-0.293144,-0.009979,-0.009979,-0.009979,0.273188,-0.009979,-0.293144,0.273188,0.556355,-0.293144,-0.293144,-0.009979,-0.293144,-0.576311,-0.576311,-0.293144,-0.859478,-0.009979,-1.142645,-1.142645,-0.859478,-0.293144,-0.859478,-0.859478,-1.425810,-0.859478,-0.576311,-1.142645],
	[0.992523,0.992523,-0.605511,-0.605511,-0.605511,0.992523,-0.605511,-0.605511,-0.605511,0.992523,0.992523,-0.605511,0.992523,-0.605511,0.992523,-0.605511,-0.605511,-0.605511,-0.605511,-0.605511,-0.605511,-0.605511,-0.605511,-2.203548,-0.605511,-0.605511,-0.605511,-0.605511,-0.605511,-0.605511,-0.605511,-0.605511,-2.203548,0.992523,-0.605511,-0.605511,-0.605511,0.992523,0.992523,-0.605511,-0.605511,-0.605511,0.992523,0.992523,0.992523,0.992523,2.590558,2.590558,2.590558,0.992523,0.992523,2.590558,2.590558,2.590558,0.992523,2.590558,0.992523,2.590558,0.992523,0.992523,0.992523,0.992523,0.992523,-0.605511,-0.605511,-0.605511,-0.605511,0.992523,-0.605511,-0.605511,0.992523,0.992523,-0.605511,-0.605511,-0.605511,0.992523,-0.605511,0.992523,0.992523,-0.605511,0.992523,-0.605511,-0.605511,0.992523,0.992523,0.992523,0.992523,0.992523,0.992523,-0.605511,-0.605511,-0.605511,-0.605511,-0.605511,0.992523,-0.605511,0.992523,-0.605511,-0.605511,-0.605511,-0.605511,0.992523,-0.605511,-0.605511,-2.203548,-0.605511,-0.605511,-0.605511,-0.605511,-0.605511,-0.605511,-0.605511,-0.605511,-0.605511,0.992523,0.992523,-0.605511,-0.605511,-0.605511,-0.605511,0.992523,0.992523,-0.605511,-2.203548,-0.605511,-0.605511,-0.605511,-0.605511,0.992523,0.992523,-0.605511,-0.605511,-0.605511,-0.605511,-0.605511,-0.605511,0.992523,-0.605511,-0.605511,-0.605511,-0.605511,-0.605511,-0.605511,-0.605511,-0.605511,-0.605511,-0.605511,-0.605511,-0.605511,-0.605511,-0.605511,-0.605511,0.992523,-0.605511,-0.605511,-0.605511,-0.605511,-0.605511,-0.605511,-0.605511,-0.605511,-0.605511,0.992523,-0.605511,-0.605511,-2.203548,-0.605511,-0.605511,-0.605511,-0.605511,-0.605511,-0.605511,-0.605511,-0.605511,-0.605511,-0.605511,0.992523,-0.605511,-0.605511,-0.605511,-0.605511,-0.605511,-0.605511,-0.605511,0.992523,0.992523,-0.605511,-0.605511,0.992523,-0.605511,-0.605511,0.992523,2.590558,0.992523,0.992523,0.992523,0.992523,2.590558,0.992523,2.590558,0.992523,2.590558,2.590558,0.992523,0.992523,0.992523,0.992523,-0.605511,-0.605511,0.992523,-0.605511,-0.605511,-0.605511,-0.605511,0.992523,-0.605511,0.992523,0.992523,-0.605511,-0.605511,-0.605511,-0.605511,-2.203548,-0.605511,0.992523,0.992523,-0.605511,0.992523,0.992523,-0.605511,-0.605511,-0.605511,-0.605511,-0.605511,-0.605511,-0.605511,-0.605511,-0.605511,-0.605511,0.992523,-0.605511,-0.605511,-0.605511,0.992523,-0.605511,0.992523,0.992523,-0.605511,-0.605511,0.992523,-0.605511,-2.203548,0.992523,0.992523,-0.605511,-0.605511],
	[-0.502822,-0.502822,-0.502822,-0.502822,-0.502822,-0.502822,-0.502822,-0.502822,1.236621,-0.502822,-0.502822,-0.502822,-0.502822,-0.502822,1.236621,-0.502822,-0.502822,-0.502822,1.236621,1.236621,-0.502822,-0.502822,-0.502822,-0.502822,-0.502822,-2.242268,-2.242268,-0.502822,-0.502822,1.236621,-0.502822,-0.502822,-0.502822,-0.502822,-0.502822,-0.502822,-0.502822,-0.502822,-0.502822,-0.502822,1.236621,-0.502822,1.236621,2.976065,1.236621,2.976065,1.236621,1.236621,1.236621,2.976065,1.236621,2.976065,1.236621,1.236621,1.236621,1.236621,2.976065,1.236621,1.236621,-0.502822,1.236621,2.976065,1.236621,-0.502822,-0.502822,1.236621,-0.502822,1.236621,-0.502822,-0.502822,1.236621,-0.502822,-0.502822,1.236621,-0.502822,-0.502822,-0.502822,-0.502822,-0.502822,-0.502822,-0.502822,1.236621,1.236621,-0.502822,-0.502822,-0.502822,1.236621,-0.502822,-0.502822,-0.502822,-0.502822,-0.502822,-0.502822,-0.502822,1.236621,-0.502822,-0.502822,-0.502822,-0.502822,-0.502822,-0.502822,-0.502822,-0.502822,-0.502822,-0.502822,-0.502822,-0.502822,-2.242268,-0.502822,1.236621,-0.502822,-0.502822,-0.502822,-0.502822,-0.502822,-0.502822,-0.502822,-0.502822,1.236621,-0.502822,-0.502822,-0.502822,-0.502822,-0.502822,1.236621,-0.502822,-0.502822,-2.242268,-0.502822,-0.502822,-0.502822,-0.502822,-0.502822,-0.502822,-0.502822,-0.502822,-2.242268,-0.502822,-0.502822,-0.502822,-2.242268,-0.502822,-0.502822,1.236621,1.236621,-0.502822,-0.502822,-0.502822,-0.502822,1.236621,-0.502822,-0.502822,-0.502822,-0.502822,-2.242268,-0.502822,-0.502822,1.236621,-0.502822,-0.502822,-2.242268,-0.502822,-0.502822,-0.502822,-0.502822,-0.502822,-0.502822,-0.502822,-0.502822,-0.502822,-0.502822,-0.502822,1.236621,-0.502822,-0.502822,-0.502822,1.236621,1.236621,-0.502822,-2.242268,-0.502822,1.236621,-0.502822,1.236621,-0.502822,-0.502822,-0.502822,1.236621,-0.502822,-0.502822,1.236621,1.236621,-0.502822,1.236621,1.236621,1.236621,1.236621,1.236621,1.236621,1.236621,1.236621,2.976065,1.236621,1.236621,1.236621,1.236621,1.236621,1.236621,1.236621,1.236621,1.236621,-0.502822,-0.502822,-0.502822,-0.502822,-0.502822,-0.502822,-0.502822,-0.502822,1.236621,1.236621,-0.502822,-0.502822,-0.502822,1.236621,-0.502822,-0.502822,-0.502822,-0.502822,-0.502822,1.236621,1.236621,-0.502822,-0.502822,-0.502822,-0.502822,-0.502822,-0.502822,-0.502822,1.236621,1.236621,-0.502822,-0.502822,-0.502822,-0.502822,-0.502822,-0.502822,-0.502822,-0.502822,-0.502822,1.236621,-0.502822,-0.502822,1.236621,-0.502822,-0.502822]
],
"cwt" : [
	[0.457435,0.321899,0.172928,0.069944,0.042758,0.032573,0.021542,0.002949,0.038956,0.088765,0.133537,0.168277,0.195827,0.219849,0.241301,0.258449,0.266728,0.259491,0.232819,0.193027,0.153274,0.111654,0.056608,0.053213,0.112403,0.142639,0.137514,0.122631,0.128934,0.163705,0.202832,0.209405,0.172237,0.121903,0.087782,0.064445,0.057992,0.076678,0.127483,0.194371,0.244754,0.261236,0.252366,0.245289,0.256975,0.273670,0.276018,0.267766,0.266347,0.264901,0.231959,0.156880,0.076643,0.062368,0.074329,0.071571,0.062077,0.039259,0.025326,0.052011,0.055079,0.060343,0.111527,0.159310,0.186803,0.201533,0.204770,0.195198,0.189673,0.202386,0.212122,0.199143,0.168433,0.137076,0.115465,0.100518,0.090949,0.091540,0.100326,0.097940,0.079446,0.112453,0.193196,0.261222,0.292363,0.282469,0.240602,0.180669,0.122562,0.117032,0.168545,0.215333,0.237816,0.247643,0.263366,0.292268,0.323547,0.335163,0.308910,0.241461,0.145355,0.044693,0.046419,0.101316,0.133582,0.150362,0.155904,0.157209,0.156182,0.153064,0.157659,0.166585,0.167107,0.171985,0.193167,0.207634,0.198895,0.174856,0.147370,0.121762,0.098478,0.068200,0.026073,0.046278,0.088552,0.096568,0.062327,0.014689,0.064854,0.092017,0.076412,0.070452,0.142377,0.228510,0.293716,0.323763,0.311225,0.256950,0.176388,0.099423,0.062761,0.067182,0.075222,0.084541,0.105475,0.141638,0.187525,0.234739,0.274863,0.298595,0.300787,0.287480,0.271711,0.261543,0.253996,0.239404,0.213475,0.185488,0.171980,0.179467,0.196601,0.205511,0.193231,0.156374,0.100624,0.041668,0.061962,0.134387,0.203751,0.253338,0.269383,0.245719,0.193585,0.164048,0.219802,0.318098,0.407022,0.469106,0.504024,0.513632,0.493841,0.441405,0.368472,0.305311,0.276812,0.274071,0.271912,0.257656,0.237439,0.232229,0.254303,0.290750,0.323072,0.338440,0.328214,0.290901,0.233550,0.165424,0.095932,0.037370,0.015331,0.049323,0.096801,0.153489,0.201758,0.232548,0.255121,0.272307,0.270119,0.243823,0.207421,0.176959,0.159598,0.158248,0.180294,0.229718,0.287630,0.316826,0.284693,0.188288,0.063512,0.054526,0.118062,0.146229,0.157149,0.164840,0.175175,0.193793,0.221530,0.244630,0.242725,0.203327,0.133292,0.057012,0.022598,0.060158,0.095107,0.115211,0.101946,0.052855,0.012396,0.053169,0.056093,0.036025,0.065895,0.140347,0.230236,0.308752,0.352164,0.360351,0.358028,0.376045,0.426724,0.492634,0.539500,0.533920],
	[0.000000,0.000000,0.000000,0.000000,0.000000,0.000000,0.000000,0.000000,0.000000,0.000000,0.000000,0.000000,0.000000,0.000000,0.000000,0.000000,0.000000,0.000000,0.000000,0.000000,0.000000,0.000000,0.000000,0.000000,0.000000,0.000000,0.000000,0.000000,0.000000,0.000000,0.000000,0.000000,0.000000,0.000000,0.000000,0.000000,0.000000,0.000000,0.000000,0.000000,0.000000,0.000000,0.000000,0.000000,0.000000,0.000000,0.000000,0.000000,0.000000,0.000000,0.000000,0.000000,0.000000,0.000000,0.000000,0.000000,0.000000,0.000000,0.000000,0.000000,0.000000,0.000000,0.000000,0.000000,0.000000,0.000000,0.000000,0.000000,0.000000,0.000000,0.000000,0.000000,0.000000,0.000000,0.000000,0.000000,0.000000,0.000000,0.000000,0.000000,0.000000,0.000000,0.000000,0.000000,0.000000,0.000000,0.000000,0.000000,0.000000,0.000000,0.000000,0.000000,0.000000,0.000000,0.000000,0.000000,0.000000,0.000000,0.000000,0.000000,0.000000,0.000000,0.000000,0.000000,0.000000,0.000000,0.000000,0.000000,0.000000,0.000000,0.000000,0.000000,0.000000,0.000000,0.000000,0.000000,0.000000,0.000000,0.000000,0.000000,0.000000,0.000000,0.000000,0.000000,0.000000,0.000000,0.000000,0.000000,0.000000,0.000000,0.000000,0.000000,0.000000,0.000000,0.000000,0.000000,0.000000,0.000000,0.000000,0.000000,0.000000,0.000000,0.000000,0.000000,0.000000,0.000000,0.000000,0.000000,0.000000,0.000000,0.000000,0.000000,0.000000,0.000000,0.000000,0.000000,0.000000,0.000000,0.000000,0.000000,0.000000,0.000000,0.000000,0.000000,0.000000,0.000000,0.000000,0.000000,0.000000,0.000000,0.000000,0.000000,0.000000,0.000000,0.000000,0.000000,0.000000,0.000000,0.000000,0.000000,0.000000,0.000000,0.000000,0.000000,0.000000,0.000000,0.000000,0.000000,0.000000,0.000000,0.000000,0.000000,0.000000,0.000000,0.000000,0.000000,0.000000,0.000000,0.000000,0.000000,0.000000,0.000000,0.000000,0.000000,0.000000,0.000000,0.000000,0.000000,0.000000,0.000000,0.000000,0.000000,0.000000,0.000000,0.000000,0.000000,0.000000,0.000000,0.000000,0.000000,0.000000,0.000000,0.000000,0.000000,0.000000,0.000000,0.000000,0.000000,0.000000,0.000000,0.000000,0.000000,0.000000,0.000000,0.000000,0.000000,0.000000,0.000000,0.000000,0.000000,0.000000,0.000000,0.000000,0.000000,0.000000,0.000000,0.000000,0.000000,0.000000,0.000000,0.000000,0.000000,0.000000,0.000000,0.000000,0.000000],
	[0.093720,0.061434,0.047361,0.055002,0.070211,0.076060,0.070590,0.075297,0.085440,0.070122,0.043527,0.043492,0.043094,0.058504,0.080628,0.073371,0.037127,0.017975,0.028878,0.016749,0.022853,0.067930,0.114780,0.139299,0.127931,0.090434,0.047227,0.008505,0.025265,0.056568,0.087182,0.109865,0.113855,0.102068,0.097921,0.101827,0.085829,0.050864,0.016245,0.033052,0.074214,0.073003,0.029119,0.112117,0.185080,0.193217,0.160818,0.133855,0.124307,0.115165,0.095036,0.081372,0.081603,0.081750,0.096003,0.149330,0.232734,0.309012,0.346083,0.339941,0.308185,0.264740,0.209471,0.143389,0.081182,0.034855,0.028402,0.068240,0.092307,0.088315,0.065552,0.077970,0.140216,0.179628,0.163741,0.112860,0.080869,0.090691,0.113162,0.134760,0.159799,0.188987,0.204650,0.194549,0.167745,0.140976,0.116053,0.081098,0.031891,0.024459,0.059141,0.064626,0.053763,0.071379,0.112330,0.146152,0.153353,0.135642,0.118686,0.117999,0.130129,0.144812,0.146839,0.141860,0.154166,0.166747,0.140931,0.078822,0.023128,0.011830,0.007017,0.017991,0.008585,0.018944,0.046022,0.069290,0.097221,0.134359,0.171085,0.193527,0.196165,0.183062,0.161270,0.132535,0.100436,0.090338,0.118008,0.147938,0.148666,0.114748,0.067152,0.037698,0.027059,0.043464,0.080639,0.100084,0.097091,0.088270,0.080084,0.063769,0.032485,0.017286,0.055397,0.087473,0.114036,0.134346,0.142896,0.144812,0.158570,0.190494,0.222672,0.231838,0.207503,0.164956,0.138667,0.134463,0.123612,0.085529,0.022286,0.048582,0.091237,0.107671,0.118647,0.137299,0.149819,0.141981,0.120804,0.099945,0.071792,0.027979,0.046130,0.091441,0.113378,0.117628,0.105966,0.075650,0.071111,0.096866,0.090848,0.049109,0.006539,0.059779,0.114273,0.154505,0.164474,0.151924,0.133956,0.102814,0.061520,0.058476,0.055901,0.027519,0.044948,0.053547,0.027770,0.029415,0.081213,0.139385,0.172500,0.165967,0.149726,0.142634,0.127000,0.091409,0.055379,0.068793,0.072656,0.068199,0.097916,0.118124,0.110966,0.088318,0.062754,0.060155,0.102707,0.144145,0.152884,0.127382,0.084734,0.040052,0.043570,0.084099,0.117311,0.154808,0.182179,0.170083,0.118725,0.058926,0.023328,0.013651,0.023626,0.056778,0.100004,0.140072,0.171427,0.195404,0.203227,0.181969,0.141637,0.115076,0.106345,0.084757,0.042698,0.025394,0.082125,0.151452,0.204882,0.219765,0.202557,0.176739,0.160674,0.162219,0.170162,0.166542,0.151306,0.127437],
	[0.547120,0.510797,0.467104,0.431062,0.411875,0.406023,0.408926,0.417794,0.423706,0.401305,0.329802,0.228351,0.148047,0.131811,0.165274,0.183767,0.153302,0.090654,0.034264,0.045314,0.106124,0.189409,0.272026,0.309019,0.274230,0.190846,0.109868,0.065071,0.068488,0.119504,0.212763,0.327795,0.413312,0.437437,0.431360,0.441749,0.467452,0.482260,0.467791,0.428609,0.387370,0.356601,0.321755,0.281067,0.274275,0.313898,0.359487,0.396886,0.432635,0.457542,0.462247,0.441501,0.388631,0.301786,0.200578,0.127997,0.124317,0.173860,0.201431,0.193382,0.193646,0.225067,0.254975,0.238968,0.198003,0.220953,0.291594,0.355462,0.412674,0.464740,0.495735,0.489789,0.446917,0.376718,0.279954,0.163386,0.115082,0.170180,0.164113,0.068285,0.127076,0.267769,0.336053,0.313792,0.228627,0.138535,0.125608,0.193371,0.248364,0.234008,0.142396,0.012252,0.101646,0.146617,0.107041,0.025642,0.116255,0.183144,0.204729,0.235910,0.292897,0.339794,0.360855,0.365000,0.345695,0.284295,0.194042,0.111043,0.056593,0.034678,0.053775,0.122474,0.230761,0.344407,0.416048,0.409138,0.317661,0.188124,0.195037,0.349148,0.495603,0.587727,0.601788,0.529603,0.398600,0.284967,0.284373,0.364386,0.426825,0.423013,0.347595,0.231672,0.127062,0.114982,0.194100,0.271117,0.302456,0.272860,0.196234,0.108770,0.045347,0.016741,0.007810,0.003302,0.002671,0.003291,0.007709,0.016716,0.045483,0.108782,0.196112,0.272892,0.302883,0.272149,0.195940,0.108613,0.041771,0.007815,0.041637,0.108454,0.199946,0.286713,0.340594,0.360332,0.363440,0.346011,0.286659,0.194445,0.107811,0.051664,0.023641,0.020782,0.045449,0.107630,0.196765,0.274343,0.302542,0.271664,0.201411,0.128862,0.097086,0.136581,0.238852,0.360438,0.449571,0.477244,0.450881,0.405778,0.401316,0.473909,0.564665,0.593292,0.529175,0.400997,0.276760,0.216546,0.205354,0.177136,0.134146,0.140963,0.217340,0.319842,0.370716,0.341071,0.289663,0.299655,0.357295,0.393517,0.384879,0.352292,0.306967,0.252267,0.215315,0.186121,0.137583,0.167266,0.279051,0.346036,0.328371,0.268036,0.278268,0.397667,0.526580,0.590192,0.565834,0.479084,0.399780,0.384029,0.382001,0.327328,0.224200,0.118611,0.048055,0.018175,0.015775,0.044403,0.110070,0.201390,0.288235,0.344118,0.360419,0.334792,0.260068,0.148714,0.152029,0.289681,0.392218,0.434716,0.465019,0.542310,0.651522,0.727337,0.732472,0.682387,0.621089,0.577826],
	[0.117716,0.048993,0.015842,0.016134,0.049092,0.118206,0.212911,0.295966,0.325112,0.278870,0.165016,0.047505,0.170943,0.299433,0.381824,0.426251,0.456861,0.488869,0.506804,0.478029,0.396744,0.303218,0.258194,0.293095,0.377045,0.437157,0.418808,0.350882,0.322721,0.326970,0.292518,0.212674,0.120629,0.049096,0.013749,0.017326,0.042086,0.097794,0.164181,0.198412,0.223319,0.312149,0.370363,0.289648,0.105471,0.139120,0.260876,0.304808,0.278668,0.179072,0.045562,0.130954,0.198787,0.214235,0.248617,0.321940,0.390305,0.443244,0.520105,0.628921,0.731558,0.782870,0.750554,0.631571,0.454714,0.268994,0.146862,0.185691,0.256827,0.284264,0.291373,0.300064,0.313633,0.322418,0.293043,0.216520,0.134777,0.105118,0.152430,0.257498,0.379616,0.472327,0.506464,0.490124,0.456894,0.426021,0.386857,0.319169,0.223613,0.134693,0.099273,0.136836,0.217515,0.296100,0.330402,0.298308,0.213033,0.117099,0.049824,0.019388,0.007203,0.003226,0.021640,0.059830,0.135235,0.260463,0.415370,0.544371,0.591800,0.539890,0.414815,0.265545,0.139673,0.067597,0.063768,0.122238,0.213022,0.295124,0.325617,0.279897,0.164105,0.041669,0.167021,0.292233,0.366049,0.392836,0.395777,0.375299,0.310915,0.212984,0.121429,0.066661,0.066551,0.121320,0.214099,0.315517,0.386365,0.413227,0.416591,0.411440,0.383969,0.341609,0.351371,0.409282,0.420792,0.349997,0.251263,0.239121,0.300624,0.327660,0.287248,0.215509,0.218872,0.305671,0.371775,0.387281,0.379656,0.374914,0.377435,0.384235,0.371756,0.311196,0.212274,0.117208,0.054618,0.020564,0.005864,0.019007,0.049879,0.117903,0.218606,0.318540,0.387510,0.428270,0.467742,0.530134,0.616080,0.701794,0.753792,0.732853,0.606884,0.384583,0.131653,0.126074,0.277189,0.366060,0.402990,0.414263,0.436016,0.467344,0.467102,0.425440,0.371580,0.309387,0.218896,0.115122,0.038554,0.051556,0.113783,0.203669,0.297460,0.339025,0.297608,0.204277,0.117383,0.063705,0.039425,0.050537,0.112449,0.203973,0.271737,0.269752,0.201064,0.111892,0.049859,0.055338,0.132978,0.252223,0.379349,0.472342,0.505557,0.489519,0.457309,0.425630,0.380824,0.297546,0.162369,0.013072,0.198578,0.357202,0.451724,0.456836,0.377662,0.255676,0.150500,0.110349,0.151839,0.256051,0.376589,0.457252,0.457824,0.376297,0.249951,0.130145,0.048977,0.004473,0.044847,0.117162,0.210168,0.290689,0.329110,0.331856,0.331587,0.329039,0.291046,0.210291]
],
"envelope_edge" : [
	[0.002390,0.002927,0.002871,0.002202,0.001570,0.001143,0.000840,0.000339,-0.000212,-0.000426,-0.000502,-0.000452,-0.000389,-0.000278,-0.000139,0.000070,0.000336,0.000650,0.000918,0.001065,0.001071,0.001035,0.000745,0.000104,-0.000156,0.000010,0.000127,0.000059,-0.000160,-0.000267,-0.000094,0.000302,0.000600,0.000591,0.000393,0.000117,-0.000265,-0.000677,-0.000998,-0.001015,-0.000754,-0.000394,-0.000167,-0.000116,-0.000094,0.000072,0.000306,0.000492,0.000637,0.000943,0.001342,0.001573,0.001274,0.000775,0.000591,0.000524,0.000457,0.000342,-0.000020,-0.000275,-0.000331,-0.000679,-0.000911,-0.000832,-0.000652,-0.000465,-0.000269,-0.000146,-0.000152,-0.000130,0.000063,0.000298,0.000425,0.000389,0.000276,0.000136,-0.000035,-0.000223,-0.000346,-0.000388,-0.000663,-0.001176,-0.001312,-0.001028,-0.000524,-0.000024,0.000327,0.000413,0.000135,-0.000444,-0.000755,-0.000704,-0.000540,-0.000449,-0.000404,-0.000312,-0.000012,0.000461,0.001037,0.001433,0.001566,0.001033,0.000174,-0.000130,-0.000132,-0.000079,-0.000021,0.000004,0.000022,-0.000004,-0.000059,-0.000050,-0.000021,-0.000077,-0.000050,0.000154,0.000405,0.000560,0.000618,0.000604,0.000562,0.000517,0.000202,-0.000305,-0.000306,-0.000160,0.000011,-0.000465,-0.000901,-0.000780,-0.000824,-0.001270,-0.001713,-0.001600,-0.001219,-0.000595,0.000024,0.000540,0.000706,0.000499,-0.000001,-0.000384,-0.000638,-0.000889,-0.001163,-0.001369,-0.001459,-0.001392,-0.001190,-0.000874,-0.000554,-0.000316,-0.000195,-0.000118,-0.000021,0.000104,0.000172,0.000102,-0.000081,-0.000242,-0.000255,-0.000126,0.000078,0.000191,0.000137,-0.000386,-0.001180,-0.001551,-0.001562,-0.001315,-0.000957,-0.000662,-0.000705,-0.001264,-0.001917,-0.002073,-0.001837,-0.001348,-0.000780,-0.000144,0.000474,0.000989,0.001203,0.001103,0.000844,0.000703,0.000686,0.000708,0.000602,0.000382,0.000180,0.000185,0.000375,0.000736,0.001143,0.001521,0.001733,0.001775,0.001569,0.001135,0.000431,-0.000146,-0.000473,-0.000612,-0.000530,-0.000367,-0.000193,0.000057,0.000373,0.000620,0.000678,0.000583,0.000378,0.000130,-0.000139,-0.000238,-0.000027,0.000563,0.001226,0.001666,0.001253,0.000298,-0.000016,0.000035,0.000044,0.000036,-0.000006,-0.000024,0.000047,0.000321,0.000722,0.001123,0.001263,0.001045,0.000400,-0.000041,-0.000099,0.000017,0.000214,0.000229,-0.000283,-0.000691,-0.000651,-0.001055,-0.001620,-0.002032,-0.002071,-0.001821,-0.001354,-0.000995,-0.000823,-0.000848,-0.000756,-0.000386,0.000398,0.001396],
	[0.000000,0.000000,0.000000,0.000000,0.000000,0.000000,0.000000,0.000000,0.000000,0.000000,0.000000,0.000000,0.000000,0.000000,0.000000,0.000000,0.000000,0.000000,0.000000,0.000000,0.000000,0.000000,0.000000,0.000000,0.000000,0.000000,0.000000,0.000000,0.000000,0.000000,0.000000,0.000000,0.000000,0.000000,0.000000,0.000000,0.000000,0.000000,0.000000,0.000000,0.000000,0.000000,0.000000,0.000000,0.000000,0.000000,0.000000,0.000000,0.000000,0.000000,0.000000,0.000000,0.000000,0.000000,0.000000,0.000000,0.000000,0.000000,0.000000,0.000000,0.000000,0.000000,0.000000,0.000000,0.000000,0.000000,0.000000,0.000000,0.000000,0.000000,0.000000,0.000000,0.000000,0.000000,0.000000,0.000000,0.000000,0.000000,0.000000,0.000000,0.000000,0.000000,0.000000,0.000000,0.000000,0.000000,0.000000,0.000000,0.000000,0.000000,0.000000,0.000000,0.000000,0.000000,0.000000,0.000000,0.000000,0.000000,0.000000,0.000000,0.000000,0.000000,0.000000,0.000000,0.000000,0.000000,0.000000,0.000000,0.000000,0.000000,0.000000,0.000000,0.000000,0.000000,0.000000,0.000000,0.000000,0.000000,0.000000,0.000000,0.000000,0.000000,0.000000,0.000000,0.000000,0.000000,0.000000,0.000000,0.000000,0.000000,0.000000,0.000000,0.000000,0.000000,0.000000,0.000000,0.000000,0.000000,0.000000,0.000000,0.000000,0.000000,0.000000,0.000000,0.000000,0.000000,0.000000,0.000000,0.000000,0.000000,0.000000,0.000000,0.000000,0.000000,0.000000,0.000000,0.000000,0.000000,0.000000,0.000000,0.000000,0.000000,0.000000,0.000000,0.000000,0.000000,0.000000,0.000000,0.000000,0.000000,0.000000,0.000000,0.000000,0.000000,0.000000,0.000000,0.000000,0.000000,0.000000,0.000000,0.000000,0.000000,0.000000,0.000000,0.000000,0.000000,0.000000,0.000000,0.000000,0.000000,0.000000,0.000000,0.000000,0.000000,0.000000,0.000000,0.000000,0.000000,0.000000,0.000000,0.000000,0.000000,0.000000,0.000000,0.000000,0.000000,0.000000,0.000000,0.000000,0.000000,0.000000,0.000000,0.000000,0.000000,0.000000,0.000000,0.000000,0.000000,0.000000,0.000000,0.000000,0.000000,0.000000,0.000000,0.000000,0.000000,0.000000,0.000000,0.000000,0.000000,0.000000,0.000000,0.000000,0.000000,0.000000,0.000000,0.000000,0.000000,0.000000,0.000000,0.000000,0.000000,0.000000,0.000000,0.000000,0.000000,0.000000,0.000000,0.000000,0.000000,0.000000,0.000000,0.000000,0.000000,0.000000,0.000000],
	[0.000844,0.000720,0.000473,0.000281,0.000214,0.000263,0.000250,0.000196,0.000266,0.000416,0.000312,0.000162,0.000064,-0.000062,0.000036,0.000254,0.000293,0.000035,-0.000090,-0.000173,-0.000507,-0.000686,-0.000570,-0.000244,0.000117,0.000297,0.000284,-0.000032,-0.000447,-0.000559,-0.000589,-0.000431,-0.000271,-0.000147,-0.000189,-0.000073,0.000037,0.000089,-0.000236,-0.000600,-0.000695,-0.000420,-0.000834,-0.001324,-0.000919,-0.000439,-0.000134,-0.000158,-0.000175,-0.000172,-0.000193,-0.000383,-0.000554,-0.000766,-0.001097,-0.001430,-0.001447,-0.001068,-0.000429,0.000193,0.000678,0.001028,0.001273,0.001332,0.001163,0.000788,0.000255,-0.000024,0.000037,0.000112,-0.000005,-0.000400,-0.000488,-0.000124,0.000297,0.000400,0.000130,-0.000152,-0.000264,-0.000299,-0.000285,-0.000150,0.000143,0.000457,0.000651,0.000731,0.000782,0.000823,0.000622,0.000146,-0.000034,0.000027,-0.000122,-0.000379,-0.000455,-0.000288,-0.000023,0.000138,0.000103,0.000014,-0.000034,0.000038,0.000163,0.000211,0.000234,0.000511,0.000870,0.001027,0.000745,0.000432,0.000179,0.000017,-0.000112,-0.000425,-0.000569,-0.000672,-0.000744,-0.000755,-0.000594,-0.000328,-0.000018,0.000221,0.000395,0.000471,0.000400,0.000132,-0.000021,0.000124,0.000440,0.000679,0.000653,0.000418,0.000132,-0.000173,-0.000239,-0.000095,0.000040,0.000083,0.000117,0.000143,0.000056,-0.000351,-0.000657,-0.000674,-0.000673,-0.000568,-0.000478,-0.000444,-0.000514,-0.000472,-0.000248,0.000159,0.000507,0.000655,0.000553,0.000555,0.000638,0.000800,0.000437,-0.000124,-0.000151,-0.000103,-0.000073,-0.000032,0.000169,0.000372,0.000508,0.000531,0.000585,0.000317,-0.000145,-0.000191,-0.000048,0.000132,0.000286,0.000300,0.000048,0.000076,0.000270,0.000363,-0.000120,-0.000603,-0.000544,-0.000351,0.000020,0.000246,0.000443,0.000568,0.000483,0.000237,0.000298,0.000112,-0.000126,-0.000053,-0.000144,-0.000556,-0.000820,-0.000727,-0.000379,-0.000040,0.000093,0.000206,0.000363,0.000451,0.000222,-0.000028,-0.000002,-0.000181,-0.000276,-0.000116,0.000073,0.000130,0.000021,-0.000304,-0.000490,-0.000316,0.000029,0.000296,0.000372,0.000132,-0.000325,-0.000516,-0.000519,-0.000422,-0.000082,0.000364,0.000636,0.000559,0.000246,-0.000107,-0.000459,-0.000733,-0.000825,-0.000767,-0.000606,-0.000370,-0.000023,0.000303,0.000426,0.000333,0.000300,0.000327,0.000181,-0.000377,-0.000837,-0.000839,-0.000561,-0.000115,0.000192,0.000325,0.000299,0.000280,0.000366,0.000547,0.000695,0.000822],
	[0.001327,0.001507,0.001590,0.001526,0.001424,0.001350,0.001351,0.001450,0.001736,0.002195,0.002591,0.002580,0.002093,0.001432,0.001100,0.001198,0.001355,0.001244,0.000667,-0.000135,-0.000666,-0.000888,-0.000650,-0.000051,0.000567,0.000761,0.000465,-0.000181,-0.000935,-0.001640,-0.002096,-0.002111,-0.001627,-0.001065,-0.000762,-0.000654,-0.000419,-0.000027,0.000427,0.000715,0.000816,0.000816,0.000817,0.000590,0.000150,-0.000169,-0.000176,-0.000085,0.000143,0.000499,0.000978,0.001476,0.001957,0.002207,0.002069,0.001458,0.000717,0.000328,0.000378,0.000329,0.000099,-0.000100,0.000030,0.000207,-0.000032,-0.000623,-0.000819,-0.000769,-0.000533,-0.000171,0.000454,0.001110,0.001759,0.002175,0.002454,0.002148,0.001332,0.000844,0.001240,0.000694,-0.000385,-0.000443,0.000322,0.001056,0.001476,0.001129,0.000482,0.000083,0.000527,0.000991,0.001534,0.000622,-0.000223,0.000090,0.000340,-0.000312,-0.001180,-0.000944,-0.000991,-0.001014,-0.001044,-0.000660,-0.000301,0.000189,0.000658,0.001139,0.001201,0.000939,0.000360,-0.000300,-0.001084,-0.001713,-0.002032,-0.001785,-0.001092,-0.000210,0.000337,-0.000093,-0.001426,-0.002012,-0.001641,-0.000724,0.000427,0.001436,0.001833,0.001387,0.000574,0.000368,0.000823,0.001601,0.002208,0.002350,0.001802,0.000867,0.000368,0.000564,0.001104,0.001725,0.002058,0.002003,0.001621,0.001184,0.000816,0.000520,0.000234,-0.000035,-0.000337,-0.000677,-0.001107,-0.001444,-0.001473,-0.001073,-0.000391,0.000277,0.000645,0.000566,0.000151,-0.000564,-0.001308,-0.001762,-0.001959,-0.001717,-0.001256,-0.000732,-0.000262,0.000303,0.000797,0.000987,0.000741,0.000284,-0.000272,-0.000842,-0.001437,-0.001908,-0.002051,-0.001733,-0.001162,-0.000638,-0.000476,-0.000780,-0.001511,-0.002326,-0.002839,-0.002781,-0.002243,-0.001521,-0.001002,-0.000900,-0.001220,-0.001380,-0.000876,0.000156,0.001170,0.001671,0.001465,0.000913,0.000554,0.000396,-0.000065,-0.000810,-0.001372,-0.001319,-0.000748,-0.000251,-0.000338,-0.000718,-0.000750,-0.000363,0.000071,0.000369,0.000533,0.000497,0.000255,0.000080,-0.000403,-0.001285,-0.001550,-0.001095,-0.000633,-0.000770,-0.001535,-0.001942,-0.001497,-0.000513,0.000515,0.001114,0.001109,0.000991,0.001288,0.001757,0.001928,0.001617,0.000979,0.000260,-0.000452,-0.001165,-0.001740,-0.002005,-0.001874,-0.001480,-0.000976,-0.000521,-0.000252,-0.000751,-0.002064,-0.002697,-0.002474,-0.002221,-0.002239,-0.002350,-0.001997,-0.001140,-0.000126,0.000615,0.000988,0.001151],
	[0.001261,0.000789,0.000161,-0.000499,-0.001115,-0.001600,-0.001699,-0.001370,-0.000651,-0.000072,0.000177,-0.000994,-0.002275,-0.002167,-0.001924,-0.001436,-0.001166,-0.000705,-0.000168,0.000576,0.000957,0.000890,0.000263,-0.000269,-0.000383,0.000200,0.000872,0.001173,0.001017,0.001232,0.001598,0.001869,0.001662,0.001227,0.000511,-0.000073,-0.000686,-0.001069,-0.001227,-0.001059,-0.001287,-0.001178,-0.000420,0.000696,0.000195,-0.001109,-0.001192,-0.000585,-0.000067,0.000347,-0.000611,-0.001754,-0.001691,-0.001892,-0.002203,-0.002477,-0.002376,-0.002369,-0.002347,-0.002078,-0.001257,-0.000027,0.001383,0.002524,0.003061,0.002805,0.001658,0.000508,0.000306,0.000343,0.000394,0.000365,0.000448,0.000658,0.001035,0.001122,0.000720,-0.000145,-0.000984,-0.001492,-0.001412,-0.000863,-0.000067,0.000575,0.001016,0.001330,0.001707,0.002008,0.002050,0.001595,0.000827,0.000095,-0.000176,0.000033,0.000661,0.001311,0.001690,0.001555,0.001113,0.000550,0.000078,-0.000483,-0.001052,-0.001667,-0.002255,-0.002641,-0.002430,-0.001566,-0.000218,0.001043,0.001885,0.002019,0.001617,0.000778,-0.000091,-0.000822,-0.001014,-0.000801,-0.000093,0.000450,0.000754,-0.000445,-0.001674,-0.001498,-0.001117,-0.000514,-0.000067,0.000516,0.000952,0.001083,0.000695,0.000017,-0.000842,-0.001544,-0.001963,-0.001902,-0.001507,-0.001012,-0.000652,-0.000313,-0.000036,-0.000066,-0.000380,-0.000239,0.000384,0.000901,0.000677,-0.000019,-0.000228,0.000118,0.000433,0.000186,-0.000571,-0.000872,-0.000574,-0.000165,0.000081,0.000230,0.000378,0.000650,0.001112,0.001593,0.001732,0.001446,0.000894,0.000301,-0.000366,-0.001027,-0.001684,-0.002314,-0.002655,-0.002608,-0.002338,-0.002103,-0.002016,-0.001938,-0.001654,-0.000962,0.000116,0.001523,0.002758,0.003386,0.002351,0.000285,-0.000393,-0.000192,0.000126,0.000329,0.000469,0.000806,0.001386,0.001867,0.002170,0.002416,0.002524,0.002235,0.001431,0.000462,-0.000118,-0.000409,-0.000121,0.000583,0.001347,0.001605,0.001411,0.000912,0.000361,-0.000322,-0.000829,-0.000942,-0.000478,0.000145,0.000558,0.000373,-0.000251,-0.001217,-0.001942,-0.002331,-0.002106,-0.001511,-0.000628,-0.000010,0.000520,0.000796,0.001316,0.001507,0.001679,0.000017,-0.001513,-0.001105,-0.000450,0.000686,0.001388,0.001641,0.001123,0.000301,-0.000590,-0.001003,-0.000835,-0.000031,0.000996,0.001851,0.002158,0.001890,0.001291,0.000402,-0.000499,-0.000975,-0.001177,-0.000891,-0.000444,-0.000031,0.000232,0.000642,0.001116,0.001404]
],
	"idxs" : [132,0,43,31,12]
,"hydrophone_pos" : [
	[0.000000,0.000000,0.000000],
	[0.000000,0.000000,0.000000],
	[0.450000,0.000000,0.000000],
	[0.000000,0.450000,0.000000],
	[0.000000,0.000000,-0.450000]
],
	"direction_of_arrival" : [0.635455,0.066890,0.769235]
,	"valid" : [0.000000,-0.000000,-0.000000,-0.000000,-10017698.000000]
}
dump = {
	"magnitude" : [0.000000,0.024982,0.028394,0.031091,0.030544,0.046052,0.082253,0.081600,0.074366,0.073237,0.013700,0.053538,0.441267,1.029783,1.446191,1.437800,1.186059,0.601661,0.302374,0.130946,0.031415,0.000072,0.012508,0.052565,0.074366,0.061427,0.026525,0.008455,0.001455,0.000055,0.002359,0.006503]
,	"raw_mv" : [
	[-3.815000,-2.670500,-0.763000,-3.433500,-7.248499,-5.722499,-4.959500,-4.578000,-4.578000,-5.341000,-8.011500,-6.104000,-7.248499,-8.392999,-6.104000,-3.815000,-4.959500,-3.052000,-1.907500,-5.341000,-4.578000,-6.104000,-4.196499,-3.052000,-3.433500,-7.630000,-11.444999,-12.208000,-11.063500,-6.867000,-3.815000,-4.959500,-7.630000,-5.341000,-5.341000,-3.433500,-2.289000,-4.959500,-6.867000,-6.485500,-3.815000,-3.433500,-2.289000,-3.433500,-4.578000,-3.052000,-1.144500,-1.907500,-1.526000,1.144500,-2.289000,-3.815000,-1.907500,-1.907500,-1.144500,-1.526000,-2.670500,-1.907500,-2.670500,-1.907500,-3.052000,-1.907500,-2.670500,-1.907500,0.000000,-0.763000,-3.052000,-4.196499,-1.526000,-2.670500,-5.341000,-5.722499,-7.630000,-6.485500,-7.630000,-9.156000,-5.722499,-2.670500,-7.630000,-10.300499,-10.682000,-10.682000,-12.589500,-11.826499,-13.352499,-12.589500,-10.300499,-12.208000,-12.589500,-11.826499,-10.682000,-9.537500,-8.774499,-9.919000,-12.971000,-11.826499,-7.630000,-5.341000,-7.248499,-10.682000,-12.971000,-12.589500,-9.156000,-4.196499,-1.526000,-2.670500,-8.392999,-12.208000,-10.682000,-8.392999,-8.011500,-6.485500,-5.341000,-4.578000,-3.815000,-3.815000,-4.196499,-6.867000,-7.630000,-6.485500,-7.630000,-6.867000,-6.867000,-6.485500,-6.104000,-7.630000,-6.485500,-5.341000,-7.630000,-10.300499,-9.537500,-9.919000,-9.537500,-8.392999,-10.300499,-13.352499,-13.734000,-12.589500,-11.063500,-9.156000,-8.011500,-8.011500,-6.867000,-6.104000,-3.433500,-2.289000,-2.670500,-2.670500,-1.907500,-1.526000,4.196499,-24.797500,-49.595001,50.739501,62.566001,-64.473503,-48.832000,22.508501,8.774499,6.867000,-18.312000,-14.115500,35.479499,11.826499,-70.958999,-27.849500,61.421501,-53.791500,-117.120498,60.658500,96.138000,85.456001,109.490501,-90.415504,-149.929504,-354.413513,-74.011001,936.963989,-8.392999,-600.862487,-1285.655029,241.871002,2749.470459,74.011001,-2738.406982,-371.199493,1819.373535,898.051025,-2305.786132,-894.999023,2229.486084,1604.207519,-2212.318603,-1930.771484,1624.045532,2353.854980,-1446.648071,-2439.311035,1149.078002,2354.617919,-934.293518,-2558.720459,796.190490,2628.535156,-423.083496,-2711.320556,188.079498,2330.583496,354.032012,-2514.084960,-538.677978,2314.942138,1183.794555,-2465.634521,-1269.250488,2084.897460,1688.519042,-2054.377441,-1823.188476,1759.859497,2246.271972,-1586.276977,-2490.432128,1223.088989,2597.251953,-822.132507,-2703.690429,575.683532,2686.522949,-82.022499,-2970.740478,-176.253005,2822.337158,718.364501,-2926.104980,-949.553527,2569.020996,1585.895507,-2562.916992,-1853.708496,2148.607910,2282.133056,-1998.678588,-2374.837646,1525.237060,2564.443115,-1214.696044,-2822.718505,905.299499,2902.452148,-555.845520,-2973.411132,160.992996,2789.146484,343.350006,-2916.567626],
	[0.000000,0.000000,0.000000,0.000000,0.000000,0.000000,0.000000,0.000000,0.000000,0.000000,0.000000,0.000000,0.000000,0.000000,0.000000,0.000000,0.000000,0.000000,0.000000,0.000000,0.000000,0.000000,0.000000,0.000000,0.000000,0.000000,0.000000,0.000000,0.000000,0.000000,0.000000,0.000000,0.000000,0.000000,0.000000,0.000000,0.000000,0.000000,0.000000,0.000000,0.000000,0.000000,0.000000,0.000000,0.000000,0.000000,0.000000,0.000000,0.000000,0.000000,0.000000,0.000000,0.000000,0.000000,0.000000,0.000000,0.000000,0.000000,0.000000,0.000000,0.000000,0.000000,0.000000,0.000000,0.000000,0.000000,0.000000,0.000000,0.000000,0.000000,0.000000,0.000000,0.000000,0.000000,0.000000,0.000000,0.000000,0.000000,0.000000,0.000000,0.000000,0.000000,0.000000,0.000000,0.000000,0.000000,0.000000,0.000000,0.000000,0.000000,0.000000,0.000000,0.000000,0.000000,0.000000,0.000000,0.000000,0.000000,0.000000,0.000000,0.000000,0.000000,0.000000,0.000000,0.000000,0.000000,0.000000,0.000000,0.000000,0.000000,0.000000,0.000000,0.000000,0.000000,0.000000,0.000000,0.000000,0.000000,0.000000,0.000000,0.000000,0.000000,0.000000,0.000000,0.000000,0.000000,0.000000,0.000000,0.000000,0.000000,0.000000,0.000000,0.000000,0.000000,0.000000,0.000000,0.000000,0.000000,0.000000,0.000000,0.000000,0.000000,0.000000,0.000000,0.000000,0.000000,0.000000,0.000000,0.000000,0.000000,0.000000,0.000000,0.000000,0.000000,0.000000,0.000000,0.000000,0.000000,0.000000,0.000000,0.000000,0.000000,0.000000,0.000000,0.000000,0.000000,0.000000,0.000000,0.000000,0.000000,0.000000,0.000000,0.000000,0.000000,0.000000,0.000000,0.000000,0.000000,0.000000,0.000000,0.000000,0.000000,0.000000,0.000000,0.000000,0.000000,0.000000,0.000000,0.000000,0.000000,0.000000,0.000000,0.000000,0.000000,0.000000,0.000000,0.000000,0.000000,0.000000,0.000000,0.000000,0.000000,0.000000,0.000000,0.000000,0.000000,0.000000,0.000000,0.000000,0.000000,0.000000,0.000000,0.000000,0.000000,0.000000,0.000000,0.000000,0.000000,0.000000,0.000000,0.000000,0.000000,0.000000,0.000000,0.000000,0.000000,0.000000,0.000000,0.000000,0.000000,0.000000,0.000000,0.000000,0.000000,0.000000,0.000000,0.000000,0.000000,0.000000,0.000000,0.000000,0.000000,0.000000,0.000000,0.000000,0.000000,0.000000,0.000000,0.000000,0.000000,0.000000,0.000000,0.000000,0.000000,0.000000,0.000000],
	[-6.485500,-6.485500,-6.180300,-6.409200,-6.409200,-6.561800,-6.409200,-6.409200,-6.256600,-6.409200,-6.409200,-6.332900,-6.180300,-6.332900,-6.332900,-6.256600,-6.256600,-6.409200,-6.256600,-6.485500,-6.485500,-6.256600,-6.332900,-6.332900,-6.409200,-6.485500,-6.485500,-6.409200,-6.409200,-6.485500,-6.409200,-6.332900,-6.409200,-6.485500,-6.409200,-6.638100,-6.409200,-6.256600,-6.409200,-6.332900,-6.409200,-6.409200,-6.256600,-6.485500,-6.409200,-6.409200,-6.256600,-6.332900,-6.332900,-6.332900,-6.485500,-6.638100,-6.409200,-6.332900,-6.409200,-6.485500,-6.485500,-6.561800,-6.790700,-6.561800,-6.561800,-6.485500,-6.485500,-6.485500,-6.409200,-6.332900,-6.409200,-6.409200,-6.332900,-6.409200,-6.409200,-6.409200,-6.256600,-6.409200,-6.256600,-6.332900,-6.409200,-6.332900,-6.485500,-6.561800,-6.638100,-6.561800,-6.409200,-6.409200,-6.409200,-6.409200,-6.638100,-6.714400,-6.485500,-6.256600,-6.485500,-6.485500,-6.485500,-6.714400,-6.638100,-6.714400,-6.714400,-6.638100,-6.561800,-6.561800,-6.638100,-6.485500,-6.561800,-6.638100,-6.561800,-6.485500,-6.485500,-6.332900,-6.409200,-6.561800,-6.409200,-6.561800,-6.638100,-6.561800,-6.561800,-6.561800,-6.485500,-6.485500,-6.409200,-6.638100,-6.714400,-6.638100,-6.332900,-6.943300,-7.019600,-5.722500,-6.027700,-7.706300,-7.324800,-5.951400,-5.951400,-6.867000,-7.858900,-5.798800,-4.883200,-8.011500,-7.477400,-4.120200,-6.409200,-10.529400,-10.682000,-1.907500,2.212700,-8.087800,-14.039200,-8.698200,-2.975700,-3.662400,-9.079700,-10.529400,-3.204600,-0.228900,-7.477400,-14.649601,-7.858900,-1.297100,-3.509800,-11.902800,-7.477400,12.971000,9.537500,-16.786001,-86.219001,-40.515300,116.891601,35.632102,-65.007598,-45.703701,10.147900,37.081802,-33.648300,-53.791500,19.075000,20.753601,-15.794100,-38.913002,22.279600,31.969701,-33.266799,-43.109500,9.384900,29.528100,-41.278301,-31.206701,20.219501,39.828601,-35.861000,-50.358001,12.742100,56.156803,-45.017002,-66.609901,14.191800,80.572799,-22.203300,-91.712600,-22.737400,87.363502,17.396400,-87.287200,-45.703701,74.392501,41.583499,-79.657203,-66.609901,52.952201,68.898902,-65.083900,-80.038703,28.841400,85.990104,-36.166202,-87.210899,-6.104000,91.407402,-13.734000,-87.897605,-27.620601,88.584304,15.488900,-84.845603,-50.281700,74.392501,41.201999,-73.705802,-67.907005,55.393802,57.530200,-62.337100,-65.618003,34.487602,64.092002,-48.221603,-72.027198,12.208000,77.597099,-28.994001,-75.765899,-7.553700,77.444503,-15.641500,-76.223701,-20.906200,78.360099,5.417300,-74.316200,-39.599700,64.626098,27.010200,-68.593704,-50.358001,54.707103,43.338401,-65.541702,-56.996101,37.310699],
	[-7.248499,-7.248499,-7.248499,-6.867000,-7.248499,-7.248499,-7.248499,-7.248499,-7.248499,-7.248499,-7.630000,-6.867000,-6.867000,-7.248499,-7.248499,-7.248499,-7.248499,-7.248499,-7.630000,-7.248499,-7.248499,-6.867000,-7.248499,-7.630000,-7.248499,-7.248499,-7.248499,-6.867000,-7.248499,-7.630000,-7.248499,-7.248499,-7.630000,-7.248499,-6.867000,-7.248499,-7.630000,-7.248499,-7.248499,-7.630000,-7.248499,-7.248499,-6.867000,-7.248499,-7.248499,-7.248499,-7.630000,-7.248499,-7.248499,-7.630000,-7.248499,-7.248499,-7.248499,-6.867000,-7.248499,-7.248499,-7.248499,-7.248499,-7.248499,-6.867000,-6.867000,-6.867000,-6.867000,-6.867000,-6.867000,-6.867000,-6.485500,-6.485500,-6.867000,-6.867000,-6.867000,-6.867000,-6.867000,-6.867000,-6.485500,-6.867000,-6.485500,-6.867000,-6.867000,-6.867000,-7.248499,-7.248499,-6.867000,-6.867000,-6.867000,-7.248499,-7.248499,-7.248499,-7.248499,-7.248499,-7.248499,-7.248499,-7.248499,-7.248499,-6.867000,-7.248499,-7.630000,-7.248499,-7.248499,-7.248499,-7.248499,-7.248499,-6.867000,-7.248499,-7.248499,-7.248499,-6.867000,-7.248499,-7.248499,-6.867000,-7.248499,-7.248499,-7.248499,-7.248499,-7.248499,-7.248499,-7.248499,-7.248499,-7.248499,-7.630000,-7.248499,-7.248499,-7.248499,-7.248499,-6.867000,-7.248499,-7.248499,-6.867000,-7.248499,-7.248499,-7.248499,-7.630000,-7.248499,-7.248499,-7.248499,-7.248499,-7.248499,-7.248499,-6.867000,-7.248499,-7.248499,-7.248499,-7.248499,-6.867000,-6.867000,-7.248499,-7.248499,-7.248499,-7.248499,-7.248499,-7.630000,-7.248499,-7.248499,-7.248499,-7.248499,-7.248499,-6.867000,-7.248499,-7.248499,-7.248499,-6.867000,-7.248499,-6.867000,-7.248499,-7.248499,-7.248499,-7.248499,-7.248499,-7.248499,-7.248499,-7.248499,-7.248499,-7.248499,-7.248499,-7.248499,-6.867000,-6.867000,-7.248499,-7.248499,-7.248499,-6.867000,-7.630000,-7.248499,-6.867000,-6.867000,-6.867000,-7.248499,-7.248499,-7.248499,-7.630000,-6.867000,-6.867000,-7.248499,-7.248499,-7.248499,-7.248499,-7.248499,-7.248499,-7.248499,-7.248499,-7.248499,-7.630000,-7.248499,-7.248499,-7.248499,-6.867000,-7.248499,-6.867000,-7.248499,-6.867000,-6.867000,-6.867000,-6.867000,-6.867000,-6.867000,-6.485500,-6.867000,-6.867000,-6.867000,-6.485500,-6.867000,-6.485500,-6.867000,-6.867000,-7.248499,-6.867000,-7.248499,-6.867000,-6.867000,-6.867000,-7.248499,-7.248499,-7.248499,-7.630000,-7.248499,-6.867000,-6.867000,-7.248499,-6.867000,-6.867000,-7.248499,-7.248499,-6.867000,-6.867000,-7.248499,-7.248499,-7.248499,-7.248499,-7.248499,-7.630000,-7.248499,-7.248499,-6.867000,-7.248499,-7.248499,-7.248499],
	[-7.248499,-7.248499,-7.248499,-7.248499,-7.248499,-7.248499,-7.248499,-7.248499,-7.248499,-7.248499,-7.248499,-7.248499,-7.248499,-6.867000,-7.248499,-7.248499,-7.248499,-7.248499,-6.867000,-7.248499,-7.248499,-7.248499,-6.867000,-7.248499,-7.248499,-7.248499,-7.248499,-7.248499,-7.248499,-7.248499,-7.248499,-7.248499,-7.248499,-7.248499,-7.248499,-7.248499,-7.248499,-6.867000,-7.248499,-7.630000,-7.248499,-7.248499,-6.867000,-7.248499,-7.248499,-7.248499,-7.248499,-6.867000,-7.248499,-7.248499,-7.248499,-7.248499,-7.248499,-7.248499,-7.248499,-7.248499,-7.248499,-7.248499,-7.248499,-7.248499,-7.248499,-7.248499,-7.248499,-6.867000,-6.867000,-6.867000,-6.867000,-6.867000,-6.867000,-6.867000,-6.485500,-6.485500,-6.867000,-6.485500,-6.867000,-6.485500,-6.867000,-7.248499,-6.867000,-6.867000,-6.867000,-6.867000,-6.867000,-6.867000,-7.248499,-6.867000,-6.867000,-7.248499,-7.248499,-6.867000,-7.248499,-7.248499,-7.248499,-7.248499,-7.248499,-6.867000,-7.248499,-7.248499,-7.248499,-6.867000,-7.248499,-6.867000,-7.248499,-7.248499,-7.248499,-7.248499,-7.248499,-6.867000,-7.248499,-6.867000,-7.630000,-7.248499,-7.248499,-7.248499,-6.867000,-6.867000,-7.630000,-7.248499,-7.248499,-7.248499,-7.248499,-7.248499,-7.248499,-7.248499,-7.248499,-7.248499,-7.248499,-7.248499,-7.248499,-7.248499,-7.248499,-7.248499,-6.867000,-6.867000,-6.867000,-7.248499,-7.248499,-7.248499,-7.248499,-6.867000,-7.248499,-7.248499,-7.248499,-7.248499,-7.248499,-7.248499,-7.248499,-6.867000,-7.248499,-7.248499,-7.248499,-7.248499,-7.248499,-7.248499,-7.248499,-7.248499,-6.867000,-7.248499,-7.248499,-8.011500,-7.248499,-7.248499,-7.248499,-7.248499,-7.248499,-7.248499,-7.248499,-7.248499,-7.248499,-7.248499,-7.248499,-6.867000,-7.248499,-7.630000,-7.248499,-7.248499,-7.248499,-7.248499,-7.248499,-7.630000,-7.248499,-7.248499,-7.248499,-6.867000,-7.248499,-7.248499,-7.248499,-7.630000,-7.248499,-7.248499,-7.248499,-7.248499,-7.630000,-7.248499,-7.248499,-7.248499,-7.248499,-7.248499,-6.867000,-7.248499,-6.867000,-6.867000,-7.630000,-7.248499,-7.248499,-6.867000,-7.248499,-6.867000,-6.867000,-6.867000,-6.485500,-6.867000,-6.867000,-6.485500,-6.485500,-6.485500,-6.867000,-6.867000,-6.485500,-6.485500,-6.867000,-7.248499,-6.867000,-6.867000,-6.867000,-7.248499,-6.867000,-6.867000,-7.248499,-6.867000,-7.248499,-6.867000,-7.248499,-7.248499,-6.867000,-7.248499,-7.248499,-7.248499,-6.867000,-6.867000,-7.248499,-7.248499,-7.248499,-6.867000,-7.248499,-7.248499,-7.248499,-6.867000,-7.248499,-7.248499,-7.248499,-7.248499,-7.248499,-7.248499,-7.248499,-7.248499]
],
"normalized" : [
	[0.007306,0.008380,0.010169,0.007664,0.004086,0.005517,0.006233,0.006591,0.006591,0.005875,0.003370,0.005159,0.004086,0.003012,0.005159,0.007306,0.006233,0.008022,0.009096,0.005875,0.006591,0.005159,0.006948,0.008022,0.007664,0.003728,0.000149,-0.000566,0.000507,0.004443,0.007306,0.006233,0.003728,0.005875,0.005875,0.007664,0.008738,0.006233,0.004443,0.004801,0.007306,0.007664,0.008738,0.007664,0.006591,0.008022,0.009811,0.009096,0.009454,0.011959,0.008738,0.007306,0.009096,0.009096,0.009811,0.009454,0.008380,0.009096,0.008380,0.009096,0.008022,0.009096,0.008380,0.009096,0.010885,0.010169,0.008022,0.006948,0.009454,0.008380,0.005875,0.005517,0.003728,0.004801,0.003728,0.002296,0.005517,0.008380,0.003728,0.001223,0.000865,0.000865,-0.000924,-0.000208,-0.001639,-0.000924,0.001223,-0.000566,-0.000924,-0.000208,0.000865,0.001938,0.002654,0.001581,-0.001281,-0.000208,0.003728,0.005875,0.004086,0.000865,-0.001281,-0.000924,0.002296,0.006948,0.009454,0.008380,0.003012,-0.000566,0.000865,0.003012,0.003370,0.004801,0.005875,0.006591,0.007306,0.007306,0.006948,0.004443,0.003728,0.004801,0.003728,0.004443,0.004443,0.004801,0.005159,0.003728,0.004801,0.005875,0.003728,0.001223,0.001938,0.001581,0.001938,0.003012,0.001223,-0.001639,-0.001997,-0.000924,0.000507,0.002296,0.003370,0.003370,0.004443,0.005159,0.007664,0.008738,0.008380,0.008380,0.009096,0.009454,0.014821,-0.012375,-0.035636,0.058481,0.069575,-0.049593,-0.034921,0.031999,0.019116,0.017327,-0.006291,-0.002355,0.044166,0.021979,-0.055677,-0.015238,0.068501,-0.039573,-0.098978,0.067785,0.101066,0.091046,0.113592,-0.073928,-0.129754,-0.321569,-0.058539,0.889797,0.003012,-0.552748,-1.195113,0.237770,2.590004,0.080310,-2.557855,-0.337315,1.717534,0.853295,-2.152039,-0.828661,2.102237,1.515699,-2.064362,-1.800259,1.534308,2.218900,-1.346131,-2.277291,1.088769,2.219616,-0.865521,-2.389302,0.757745,2.476562,-0.385984,-2.532447,0.187311,2.197071,0.342982,-2.347432,-0.494417,2.182398,1.121334,-2.301983,-1.179725,1.966607,1.594787,-1.916207,-1.699342,1.661708,2.117983,-1.477109,-2.325244,1.158194,2.447217,-0.760309,-2.525290,0.550900,2.530957,-0.066055,-2.775794,-0.154447,2.658356,0.684741,-2.733924,-0.879835,2.420735,1.498522,-2.393238,-1.727971,2.026370,2.151622,-1.863959,-2.216812,1.441622,2.416441,-1.128550,-2.636943,0.860094,2.733508,-0.510521,-2.778299,0.161903,2.627222,0.332962,-2.724978],
	[0.000000,0.000000,0.000000,0.000000,0.000000,0.000000,0.000000,0.000000,0.000000,0.000000,0.000000,0.000000,0.000000,0.000000,0.000000,0.000000,0.000000,0.000000,0.000000,0.000000,0.000000,0.000000,0.000000,0.000000,0.000000,0.000000,0.000000,0.000000,0.000000,0.000000,0.000000,0.000000,0.000000,0.000000,0.000000,0.000000,0.000000,0.000000,0.000000,0.000000,0.000000,0.000000,0.000000,0.000000,0.000000,0.000000,0.000000,0.000000,0.000000,0.000000,0.000000,0.000000,0.000000,0.000000,0.000000,0.000000,0.000000,0.000000,0.000000,0.000000,0.000000,0.000000,0.000000,0.000000,0.000000,0.000000,0.000000,0.000000,0.000000,0.000000,0.000000,0.000000,0.000000,0.000000,0.000000,0.000000,0.000000,0.000000,0.000000,0.000000,0.000000,0.000000,0.000000,0.000000,0.000000,0.000000,0.000000,0.000000,0.000000,0.000000,0.000000,0.000000,0.000000,0.000000,0.000000,0.000000,0.000000,0.000000,0.000000,0.000000,0.000000,0.000000,0.000000,0.000000,0.000000,0.000000,0.000000,0.000000,0.000000,0.000000,0.000000,0.000000,0.000000,0.000000,0.000000,0.000000,0.000000,0.000000,0.000000,0.000000,0.000000,0.000000,0.000000,0.000000,0.000000,0.000000,0.000000,0.000000,0.000000,0.000000,0.000000,0.000000,0.000000,0.000000,0.000000,0.000000,0.000000,0.000000,0.000000,0.000000,0.000000,0.000000,0.000000,0.000000,0.000000,0.000000,0.000000,0.000000,0.000000,0.000000,0.000000,0.000000,0.000000,0.000000,0.000000,0.000000,0.000000,0.000000,0.000000,0.000000,0.000000,0.000000,0.000000,0.000000,0.000000,0.000000,0.000000,0.000000,0.000000,0.000000,0.000000,0.000000,0.000000,0.000000,0.000000,0.000000,0.000000,0.000000,0.000000,0.000000,0.000000,0.000000,0.000000,0.000000,0.000000,0.000000,0.000000,0.000000,0.000000,0.000000,0.000000,0.000000,0.000000,0.000000,0.000000,0.000000,0.000000,0.000000,0.000000,0.000000,0.000000,0.000000,0.000000,0.000000,0.000000,0.000000,0.000000,0.000000,0.000000,0.000000,0.000000,0.000000,0.000000,0.000000,0.000000,0.000000,0.000000,0.000000,0.000000,0.000000,0.000000,0.000000,0.000000,0.000000,0.000000,0.000000,0.000000,0.000000,0.000000,0.000000,0.000000,0.000000,0.000000,0.000000,0.000000,0.000000,0.000000,0.000000,0.000000,0.000000,0.000000,0.000000,0.000000,0.000000,0.000000,0.000000,0.000000,0.000000,0.000000,0.000000,0.000000,0.000000,0.000000,0.000000,0.000000,0.000000],
	[0.000486,0.000486,0.009552,0.002753,0.002753,-0.001779,0.002753,0.002753,0.007285,0.002753,0.002753,0.005019,0.009552,0.005019,0.005019,0.007285,0.007285,0.002753,0.007285,0.000486,0.000486,0.007285,0.005019,0.005019,0.002753,0.000486,0.000486,0.002753,0.002753,0.000486,0.002753,0.005019,0.002753,0.000486,0.002753,-0.004045,0.002753,0.007285,0.002753,0.005019,0.002753,0.002753,0.007285,0.000486,0.002753,0.002753,0.007285,0.005019,0.005019,0.005019,0.000486,-0.004045,0.002753,0.005019,0.002753,0.000486,0.000486,-0.001779,-0.008578,-0.001779,-0.001779,0.000486,0.000486,0.000486,0.002753,0.005019,0.002753,0.002753,0.005019,0.002753,0.002753,0.002753,0.007285,0.002753,0.007285,0.005019,0.002753,0.005019,0.000486,-0.001779,-0.004045,-0.001779,0.002753,0.002753,0.002753,0.002753,-0.004045,-0.006311,0.000486,0.007285,0.000486,0.000486,0.000486,-0.006311,-0.004045,-0.006311,-0.006311,-0.004045,-0.001779,-0.001779,-0.004045,0.000486,-0.001779,-0.004045,-0.001779,0.000486,0.000486,0.005019,0.002753,-0.001779,0.002753,-0.001779,-0.004045,-0.001779,-0.001779,-0.001779,0.000486,0.000486,0.002753,-0.004045,-0.006311,-0.004045,0.005019,-0.013110,-0.015377,0.023150,0.014084,-0.035773,-0.024442,0.016351,0.016351,-0.010844,-0.040306,0.020883,0.048079,-0.044839,-0.028975,0.070742,0.002753,-0.119627,-0.124160,0.136465,0.258846,-0.047105,-0.223877,-0.065235,0.104737,0.084340,-0.076567,-0.119627,0.097938,0.186324,-0.028975,-0.242008,-0.040306,0.154596,0.088873,-0.160420,-0.028975,0.578395,0.476411,-0.305464,-2.367806,-1.010287,3.665109,1.251489,-1.737772,-1.164396,0.494542,1.294549,-0.806319,-1.404624,0.759700,0.809559,-0.276002,-0.962694,0.854885,1.142706,-0.794987,-1.087341,0.471879,1.070185,-1.032950,-0.733797,0.793695,1.376136,-0.872042,-1.302640,0.571597,1.861127,-1.143999,-1.785364,0.614656,2.586345,-0.466372,-2.530980,-0.482236,2.788047,0.709841,-2.399534,-1.164396,2.402774,1.428261,-2.172903,-1.785364,1.765942,2.239600,-1.740038,-2.184235,1.049788,2.747254,-0.881107,-2.397268,0.011818,2.908162,-0.214812,-2.417665,-0.627280,2.824308,0.653184,-2.327012,-1.300374,2.402774,1.416930,-1.996131,-1.823892,1.838464,1.901920,-1.658451,-1.755902,1.217495,2.096823,-1.239184,-1.946272,0.555732,2.497960,-0.668074,-2.057322,-0.031241,2.493427,-0.271470,-2.070919,-0.427845,2.520623,0.354031,-2.014261,-0.983091,2.112687,0.995396,-1.844288,-1.302640,1.818067,1.480387,-1.753636,-1.499809,1.301348],
	[-0.430398,-0.430398,-0.430398,1.166390,-0.430398,-0.430398,-0.430398,-0.430398,-0.430398,-0.430398,-2.027190,1.166390,1.166390,-0.430398,-0.430398,-0.430398,-0.430398,-0.430398,-2.027190,-0.430398,-0.430398,1.166390,-0.430398,-2.027190,-0.430398,-0.430398,-0.430398,1.166390,-0.430398,-2.027190,-0.430398,-0.430398,-2.027190,-0.430398,1.166390,-0.430398,-2.027190,-0.430398,-0.430398,-2.027190,-0.430398,-0.430398,1.166390,-0.430398,-0.430398,-0.430398,-2.027190,-0.430398,-0.430398,-2.027190,-0.430398,-0.430398,-0.430398,1.166390,-0.430398,-0.430398,-0.430398,-0.430398,-0.430398,1.166390,1.166390,1.166390,1.166390,1.166390,1.166390,1.166390,2.763180,2.763180,1.166390,1.166390,1.166390,1.166390,1.166390,1.166390,2.763180,1.166390,2.763180,1.166390,1.166390,1.166390,-0.430398,-0.430398,1.166390,1.166390,1.166390,-0.430398,-0.430398,-0.430398,-0.430398,-0.430398,-0.430398,-0.430398,-0.430398,-0.430398,1.166390,-0.430398,-2.027190,-0.430398,-0.430398,-0.430398,-0.430398,-0.430398,1.166390,-0.430398,-0.430398,-0.430398,1.166390,-0.430398,-0.430398,1.166390,-0.430398,-0.430398,-0.430398,-0.430398,-0.430398,-0.430398,-0.430398,-0.430398,-0.430398,-2.027190,-0.430398,-0.430398,-0.430398,-0.430398,1.166390,-0.430398,-0.430398,1.166390,-0.430398,-0.430398,-0.430398,-2.027190,-0.430398,-0.430398,-0.430398,-0.430398,-0.430398,-0.430398,1.166390,-0.430398,-0.430398,-0.430398,-0.430398,1.166390,1.166390,-0.430398,-0.430398,-0.430398,-0.430398,-0.430398,-2.027190,-0.430398,-0.430398,-0.430398,-0.430398,-0.430398,1.166390,-0.430398,-0.430398,-0.430398,1.166390,-0.430398,1.166390,-0.430398,-0.430398,-0.430398,-0.430398,-0.430398,-0.430398,-0.430398,-0.430398,-0.430398,-0.430398,-0.430398,-0.430398,1.166390,1.166390,-0.430398,-0.430398,-0.430398,1.166390,-2.027190,-0.430398,1.166390,1.166390,1.166390,-0.430398,-0.430398,-0.430398,-2.027190,1.166390,1.166390,-0.430398,-0.430398,-0.430398,-0.430398,-0.430398,-0.430398,-0.430398,-0.430398,-0.430398,-2.027190,-0.430398,-0.430398,-0.430398,1.166390,-0.430398,1.166390,-0.430398,1.166390,1.166390,1.166390,1.166390,1.166390,1.166390,2.763180,1.166390,1.166390,1.166390,2.763180,1.166390,2.763180,1.166390,1.166390,-0.430398,1.166390,-0.430398,1.166390,1.166390,1.166390,-0.430398,-0.430398,-0.430398,-2.027190,-0.430398,1.166390,1.166390,-0.430398,1.166390,1.166390,-0.430398,-0.430398,1.166390,1.166390,-0.430398,-0.430398,-0.430398,-0.430398,-0.430398,-2.027190,-0.430398,-0.430398,1.166390,-0.430398,-0.430398,-0.430398],
	[-0.475494,-0.475494,-0.475494,-0.475494,-0.475494,-0.475494,-0.475494,-0.475494,-0.475494,-0.475494,-0.475494,-0.475494,-0.475494,1.169454,-0.475494,-0.475494,-0.475494,-0.475494,1.169454,-0.475494,-0.475494,-0.475494,1.169454,-0.475494,-0.475494,-0.475494,-0.475494,-0.475494,-0.475494,-0.475494,-0.475494,-0.475494,-0.475494,-0.475494,-0.475494,-0.475494,-0.475494,1.169454,-0.475494,-2.120445,-0.475494,-0.475494,1.169454,-0.475494,-0.475494,-0.475494,-0.475494,1.169454,-0.475494,-0.475494,-0.475494,-0.475494,-0.475494,-0.475494,-0.475494,-0.475494,-0.475494,-0.475494,-0.475494,-0.475494,-0.475494,-0.475494,-0.475494,1.169454,1.169454,1.169454,1.169454,1.169454,1.169454,1.169454,2.814403,2.814403,1.169454,2.814403,1.169454,2.814403,1.169454,-0.475494,1.169454,1.169454,1.169454,1.169454,1.169454,1.169454,-0.475494,1.169454,1.169454,-0.475494,-0.475494,1.169454,-0.475494,-0.475494,-0.475494,-0.475494,-0.475494,1.169454,-0.475494,-0.475494,-0.475494,1.169454,-0.475494,1.169454,-0.475494,-0.475494,-0.475494,-0.475494,-0.475494,1.169454,-0.475494,1.169454,-2.120445,-0.475494,-0.475494,-0.475494,1.169454,1.169454,-2.120445,-0.475494,-0.475494,-0.475494,-0.475494,-0.475494,-0.475494,-0.475494,-0.475494,-0.475494,-0.475494,-0.475494,-0.475494,-0.475494,-0.475494,-0.475494,1.169454,1.169454,1.169454,-0.475494,-0.475494,-0.475494,-0.475494,1.169454,-0.475494,-0.475494,-0.475494,-0.475494,-0.475494,-0.475494,-0.475494,1.169454,-0.475494,-0.475494,-0.475494,-0.475494,-0.475494,-0.475494,-0.475494,-0.475494,1.169454,-0.475494,-0.475494,-3.765397,-0.475494,-0.475494,-0.475494,-0.475494,-0.475494,-0.475494,-0.475494,-0.475494,-0.475494,-0.475494,-0.475494,1.169454,-0.475494,-2.120445,-0.475494,-0.475494,-0.475494,-0.475494,-0.475494,-2.120445,-0.475494,-0.475494,-0.475494,1.169454,-0.475494,-0.475494,-0.475494,-2.120445,-0.475494,-0.475494,-0.475494,-0.475494,-2.120445,-0.475494,-0.475494,-0.475494,-0.475494,-0.475494,1.169454,-0.475494,1.169454,1.169454,-2.120445,-0.475494,-0.475494,1.169454,-0.475494,1.169454,1.169454,1.169454,2.814403,1.169454,1.169454,2.814403,2.814403,2.814403,1.169454,1.169454,2.814403,2.814403,1.169454,-0.475494,1.169454,1.169454,1.169454,-0.475494,1.169454,1.169454,-0.475494,1.169454,-0.475494,1.169454,-0.475494,-0.475494,1.169454,-0.475494,-0.475494,-0.475494,1.169454,1.169454,-0.475494,-0.475494,-0.475494,1.169454,-0.475494,-0.475494,-0.475494,1.169454,-0.475494,-0.475494,-0.475494,-0.475494,-0.475494,-0.475494,-0.475494,-0.475494]
],
"cwt" : [
	[0.675706,0.418243,0.215483,0.090806,0.031231,0.008715,0.001660,0.000187,0.000329,0.000337,0.000378,0.000401,0.000288,0.000471,0.000653,0.000392,0.000177,0.000484,0.000545,0.000459,0.000349,0.000428,0.000713,0.000870,0.000928,0.000941,0.000846,0.000854,0.001030,0.001122,0.001086,0.000911,0.000670,0.000476,0.000469,0.000621,0.000766,0.000811,0.000759,0.000670,0.000567,0.000451,0.000442,0.000491,0.000529,0.000522,0.000378,0.000244,0.000554,0.000768,0.000747,0.000643,0.000531,0.000377,0.000275,0.000220,0.000134,0.000111,0.000117,0.000073,0.000042,0.000127,0.000258,0.000481,0.000699,0.000789,0.000751,0.000729,0.000755,0.000685,0.000495,0.000342,0.000306,0.000427,0.000685,0.001009,0.001295,0.001383,0.001208,0.000862,0.000496,0.000252,0.000162,0.000236,0.000389,0.000489,0.000524,0.000510,0.000439,0.000335,0.000321,0.000454,0.000677,0.000914,0.001099,0.001217,0.001251,0.001169,0.001021,0.000904,0.000848,0.000895,0.001030,0.001175,0.001344,0.001465,0.001434,0.001249,0.000935,0.000538,0.000187,0.000062,0.000105,0.000071,0.000211,0.000381,0.000478,0.000468,0.000354,0.000211,0.000107,0.000097,0.000168,0.000245,0.000306,0.000406,0.000580,0.000709,0.000690,0.000533,0.000303,0.000202,0.000410,0.000611,0.000717,0.000709,0.000571,0.000389,0.000315,0.000278,0.000234,0.000224,0.000271,0.000378,0.000488,0.000521,0.000664,0.001353,0.003134,0.006475,0.011497,0.017745,0.024108,0.029041,0.031127,0.029750,0.025442,0.019737,0.014688,0.012167,0.012730,0.015539,0.019480,0.023422,0.026834,0.030388,0.034908,0.039062,0.039234,0.032387,0.019324,0.010942,0.026926,0.059802,0.113581,0.183283,0.255361,0.322164,0.398549,0.516758,0.685656,0.871875,1.026487,1.115998,1.138558,1.121057,1.099907,1.099509,1.123915,1.163428,1.205600,1.241516,1.266869,1.281658,1.288704,1.290081,1.285370,1.274644,1.261728,1.252525,1.250307,1.253483,1.257164,1.255698,1.244880,1.224602,1.200345,1.180527,1.171210,1.173450,1.184773,1.201118,1.217479,1.229489,1.236136,1.240219,1.245515,1.254169,1.266649,1.282333,1.298897,1.312323,1.319257,1.319449,1.315358,1.310163,1.307005,1.308945,1.317579,1.331367,1.346524,1.359912,1.370391,1.377880,1.382861,1.387093,1.392995,1.401177,1.409564,1.415599,1.418031,1.416160,1.409538,1.399907,1.391786,1.389092,1.391712,1.396384,1.399574,1.398284,1.389708,1.371001,1.335527,1.265975,1.136521,0.932947],
	[0.000000,0.000000,0.000000,0.000000,0.000000,0.000000,0.000000,0.000000,0.000000,0.000000,0.000000,0.000000,0.000000,0.000000,0.000000,0.000000,0.000000,0.000000,0.000000,0.000000,0.000000,0.000000,0.000000,0.000000,0.000000,0.000000,0.000000,0.000000,0.000000,0.000000,0.000000,0.000000,0.000000,0.000000,0.000000,0.000000,0.000000,0.000000,0.000000,0.000000,0.000000,0.000000,0.000000,0.000000,0.000000,0.000000,0.000000,0.000000,0.000000,0.000000,0.000000,0.000000,0.000000,0.000000,0.000000,0.000000,0.000000,0.000000,0.000000,0.000000,0.000000,0.000000,0.000000,0.000000,0.000000,0.000000,0.000000,0.000000,0.000000,0.000000,0.000000,0.000000,0.000000,0.000000,0.000000,0.000000,0.000000,0.000000,0.000000,0.000000,0.000000,0.000000,0.000000,0.000000,0.000000,0.000000,0.000000,0.000000,0.000000,0.000000,0.000000,0.000000,0.000000,0.000000,0.000000,0.000000,0.000000,0.000000,0.000000,0.000000,0.000000,0.000000,0.000000,0.000000,0.000000,0.000000,0.000000,0.000000,0.000000,0.000000,0.000000,0.000000,0.000000,0.000000,0.000000,0.000000,0.000000,0.000000,0.000000,0.000000,0.000000,0.000000,0.000000,0.000000,0.000000,0.000000,0.000000,0.000000,0.000000,0.000000,0.000000,0.000000,0.000000,0.000000,0.000000,0.000000,0.000000,0.000000,0.000000,0.000000,0.000000,0.000000,0.000000,0.000000,0.000000,0.000000,0.000000,0.000000,0.000000,0.000000,0.000000,0.000000,0.000000,0.000000,0.000000,0.000000,0.000000,0.000000,0.000000,0.000000,0.000000,0.000000,0.000000,0.000000,0.000000,0.000000,0.000000,0.000000,0.000000,0.000000,0.000000,0.000000,0.000000,0.000000,0.000000,0.000000,0.000000,0.000000,0.000000,0.000000,0.000000,0.000000,0.000000,0.000000,0.000000,0.000000,0.000000,0.000000,0.000000,0.000000,0.000000,0.000000,0.000000,0.000000,0.000000,0.000000,0.000000,0.000000,0.000000,0.000000,0.000000,0.000000,0.000000,0.000000,0.000000,0.000000,0.000000,0.000000,0.000000,0.000000,0.000000,0.000000,0.000000,0.000000,0.000000,0.000000,0.000000,0.000000,0.000000,0.000000,0.000000,0.000000,0.000000,0.000000,0.000000,0.000000,0.000000,0.000000,0.000000,0.000000,0.000000,0.000000,0.000000,0.000000,0.000000,0.000000,0.000000,0.000000,0.000000,0.000000,0.000000,0.000000,0.000000,0.000000,0.000000,0.000000,0.000000,0.000000,0.000000,0.000000,0.000000,0.000000,0.000000,0.000000,0.000000,0.000000],
	[0.420344,0.240727,0.116401,0.047161,0.016216,0.005069,0.001824,0.001295,0.001315,0.001188,0.001262,0.001481,0.001382,0.001010,0.000797,0.000763,0.000498,0.000211,0.000836,0.001227,0.001384,0.001352,0.000998,0.000523,0.000612,0.000734,0.000718,0.000751,0.000786,0.000819,0.000823,0.000757,0.000490,0.000211,0.000919,0.001459,0.001579,0.001357,0.000955,0.000578,0.000573,0.000846,0.001053,0.001077,0.001031,0.000968,0.000704,0.000186,0.000489,0.001152,0.001716,0.001958,0.001826,0.001476,0.000988,0.000474,0.000772,0.001250,0.001421,0.001251,0.000842,0.000509,0.000488,0.000625,0.000706,0.000667,0.000566,0.000518,0.000575,0.000610,0.000630,0.000615,0.000417,0.000106,0.000310,0.000318,0.000303,0.000637,0.000964,0.001087,0.001107,0.001063,0.000747,0.000298,0.000814,0.001551,0.002205,0.002578,0.002512,0.002038,0.001271,0.000396,0.000379,0.000518,0.000179,0.000281,0.000606,0.000764,0.000739,0.000636,0.000630,0.000748,0.000880,0.000847,0.000552,0.000326,0.000653,0.000932,0.000936,0.000711,0.000681,0.000819,0.000759,0.000515,0.000269,0.000389,0.000667,0.001095,0.001663,0.002210,0.002782,0.003715,0.005378,0.007734,0.010381,0.012861,0.014729,0.015648,0.015731,0.015663,0.016223,0.017707,0.019868,0.022268,0.024849,0.028455,0.034417,0.043424,0.055389,0.069793,0.085085,0.098151,0.105363,0.104764,0.097512,0.087319,0.078464,0.073930,0.074606,0.079516,0.086600,0.093584,0.098619,0.101006,0.102503,0.108303,0.126222,0.164374,0.232666,0.349998,0.536969,0.787306,1.051782,1.254849,1.334221,1.278020,1.132253,0.970608,0.847705,0.773755,0.728094,0.686736,0.640326,0.598032,0.576654,0.583505,0.608236,0.631358,0.640110,0.635204,0.626206,0.624485,0.637009,0.663250,0.698468,0.738416,0.781757,0.830387,0.886725,0.950306,1.017813,1.085880,1.151909,1.212117,1.261962,1.299380,1.324944,1.339259,1.343658,1.342732,1.342269,1.344386,1.347469,1.350766,1.355663,1.361896,1.366346,1.366986,1.364880,1.361037,1.354629,1.346235,1.339428,1.336476,1.335537,1.334499,1.334547,1.337125,1.339879,1.339330,1.335841,1.332135,1.328345,1.322228,1.312859,1.300154,1.282078,1.256823,1.227515,1.201073,1.181976,1.169952,1.163685,1.162753,1.164741,1.164757,1.160328,1.153934,1.149126,1.146888,1.146947,1.149490,1.153285,1.154381,1.149708,1.140970,1.132622,1.127052,1.123910,1.122428,1.120338,1.108651,1.068864,0.979101,0.828489,0.630149],
	[0.099457,0.188763,0.269651,0.303533,0.276229,0.208034,0.152140,0.168991,0.272871,0.427673,0.566421,0.623460,0.574245,0.449648,0.318164,0.245145,0.252225,0.307144,0.360334,0.402096,0.460849,0.526937,0.540817,0.453402,0.264141,0.072545,0.261855,0.441728,0.516211,0.478934,0.396164,0.407064,0.526471,0.636182,0.676014,0.637047,0.534163,0.416719,0.365099,0.377708,0.381377,0.356997,0.296544,0.178818,0.048606,0.170661,0.268128,0.291886,0.288664,0.267385,0.178265,0.067579,0.173123,0.251763,0.236200,0.143637,0.007633,0.136549,0.232405,0.245417,0.180956,0.082922,0.015810,0.104169,0.216495,0.341366,0.426886,0.425724,0.341223,0.224226,0.131179,0.103444,0.138937,0.165385,0.126435,0.043669,0.073980,0.053869,0.100907,0.269320,0.392951,0.436836,0.421082,0.382874,0.340389,0.279847,0.192716,0.103058,0.040050,0.003620,0.046429,0.126896,0.243500,0.378437,0.495143,0.546342,0.504918,0.395096,0.283509,0.231378,0.250197,0.304881,0.354281,0.378740,0.380693,0.367818,0.343102,0.315659,0.304876,0.302037,0.268042,0.192932,0.108075,0.049915,0.033545,0.054149,0.108073,0.190934,0.271834,0.302536,0.259932,0.183473,0.180681,0.248179,0.292258,0.299137,0.293192,0.264339,0.174063,0.064895,0.173122,0.261983,0.258212,0.194162,0.133863,0.136944,0.203306,0.275099,0.304991,0.275853,0.219773,0.235544,0.334837,0.415180,0.422395,0.360864,0.277485,0.229541,0.243000,0.291420,0.317568,0.290142,0.236512,0.213438,0.245540,0.304610,0.350029,0.362503,0.339039,0.273745,0.162613,0.040456,0.109968,0.164223,0.147583,0.092160,0.041136,0.015229,0.007597,0.008088,0.019214,0.050024,0.120057,0.230142,0.350439,0.437621,0.469699,0.462003,0.449501,0.466412,0.528216,0.595674,0.600742,0.522746,0.408677,0.296819,0.149145,0.070708,0.321312,0.523187,0.608705,0.564201,0.430180,0.270699,0.138427,0.058610,0.034536,0.055847,0.109723,0.185587,0.254974,0.266467,0.186516,0.054634,0.079830,0.112527,0.097681,0.109885,0.157459,0.185968,0.164329,0.122640,0.129237,0.199550,0.292082,0.354001,0.361507,0.330467,0.270704,0.162877,0.007295,0.144849,0.230471,0.223168,0.134198,0.015677,0.149672,0.262549,0.317894,0.297454,0.190957,0.099154,0.290223,0.478092,0.571384,0.559827,0.476722,0.398094,0.403799,0.464640,0.511998,0.529068,0.517540,0.468071,0.378794,0.281897,0.229493,0.246789,0.304987,0.350773,0.363619,0.359891,0.340868,0.285828,0.193982,0.099291],
	[0.002482,0.002716,0.002393,0.002639,0.002317,0.002451,0.003119,0.007407,0.016779,0.047334,0.112460,0.201738,0.282006,0.318153,0.299640,0.259533,0.263368,0.316941,0.367202,0.391869,0.397467,0.389952,0.360824,0.297787,0.206104,0.113206,0.047664,0.017108,0.007214,0.002969,0.002746,0.007591,0.018682,0.052292,0.129193,0.251159,0.393735,0.515052,0.573655,0.552019,0.478580,0.409690,0.360956,0.306130,0.254388,0.256147,0.299750,0.317709,0.280710,0.201916,0.113839,0.047243,0.015289,0.007832,0.004527,0.003490,0.003573,0.008990,0.020262,0.045410,0.104687,0.190161,0.256000,0.256208,0.187227,0.086459,0.015375,0.104920,0.212860,0.322303,0.374544,0.331188,0.236935,0.188501,0.248371,0.377709,0.469937,0.463447,0.372030,0.241435,0.114454,0.095234,0.198705,0.289957,0.350578,0.401989,0.441408,0.439780,0.400542,0.349706,0.278246,0.162802,0.050913,0.162386,0.278702,0.350185,0.373651,0.350148,0.279917,0.166165,0.042173,0.108156,0.155125,0.110853,0.029064,0.114444,0.172465,0.184457,0.225612,0.302852,0.312185,0.195418,0.097370,0.329391,0.534180,0.623987,0.578599,0.434394,0.265629,0.135282,0.059170,0.020527,0.002859,0.002349,0.002485,0.003265,0.007321,0.017770,0.046926,0.109491,0.198233,0.281806,0.330991,0.342504,0.320261,0.259672,0.193940,0.211755,0.280481,0.313053,0.282995,0.206189,0.126898,0.093796,0.128734,0.205727,0.280599,0.312568,0.281691,0.201789,0.113980,0.058816,0.059573,0.116938,0.210845,0.315344,0.416806,0.526488,0.630824,0.661721,0.572672,0.399437,0.223967,0.101421,0.035484,0.006427,0.016952,0.052610,0.129160,0.250210,0.392098,0.510602,0.558722,0.510048,0.376617,0.201828,0.048099,0.142451,0.245268,0.264129,0.176179,0.049103,0.158191,0.216341,0.155087,0.045613,0.175143,0.274492,0.284708,0.250501,0.252574,0.299254,0.327813,0.300323,0.238585,0.197197,0.190753,0.163721,0.084512,0.203065,0.416771,0.567380,0.605724,0.540213,0.414629,0.280171,0.183708,0.114376,0.087015,0.217071,0.330731,0.391557,0.430070,0.450410,0.458010,0.479199,0.518224,0.572460,0.632287,0.666952,0.650920,0.588393,0.511805,0.449471,0.400702,0.355439,0.314643,0.266992,0.200534,0.146084,0.147741,0.202418,0.266103,0.316307,0.362154,0.402547,0.433843,0.465093,0.491440,0.493232,0.468420,0.438410,0.420289,0.413753,0.410158,0.402928,0.389459,0.360276,0.299240,0.206846,0.111868,0.046875,0.018411,0.007985,0.002822,0.002641]
],
"envelope_edge" : [
	[0.013848,0.013467,0.012464,0.011216,0.010058,0.009126,0.008401,0.007826,0.007357,0.006959,0.006610,0.006301,0.006022,0.005767,0.005537,0.005325,0.005125,0.004939,0.004767,0.004605,0.004451,0.004305,0.004167,0.004038,0.003914,0.003797,0.003684,0.003574,0.003470,0.003370,0.003275,0.003183,0.003093,0.003005,0.002918,0.002836,0.002757,0.002680,0.002606,0.002533,0.002462,0.002392,0.002324,0.002257,0.002193,0.002130,0.002068,0.002006,0.001945,0.001888,0.001832,0.001777,0.001722,0.001668,0.001614,0.001561,0.001509,0.001457,0.001406,0.001356,0.001305,0.001256,0.001207,0.001159,0.001113,0.001068,0.001023,0.000978,0.000934,0.000890,0.000847,0.000802,0.000757,0.000712,0.000668,0.000625,0.000585,0.000546,0.000507,0.000467,0.000425,0.000382,0.000339,0.000296,0.000254,0.000214,0.000173,0.000133,0.000092,0.000051,0.000009,-0.000033,-0.000074,-0.000114,-0.000154,-0.000194,-0.000233,-0.000272,-0.000313,-0.000354,-0.000396,-0.000439,-0.000481,-0.000522,-0.000563,-0.000604,-0.000644,-0.000685,-0.000726,-0.000770,-0.000815,-0.000862,-0.000907,-0.000954,-0.001000,-0.001047,-0.001092,-0.001138,-0.001185,-0.001233,-0.001282,-0.001333,-0.001384,-0.001435,-0.001486,-0.001539,-0.001592,-0.001645,-0.001698,-0.001753,-0.001809,-0.001870,-0.001930,-0.001990,-0.002050,-0.002112,-0.002176,-0.002243,-0.002311,-0.002382,-0.002454,-0.002530,-0.002608,-0.002689,-0.002772,-0.002860,-0.002954,-0.003057,-0.003165,-0.003277,-0.003384,-0.003479,-0.003556,-0.003616,-0.003667,-0.003724,-0.003801,-0.003910,-0.004051,-0.004219,-0.004395,-0.004572,-0.004742,-0.004912,-0.005085,-0.005274,-0.005466,-0.005656,-0.005841,-0.006071,-0.006395,-0.006910,-0.007518,-0.008126,-0.008725,-0.009208,-0.009584,-0.009951,-0.010455,-0.011011,-0.011293,-0.011017,-0.010201,-0.009103,-0.008083,-0.007385,-0.007048,-0.006924,-0.006832,-0.006652,-0.006355,-0.005965,-0.005529,-0.005090,-0.004676,-0.004283,-0.003918,-0.003601,-0.003357,-0.003177,-0.003021,-0.002840,-0.002614,-0.002346,-0.002075,-0.001856,-0.001735,-0.001714,-0.001754,-0.001799,-0.001809,-0.001761,-0.001650,-0.001497,-0.001343,-0.001213,-0.001110,-0.001015,-0.000911,-0.000778,-0.000599,-0.000371,-0.000120,0.000121,0.000326,0.000488,0.000609,0.000702,0.000798,0.000929,0.001109,0.001329,0.001572,0.001827,0.002080,0.002323,0.002563,0.002824,0.003121,0.003453,0.003809,0.004179,0.004548,0.004893,0.005209,0.005527,0.005890,0.006328,0.006852,0.007469,0.008187,0.009021,0.010013,0.011187,0.012432,0.013443],
	[0.000000,0.000000,0.000000,0.000000,0.000000,0.000000,0.000000,0.000000,0.000000,0.000000,0.000000,0.000000,0.000000,0.000000,0.000000,0.000000,0.000000,0.000000,0.000000,0.000000,0.000000,0.000000,0.000000,0.000000,0.000000,0.000000,0.000000,0.000000,0.000000,0.000000,0.000000,0.000000,0.000000,0.000000,0.000000,0.000000,0.000000,0.000000,0.000000,0.000000,0.000000,0.000000,0.000000,0.000000,0.000000,0.000000,0.000000,0.000000,0.000000,0.000000,0.000000,0.000000,0.000000,0.000000,0.000000,0.000000,0.000000,0.000000,0.000000,0.000000,0.000000,0.000000,0.000000,0.000000,0.000000,0.000000,0.000000,0.000000,0.000000,0.000000,0.000000,0.000000,0.000000,0.000000,0.000000,0.000000,0.000000,0.000000,0.000000,0.000000,0.000000,0.000000,0.000000,0.000000,0.000000,0.000000,0.000000,0.000000,0.000000,0.000000,0.000000,0.000000,0.000000,0.000000,0.000000,0.000000,0.000000,0.000000,0.000000,0.000000,0.000000,0.000000,0.000000,0.000000,0.000000,0.000000,0.000000,0.000000,0.000000,0.000000,0.000000,0.000000,0.000000,0.000000,0.000000,0.000000,0.000000,0.000000,0.000000,0.000000,0.000000,0.000000,0.000000,0.000000,0.000000,0.000000,0.000000,0.000000,0.000000,0.000000,0.000000,0.000000,0.000000,0.000000,0.000000,0.000000,0.000000,0.000000,0.000000,0.000000,0.000000,0.000000,0.000000,0.000000,0.000000,0.000000,0.000000,0.000000,0.000000,0.000000,0.000000,0.000000,0.000000,0.000000,0.000000,0.000000,0.000000,0.000000,0.000000,0.000000,0.000000,0.000000,0.000000,0.000000,0.000000,0.000000,0.000000,0.000000,0.000000,0.000000,0.000000,0.000000,0.000000,0.000000,0.000000,0.000000,0.000000,0.000000,0.000000,0.000000,0.000000,0.000000,0.000000,0.000000,0.000000,0.000000,0.000000,0.000000,0.000000,0.000000,0.000000,0.000000,0.000000,0.000000,0.000000,0.000000,0.000000,0.000000,0.000000,0.000000,0.000000,0.000000,0.000000,0.000000,0.000000,0.000000,0.000000,0.000000,0.000000,0.000000,0.000000,0.000000,0.000000,0.000000,0.000000,0.000000,0.000000,0.000000,0.000000,0.000000,0.000000,0.000000,0.000000,0.000000,0.000000,0.000000,0.000000,0.000000,0.000000,0.000000,0.000000,0.000000,0.000000,0.000000,0.000000,0.000000,0.000000,0.000000,0.000000,0.000000,0.000000,0.000000,0.000000,0.000000,0.000000,0.000000,0.000000,0.000000,0.000000,0.000000,0.000000,0.000000,0.000000,0.000000,0.000000,0.000000],
	[0.011900,0.011241,0.010288,0.009305,0.008456,0.007778,0.007241,0.006803,0.006437,0.006117,0.005833,0.005579,0.005350,0.005137,0.004939,0.004755,0.004585,0.004419,0.004265,0.004124,0.003991,0.003865,0.003744,0.003625,0.003509,0.003401,0.003297,0.003197,0.003100,0.003007,0.002917,0.002830,0.002746,0.002659,0.002576,0.002501,0.002429,0.002358,0.002287,0.002215,0.002143,0.002074,0.002009,0.001945,0.001882,0.001821,0.001761,0.001698,0.001633,0.001573,0.001518,0.001466,0.001414,0.001362,0.001308,0.001251,0.001194,0.001142,0.001093,0.001045,0.000995,0.000943,0.000891,0.000840,0.000792,0.000743,0.000695,0.000646,0.000597,0.000550,0.000503,0.000456,0.000410,0.000361,0.000312,0.000266,0.000217,0.000169,0.000123,0.000078,0.000034,-0.000010,-0.000055,-0.000106,-0.000158,-0.000204,-0.000249,-0.000290,-0.000330,-0.000372,-0.000417,-0.000467,-0.000521,-0.000568,-0.000618,-0.000670,-0.000720,-0.000769,-0.000818,-0.000868,-0.000920,-0.000972,-0.001024,-0.001075,-0.001127,-0.001184,-0.001241,-0.001296,-0.001350,-0.001407,-0.001467,-0.001526,-0.001586,-0.001648,-0.001714,-0.001783,-0.001852,-0.001923,-0.001995,-0.002068,-0.002144,-0.002225,-0.002308,-0.002389,-0.002465,-0.002537,-0.002607,-0.002678,-0.002756,-0.002846,-0.002945,-0.003050,-0.003158,-0.003268,-0.003386,-0.003517,-0.003658,-0.003798,-0.003926,-0.004031,-0.004099,-0.004125,-0.004122,-0.004122,-0.004163,-0.004265,-0.004430,-0.004639,-0.004870,-0.005104,-0.005332,-0.005558,-0.005799,-0.006084,-0.006449,-0.006930,-0.007539,-0.008265,-0.009100,-0.009991,-0.010706,-0.010841,-0.010060,-0.008360,-0.006160,-0.004114,-0.002757,-0.002221,-0.002239,-0.002431,-0.002573,-0.002653,-0.002786,-0.003070,-0.003478,-0.003874,-0.004120,-0.004197,-0.004202,-0.004250,-0.004409,-0.004676,-0.004992,-0.005292,-0.005541,-0.005743,-0.005916,-0.006070,-0.006188,-0.006236,-0.006194,-0.006056,-0.005822,-0.005490,-0.005080,-0.004630,-0.004171,-0.003725,-0.003323,-0.002991,-0.002719,-0.002473,-0.002234,-0.002005,-0.001783,-0.001546,-0.001286,-0.001023,-0.000771,-0.000529,-0.000300,-0.000102,0.000060,0.000212,0.000377,0.000546,0.000711,0.000888,0.001098,0.001328,0.001554,0.001773,0.002005,0.002254,0.002508,0.002767,0.003026,0.003255,0.003411,0.003488,0.003523,0.003551,0.003588,0.003650,0.003759,0.003915,0.004083,0.004234,0.004372,0.004515,0.004673,0.004857,0.005086,0.005367,0.005675,0.005975,0.006266,0.006577,0.006935,0.007370,0.007929,0.008675,0.009622,0.010663,0.011558,0.012025],
	[-0.000543,-0.001085,-0.000998,-0.000587,-0.000203,-0.000212,-0.000794,-0.001716,-0.002441,-0.002540,-0.001842,-0.000631,0.000566,0.001184,0.001052,0.000340,-0.000388,-0.000821,-0.000861,-0.000898,-0.000775,-0.000362,0.000638,0.001460,0.001866,0.000048,-0.001796,-0.001348,-0.000631,0.000251,0.000061,-0.000585,-0.000905,-0.000208,0.000743,0.001851,0.002442,0.002517,0.001985,0.001879,0.001983,0.002386,0.002588,0.002797,0.001524,0.000349,0.000662,0.000987,0.001347,0.001668,0.002019,0.001138,0.000196,0.000785,0.001217,0.001769,0.000667,-0.000399,0.000054,0.000612,0.001070,0.000900,-0.000075,-0.001120,-0.001299,-0.001177,-0.000267,0.000720,0.001571,0.001672,0.001351,0.000620,0.000319,0.000359,0.000710,0.000157,-0.000408,-0.000745,-0.001801,-0.002115,-0.001468,-0.000612,0.000134,0.000589,0.000966,0.001254,0.001372,0.001043,0.000500,-0.000393,-0.001318,-0.001957,-0.002335,-0.002223,-0.001560,-0.000470,0.000614,0.001182,0.001047,0.000449,-0.000096,-0.000309,-0.000158,0.000138,0.000470,0.000738,0.000958,0.001019,0.001052,0.001233,0.001597,0.001751,0.001549,0.000981,0.000335,-0.000312,-0.000786,-0.001021,-0.000742,-0.000176,0.000367,0.000211,-0.000360,-0.000591,-0.000256,0.000015,0.000378,0.000677,0.001014,0.000054,-0.000878,-0.000441,0.000075,0.000319,-0.000072,-0.000701,-0.001103,-0.000973,-0.000559,-0.000190,-0.000372,-0.001007,-0.001189,-0.000657,0.000140,0.000702,0.000750,0.000346,-0.000073,-0.000158,0.000178,0.000499,0.000492,0.000077,-0.000256,-0.000303,0.000068,0.000528,0.001135,0.001527,0.001794,0.000908,0.000008,0.000256,0.000516,0.000587,0.000264,-0.000156,-0.000611,-0.001053,-0.001567,-0.002156,-0.002743,-0.003069,-0.002924,-0.002386,-0.001724,-0.001291,-0.001124,-0.001191,-0.001053,-0.000461,0.000597,0.001422,0.001841,0.001787,0.001458,-0.000551,-0.001856,-0.000989,0.000319,0.001848,0.002696,0.002925,0.002475,0.001764,0.000932,0.000253,-0.000231,-0.000384,-0.000057,0.000601,0.001228,0.000765,-0.000113,-0.000088,-0.000280,-0.000605,-0.000793,-0.000549,-0.000398,-0.000587,-0.001201,-0.001563,-0.001525,-0.000945,-0.000359,0.000256,0.000570,0.000958,-0.000184,-0.001453,-0.000800,-0.000493,0.000022,-0.001214,-0.002274,-0.002067,-0.001546,-0.000960,-0.000755,-0.002145,-0.003429,-0.002879,-0.001913,-0.000755,-0.000237,-0.000357,-0.000870,-0.000887,-0.000567,-0.000024,0.000518,0.001094,0.001362,0.001187,0.000555,-0.000046,-0.000294,-0.000108,0.000171,0.000455,0.000779,0.001097,0.001114,0.000515],
	[0.001025,0.000827,0.000630,0.000445,0.000245,0.000041,-0.000204,-0.000481,-0.000841,-0.001281,-0.001657,-0.001729,-0.001419,-0.000854,-0.000395,-0.000354,-0.000653,-0.000726,-0.000457,-0.000028,0.000400,0.000874,0.001378,0.001841,0.002023,0.001855,0.001392,0.000889,0.000441,0.000071,-0.000325,-0.000719,-0.001213,-0.001802,-0.002410,-0.002726,-0.002575,-0.001842,-0.000765,0.000326,0.000973,0.001227,0.001337,0.001430,0.001196,0.000848,0.000841,0.001312,0.001817,0.002126,0.002017,0.001660,0.001154,0.000789,0.000458,0.000205,-0.000105,-0.000380,-0.000737,-0.001093,-0.001475,-0.001432,-0.001012,-0.000263,0.000115,0.000084,-0.000955,-0.001896,-0.002070,-0.001810,-0.000988,-0.000246,-0.000166,-0.000806,-0.001547,-0.001559,-0.000765,0.000334,0.001071,0.001272,0.000648,-0.000557,-0.001297,-0.001221,-0.001072,-0.000716,-0.000270,0.000445,0.000867,0.001303,0.001470,0.001588,0.000350,-0.000767,-0.000697,-0.000242,0.000380,0.001083,0.001521,0.001804,0.000905,0.000040,0.000238,0.000514,-0.000191,-0.001003,-0.000817,-0.000896,-0.001087,-0.000880,-0.000144,0.000246,-0.001229,-0.002460,-0.001470,-0.000071,0.001659,0.002595,0.002905,0.002457,0.001945,0.001329,0.000884,0.000419,0.000151,-0.000221,-0.000516,-0.000955,-0.001377,-0.001823,-0.001911,-0.001690,-0.001154,-0.000638,-0.000113,0.000147,-0.000099,-0.000669,-0.000637,-0.000181,0.000388,0.000579,0.000329,-0.000353,-0.000962,-0.001243,-0.000996,-0.000455,0.000156,0.000394,0.000180,-0.000489,-0.001293,-0.002040,-0.002447,-0.002558,-0.002387,-0.002014,-0.001074,0.000366,0.001821,0.002547,0.002467,0.001810,0.001051,0.000213,-0.000561,-0.001297,-0.001959,-0.002332,-0.002164,-0.001389,-0.000176,0.001091,0.001884,0.002010,0.000825,-0.000527,-0.000196,0.000250,0.000956,-0.000053,-0.000843,-0.000379,0.000111,-0.000775,-0.001808,-0.001284,-0.000884,-0.000674,-0.001007,-0.000941,-0.000630,-0.000119,-0.000113,-0.000309,-0.000660,-0.000613,-0.001546,-0.002930,-0.002989,-0.001999,-0.000623,0.000562,0.001166,0.001157,0.000637,0.000015,-0.001240,-0.002176,-0.002054,-0.001833,-0.001551,-0.001324,-0.001189,-0.001208,-0.001157,-0.001008,-0.000572,0.000144,0.000979,0.001602,0.001894,0.001949,0.001960,0.001930,0.001882,0.001840,0.001634,0.001050,0.000282,-0.000264,-0.000451,-0.000473,-0.000423,-0.000273,-0.000082,0.000147,0.000512,0.000975,0.001339,0.001518,0.001595,0.001697,0.001867,0.002108,0.002412,0.002811,0.003203,0.003376,0.003170,0.002705,0.002208,0.001831,0.001510,0.001251]
],
	"idxs" : [180,0,161,9,35]
,"hydrophone_pos" : [
	[0.000000,0.000000,0.000000],
	[0.000000,0.000000,0.000000],
	[0.450000,0.000000,0.000000],
	[0.000000,0.450000,0.000000],
	[0.000000,0.000000,-0.450000]
],
	"direction_of_arrival" : [0.635455,0.066890,0.769235]
,	"valid" : [0.000000,-0.000000,-0.000000,-0.000000,-10017698.000000]
}
dump = {
	"magnitude" : [0.000000,0.000002,0.000008,0.000001,0.000001,0.000001,0.000000,0.000011,0.000013,0.000001,0.000001,0.000000,0.000000,0.000004,0.000002,0.000005,0.000014,0.000005,0.000000,0.000000,0.000000,0.000000,0.000000,0.000000,0.000000,0.000000,0.000000,0.000000,0.000000,0.000000,0.000000,0.000000]
,	"raw_mv" : [
	[-8.392999,-4.196499,-6.485500,-11.444999,-13.734000,-10.300499,-5.341000,-3.433500,-9.156000,-12.589500,-11.063500,-8.392999,-8.011500,-5.341000,-4.578000,-8.392999,-6.867000,-4.578000,-4.959500,-5.722499,-4.578000,-4.196499,-4.578000,-2.289000,-4.196499,-7.248499,-8.392999,-8.774499,-9.919000,-7.630000,-8.392999,-11.063500,-5.722499,-4.578000,-6.104000,-6.104000,-6.867000,-8.774499,-7.630000,-6.104000,-8.774499,-6.485500,-5.341000,-6.485500,-6.867000,-6.485500,-9.156000,-8.392999,-5.341000,-10.300499,-15.260000,-11.826499,-6.867000,-6.867000,-7.248499,-7.248499,-6.104000,-5.722499,-9.537500,-11.444999,-6.867000,-6.104000,-10.682000,-11.063500,-9.919000,-12.208000,-14.496999,-12.971000,-9.919000,-5.722499,-3.052000,-11.444999,-12.208000,-6.867000,-7.248499,-10.300499,-11.444999,-9.537500,-11.826499,-9.537500,-7.630000,-4.959500,-2.670500,-5.341000,-7.630000,-3.815000,-4.578000,-8.011500,-5.341000,-2.670500,-3.815000,-6.104000,-6.485500,-6.485500,-3.052000,-1.907500,-5.722499,-6.485500,-4.196499,-4.959500,-4.959500,-4.959500,-6.104000,-4.959500,-5.722499,-3.052000,-0.763000,-1.526000,-4.959500,-4.959500,1.907500,-0.381500,-4.578000,-6.104000,-3.433500,-1.144500,0.000000,1.144500,-3.433500,-4.959500,-6.867000,-9.919000,-8.011500,-2.670500,-3.433500,-8.011500,-6.867000,-7.248499,-9.919000,-12.589500,-11.063500,-6.104000,-4.196499,-6.104000,-9.156000,-7.630000,-6.104000,-7.248499,-12.208000,-7.630000,-3.433500,-3.433500,-5.341000,-6.867000,-6.104000,-9.537500,-11.444999,-8.392999,-5.341000,-8.392999,-8.011500,-4.578000,-9.156000,-14.878500,-14.878500,-11.063500,-6.485500,-8.392999,-9.537500,-8.392999,-6.485500,-9.156000,-11.826499,-9.537500,-5.341000,-5.722499,-9.537500,-10.300499,-9.156000,-8.392999,-9.156000,-11.063500,-8.392999,-7.248499,-8.774499,-8.392999,-8.011500,-4.959500,-7.248499,-10.300499,-7.248499,-6.867000,-10.300499,-12.589500,-11.444999,-7.630000,-9.919000,-9.537500,-7.248499,-7.248499,-9.537500,-12.208000,-9.537500,-8.011500,-7.630000,-8.392999,-9.537500,-6.867000,-4.578000,-5.722499,-9.919000,-9.919000,-8.774499,-9.156000,-9.919000,-7.248499,-5.341000,-6.104000,-7.248499,-6.867000,-6.867000,-4.959500,-3.052000,-4.578000,-4.578000,-6.104000,-8.392999,-8.392999,-6.867000,-4.196499,-4.196499,-7.630000,-6.485500,-4.196499,-2.670500,-2.670500,-4.196499,-3.815000,-4.196499,-5.341000,-5.722499,-7.248499,-7.248499,-5.722499,-6.867000,-5.341000,-4.578000,-7.248499,-10.682000,-9.919000,-8.392999,-7.630000,-6.485500,-4.959500,-5.722499,-6.104000,-9.919000,-8.774499,-8.392999,-8.392999,-9.156000,-8.392999,-7.630000,-8.774499,-9.919000,-9.537500],
	[0.000000,0.000000,0.000000,0.000000,0.000000,0.000000,0.000000,0.000000,0.000000,0.000000,0.000000,0.000000,0.000000,0.000000,0.000000,0.000000,0.000000,0.000000,0.000000,0.000000,0.000000,0.000000,0.000000,0.000000,0.000000,0.000000,0.000000,0.000000,0.000000,0.000000,0.000000,0.000000,0.000000,0.000000,0.000000,0.000000,0.000000,0.000000,0.000000,0.000000,0.000000,0.000000,0.000000,0.000000,0.000000,0.000000,0.000000,0.000000,0.000000,0.000000,0.000000,0.000000,0.000000,0.000000,0.000000,0.000000,0.000000,0.000000,0.000000,0.000000,0.000000,0.000000,0.000000,0.000000,0.000000,0.000000,0.000000,0.000000,0.000000,0.000000,0.000000,0.000000,0.000000,0.000000,0.000000,0.000000,0.000000,0.000000,0.000000,0.000000,0.000000,0.000000,0.000000,0.000000,0.000000,0.000000,0.000000,0.000000,0.000000,0.000000,0.000000,0.000000,0.000000,0.000000,0.000000,0.000000,0.000000,0.000000,0.000000,0.000000,0.000000,0.000000,0.000000,0.000000,0.000000,0.000000,0.000000,0.000000,0.000000,0.000000,0.000000,0.000000,0.000000,0.000000,0.000000,0.000000,0.000000,0.000000,0.000000,0.000000,0.000000,0.000000,0.000000,0.000000,0.000000,0.000000,0.000000,0.000000,0.000000,0.000000,0.000000,0.000000,0.000000,0.000000,0.000000,0.000000,0.000000,0.000000,0.000000,0.000000,0.000000,0.000000,0.000000,0.000000,0.000000,0.000000,0.000000,0.000000,0.000000,0.000000,0.000000,0.000000,0.000000,0.000000,0.000000,0.000000,0.000000,0.000000,0.000000,0.000000,0.000000,0.000000,0.000000,0.000000,0.000000,0.000000,0.000000,0.000000,0.000000,0.000000,0.000000,0.000000,0.000000,0.000000,0.000000,0.000000,0.000000,0.000000,0.000000,0.000000,0.000000,0.000000,0.000000,0.000000,0.000000,0.000000,0.000000,0.000000,0.000000,0.000000,0.000000,0.000000,0.000000,0.000000,0.000000,0.000000,0.000000,0.000000,0.000000,0.000000,0.000000,0.000000,0.000000,0.000000,0.000000,0.000000,0.000000,0.000000,0.000000,0.000000,0.000000,0.000000,0.000000,0.000000,0.000000,0.000000,0.000000,0.000000,0.000000,0.000000,0.000000,0.000000,0.000000,0.000000,0.000000,0.000000,0.000000,0.000000,0.000000,0.000000,0.000000,0.000000,0.000000,0.000000,0.000000,0.000000,0.000000,0.000000,0.000000,0.000000,0.000000,0.000000,0.000000,0.000000,0.000000,0.000000,0.000000,0.000000,0.000000,0.000000,0.000000,0.000000,0.000000,0.000000,0.000000,0.000000],
	[-6.409200,-6.256600,-6.332900,-6.332900,-6.485500,-6.638100,-6.561800,-6.485500,-6.485500,-6.409200,-6.638100,-6.638100,-6.561800,-6.485500,-6.561800,-6.485500,-6.409200,-6.409200,-6.561800,-6.485500,-6.485500,-6.561800,-6.561800,-6.485500,-6.561800,-6.714400,-6.714400,-6.485500,-6.485500,-6.638100,-6.561800,-6.714400,-6.485500,-6.561800,-6.714400,-6.561800,-6.485500,-6.485500,-6.409200,-6.485500,-6.485500,-6.409200,-6.409200,-6.409200,-6.485500,-6.561800,-6.409200,-6.332900,-6.104000,-6.485500,-6.332900,-6.332900,-6.256600,-6.332900,-6.409200,-6.332900,-6.409200,-6.332900,-6.332900,-6.332900,-6.256600,-6.332900,-6.485500,-6.256600,-6.409200,-6.561800,-6.256600,-6.256600,-6.256600,-6.332900,-6.332900,-6.409200,-6.485500,-6.332900,-6.180300,-6.256600,-6.332900,-6.409200,-6.485500,-6.180300,-6.332900,-6.409200,-6.332900,-6.409200,-6.485500,-6.485500,-6.180300,-6.561800,-6.485500,-6.409200,-6.485500,-6.409200,-6.485500,-6.409200,-6.561800,-6.485500,-6.638100,-6.638100,-6.332900,-6.561800,-6.561800,-6.561800,-6.485500,-6.561800,-6.485500,-6.561800,-6.485500,-6.485500,-6.409200,-6.638100,-6.561800,-6.638100,-6.561800,-6.867000,-6.638100,-6.790700,-6.638100,-6.485500,-6.714400,-6.714400,-6.485500,-6.638100,-6.638100,-6.714400,-6.867000,-6.867000,-6.561800,-6.638100,-6.714400,-6.714400,-6.714400,-6.485500,-6.409200,-6.409200,-6.485500,-6.561800,-6.638100,-6.485500,-6.409200,-6.485500,-6.409200,-6.256600,-6.104000,-6.332900,-6.256600,-6.332900,-6.180300,-6.332900,-6.256600,-6.256600,-6.409200,-6.409200,-6.561800,-6.561800,-6.638100,-6.638100,-6.485500,-6.485500,-6.638100,-6.638100,-6.638100,-6.485500,-6.714400,-6.790700,-6.714400,-6.714400,-6.638100,-6.638100,-6.485500,-6.638100,-6.638100,-6.561800,-6.485500,-6.409200,-6.561800,-6.638100,-6.561800,-6.714400,-6.561800,-6.485500,-6.561800,-6.638100,-6.561800,-6.561800,-6.561800,-6.409200,-6.561800,-6.561800,-6.561800,-6.561800,-6.561800,-6.561800,-6.561800,-6.485500,-6.561800,-6.561800,-6.561800,-6.409200,-6.485500,-6.485500,-6.561800,-6.638100,-6.561800,-6.638100,-6.485500,-6.485500,-6.561800,-6.638100,-6.485500,-6.485500,-6.409200,-6.561800,-6.638100,-6.409200,-6.409200,-6.485500,-6.561800,-6.561800,-6.485500,-6.485500,-6.561800,-6.485500,-6.409200,-6.638100,-6.485500,-6.561800,-6.638100,-6.561800,-6.485500,-6.409200,-6.485500,-6.485500,-6.332900,-6.256600,-6.332900,-6.485500,-6.485500,-6.409200,-6.180300,-6.485500,-6.485500,-6.485500,-6.485500,-6.485500,-6.485500,-6.485500,-6.638100,-6.332900,-6.561800,-6.485500,-6.561800,-6.485500,-6.561800,-6.638100,-6.638100,-6.561800],
	[-6.867000,-6.867000,-6.867000,-6.485500,-6.867000,-6.867000,-6.867000,-7.248499,-6.867000,-6.867000,-7.630000,-7.248499,-7.248499,-7.248499,-7.248499,-6.867000,-6.867000,-6.867000,-7.248499,-7.248499,-7.248499,-7.248499,-7.248499,-7.248499,-6.867000,-7.248499,-7.248499,-6.867000,-7.248499,-7.248499,-6.867000,-6.867000,-7.630000,-7.248499,-7.248499,-7.248499,-7.248499,-6.867000,-7.248499,-7.248499,-6.867000,-7.248499,-7.630000,-7.248499,-7.248499,-7.248499,-6.867000,-7.248499,-7.248499,-7.248499,-7.248499,-6.867000,-6.867000,-7.248499,-7.248499,-6.867000,-7.248499,-7.248499,-6.867000,-7.248499,-7.248499,-6.867000,-7.248499,-7.630000,-6.867000,-6.867000,-6.867000,-6.867000,-6.867000,-7.248499,-7.248499,-7.248499,-7.248499,-7.248499,-7.248499,-7.248499,-7.248499,-7.248499,-7.248499,-7.248499,-7.248499,-7.248499,-6.867000,-7.248499,-7.248499,-7.248499,-7.248499,-7.248499,-7.248499,-7.248499,-7.248499,-7.248499,-7.248499,-6.867000,-7.248499,-7.248499,-6.867000,-7.248499,-7.248499,-6.867000,-7.630000,-7.248499,-6.867000,-7.248499,-7.248499,-7.248499,-7.248499,-6.867000,-7.248499,-7.248499,-7.248499,-7.248499,-7.248499,-7.248499,-6.867000,-6.867000,-7.248499,-7.630000,-7.248499,-7.248499,-7.248499,-7.248499,-7.248499,-6.867000,-7.248499,-7.248499,-7.248499,-7.248499,-6.867000,-7.248499,-7.248499,-6.867000,-7.248499,-6.485500,-6.867000,-6.867000,-6.867000,-6.867000,-6.867000,-6.867000,-6.867000,-6.867000,-6.867000,-6.867000,-6.867000,-6.485500,-6.867000,-6.485500,-6.867000,-6.485500,-6.867000,-6.867000,-7.248499,-6.867000,-7.248499,-7.248499,-7.248499,-7.248499,-6.867000,-7.248499,-6.867000,-7.248499,-6.867000,-7.248499,-7.248499,-6.867000,-6.867000,-7.248499,-6.867000,-7.248499,-7.248499,-7.248499,-7.248499,-7.248499,-6.867000,-7.630000,-7.248499,-7.248499,-7.248499,-7.248499,-7.248499,-7.248499,-7.248499,-7.248499,-7.248499,-6.867000,-7.248499,-7.248499,-7.248499,-7.248499,-7.248499,-7.248499,-7.248499,-7.248499,-7.630000,-7.248499,-7.248499,-6.867000,-7.248499,-7.248499,-7.248499,-7.248499,-7.248499,-7.248499,-7.248499,-7.248499,-7.248499,-7.248499,-7.248499,-7.248499,-6.867000,-7.248499,-7.248499,-7.248499,-7.248499,-6.867000,-7.248499,-7.248499,-7.248499,-7.248499,-7.248499,-6.867000,-7.248499,-6.867000,-6.867000,-7.248499,-6.867000,-7.248499,-6.867000,-7.248499,-7.248499,-7.248499,-7.248499,-7.248499,-7.248499,-6.867000,-7.248499,-7.248499,-7.248499,-7.248499,-7.248499,-7.248499,-7.248499,-6.867000,-7.248499,-7.248499,-7.248499,-7.248499,-7.248499,-7.248499,-7.248499,-7.248499,-6.867000,-7.630000,-7.248499,-7.248499],
	[-6.867000,-6.867000,-6.867000,-6.867000,-6.867000,-7.248499,-6.867000,-6.867000,-6.867000,-6.867000,-7.248499,-6.867000,-6.867000,-7.248499,-7.248499,-7.248499,-7.248499,-6.867000,-7.248499,-7.248499,-7.248499,-7.248499,-7.248499,-7.248499,-7.248499,-6.867000,-7.248499,-6.867000,-7.248499,-7.248499,-7.248499,-7.248499,-7.248499,-7.248499,-6.867000,-6.867000,-6.867000,-7.248499,-7.630000,-7.248499,-7.248499,-7.248499,-7.248499,-7.248499,-7.630000,-7.248499,-7.248499,-7.248499,-7.248499,-7.248499,-7.630000,-6.867000,-6.867000,-7.248499,-7.248499,-7.248499,-7.630000,-7.248499,-6.867000,-7.248499,-7.248499,-7.248499,-7.248499,-7.248499,-7.248499,-7.248499,-7.248499,-7.248499,-7.248499,-6.867000,-6.867000,-7.248499,-7.248499,-7.248499,-7.248499,-7.248499,-7.248499,-7.248499,-7.630000,-6.867000,-7.248499,-7.248499,-7.248499,-6.867000,-7.248499,-7.248499,-7.248499,-7.248499,-7.248499,-7.248499,-7.248499,-6.867000,-6.867000,-7.248499,-7.248499,-7.248499,-7.248499,-6.867000,-7.248499,-6.867000,-7.248499,-7.248499,-7.248499,-6.867000,-7.248499,-7.248499,-6.867000,-7.248499,-7.248499,-7.248499,-7.248499,-7.248499,-6.867000,-7.248499,-7.248499,-7.248499,-7.248499,-7.248499,-7.248499,-7.248499,-7.248499,-7.248499,-7.248499,-7.248499,-7.248499,-6.867000,-7.248499,-7.248499,-7.248499,-7.248499,-7.248499,-7.248499,-7.248499,-6.867000,-7.248499,-6.867000,-6.867000,-6.867000,-6.867000,-7.248499,-6.867000,-6.867000,-6.485500,-6.485500,-6.867000,-6.867000,-6.867000,-6.485500,-6.867000,-6.485500,-6.867000,-6.867000,-7.248499,-6.867000,-7.248499,-7.248499,-7.248499,-6.867000,-6.867000,-7.248499,-6.867000,-7.248499,-7.248499,-7.248499,-7.248499,-7.248499,-6.867000,-7.248499,-7.248499,-7.248499,-7.248499,-7.248499,-7.248499,-7.248499,-7.248499,-7.248499,-7.248499,-7.248499,-7.248499,-7.248499,-6.867000,-7.248499,-7.248499,-7.248499,-7.248499,-7.248499,-7.248499,-7.248499,-7.630000,-6.867000,-6.867000,-7.248499,-7.630000,-7.248499,-7.248499,-7.248499,-7.248499,-7.248499,-7.248499,-7.248499,-7.248499,-7.630000,-7.248499,-7.248499,-7.248499,-7.248499,-7.630000,-7.248499,-7.248499,-7.248499,-7.248499,-7.248499,-7.248499,-7.248499,-6.867000,-7.248499,-6.867000,-7.248499,-7.248499,-7.248499,-7.248499,-7.630000,-7.248499,-7.248499,-6.867000,-7.248499,-7.248499,-7.630000,-7.248499,-7.248499,-7.248499,-7.248499,-7.248499,-7.248499,-7.248499,-7.248499,-7.248499,-7.248499,-6.867000,-7.248499,-7.248499,-7.248499,-6.867000,-6.867000,-7.248499,-7.248499,-7.248499,-7.248499,-7.630000,-7.248499,-7.248499,-6.867000,-6.867000,-7.248499,-7.248499,-6.867000]
],
"normalized" : [
	[-0.410854,1.049953,0.253148,-1.473259,-2.270064,-1.074857,0.651551,1.315554,-0.676455,-1.871662,-1.340459,-0.410854,-0.278053,0.651551,0.917152,-0.410854,0.120348,0.917152,0.784351,0.518750,0.917152,1.049953,0.917152,1.713956,1.049953,-0.012452,-0.410854,-0.543655,-0.942057,-0.145253,-0.410854,-1.340459,0.518750,0.917152,0.385949,0.385949,0.120348,-0.543655,-0.145253,0.385949,-0.543655,0.253148,0.651551,0.253148,0.120348,0.253148,-0.676455,-0.410854,0.651551,-1.074857,-2.801266,-1.606060,0.120348,0.120348,-0.012452,-0.012452,0.385949,0.518750,-0.809256,-1.473259,0.120348,0.385949,-1.207658,-1.340459,-0.942057,-1.738861,-2.535665,-2.004462,-0.942057,0.518750,1.448355,-1.473259,-1.738861,0.120348,-0.012452,-1.074857,-1.473259,-0.809256,-1.606060,-0.809256,-0.145253,0.784351,1.581155,0.651551,-0.145253,1.182753,0.917152,-0.278053,0.651551,1.581155,1.182753,0.385949,0.253148,0.253148,1.448355,1.846757,0.518750,0.253148,1.049953,0.784351,0.784351,0.784351,0.385949,0.784351,0.518750,1.448355,2.245159,1.979558,0.784351,0.784351,3.174764,2.377960,0.917152,0.385949,1.315554,2.112358,2.510760,2.909163,1.315554,0.784351,0.120348,-0.942057,-0.278053,1.581155,1.315554,-0.278053,0.120348,-0.012452,-0.942057,-1.871662,-1.340459,0.385949,1.049953,0.385949,-0.676455,-0.145253,0.385949,-0.012452,-1.738861,-0.145253,1.315554,1.315554,0.651551,0.120348,0.385949,-0.809256,-1.473259,-0.410854,0.651551,-0.410854,-0.278053,0.917152,-0.676455,-2.668466,-2.668466,-1.340459,0.253148,-0.410854,-0.809256,-0.410854,0.253148,-0.676455,-1.606060,-0.809256,0.651551,0.518750,-0.809256,-1.074857,-0.676455,-0.410854,-0.676455,-1.340459,-0.410854,-0.012452,-0.543655,-0.410854,-0.278053,0.784351,-0.012452,-1.074857,-0.012452,0.120348,-1.074857,-1.871662,-1.473259,-0.145253,-0.942057,-0.809256,-0.012452,-0.012452,-0.809256,-1.738861,-0.809256,-0.278053,-0.145253,-0.410854,-0.809256,0.120348,0.917152,0.518750,-0.942057,-0.942057,-0.543655,-0.676455,-0.942057,-0.012452,0.651551,0.385949,-0.012452,0.120348,0.120348,0.784351,1.448355,0.917152,0.917152,0.385949,-0.410854,-0.410854,0.120348,1.049953,1.049953,-0.145253,0.253148,1.049953,1.581155,1.581155,1.049953,1.182753,1.049953,0.651551,0.518750,-0.012452,-0.012452,0.518750,0.120348,0.651551,0.917152,-0.012452,-1.207658,-0.942057,-0.410854,-0.145253,0.253148,0.784351,0.518750,0.385949,-0.942057,-0.543655,-0.410854,-0.410854,-0.676455,-0.410854,-0.145253,-0.543655,-0.942057,-0.809256],
	[0.000000,0.000000,0.000000,0.000000,0.000000,0.000000,0.000000,0.000000,0.000000,0.000000,0.000000,0.000000,0.000000,0.000000,0.000000,0.000000,0.000000,0.000000,0.000000,0.000000,0.000000,0.000000,0.000000,0.000000,0.000000,0.000000,0.000000,0.000000,0.000000,0.000000,0.000000,0.000000,0.000000,0.000000,0.000000,0.000000,0.000000,0.000000,0.000000,0.000000,0.000000,0.000000,0.000000,0.000000,0.000000,0.000000,0.000000,0.000000,0.000000,0.000000,0.000000,0.000000,0.000000,0.000000,0.000000,0.000000,0.000000,0.000000,0.000000,0.000000,0.000000,0.000000,0.000000,0.000000,0.000000,0.000000,0.000000,0.000000,0.000000,0.000000,0.000000,0.000000,0.000000,0.000000,0.000000,0.000000,0.000000,0.000000,0.000000,0.000000,0.000000,0.000000,0.000000,0.000000,0.000000,0.000000,0.000000,0.000000,0.000000,0.000000,0.000000,0.000000,0.000000,0.000000,0.000000,0.000000,0.000000,0.000000,0.000000,0.000000,0.000000,0.000000,0.000000,0.000000,0.000000,0.000000,0.000000,0.000000,0.000000,0.000000,0.000000,0.000000,0.000000,0.000000,0.000000,0.000000,0.000000,0.000000,0.000000,0.000000,0.000000,0.000000,0.000000,0.000000,0.000000,0.000000,0.000000,0.000000,0.000000,0.000000,0.000000,0.000000,0.000000,0.000000,0.000000,0.000000,0.000000,0.000000,0.000000,0.000000,0.000000,0.000000,0.000000,0.000000,0.000000,0.000000,0.000000,0.000000,0.000000,0.000000,0.000000,0.000000,0.000000,0.000000,0.000000,0.000000,0.000000,0.000000,0.000000,0.000000,0.000000,0.000000,0.000000,0.000000,0.000000,0.000000,0.000000,0.000000,0.000000,0.000000,0.000000,0.000000,0.000000,0.000000,0.000000,0.000000,0.000000,0.000000,0.000000,0.000000,0.000000,0.000000,0.000000,0.000000,0.000000,0.000000,0.000000,0.000000,0.000000,0.000000,0.000000,0.000000,0.000000,0.000000,0.000000,0.000000,0.000000,0.000000,0.000000,0.000000,0.000000,0.000000,0.000000,0.000000,0.000000,0.000000,0.000000,0.000000,0.000000,0.000000,0.000000,0.000000,0.000000,0.000000,0.000000,0.000000,0.000000,0.000000,0.000000,0.000000,0.000000,0.000000,0.000000,0.000000,0.000000,0.000000,0.000000,0.000000,0.000000,0.000000,0.000000,0.000000,0.000000,0.000000,0.000000,0.000000,0.000000,0.000000,0.000000,0.000000,0.000000,0.000000,0.000000,0.000000,0.000000,0.000000,0.000000,0.000000,0.000000,0.000000,0.000000,0.000000,0.000000,0.000000,0.000000,0.000000],
	[0.648306,1.781340,1.214825,1.214825,0.081788,-1.051245,-0.484727,0.081788,0.081788,0.648306,-1.051245,-1.051245,-0.484727,0.081788,-0.484727,0.081788,0.648306,0.648306,-0.484727,0.081788,0.081788,-0.484727,-0.484727,0.081788,-0.484727,-1.617764,-1.617764,0.081788,0.081788,-1.051245,-0.484727,-1.617764,0.081788,-0.484727,-1.617764,-0.484727,0.081788,0.081788,0.648306,0.081788,0.081788,0.648306,0.648306,0.648306,0.081788,-0.484727,0.648306,1.214825,2.914377,0.081788,1.214825,1.214825,1.781340,1.214825,0.648306,1.214825,0.648306,1.214825,1.214825,1.214825,1.781340,1.214825,0.081788,1.781340,0.648306,-0.484727,1.781340,1.781340,1.781340,1.214825,1.214825,0.648306,0.081788,1.214825,2.347859,1.781340,1.214825,0.648306,0.081788,2.347859,1.214825,0.648306,1.214825,0.648306,0.081788,0.081788,2.347859,-0.484727,0.081788,0.648306,0.081788,0.648306,0.081788,0.648306,-0.484727,0.081788,-1.051245,-1.051245,1.214825,-0.484727,-0.484727,-0.484727,0.081788,-0.484727,0.081788,-0.484727,0.081788,0.081788,0.648306,-1.051245,-0.484727,-1.051245,-0.484727,-2.750798,-1.051245,-2.184283,-1.051245,0.081788,-1.617764,-1.617764,0.081788,-1.051245,-1.051245,-1.617764,-2.750798,-2.750798,-0.484727,-1.051245,-1.617764,-1.617764,-1.617764,0.081788,0.648306,0.648306,0.081788,-0.484727,-1.051245,0.081788,0.648306,0.081788,0.648306,1.781340,2.914377,1.214825,1.781340,1.214825,2.347859,1.214825,1.781340,1.781340,0.648306,0.648306,-0.484727,-0.484727,-1.051245,-1.051245,0.081788,0.081788,-1.051245,-1.051245,-1.051245,0.081788,-1.617764,-2.184283,-1.617764,-1.617764,-1.051245,-1.051245,0.081788,-1.051245,-1.051245,-0.484727,0.081788,0.648306,-0.484727,-1.051245,-0.484727,-1.617764,-0.484727,0.081788,-0.484727,-1.051245,-0.484727,-0.484727,-0.484727,0.648306,-0.484727,-0.484727,-0.484727,-0.484727,-0.484727,-0.484727,-0.484727,0.081788,-0.484727,-0.484727,-0.484727,0.648306,0.081788,0.081788,-0.484727,-1.051245,-0.484727,-1.051245,0.081788,0.081788,-0.484727,-1.051245,0.081788,0.081788,0.648306,-0.484727,-1.051245,0.648306,0.648306,0.081788,-0.484727,-0.484727,0.081788,0.081788,-0.484727,0.081788,0.648306,-1.051245,0.081788,-0.484727,-1.051245,-0.484727,0.081788,0.648306,0.081788,0.081788,1.214825,1.781340,1.214825,0.081788,0.081788,0.648306,2.347859,0.081788,0.081788,0.081788,0.081788,0.081788,0.081788,0.081788,-1.051245,1.214825,-0.484727,0.081788,-0.484727,0.081788,-0.484727,-1.051245,-1.051245,-0.484727],
	[1.256740,1.256740,1.256740,3.034219,1.256740,1.256740,1.256740,-0.520738,1.256740,1.256740,-2.298219,-0.520738,-0.520738,-0.520738,-0.520738,1.256740,1.256740,1.256740,-0.520738,-0.520738,-0.520738,-0.520738,-0.520738,-0.520738,1.256740,-0.520738,-0.520738,1.256740,-0.520738,-0.520738,1.256740,1.256740,-2.298219,-0.520738,-0.520738,-0.520738,-0.520738,1.256740,-0.520738,-0.520738,1.256740,-0.520738,-2.298219,-0.520738,-0.520738,-0.520738,1.256740,-0.520738,-0.520738,-0.520738,-0.520738,1.256740,1.256740,-0.520738,-0.520738,1.256740,-0.520738,-0.520738,1.256740,-0.520738,-0.520738,1.256740,-0.520738,-2.298219,1.256740,1.256740,1.256740,1.256740,1.256740,-0.520738,-0.520738,-0.520738,-0.520738,-0.520738,-0.520738,-0.520738,-0.520738,-0.520738,-0.520738,-0.520738,-0.520738,-0.520738,1.256740,-0.520738,-0.520738,-0.520738,-0.520738,-0.520738,-0.520738,-0.520738,-0.520738,-0.520738,-0.520738,1.256740,-0.520738,-0.520738,1.256740,-0.520738,-0.520738,1.256740,-2.298219,-0.520738,1.256740,-0.520738,-0.520738,-0.520738,-0.520738,1.256740,-0.520738,-0.520738,-0.520738,-0.520738,-0.520738,-0.520738,1.256740,1.256740,-0.520738,-2.298219,-0.520738,-0.520738,-0.520738,-0.520738,-0.520738,1.256740,-0.520738,-0.520738,-0.520738,-0.520738,1.256740,-0.520738,-0.520738,1.256740,-0.520738,3.034219,1.256740,1.256740,1.256740,1.256740,1.256740,1.256740,1.256740,1.256740,1.256740,1.256740,1.256740,3.034219,1.256740,3.034219,1.256740,3.034219,1.256740,1.256740,-0.520738,1.256740,-0.520738,-0.520738,-0.520738,-0.520738,1.256740,-0.520738,1.256740,-0.520738,1.256740,-0.520738,-0.520738,1.256740,1.256740,-0.520738,1.256740,-0.520738,-0.520738,-0.520738,-0.520738,-0.520738,1.256740,-2.298219,-0.520738,-0.520738,-0.520738,-0.520738,-0.520738,-0.520738,-0.520738,-0.520738,-0.520738,1.256740,-0.520738,-0.520738,-0.520738,-0.520738,-0.520738,-0.520738,-0.520738,-0.520738,-2.298219,-0.520738,-0.520738,1.256740,-0.520738,-0.520738,-0.520738,-0.520738,-0.520738,-0.520738,-0.520738,-0.520738,-0.520738,-0.520738,-0.520738,-0.520738,1.256740,-0.520738,-0.520738,-0.520738,-0.520738,1.256740,-0.520738,-0.520738,-0.520738,-0.520738,-0.520738,1.256740,-0.520738,1.256740,1.256740,-0.520738,1.256740,-0.520738,1.256740,-0.520738,-0.520738,-0.520738,-0.520738,-0.520738,-0.520738,1.256740,-0.520738,-0.520738,-0.520738,-0.520738,-0.520738,-0.520738,-0.520738,1.256740,-0.520738,-0.520738,-0.520738,-0.520738,-0.520738,-0.520738,-0.520738,-0.520738,1.256740,-2.298219,-0.520738,-0.520738],
	[1.411560,1.411560,1.411560,1.411560,1.411560,-0.413477,1.411560,1.411560,1.411560,1.411560,-0.413477,1.411560,1.411560,-0.413477,-0.413477,-0.413477,-0.413477,1.411560,-0.413477,-0.413477,-0.413477,-0.413477,-0.413477,-0.413477,-0.413477,1.411560,-0.413477,1.411560,-0.413477,-0.413477,-0.413477,-0.413477,-0.413477,-0.413477,1.411560,1.411560,1.411560,-0.413477,-2.238518,-0.413477,-0.413477,-0.413477,-0.413477,-0.413477,-2.238518,-0.413477,-0.413477,-0.413477,-0.413477,-0.413477,-2.238518,1.411560,1.411560,-0.413477,-0.413477,-0.413477,-2.238518,-0.413477,1.411560,-0.413477,-0.413477,-0.413477,-0.413477,-0.413477,-0.413477,-0.413477,-0.413477,-0.413477,-0.413477,1.411560,1.411560,-0.413477,-0.413477,-0.413477,-0.413477,-0.413477,-0.413477,-0.413477,-2.238518,1.411560,-0.413477,-0.413477,-0.413477,1.411560,-0.413477,-0.413477,-0.413477,-0.413477,-0.413477,-0.413477,-0.413477,1.411560,1.411560,-0.413477,-0.413477,-0.413477,-0.413477,1.411560,-0.413477,1.411560,-0.413477,-0.413477,-0.413477,1.411560,-0.413477,-0.413477,1.411560,-0.413477,-0.413477,-0.413477,-0.413477,-0.413477,1.411560,-0.413477,-0.413477,-0.413477,-0.413477,-0.413477,-0.413477,-0.413477,-0.413477,-0.413477,-0.413477,-0.413477,-0.413477,1.411560,-0.413477,-0.413477,-0.413477,-0.413477,-0.413477,-0.413477,-0.413477,1.411560,-0.413477,1.411560,1.411560,1.411560,1.411560,-0.413477,1.411560,1.411560,3.236598,3.236598,1.411560,1.411560,1.411560,3.236598,1.411560,3.236598,1.411560,1.411560,-0.413477,1.411560,-0.413477,-0.413477,-0.413477,1.411560,1.411560,-0.413477,1.411560,-0.413477,-0.413477,-0.413477,-0.413477,-0.413477,1.411560,-0.413477,-0.413477,-0.413477,-0.413477,-0.413477,-0.413477,-0.413477,-0.413477,-0.413477,-0.413477,-0.413477,-0.413477,-0.413477,1.411560,-0.413477,-0.413477,-0.413477,-0.413477,-0.413477,-0.413477,-0.413477,-2.238518,1.411560,1.411560,-0.413477,-2.238518,-0.413477,-0.413477,-0.413477,-0.413477,-0.413477,-0.413477,-0.413477,-0.413477,-2.238518,-0.413477,-0.413477,-0.413477,-0.413477,-2.238518,-0.413477,-0.413477,-0.413477,-0.413477,-0.413477,-0.413477,-0.413477,1.411560,-0.413477,1.411560,-0.413477,-0.413477,-0.413477,-0.413477,-2.238518,-0.413477,-0.413477,1.411560,-0.413477,-0.413477,-2.238518,-0.413477,-0.413477,-0.413477,-0.413477,-0.413477,-0.413477,-0.413477,-0.413477,-0.413477,-0.413477,1.411560,-0.413477,-0.413477,-0.413477,1.411560,1.411560,-0.413477,-0.413477,-0.413477,-0.413477,-2.238518,-0.413477,-0.413477,1.411560,1.411560,-0.413477,-0.413477,1.411560]
],
"cwt" : [
	[0.408527,0.509735,0.580619,0.617079,0.635413,0.654370,0.672816,0.669302,0.618982,0.507236,0.337952,0.144130,0.108749,0.234639,0.303409,0.316448,0.293145,0.240286,0.168085,0.099025,0.038626,0.042730,0.145016,0.230363,0.251545,0.196569,0.108930,0.100996,0.153119,0.207171,0.285604,0.355153,0.359422,0.281030,0.148724,0.038471,0.110144,0.155302,0.153452,0.143363,0.158428,0.172132,0.145841,0.069226,0.043936,0.162488,0.279255,0.408817,0.550728,0.661043,0.688744,0.618810,0.482496,0.338426,0.243812,0.233305,0.295721,0.385879,0.461610,0.498883,0.493964,0.449495,0.367292,0.275363,0.251400,0.302408,0.349580,0.399989,0.507558,0.644149,0.736713,0.749548,0.689502,0.584624,0.463198,0.334049,0.191528,0.073145,0.129577,0.196956,0.250279,0.319046,0.365838,0.365182,0.343979,0.335438,0.347664,0.375377,0.393206,0.374068,0.322259,0.275290,0.278677,0.332218,0.385442,0.394619,0.351917,0.278178,0.194887,0.113607,0.049419,0.022028,0.037894,0.100739,0.201645,0.312633,0.407703,0.481051,0.545981,0.609689,0.645493,0.619678,0.534694,0.420207,0.304253,0.229123,0.240016,0.251437,0.170590,0.076241,0.253277,0.425374,0.525334,0.542250,0.477848,0.358754,0.272075,0.308321,0.397415,0.467851,0.502969,0.504105,0.480304,0.442483,0.405778,0.396976,0.438836,0.513193,0.569577,0.567057,0.497018,0.377606,0.235112,0.139624,0.227622,0.350499,0.412461,0.399502,0.336993,0.300698,0.383052,0.529269,0.638155,0.669763,0.637943,0.569782,0.481569,0.393278,0.336263,0.333739,0.378214,0.440024,0.490764,0.513923,0.504138,0.462494,0.396206,0.321697,0.261922,0.235834,0.242864,0.255655,0.249014,0.228988,0.223161,0.248145,0.295678,0.341464,0.365230,0.371719,0.385758,0.414468,0.436143,0.426705,0.373831,0.293050,0.241013,0.256441,0.299807,0.338222,0.360449,0.353749,0.314699,0.265964,0.243246,0.263717,0.315791,0.371737,0.405059,0.399019,0.347472,0.259094,0.172443,0.167525,0.224648,0.256674,0.239993,0.189727,0.135605,0.116282,0.147765,0.174694,0.149492,0.074036,0.072669,0.159571,0.224694,0.271769,0.313824,0.345931,0.356827,0.346080,0.318152,0.276464,0.225912,0.166408,0.102543,0.065183,0.063101,0.067335,0.088386,0.101509,0.077081,0.026578,0.101308,0.212250,0.304545,0.345727,0.320067,0.235860,0.120712,0.008789,0.076504,0.136185,0.188392,0.227941,0.229760,0.190324,0.138687,0.111342,0.114957,0.131820,0.153122,0.178434,0.221634,0.301877],
	[0.000000,0.000000,0.000000,0.000000,0.000000,0.000000,0.000000,0.000000,0.000000,0.000000,0.000000,0.000000,0.000000,0.000000,0.000000,0.000000,0.000000,0.000000,0.000000,0.000000,0.000000,0.000000,0.000000,0.000000,0.000000,0.000000,0.000000,0.000000,0.000000,0.000000,0.000000,0.000000,0.000000,0.000000,0.000000,0.000000,0.000000,0.000000,0.000000,0.000000,0.000000,0.000000,0.000000,0.000000,0.000000,0.000000,0.000000,0.000000,0.000000,0.000000,0.000000,0.000000,0.000000,0.000000,0.000000,0.000000,0.000000,0.000000,0.000000,0.000000,0.000000,0.000000,0.000000,0.000000,0.000000,0.000000,0.000000,0.000000,0.000000,0.000000,0.000000,0.000000,0.000000,0.000000,0.000000,0.000000,0.000000,0.000000,0.000000,0.000000,0.000000,0.000000,0.000000,0.000000,0.000000,0.000000,0.000000,0.000000,0.000000,0.000000,0.000000,0.000000,0.000000,0.000000,0.000000,0.000000,0.000000,0.000000,0.000000,0.000000,0.000000,0.000000,0.000000,0.000000,0.000000,0.000000,0.000000,0.000000,0.000000,0.000000,0.000000,0.000000,0.000000,0.000000,0.000000,0.000000,0.000000,0.000000,0.000000,0.000000,0.000000,0.000000,0.000000,0.000000,0.000000,0.000000,0.000000,0.000000,0.000000,0.000000,0.000000,0.000000,0.000000,0.000000,0.000000,0.000000,0.000000,0.000000,0.000000,0.000000,0.000000,0.000000,0.000000,0.000000,0.000000,0.000000,0.000000,0.000000,0.000000,0.000000,0.000000,0.000000,0.000000,0.000000,0.000000,0.000000,0.000000,0.000000,0.000000,0.000000,0.000000,0.000000,0.000000,0.000000,0.000000,0.000000,0.000000,0.000000,0.000000,0.000000,0.000000,0.000000,0.000000,0.000000,0.000000,0.000000,0.000000,0.000000,0.000000,0.000000,0.000000,0.000000,0.000000,0.000000,0.000000,0.000000,0.000000,0.000000,0.000000,0.000000,0.000000,0.000000,0.000000,0.000000,0.000000,0.000000,0.000000,0.000000,0.000000,0.000000,0.000000,0.000000,0.000000,0.000000,0.000000,0.000000,0.000000,0.000000,0.000000,0.000000,0.000000,0.000000,0.000000,0.000000,0.000000,0.000000,0.000000,0.000000,0.000000,0.000000,0.000000,0.000000,0.000000,0.000000,0.000000,0.000000,0.000000,0.000000,0.000000,0.000000,0.000000,0.000000,0.000000,0.000000,0.000000,0.000000,0.000000,0.000000,0.000000,0.000000,0.000000,0.000000,0.000000,0.000000,0.000000,0.000000,0.000000,0.000000,0.000000,0.000000,0.000000,0.000000,0.000000,0.000000,0.000000,0.000000],
	[0.273993,0.225343,0.160559,0.207665,0.289849,0.306680,0.258341,0.209909,0.238308,0.306941,0.344617,0.324830,0.259827,0.192316,0.182104,0.222930,0.253789,0.246055,0.202879,0.154314,0.141955,0.169982,0.223303,0.299799,0.385743,0.452618,0.471672,0.430618,0.346362,0.264017,0.240407,0.272308,0.307908,0.334812,0.337252,0.282027,0.178819,0.101370,0.109749,0.135037,0.151333,0.156432,0.165406,0.202472,0.262468,0.334694,0.417471,0.486235,0.496793,0.443782,0.367918,0.299762,0.241060,0.181153,0.113271,0.048309,0.007521,0.006519,0.050172,0.138295,0.215706,0.245750,0.256004,0.312309,0.398359,0.450535,0.428585,0.329314,0.183590,0.032063,0.125795,0.254114,0.348010,0.390032,0.372116,0.323991,0.316201,0.362105,0.401936,0.390495,0.307535,0.184524,0.161901,0.263462,0.360593,0.429727,0.454514,0.408445,0.300922,0.181358,0.087060,0.030726,0.036854,0.039560,0.079915,0.202170,0.329311,0.404583,0.412813,0.363973,0.277053,0.181815,0.106217,0.060046,0.058007,0.099089,0.156114,0.213674,0.247258,0.238591,0.208025,0.209358,0.230180,0.195772,0.128971,0.208824,0.327376,0.394225,0.410989,0.381854,0.304760,0.183814,0.124746,0.284988,0.441674,0.506801,0.475848,0.396324,0.322866,0.297189,0.316111,0.315693,0.267945,0.213818,0.218446,0.270861,0.309589,0.304446,0.280785,0.305074,0.376621,0.424269,0.401394,0.319840,0.233022,0.175560,0.125697,0.071625,0.107043,0.145425,0.115636,0.055153,0.033004,0.104349,0.202953,0.283382,0.328898,0.344457,0.341861,0.339336,0.352617,0.376315,0.371948,0.302514,0.177569,0.041133,0.087567,0.178241,0.236678,0.267852,0.278032,0.281810,0.292512,0.286879,0.225786,0.099823,0.064622,0.201408,0.277159,0.287178,0.250214,0.178294,0.078133,0.059371,0.150726,0.196573,0.186545,0.138792,0.083128,0.047914,0.049625,0.077256,0.110016,0.139677,0.169547,0.197985,0.210502,0.191425,0.146839,0.114199,0.103677,0.075016,0.080342,0.161726,0.234207,0.275595,0.291138,0.287335,0.278330,0.293824,0.342145,0.396153,0.425251,0.411951,0.361870,0.300740,0.251749,0.216217,0.184375,0.163962,0.174901,0.197761,0.193017,0.149850,0.119070,0.170875,0.232794,0.259320,0.260905,0.260858,0.281980,0.327756,0.371492,0.392975,0.400124,0.417583,0.456425,0.493980,0.486904,0.409050,0.279738,0.147367,0.051159,0.064183,0.135226,0.201582,0.242020,0.244073,0.212875,0.171722,0.151175,0.164027,0.192454,0.214005,0.234358,0.264949],
	[0.224851,0.111742,0.189888,0.249849,0.178933,0.090644,0.224875,0.377493,0.519558,0.608914,0.579199,0.433323,0.272418,0.251796,0.324167,0.370276,0.379628,0.361530,0.307853,0.218917,0.129430,0.125645,0.211542,0.293454,0.329679,0.321669,0.308908,0.339160,0.428633,0.554979,0.667526,0.703086,0.620335,0.432830,0.215598,0.150504,0.254385,0.320127,0.356490,0.429437,0.530852,0.576264,0.501733,0.309609,0.082703,0.171928,0.280901,0.286348,0.240873,0.267779,0.387247,0.493989,0.530764,0.494310,0.415773,0.338713,0.293274,0.277360,0.275159,0.302132,0.399147,0.552387,0.689301,0.729910,0.629382,0.406825,0.138847,0.111632,0.243861,0.265609,0.203434,0.115244,0.049743,0.019677,0.008397,0.003849,0.008062,0.018108,0.051006,0.121423,0.217657,0.303099,0.337422,0.303165,0.217532,0.121212,0.050446,0.016107,0.016829,0.049864,0.119608,0.214913,0.296938,0.330652,0.318750,0.286933,0.235463,0.171114,0.230396,0.405390,0.552121,0.602858,0.553060,0.442934,0.334789,0.298051,0.328242,0.343807,0.303044,0.216271,0.129862,0.145730,0.270381,0.426494,0.568034,0.657326,0.668157,0.592113,0.454749,0.319925,0.255441,0.275295,0.326292,0.348353,0.323080,0.282804,0.286204,0.326293,0.339855,0.300203,0.197676,0.103959,0.245410,0.349792,0.325381,0.222756,0.124618,0.061471,0.023146,0.003723,0.021823,0.054035,0.101825,0.161334,0.202315,0.185822,0.124266,0.087714,0.131915,0.223972,0.291460,0.295020,0.254284,0.233488,0.241321,0.232715,0.224222,0.217878,0.180057,0.121259,0.091785,0.138824,0.247120,0.361613,0.431823,0.424348,0.327299,0.180225,0.128573,0.165338,0.129925,0.100102,0.214486,0.347817,0.438202,0.444533,0.361240,0.236391,0.129078,0.062415,0.034172,0.055229,0.122961,0.217458,0.302352,0.337544,0.303876,0.216980,0.117574,0.044118,0.049490,0.118135,0.216365,0.318127,0.384030,0.404393,0.401640,0.379294,0.318316,0.221865,0.122058,0.051465,0.018723,0.008785,0.008653,0.018889,0.051286,0.120933,0.217879,0.305372,0.343883,0.322923,0.279175,0.279744,0.322760,0.338439,0.287704,0.174494,0.051555,0.115789,0.161628,0.126703,0.132930,0.216450,0.242452,0.199061,0.146043,0.142716,0.183565,0.202691,0.163928,0.093525,0.109216,0.211213,0.301123,0.336720,0.304029,0.222701,0.138309,0.101092,0.137885,0.222734,0.304563,0.337303,0.302890,0.218682,0.125881,0.067131,0.069410,0.135966,0.248795,0.374447,0.474378,0.510179,0.463080,0.357618],
	[0.273321,0.143607,0.130655,0.226570,0.311474,0.347812,0.332170,0.295326,0.301788,0.352061,0.400829,0.439175,0.440326,0.372016,0.272348,0.254888,0.315500,0.347785,0.313879,0.228999,0.140054,0.098599,0.123209,0.174001,0.189665,0.130372,0.036746,0.130558,0.189427,0.168060,0.114653,0.133331,0.221179,0.306558,0.364707,0.426494,0.518683,0.581367,0.544895,0.407999,0.220461,0.048968,0.163557,0.291930,0.340808,0.293373,0.175612,0.103912,0.262335,0.469973,0.637070,0.690924,0.591093,0.352653,0.046366,0.278968,0.505859,0.600156,0.561071,0.432836,0.277069,0.144123,0.058339,0.018515,0.020174,0.056929,0.137735,0.261898,0.394355,0.480623,0.480213,0.392617,0.256358,0.120280,0.029918,0.115380,0.240427,0.372660,0.463817,0.483237,0.456874,0.434333,0.423791,0.395588,0.329112,0.233851,0.146436,0.112033,0.157055,0.267619,0.395263,0.478325,0.473202,0.381759,0.261916,0.203949,0.191114,0.123435,0.041142,0.184462,0.310292,0.382670,0.403930,0.387074,0.359028,0.349448,0.341507,0.287901,0.172543,0.054579,0.173780,0.293875,0.341659,0.309419,0.222772,0.125238,0.053093,0.018153,0.008457,0.009544,0.020390,0.052116,0.122991,0.223793,0.312973,0.346287,0.310534,0.228506,0.142652,0.097831,0.120511,0.177393,0.204602,0.184607,0.190481,0.230793,0.247222,0.271674,0.317225,0.338420,0.332102,0.368611,0.454528,0.499841,0.474627,0.410496,0.323170,0.190757,0.009200,0.170491,0.280265,0.299544,0.269643,0.282682,0.356936,0.425646,0.458994,0.437903,0.339749,0.192048,0.136039,0.167218,0.119590,0.054013,0.178143,0.292089,0.341515,0.312258,0.223368,0.122474,0.052236,0.020802,0.008512,0.003888,0.007335,0.017430,0.053541,0.125858,0.222510,0.309827,0.347096,0.311763,0.218404,0.109091,0.046975,0.138657,0.299192,0.502541,0.698391,0.829654,0.863221,0.796869,0.651372,0.464261,0.283625,0.148926,0.075297,0.069942,0.125951,0.220087,0.314119,0.357459,0.332526,0.283150,0.283322,0.332778,0.357284,0.312677,0.214555,0.107120,0.026303,0.087372,0.162873,0.188796,0.132018,0.042475,0.131014,0.185863,0.185519,0.226445,0.321781,0.389971,0.405672,0.398054,0.393933,0.396640,0.403104,0.389516,0.326154,0.223100,0.123627,0.057960,0.025898,0.023471,0.053612,0.124813,0.228960,0.333019,0.406463,0.447879,0.478918,0.513961,0.534495,0.504738,0.417899,0.316051,0.279549,0.324580,0.357245,0.351781,0.388970,0.484299,0.556866,0.568713,0.519708,0.414583]
],
"envelope_edge" : [
	[-0.003027,-0.002683,-0.002119,-0.001487,-0.000962,-0.000446,0.000179,0.001015,0.001946,0.002740,0.003092,0.002413,0.000778,0.000122,0.000444,0.000823,0.001216,0.001452,0.001464,0.001176,0.000609,-0.000369,-0.000885,-0.000627,-0.000075,0.000358,0.000094,-0.000665,-0.001059,-0.001275,-0.001241,-0.000753,0.000123,0.000765,0.000933,-0.000056,-0.000936,-0.000810,-0.000833,-0.000942,-0.001182,-0.001097,-0.001027,-0.001280,-0.002491,-0.003385,-0.003628,-0.003710,-0.003289,-0.002314,-0.000964,0.000237,0.000880,0.000768,0.000065,-0.000856,-0.001501,-0.001668,-0.001382,-0.000865,-0.000287,0.000180,0.000398,0.000033,-0.000778,-0.001356,-0.001575,-0.001936,-0.002167,-0.001804,-0.000779,0.000434,0.001549,0.002251,0.002654,0.002668,0.002409,0.001169,-0.000065,-0.000403,-0.000704,-0.000720,-0.000436,-0.000083,-0.000003,-0.000077,-0.000183,-0.000129,0.000146,0.000501,0.000628,0.000374,-0.000077,-0.000271,0.000001,0.000547,0.001050,0.001288,0.001254,0.000931,0.000329,-0.000492,-0.001353,-0.002153,-0.002641,-0.002769,-0.002565,-0.002263,-0.001863,-0.001320,-0.000423,0.000526,0.001302,0.001577,0.001466,0.000766,0.000247,0.000199,0.000308,-0.001130,-0.002484,-0.002148,-0.001449,-0.000396,0.000331,0.000550,-0.000201,-0.001038,-0.001298,-0.001060,-0.000657,-0.000222,0.000080,0.000215,0.000094,-0.000243,-0.000554,-0.000478,0.000090,0.000899,0.001630,0.001931,0.001673,0.000411,-0.000824,-0.000907,-0.000500,-0.000019,-0.000024,-0.000705,-0.001541,-0.001548,-0.000849,0.000151,0.000984,0.001579,0.001826,0.001714,0.001229,0.000658,0.000262,0.000231,0.000493,0.000963,0.001469,0.001920,0.002167,0.002148,0.001843,0.001415,0.001072,0.000960,0.000923,0.000758,0.000407,0.000053,-0.000126,-0.000054,0.000133,0.000255,0.000282,0.000414,0.000753,0.001229,0.001616,0.001618,0.001137,0.000626,0.000449,0.000519,0.000769,0.001092,0.001301,0.001197,0.000836,0.000448,0.000295,0.000462,0.000909,0.001474,0.001970,0.002146,0.001758,0.001044,0.000819,0.001061,0.001397,0.001507,0.001313,0.000831,0.000534,0.000617,0.000868,0.000591,-0.000287,-0.000732,-0.000661,-0.000563,-0.000336,-0.000023,0.000416,0.000799,0.001170,0.001397,0.001569,0.001559,0.001382,0.000890,0.000537,0.000185,0.000007,-0.000060,0.000022,-0.000626,-0.001432,-0.001530,-0.001124,-0.000399,0.000417,0.000862,0.000971,0.000020,-0.000969,-0.001052,-0.001154,-0.000865,-0.000558,-0.000299,-0.000465,-0.000823,-0.001261,-0.001567,-0.001889,-0.002198,-0.002630,-0.002966],
	[0.000000,0.000000,0.000000,0.000000,0.000000,0.000000,0.000000,0.000000,0.000000,0.000000,0.000000,0.000000,0.000000,0.000000,0.000000,0.000000,0.000000,0.000000,0.000000,0.000000,0.000000,0.000000,0.000000,0.000000,0.000000,0.000000,0.000000,0.000000,0.000000,0.000000,0.000000,0.000000,0.000000,0.000000,0.000000,0.000000,0.000000,0.000000,0.000000,0.000000,0.000000,0.000000,0.000000,0.000000,0.000000,0.000000,0.000000,0.000000,0.000000,0.000000,0.000000,0.000000,0.000000,0.000000,0.000000,0.000000,0.000000,0.000000,0.000000,0.000000,0.000000,0.000000,0.000000,0.000000,0.000000,0.000000,0.000000,0.000000,0.000000,0.000000,0.000000,0.000000,0.000000,0.000000,0.000000,0.000000,0.000000,0.000000,0.000000,0.000000,0.000000,0.000000,0.000000,0.000000,0.000000,0.000000,0.000000,0.000000,0.000000,0.000000,0.000000,0.000000,0.000000,0.000000,0.000000,0.000000,0.000000,0.000000,0.000000,0.000000,0.000000,0.000000,0.000000,0.000000,0.000000,0.000000,0.000000,0.000000,0.000000,0.000000,0.000000,0.000000,0.000000,0.000000,0.000000,0.000000,0.000000,0.000000,0.000000,0.000000,0.000000,0.000000,0.000000,0.000000,0.000000,0.000000,0.000000,0.000000,0.000000,0.000000,0.000000,0.000000,0.000000,0.000000,0.000000,0.000000,0.000000,0.000000,0.000000,0.000000,0.000000,0.000000,0.000000,0.000000,0.000000,0.000000,0.000000,0.000000,0.000000,0.000000,0.000000,0.000000,0.000000,0.000000,0.000000,0.000000,0.000000,0.000000,0.000000,0.000000,0.000000,0.000000,0.000000,0.000000,0.000000,0.000000,0.000000,0.000000,0.000000,0.000000,0.000000,0.000000,0.000000,0.000000,0.000000,0.000000,0.000000,0.000000,0.000000,0.000000,0.000000,0.000000,0.000000,0.000000,0.000000,0.000000,0.000000,0.000000,0.000000,0.000000,0.000000,0.000000,0.000000,0.000000,0.000000,0.000000,0.000000,0.000000,0.000000,0.000000,0.000000,0.000000,0.000000,0.000000,0.000000,0.000000,0.000000,0.000000,0.000000,0.000000,0.000000,0.000000,0.000000,0.000000,0.000000,0.000000,0.000000,0.000000,0.000000,0.000000,0.000000,0.000000,0.000000,0.000000,0.000000,0.000000,0.000000,0.000000,0.000000,0.000000,0.000000,0.000000,0.000000,0.000000,0.000000,0.000000,0.000000,0.000000,0.000000,0.000000,0.000000,0.000000,0.000000,0.000000,0.000000,0.000000,0.000000,0.000000,0.000000,0.000000,0.000000,0.000000,0.000000,0.000000,0.000000,0.000000],
	[-0.000067,0.000220,-0.000197,-0.000847,-0.000696,-0.000187,0.000124,-0.000183,-0.000634,-0.000622,-0.000150,0.000375,0.000643,0.000404,-0.000098,-0.000337,-0.000174,0.000084,0.000195,-0.000071,-0.000576,-0.001059,-0.001397,-0.001555,-0.001365,-0.000829,-0.000046,0.000659,0.001017,0.000820,0.000328,0.000037,0.000092,0.000317,0.000803,0.001284,0.001355,0.000736,0.000095,-0.000186,-0.000349,-0.000514,-0.000818,-0.001163,-0.001358,-0.001382,-0.001139,-0.000503,0.000404,0.001136,0.001507,0.001611,0.001634,0.001590,0.001430,0.001013,0.000378,-0.000379,-0.001075,-0.001479,-0.001358,-0.001156,-0.001177,-0.001381,-0.001067,-0.000364,0.000640,0.001215,0.001420,0.000185,-0.001285,-0.001417,-0.001184,-0.000541,-0.000060,0.000086,-0.000212,-0.000234,0.000136,0.000790,0.001250,0.000964,-0.000138,-0.000706,-0.000558,-0.000040,0.000773,0.001647,0.002151,0.002106,0.001666,0.000929,0.000234,-0.000278,-0.001108,-0.001553,-0.001298,-0.000535,0.000319,0.001062,0.001444,0.001444,0.001076,0.000534,-0.000151,-0.000630,-0.000886,-0.000824,-0.000568,-0.000241,-0.000274,-0.000439,-0.000415,-0.000150,-0.000777,-0.001620,-0.001534,-0.000992,-0.000354,0.000263,0.000638,0.000484,-0.000854,-0.001854,-0.001361,-0.000421,0.000545,0.000949,0.000925,0.000583,0.000517,0.000741,0.000920,0.000610,0.000098,-0.000124,0.000078,0.000311,0.000249,-0.000064,0.000029,0.000628,0.001428,0.001881,0.001908,0.001672,0.001512,0.000955,0.000365,0.000461,0.000615,0.000350,-0.000454,-0.001191,-0.001352,-0.001155,-0.000745,-0.000382,-0.000086,0.000032,0.000181,0.000468,0.001119,0.001668,0.001919,0.001029,-0.000187,-0.000401,-0.000326,-0.000057,0.000138,0.000325,0.000508,0.000947,0.001375,0.001235,-0.000020,-0.000534,0.000003,0.000558,0.001069,0.001318,0.001070,0.000125,-0.000216,0.000153,0.000532,0.000738,0.000603,0.000223,-0.000238,-0.000547,-0.000703,-0.000755,-0.000752,-0.000619,-0.000358,-0.000072,-0.000015,-0.000230,-0.000432,-0.000692,-0.001368,-0.001772,-0.001663,-0.001403,-0.001128,-0.000947,-0.000958,-0.001120,-0.001156,-0.000883,-0.000355,0.000242,0.000664,0.000809,0.000744,0.000627,0.000450,0.000156,-0.000143,-0.000173,-0.000046,-0.000069,-0.000616,-0.001138,-0.001130,-0.000954,-0.000857,-0.000941,-0.001116,-0.001168,-0.000984,-0.000707,-0.000517,-0.000414,-0.000201,0.000348,0.001179,0.001976,0.002292,0.002053,0.001186,0.000150,-0.000331,-0.000379,-0.000135,0.000182,0.000378,0.000292,-0.000016,-0.000332,-0.000470,-0.000487,-0.000512,-0.000406],
	[0.000837,-0.000188,-0.001087,-0.000782,-0.000480,-0.001573,-0.002785,-0.002743,-0.002345,-0.001107,0.000224,0.001115,0.000676,-0.000287,-0.000660,-0.000396,-0.000081,0.000322,0.000605,0.000651,0.000043,-0.000954,-0.001584,-0.001538,-0.001296,-0.001126,-0.001371,-0.001800,-0.002145,-0.001947,-0.001134,0.000266,0.001628,0.002411,0.001851,0.000275,-0.000637,-0.000596,-0.000783,-0.000826,-0.000485,0.000711,0.001820,0.002591,0.001275,-0.000400,-0.000294,-0.000042,-0.000213,-0.001016,-0.001266,-0.000801,0.000081,0.000829,0.001223,0.001134,0.000814,0.000427,0.000030,-0.000546,-0.001045,-0.000934,0.000052,0.001709,0.003347,0.004321,0.003608,0.001754,0.001426,0.002035,0.002427,0.002367,0.001955,0.001448,0.001024,0.000605,0.000211,-0.000232,-0.000729,-0.001137,-0.001175,-0.000765,-0.000005,0.000730,0.001144,0.001053,0.000614,-0.000016,-0.000664,-0.001303,-0.001784,-0.001938,-0.001630,-0.001128,-0.000697,-0.000511,-0.000463,-0.001079,-0.002188,-0.002489,-0.001730,-0.000512,0.000599,0.001150,0.001019,0.000474,0.000248,0.000491,0.000814,0.000788,0.000073,-0.001159,-0.001960,-0.002069,-0.001518,-0.000495,0.000780,0.001877,0.002444,0.002216,0.001530,0.000909,0.000830,0.001076,0.001365,0.001248,0.001000,0.000988,0.001453,0.001849,0.002090,0.001001,0.000162,0.000961,0.001870,0.002359,0.002177,0.001801,0.001321,0.000781,0.000229,-0.000121,-0.000411,-0.000411,-0.000115,0.000307,0.000309,-0.000217,-0.000857,-0.000971,-0.000568,0.000003,0.000239,0.000148,0.000152,0.000267,0.000269,0.000393,0.000507,0.000300,-0.000354,-0.001101,-0.001427,-0.001134,-0.000326,0.000684,0.001483,0.001400,0.000554,0.000246,0.000255,-0.000603,-0.001338,-0.001117,-0.000351,0.000771,0.001623,0.001910,0.001606,0.001055,0.000338,-0.000380,-0.000913,-0.001032,-0.000682,0.000027,0.000738,0.001107,0.000962,0.000302,-0.000612,-0.001242,-0.001519,-0.001313,-0.000763,-0.000128,0.000420,0.001023,0.001568,0.001849,0.001685,0.001233,0.000676,0.000206,-0.000257,-0.000720,-0.001261,-0.001679,-0.001795,-0.001426,-0.000813,-0.000244,-0.000157,-0.000297,-0.000201,0.000414,0.000982,0.001328,0.000499,-0.000399,-0.000159,-0.000204,-0.000709,-0.000819,-0.000251,0.000034,-0.000084,-0.000532,-0.000632,-0.000411,-0.000132,-0.000498,-0.001320,-0.001679,-0.001330,-0.000680,-0.000001,0.000263,0.000034,-0.000652,-0.001306,-0.001587,-0.001294,-0.000678,-0.000019,0.000245,0.000041,-0.000653,-0.001490,-0.002273,-0.002613,-0.002501,-0.001786,-0.000815,0.000225,0.000715],
	[0.002120,0.001397,0.000138,-0.000513,-0.000445,-0.000074,0.000232,0.000173,-0.000193,-0.000304,-0.000151,0.000259,0.000882,0.001450,0.001299,0.000681,0.000496,0.000961,0.001476,0.001741,0.001427,0.000824,0.000207,0.000150,0.000355,0.000706,-0.000114,-0.000929,-0.000599,-0.000420,-0.000702,-0.001525,-0.001907,-0.001916,-0.001707,-0.001641,-0.001202,-0.000245,0.001081,0.001854,0.002031,0.000574,-0.000980,-0.000819,-0.000327,0.000329,0.000154,-0.001123,-0.002574,-0.002349,-0.001555,0.000359,0.001698,0.002888,0.000784,-0.001562,-0.000837,0.000334,0.001852,0.002631,0.002886,0.002422,0.001744,0.000862,0.000052,-0.000759,-0.001414,-0.001727,-0.001417,-0.000537,0.000563,0.001445,0.001675,0.001313,0.000029,-0.001273,-0.001672,-0.001627,-0.000933,-0.000189,0.000355,0.000583,0.000896,0.001288,0.001649,0.001640,0.001169,0.000297,-0.000580,-0.001055,-0.000859,-0.000037,0.001003,0.001766,0.001764,0.001338,0.001109,0.001117,-0.000071,-0.001191,-0.000894,-0.000497,0.000198,0.000575,0.000887,0.000938,0.001373,0.001715,0.001961,0.000792,-0.000315,0.000003,0.000682,0.001487,0.001866,0.001834,0.001399,0.000888,0.000385,-0.000043,-0.000522,-0.001024,-0.001473,-0.001528,-0.001110,-0.000339,0.000351,0.000691,0.000494,-0.000073,-0.000687,-0.000856,-0.000698,-0.000662,-0.001013,-0.001087,-0.001097,-0.001193,-0.001182,-0.000892,-0.000905,-0.001069,-0.000912,-0.000061,0.000650,0.001332,0.001544,0.001908,0.000416,-0.001107,-0.000612,-0.000335,-0.000152,-0.000634,-0.000629,-0.000318,0.000450,0.001227,0.002009,0.001846,0.001088,0.000737,0.000928,-0.000073,-0.000884,-0.000528,0.000187,0.001014,0.001454,0.001404,0.000970,0.000477,0.000041,-0.000368,-0.000784,-0.001245,-0.001787,-0.002195,-0.002289,-0.001916,-0.001237,-0.000536,-0.000292,-0.000644,-0.001883,-0.003226,-0.003903,-0.004007,-0.003224,-0.001820,-0.000067,0.001545,0.002752,0.003265,0.003101,0.002391,0.001430,0.000395,-0.000400,-0.000793,-0.000623,-0.000074,0.000423,0.000438,0.000154,0.000194,0.000728,0.001363,0.001620,0.001412,0.000512,-0.000437,-0.000407,-0.000163,0.000240,-0.000570,-0.001372,-0.001189,-0.001336,-0.001729,-0.001808,-0.001329,-0.000836,-0.000493,-0.000303,-0.000082,0.000220,0.000744,0.001245,0.001418,0.001105,0.000529,-0.000168,-0.000891,-0.001644,-0.002281,-0.002618,-0.002519,-0.002163,-0.001762,-0.001443,-0.001045,-0.000441,0.000285,0.000720,0.000553,-0.000139,-0.000556,-0.000497,-0.000571,-0.000942,-0.000893,-0.000255,0.000632,0.001476,0.002065]
],
	"idxs" : [47,0,23,6,187]
,"hydrophone_pos" : [
	[0.000000,0.000000,0.000000],
	[0.000000,0.000000,0.000000],
	[0.450000,0.000000,0.000000],
	[0.000000,0.450000,0.000000],
	[0.000000,0.000000,-0.450000]
],
	"direction_of_arrival" : [0.635455,0.066890,0.769235]
,	"valid" : [0.000000,-0.000000,-0.000000,-0.000000,-10017698.000000]
}
dump = {
	"magnitude" : [0.000000,0.034572,0.040673,0.045722,0.048857,0.055862,0.095272,0.114584,0.117299,0.239981,0.201053,0.150426,0.268570,0.735685,2.684066,34.118225,7.651308,1.423266,0.201213,0.185602,0.169946,0.077415,0.109147,0.040925,0.062525,0.067232,0.059018,0.044333,0.045462,0.041168,0.065772,0.034660]
,	"raw_mv" : [
	[-6.867000,-0.763000,0.381500,-2.289000,-3.815000,-5.341000,-4.578000,-5.722499,-4.196499,-7.630000,-9.156000,-6.867000,-6.104000,-9.156000,-10.682000,-9.537500,-9.537500,-3.815000,-3.815000,-6.485500,-11.063500,-15.641500,-16.023000,-13.734000,-10.300499,-11.444999,-10.682000,-8.774499,-8.774499,-10.682000,-12.589500,-13.352499,-9.919000,-5.722499,-6.104000,-7.630000,-8.392999,-8.011500,-9.156000,-8.392999,-10.682000,-7.248499,-3.815000,-2.289000,-4.578000,-4.578000,-4.959500,-5.722499,-2.670500,-4.578000,-2.670500,-2.670500,-5.341000,-5.722499,-4.959500,-2.670500,-4.196499,-3.433500,-4.578000,-4.959500,-6.485500,-6.104000,-6.104000,-5.722499,0.763000,0.381500,-4.196499,-5.722499,-5.341000,-5.722499,-4.959500,-5.722499,-6.485500,-1.144500,-2.289000,-5.341000,-4.196499,-3.815000,-3.433500,-3.433500,-4.578000,-6.485500,-7.248499,-10.682000,-13.352499,-11.826499,-8.392999,-9.537500,-7.248499,-5.722499,-5.341000,-6.867000,-9.156000,-9.919000,-6.104000,-1.907500,0.381500,-5.341000,-53.028499,-17.548999,82.785499,1.907500,-82.403999,-11.444999,16.785999,0.763000,-5.722499,-29.757000,9.537500,38.150001,-31.664501,-71.722000,24.797500,33.190502,-122.843002,-47.305999,101.097503,74.774002,110.253501,28.993999,-176.253005,-132.380508,-532.574035,640.538513,534.863037,-210.969497,-1083.841552,-1005.634033,1772.067504,2175.694580,-1830.055541,-2077.267578,1003.726501,1819.755004,-767.959533,-2298.537597,817.173034,2520.952148,-194.183502,-2797.921142,-286.506500,2534.686035,932.767517,-2709.031494,-942.304992,2292.433593,1277.643554,-2454.952636,-1313.123046,2232.919433,1779.697509,-2205.070068,-1744.599487,1663.721557,1945.650024,-1442.070068,-2127.625488,1099.101562,2408.791015,-754.225524,-2614.801025,521.129028,2492.339599,-59.513999,-2681.182128,-154.889007,2569.783935,732.479980,-2787.620605,-963.669006,2456.478515,1474.115966,-2428.629150,-1569.109497,2091.383056,2005.927001,-2031.869018,-2284.803466,1721.709472,2536.593505,-1430.243530,-2725.817626,1025.472045,2795.632080,-488.320007,-3039.410644,105.293998,2919.238037,429.950500,-2999.353027,-631.382507,2609.078613,1220.418579,-2738.025634,-1446.266479,2459.530517,1884.228515,-2403.449951,-1987.996582,1883.847045,2361.103515,-1726.287475,-2425.195556,1360.047485,2544.223632,-1127.332519,-2607.934082,730.191040,2753.666992,-241.108001,-2944.798584,-35.097999,2697.968017,516.932495,-2707.886962,-722.942504,2521.333496,1165.864013,-2576.651123,-1259.331542,2147.463623,1836.159545,-2128.007080,-1897.581054,1731.628540,2154.330566,-1647.317016,-2163.486572,1242.545532,2394.293945,-1020.131042,-2508.744140,711.116027,2564.824462,-371.199493,-2702.546142,113.687004,2598.396484,338.772003,-2739.169921,-538.677978,2438.929443,1031.194458,-2490.813476,-1168.916015,2140.215087,1633.964477,-2248.561035,-1670.588501,1790.379516,2081.082519,-1796.864990,-2165.775634,1366.533081,2437.785156,-1210.880981],
	[0.000000,0.000000,0.000000,0.000000,0.000000,0.000000,0.000000,0.000000,0.000000,0.000000,0.000000,0.000000,0.000000,0.000000,0.000000,0.000000,0.000000,0.000000,0.000000,0.000000,0.000000,0.000000,0.000000,0.000000,0.000000,0.000000,0.000000,0.000000,0.000000,0.000000,0.000000,0.000000,0.000000,0.000000,0.000000,0.000000,0.000000,0.000000,0.000000,0.000000,0.000000,0.000000,0.000000,0.000000,0.000000,0.000000,0.000000,0.000000,0.000000,0.000000,0.000000,0.000000,0.000000,0.000000,0.000000,0.000000,0.000000,0.000000,0.000000,0.000000,0.000000,0.000000,0.000000,0.000000,0.000000,0.000000,0.000000,0.000000,0.000000,0.000000,0.000000,0.000000,0.000000,0.000000,0.000000,0.000000,0.000000,0.000000,0.000000,0.000000,0.000000,0.000000,0.000000,0.000000,0.000000,0.000000,0.000000,0.000000,0.000000,0.000000,0.000000,0.000000,0.000000,0.000000,0.000000,0.000000,0.000000,0.000000,0.000000,0.000000,0.000000,0.000000,0.000000,0.000000,0.000000,0.000000,0.000000,0.000000,0.000000,0.000000,0.000000,0.000000,0.000000,0.000000,0.000000,0.000000,0.000000,0.000000,0.000000,0.000000,0.000000,0.000000,0.000000,0.000000,0.000000,0.000000,0.000000,0.000000,0.000000,0.000000,0.000000,0.000000,0.000000,0.000000,0.000000,0.000000,0.000000,0.000000,0.000000,0.000000,0.000000,0.000000,0.000000,0.000000,0.000000,0.000000,0.000000,0.000000,0.000000,0.000000,0.000000,0.000000,0.000000,0.000000,0.000000,0.000000,0.000000,0.000000,0.000000,0.000000,0.000000,0.000000,0.000000,0.000000,0.000000,0.000000,0.000000,0.000000,0.000000,0.000000,0.000000,0.000000,0.000000,0.000000,0.000000,0.000000,0.000000,0.000000,0.000000,0.000000,0.000000,0.000000,0.000000,0.000000,0.000000,0.000000,0.000000,0.000000,0.000000,0.000000,0.000000,0.000000,0.000000,0.000000,0.000000,0.000000,0.000000,0.000000,0.000000,0.000000,0.000000,0.000000,0.000000,0.000000,0.000000,0.000000,0.000000,0.000000,0.000000,0.000000,0.000000,0.000000,0.000000,0.000000,0.000000,0.000000,0.000000,0.000000,0.000000,0.000000,0.000000,0.000000,0.000000,0.000000,0.000000,0.000000,0.000000,0.000000,0.000000,0.000000,0.000000,0.000000,0.000000,0.000000,0.000000,0.000000,0.000000,0.000000,0.000000,0.000000,0.000000,0.000000,0.000000,0.000000,0.000000,0.000000,0.000000,0.000000,0.000000,0.000000,0.000000,0.000000,0.000000,0.000000,0.000000,0.000000],
	[-6.409200,-6.256600,-6.104000,-6.104000,-6.027700,-5.951400,-6.027700,-5.951400,-5.798800,-5.875100,-5.875100,-6.027700,-6.027700,-6.027700,-5.875100,-5.951400,-6.256600,-6.180300,-6.256600,-6.256600,-6.332900,-6.104000,-6.332900,-6.409200,-6.409200,-6.485500,-6.332900,-6.332900,-6.180300,-6.409200,-6.409200,-6.332900,-6.485500,-6.332900,-6.409200,-6.485500,-6.561800,-6.638100,-6.409200,-6.485500,-6.332900,-6.561800,-6.714400,-6.485500,-6.561800,-6.638100,-6.638100,-6.485500,-6.485500,-6.409200,-6.561800,-6.638100,-6.561800,-6.485500,-6.561800,-6.485500,-6.638100,-6.409200,-6.638100,-6.561800,-6.561800,-6.409200,-6.409200,-6.485500,-6.409200,-6.409200,-6.409200,-6.485500,-6.485500,-6.485500,-7.172200,-6.485500,-5.417300,-6.714400,-7.706300,-6.409200,-5.722500,-6.332900,-7.477400,-7.095900,-4.654300,-6.332900,-8.621900,-5.875100,-4.578000,-8.621900,-11.826499,-7.401100,1.831200,-1.602300,-12.818400,-12.589500,-5.798800,-2.899400,-6.027700,-11.292400,-7.553700,-0.839300,-2.670500,-12.589500,-13.047300,-4.272799,-1.373400,-7.553700,-13.657700,2.517900,14.802200,0.839300,-48.221603,-92.628204,43.643600,110.329803,-33.953502,-61.268901,-22.966300,33.877201,10.834600,-60.124401,-20.448400,30.520000,2.899400,-29.375501,-22.890001,45.474800,-0.915600,-43.719902,-29.528100,35.784702,-4.959500,-46.543003,-12.436900,43.719902,7.706300,-55.622703,-30.138500,51.502502,16.328201,-76.223701,-35.632102,60.582202,48.603099,-75.155502,-71.493103,36.395099,79.504600,-46.924503,-82.327705,9.537500,89.042106,-24.034500,-89.576202,-19.914300,91.712600,6.332900,-91.407402,-42.575401,82.556602,38.073699,-78.131202,-66.304702,59.056201,60.582202,-67.525505,-74.850303,36.624000,79.352005,-47.000801,-84.082603,8.240400,87.439804,-21.211400,-86.295303,-18.998701,87.592399,-3.280900,-77.902305,-29.680700,74.850303,14.344400,-73.934700,-47.305999,65.083900,39.141902,-67.601799,-58.293201,49.213500,51.044700,-61.421501,-63.176403,35.174301,66.457305,-47.916400,-68.898902,10.376800,72.485000,-28.612501,-71.950904,-6.943300,77.215599,-14.573300,-74.163604,-22.279600,71.798301,9.384900,-70.958999,-41.583499,62.260803,30.138500,-66.381004,-51.044700,46.314102,44.940700,-57.988002,-58.140602,31.283000,61.421501,-48.755703,-66.762504,12.055400,69.280403,-31.588201,-68.822601,-6.943300,72.332405,-12.513200,-71.187904,-24.416000,68.517402,7.935200,-69.967102,-37.081802,59.819202,27.086500,-67.525505,-51.349903,47.916400,49.366100,-59.132503,-59.742900,29.757001,59.666603,-46.314102,-64.855003,9.461200,68.746299,-27.544300,-66.991401,-11.216100,69.585601,-8.164100,-68.746299,-27.391700,66.686203,10.758300,-66.838798,-40.591602],
	[-6.867000,-6.867000,-6.485500,-6.485500,-6.485500,-6.867000,-6.867000,-6.867000,-6.867000,-6.485500,-6.867000,-6.867000,-6.485500,-6.485500,-6.485500,-6.867000,-6.867000,-7.248499,-7.248499,-7.248499,-6.867000,-7.248499,-6.867000,-6.867000,-7.248499,-6.867000,-7.248499,-7.248499,-7.248499,-6.867000,-6.867000,-6.867000,-7.248499,-7.248499,-7.248499,-7.248499,-7.248499,-7.248499,-7.248499,-7.248499,-7.248499,-7.248499,-6.867000,-6.867000,-7.248499,-7.248499,-7.248499,-7.248499,-7.248499,-7.248499,-7.248499,-7.248499,-7.248499,-6.867000,-7.248499,-7.248499,-7.248499,-7.248499,-7.248499,-6.867000,-6.867000,-6.867000,-7.248499,-7.248499,-6.867000,-7.248499,-7.248499,-6.867000,-7.248499,-6.867000,-7.248499,-6.867000,-7.248499,-7.248499,-7.248499,-7.248499,-7.248499,-7.248499,-7.248499,-6.867000,-7.248499,-7.248499,-7.248499,-7.248499,-7.248499,-7.248499,-7.248499,-7.248499,-7.248499,-7.248499,-7.248499,-6.867000,-7.248499,-7.630000,-7.248499,-7.630000,-7.630000,-7.248499,-7.248499,-7.248499,-7.248499,-7.248499,-6.867000,-6.867000,-7.630000,-7.248499,-7.248499,-7.248499,-7.248499,-7.248499,-7.248499,-7.248499,-6.867000,-7.248499,-7.630000,-6.867000,-7.248499,-7.248499,-7.248499,-7.248499,-7.248499,-6.867000,-7.248499,-6.867000,-6.867000,-7.248499,-7.248499,-6.867000,-7.248499,-7.630000,-7.248499,-7.248499,-7.248499,-7.248499,-7.248499,-7.248499,-7.248499,-7.248499,-7.630000,-7.248499,-7.248499,-7.248499,-7.248499,-6.867000,-7.248499,-6.867000,-7.248499,-6.867000,-6.867000,-6.867000,-6.867000,-6.485500,-6.485500,-6.485500,-6.485500,-6.485500,-6.867000,-6.867000,-6.867000,-6.485500,-6.867000,-6.867000,-6.867000,-7.248499,-6.867000,-6.867000,-6.867000,-7.248499,-6.867000,-7.248499,-7.248499,-7.248499,-7.248499,-6.867000,-6.867000,-6.867000,-7.248499,-7.248499,-7.248499,-7.248499,-7.248499,-7.248499,-7.248499,-7.248499,-7.248499,-7.248499,-7.248499,-7.248499,-7.248499,-6.867000,-7.248499,-7.248499,-7.248499,-7.248499,-7.248499,-7.630000,-7.248499,-7.248499,-7.248499,-6.867000,-7.248499,-7.248499,-7.248499,-7.248499,-6.867000,-7.248499,-7.248499,-7.248499,-6.867000,-7.630000,-7.248499,-7.248499,-7.248499,-7.248499,-7.248499,-7.248499,-7.248499,-7.248499,-6.867000,-7.248499,-7.248499,-7.248499,-7.248499,-7.248499,-7.248499,-7.248499,-7.248499,-7.248499,-6.867000,-7.248499,-7.248499,-6.867000,-7.248499,-7.248499,-7.248499,-7.248499,-7.248499,-6.867000,-7.248499,-7.248499,-7.248499,-7.248499,-7.248499,-7.248499,-7.248499,-7.248499,-7.248499,-6.867000,-7.248499,-7.248499,-7.248499,-6.867000,-6.867000,-7.248499,-7.248499,-7.248499],
	[-6.867000,-6.867000,-6.485500,-6.867000,-6.867000,-6.867000,-6.485500,-6.485500,-6.867000,-6.867000,-6.485500,-6.867000,-6.485500,-6.867000,-7.248499,-6.485500,-6.867000,-6.867000,-6.867000,-6.867000,-7.248499,-7.248499,-7.248499,-7.248499,-7.248499,-6.867000,-6.867000,-6.867000,-7.248499,-6.867000,-7.248499,-6.867000,-7.248499,-7.248499,-7.248499,-7.248499,-7.248499,-7.630000,-7.248499,-7.248499,-6.867000,-6.867000,-7.248499,-6.867000,-6.867000,-7.248499,-7.248499,-7.248499,-6.867000,-7.248499,-7.248499,-6.867000,-7.248499,-6.867000,-7.248499,-6.867000,-7.248499,-7.630000,-7.248499,-7.248499,-6.867000,-7.248499,-7.248499,-7.248499,-7.248499,-7.248499,-6.867000,-7.248499,-7.248499,-7.248499,-7.248499,-6.867000,-7.630000,-6.867000,-7.248499,-6.867000,-7.248499,-6.867000,-7.248499,-7.248499,-7.248499,-7.248499,-7.248499,-7.248499,-7.248499,-7.248499,-7.248499,-7.248499,-6.867000,-7.248499,-7.248499,-7.248499,-7.248499,-7.630000,-7.248499,-7.248499,-7.248499,-7.248499,-7.248499,-7.248499,-7.248499,-7.630000,-7.248499,-6.867000,-7.248499,-7.248499,-7.630000,-7.248499,-7.248499,-7.248499,-7.248499,-7.248499,-7.248499,-7.248499,-7.248499,-7.248499,-7.630000,-7.248499,-7.248499,-7.248499,-7.248499,-7.248499,-6.867000,-7.248499,-7.248499,-6.867000,-7.248499,-7.248499,-7.248499,-7.248499,-7.248499,-7.248499,-7.248499,-7.630000,-7.248499,-7.248499,-7.248499,-6.867000,-7.248499,-7.248499,-7.248499,-7.630000,-7.248499,-6.867000,-7.248499,-6.867000,-6.867000,-7.248499,-6.485500,-6.867000,-6.867000,-6.867000,-6.867000,-6.867000,-6.867000,-7.248499,-6.867000,-6.867000,-7.248499,-6.867000,-6.485500,-6.867000,-7.248499,-6.867000,-6.867000,-6.867000,-6.867000,-6.867000,-7.248499,-7.248499,-6.867000,-7.248499,-7.248499,-7.248499,-7.248499,-6.867000,-7.248499,-7.630000,-7.248499,-7.630000,-6.867000,-7.248499,-7.248499,-7.248499,-6.867000,-7.248499,-7.248499,-6.867000,-7.248499,-6.867000,-7.248499,-7.248499,-7.248499,-7.248499,-7.248499,-7.248499,-7.630000,-7.248499,-6.867000,-7.248499,-7.248499,-7.248499,-7.248499,-7.248499,-7.248499,-7.248499,-6.867000,-6.867000,-7.248499,-7.248499,-6.867000,-7.248499,-7.248499,-7.248499,-7.248499,-7.630000,-7.248499,-7.248499,-7.248499,-7.248499,-7.248499,-7.248499,-7.630000,-6.867000,-7.248499,-7.248499,-6.867000,-6.867000,-7.248499,-7.248499,-7.248499,-6.867000,-7.248499,-7.248499,-7.248499,-7.248499,-7.248499,-6.867000,-7.248499,-7.248499,-7.248499,-7.248499,-7.248499,-7.248499,-7.248499,-7.248499,-6.867000,-7.248499,-7.248499,-7.248499,-7.248499,-7.248499,-7.248499,-7.248499,-7.630000,-6.867000]
],
"normalized" : [
	[-0.001623,0.002806,0.003636,0.001698,0.000591,-0.000515,0.000037,-0.000792,0.000314,-0.002176,-0.003284,-0.001623,-0.001069,-0.003284,-0.004391,-0.003561,-0.003561,0.000591,0.000591,-0.001346,-0.004668,-0.007990,-0.008267,-0.006606,-0.004114,-0.004945,-0.004391,-0.003007,-0.003007,-0.004391,-0.005775,-0.006329,-0.003837,-0.000792,-0.001069,-0.002176,-0.002730,-0.002453,-0.003284,-0.002730,-0.004391,-0.001900,0.000591,0.001698,0.000037,0.000037,-0.000238,-0.000792,0.001422,0.000037,0.001422,0.001422,-0.000515,-0.000792,-0.000238,0.001422,0.000314,0.000868,0.000037,-0.000238,-0.001346,-0.001069,-0.001069,-0.000792,0.003913,0.003636,0.000314,-0.000792,-0.000515,-0.000792,-0.000238,-0.000792,-0.001346,0.002529,0.001698,-0.000515,0.000314,0.000591,0.000868,0.000868,0.000037,-0.001346,-0.001900,-0.004391,-0.006329,-0.005222,-0.002730,-0.003561,-0.001900,-0.000792,-0.000515,-0.001623,-0.003284,-0.003837,-0.001069,0.001975,0.003636,-0.000515,-0.035120,-0.009374,0.063433,0.004744,-0.056436,-0.004945,0.015540,0.003913,-0.000792,-0.018233,0.010280,0.031043,-0.019617,-0.048685,0.021354,0.027444,-0.085781,-0.030967,0.076721,0.057619,0.083365,0.024399,-0.124538,-0.092702,-0.383103,0.468168,0.391484,-0.149730,-0.783132,-0.726380,1.289264,1.582157,-1.324623,-1.504013,0.731716,1.323869,-0.553911,-1.664578,0.596343,1.832694,-0.137549,-2.026957,-0.204544,1.842660,0.680224,-1.962454,-0.680425,1.666869,0.930484,-1.778081,-0.949510,1.623682,1.294801,-1.596753,-1.262612,1.210642,1.415225,-1.043081,-1.540556,0.800925,1.751304,-0.543945,-1.894076,0.381518,1.811931,-0.039826,-1.942245,-0.109035,1.868129,0.534885,-2.019483,-0.695928,1.785908,1.073055,-1.758980,-1.135267,1.520976,1.458965,-1.471070,-1.654612,1.252722,1.844044,-1.034499,-1.974635,0.747495,2.032016,-0.350990,-2.202194,0.079766,2.121711,0.315354,-2.173127,-0.454804,1.896643,0.888959,-1.983494,-1.046126,1.788123,1.370654,-1.740708,-1.439234,1.370377,1.716699,-1.249324,-1.756488,0.990281,1.849581,-0.814691,-1.889093,0.533224,2.001564,-0.171600,-2.133539,-0.022109,1.961146,0.378473,-1.961624,-0.521244,1.832971,0.849371,-1.866392,-0.910476,1.561671,1.335773,-1.540833,-1.373623,1.259919,1.566654,-1.192019,-1.566578,0.905015,1.740784,-0.736900,-1.817115,0.519382,1.864530,-0.266001,-1.957748,0.085857,1.888891,0.249190,-1.984324,-0.387532,1.773174,0.751648,-1.804104,-0.844866,1.556411,1.189049,-1.628313,-1.208906,1.302552,1.513501,-1.300539,-1.568239,0.994987,1.772343,-0.875318],
	[0.000000,0.000000,0.000000,0.000000,0.000000,0.000000,0.000000,0.000000,0.000000,0.000000,0.000000,0.000000,0.000000,0.000000,0.000000,0.000000,0.000000,0.000000,0.000000,0.000000,0.000000,0.000000,0.000000,0.000000,0.000000,0.000000,0.000000,0.000000,0.000000,0.000000,0.000000,0.000000,0.000000,0.000000,0.000000,0.000000,0.000000,0.000000,0.000000,0.000000,0.000000,0.000000,0.000000,0.000000,0.000000,0.000000,0.000000,0.000000,0.000000,0.000000,0.000000,0.000000,0.000000,0.000000,0.000000,0.000000,0.000000,0.000000,0.000000,0.000000,0.000000,0.000000,0.000000,0.000000,0.000000,0.000000,0.000000,0.000000,0.000000,0.000000,0.000000,0.000000,0.000000,0.000000,0.000000,0.000000,0.000000,0.000000,0.000000,0.000000,0.000000,0.000000,0.000000,0.000000,0.000000,0.000000,0.000000,0.000000,0.000000,0.000000,0.000000,0.000000,0.000000,0.000000,0.000000,0.000000,0.000000,0.000000,0.000000,0.000000,0.000000,0.000000,0.000000,0.000000,0.000000,0.000000,0.000000,0.000000,0.000000,0.000000,0.000000,0.000000,0.000000,0.000000,0.000000,0.000000,0.000000,0.000000,0.000000,0.000000,0.000000,0.000000,0.000000,0.000000,0.000000,0.000000,0.000000,0.000000,0.000000,0.000000,0.000000,0.000000,0.000000,0.000000,0.000000,0.000000,0.000000,0.000000,0.000000,0.000000,0.000000,0.000000,0.000000,0.000000,0.000000,0.000000,0.000000,0.000000,0.000000,0.000000,0.000000,0.000000,0.000000,0.000000,0.000000,0.000000,0.000000,0.000000,0.000000,0.000000,0.000000,0.000000,0.000000,0.000000,0.000000,0.000000,0.000000,0.000000,0.000000,0.000000,0.000000,0.000000,0.000000,0.000000,0.000000,0.000000,0.000000,0.000000,0.000000,0.000000,0.000000,0.000000,0.000000,0.000000,0.000000,0.000000,0.000000,0.000000,0.000000,0.000000,0.000000,0.000000,0.000000,0.000000,0.000000,0.000000,0.000000,0.000000,0.000000,0.000000,0.000000,0.000000,0.000000,0.000000,0.000000,0.000000,0.000000,0.000000,0.000000,0.000000,0.000000,0.000000,0.000000,0.000000,0.000000,0.000000,0.000000,0.000000,0.000000,0.000000,0.000000,0.000000,0.000000,0.000000,0.000000,0.000000,0.000000,0.000000,0.000000,0.000000,0.000000,0.000000,0.000000,0.000000,0.000000,0.000000,0.000000,0.000000,0.000000,0.000000,0.000000,0.000000,0.000000,0.000000,0.000000,0.000000,0.000000,0.000000,0.000000,0.000000,0.000000,0.000000,0.000000,0.000000,0.000000,0.000000],
	[0.006955,0.010680,0.014405,0.014405,0.016268,0.018130,0.016268,0.018130,0.021855,0.019993,0.019993,0.016268,0.016268,0.016268,0.019993,0.018130,0.010680,0.012543,0.010680,0.010680,0.008818,0.014405,0.008818,0.006955,0.006955,0.005092,0.008818,0.008818,0.012543,0.006955,0.006955,0.008818,0.005092,0.008818,0.006955,0.005092,0.003230,0.001367,0.006955,0.005092,0.008818,0.003230,-0.000494,0.005092,0.003230,0.001367,0.001367,0.005092,0.005092,0.006955,0.003230,0.001367,0.003230,0.005092,0.003230,0.005092,0.001367,0.006955,0.001367,0.003230,0.003230,0.006955,0.006955,0.005092,0.006955,0.006955,0.006955,0.005092,0.005092,0.005092,-0.011670,0.005092,0.031168,-0.000494,-0.024707,0.006955,0.023718,0.008818,-0.019120,-0.009807,0.049794,0.008818,-0.047058,0.019993,0.051656,-0.047058,-0.125285,-0.017257,0.208110,0.124296,-0.149498,-0.143911,0.021855,0.092632,0.016268,-0.112247,-0.020982,0.142921,0.098220,-0.143911,-0.155086,0.059106,0.129883,-0.020982,-0.169986,0.224873,0.524744,0.183897,-1.013722,-2.097726,1.228788,2.856657,-0.665425,-1.332218,-0.397217,0.990382,0.427891,-1.304279,-0.335753,0.908429,0.234186,-0.553672,-0.395355,1.273489,0.141059,-0.903831,-0.557397,1.036945,0.042343,-0.972746,-0.140185,1.230651,0.351527,-1.194389,-0.572297,1.420631,0.561995,-1.697277,-0.706401,1.642274,1.349854,-1.671202,-1.581799,1.051846,2.104187,-0.982058,-1.846282,0.396228,2.337006,-0.423293,-2.023224,-0.322715,2.402195,0.318001,-2.067925,-0.875893,2.178689,1.092822,-1.743841,-1.455146,1.605023,1.642274,-1.484947,-1.663752,1.057433,2.100462,-0.983921,-1.889120,0.364565,2.297892,-0.354379,-1.943134,-0.300365,2.301617,0.083320,-1.738254,-0.561122,1.990571,0.513569,-1.641401,-0.991371,1.752165,1.118898,-1.486809,-1.259578,1.364754,1.409455,-1.335943,-1.378781,1.022045,1.785691,-1.006271,-1.518473,0.416716,1.932832,-0.535046,-1.592975,-0.006082,2.048310,-0.192337,-1.646989,-0.380454,1.916069,0.392503,-1.568761,-0.851680,1.683250,0.899117,-1.457009,-1.082636,1.293977,1.260451,-1.252128,-1.255853,0.927055,1.662762,-1.026759,-1.466321,0.457692,1.854605,-0.607686,-1.516610,-0.006082,1.929107,-0.142048,-1.574349,-0.432606,1.835979,0.357114,-1.544548,-0.741789,1.623649,0.824615,-1.484947,-1.090086,1.333091,1.368479,-1.280066,-1.294967,0.889804,1.619924,-0.967158,-1.419758,0.394365,1.841567,-0.508970,-1.471909,-0.110385,1.862055,-0.035883,-1.514748,-0.505245,1.791278,0.426029,-1.468184,-0.827467],
	[1.072652,1.072652,2.669164,2.669164,2.669164,1.072652,1.072652,1.072652,1.072652,2.669164,1.072652,1.072652,2.669164,2.669164,2.669164,1.072652,1.072652,-0.523860,-0.523860,-0.523860,1.072652,-0.523860,1.072652,1.072652,-0.523860,1.072652,-0.523860,-0.523860,-0.523860,1.072652,1.072652,1.072652,-0.523860,-0.523860,-0.523860,-0.523860,-0.523860,-0.523860,-0.523860,-0.523860,-0.523860,-0.523860,1.072652,1.072652,-0.523860,-0.523860,-0.523860,-0.523860,-0.523860,-0.523860,-0.523860,-0.523860,-0.523860,1.072652,-0.523860,-0.523860,-0.523860,-0.523860,-0.523860,1.072652,1.072652,1.072652,-0.523860,-0.523860,1.072652,-0.523860,-0.523860,1.072652,-0.523860,1.072652,-0.523860,1.072652,-0.523860,-0.523860,-0.523860,-0.523860,-0.523860,-0.523860,-0.523860,1.072652,-0.523860,-0.523860,-0.523860,-0.523860,-0.523860,-0.523860,-0.523860,-0.523860,-0.523860,-0.523860,-0.523860,1.072652,-0.523860,-2.120374,-0.523860,-2.120374,-2.120374,-0.523860,-0.523860,-0.523860,-0.523860,-0.523860,1.072652,1.072652,-2.120374,-0.523860,-0.523860,-0.523860,-0.523860,-0.523860,-0.523860,-0.523860,1.072652,-0.523860,-2.120374,1.072652,-0.523860,-0.523860,-0.523860,-0.523860,-0.523860,1.072652,-0.523860,1.072652,1.072652,-0.523860,-0.523860,1.072652,-0.523860,-2.120374,-0.523860,-0.523860,-0.523860,-0.523860,-0.523860,-0.523860,-0.523860,-0.523860,-2.120374,-0.523860,-0.523860,-0.523860,-0.523860,1.072652,-0.523860,1.072652,-0.523860,1.072652,1.072652,1.072652,1.072652,2.669164,2.669164,2.669164,2.669164,2.669164,1.072652,1.072652,1.072652,2.669164,1.072652,1.072652,1.072652,-0.523860,1.072652,1.072652,1.072652,-0.523860,1.072652,-0.523860,-0.523860,-0.523860,-0.523860,1.072652,1.072652,1.072652,-0.523860,-0.523860,-0.523860,-0.523860,-0.523860,-0.523860,-0.523860,-0.523860,-0.523860,-0.523860,-0.523860,-0.523860,-0.523860,1.072652,-0.523860,-0.523860,-0.523860,-0.523860,-0.523860,-2.120374,-0.523860,-0.523860,-0.523860,1.072652,-0.523860,-0.523860,-0.523860,-0.523860,1.072652,-0.523860,-0.523860,-0.523860,1.072652,-2.120374,-0.523860,-0.523860,-0.523860,-0.523860,-0.523860,-0.523860,-0.523860,-0.523860,1.072652,-0.523860,-0.523860,-0.523860,-0.523860,-0.523860,-0.523860,-0.523860,-0.523860,-0.523860,1.072652,-0.523860,-0.523860,1.072652,-0.523860,-0.523860,-0.523860,-0.523860,-0.523860,1.072652,-0.523860,-0.523860,-0.523860,-0.523860,-0.523860,-0.523860,-0.523860,-0.523860,-0.523860,1.072652,-0.523860,-0.523860,-0.523860,1.072652,1.072652,-0.523860,-0.523860,-0.523860],
	[1.154270,1.154270,2.769001,1.154270,1.154270,1.154270,2.769001,2.769001,1.154270,1.154270,2.769001,1.154270,2.769001,1.154270,-0.460460,2.769001,1.154270,1.154270,1.154270,1.154270,-0.460460,-0.460460,-0.460460,-0.460460,-0.460460,1.154270,1.154270,1.154270,-0.460460,1.154270,-0.460460,1.154270,-0.460460,-0.460460,-0.460460,-0.460460,-0.460460,-2.075194,-0.460460,-0.460460,1.154270,1.154270,-0.460460,1.154270,1.154270,-0.460460,-0.460460,-0.460460,1.154270,-0.460460,-0.460460,1.154270,-0.460460,1.154270,-0.460460,1.154270,-0.460460,-2.075194,-0.460460,-0.460460,1.154270,-0.460460,-0.460460,-0.460460,-0.460460,-0.460460,1.154270,-0.460460,-0.460460,-0.460460,-0.460460,1.154270,-2.075194,1.154270,-0.460460,1.154270,-0.460460,1.154270,-0.460460,-0.460460,-0.460460,-0.460460,-0.460460,-0.460460,-0.460460,-0.460460,-0.460460,-0.460460,1.154270,-0.460460,-0.460460,-0.460460,-0.460460,-2.075194,-0.460460,-0.460460,-0.460460,-0.460460,-0.460460,-0.460460,-0.460460,-2.075194,-0.460460,1.154270,-0.460460,-0.460460,-2.075194,-0.460460,-0.460460,-0.460460,-0.460460,-0.460460,-0.460460,-0.460460,-0.460460,-0.460460,-2.075194,-0.460460,-0.460460,-0.460460,-0.460460,-0.460460,1.154270,-0.460460,-0.460460,1.154270,-0.460460,-0.460460,-0.460460,-0.460460,-0.460460,-0.460460,-0.460460,-2.075194,-0.460460,-0.460460,-0.460460,1.154270,-0.460460,-0.460460,-0.460460,-2.075194,-0.460460,1.154270,-0.460460,1.154270,1.154270,-0.460460,2.769001,1.154270,1.154270,1.154270,1.154270,1.154270,1.154270,-0.460460,1.154270,1.154270,-0.460460,1.154270,2.769001,1.154270,-0.460460,1.154270,1.154270,1.154270,1.154270,1.154270,-0.460460,-0.460460,1.154270,-0.460460,-0.460460,-0.460460,-0.460460,1.154270,-0.460460,-2.075194,-0.460460,-2.075194,1.154270,-0.460460,-0.460460,-0.460460,1.154270,-0.460460,-0.460460,1.154270,-0.460460,1.154270,-0.460460,-0.460460,-0.460460,-0.460460,-0.460460,-0.460460,-2.075194,-0.460460,1.154270,-0.460460,-0.460460,-0.460460,-0.460460,-0.460460,-0.460460,-0.460460,1.154270,1.154270,-0.460460,-0.460460,1.154270,-0.460460,-0.460460,-0.460460,-0.460460,-2.075194,-0.460460,-0.460460,-0.460460,-0.460460,-0.460460,-0.460460,-2.075194,1.154270,-0.460460,-0.460460,1.154270,1.154270,-0.460460,-0.460460,-0.460460,1.154270,-0.460460,-0.460460,-0.460460,-0.460460,-0.460460,1.154270,-0.460460,-0.460460,-0.460460,-0.460460,-0.460460,-0.460460,-0.460460,-0.460460,1.154270,-0.460460,-0.460460,-0.460460,-0.460460,-0.460460,-0.460460,-0.460460,-2.075194,1.154270]
],
"cwt" : [
	[0.346887,0.192805,0.090284,0.035422,0.011493,0.002831,0.000328,0.000200,0.000399,0.000720,0.000771,0.000615,0.000602,0.000680,0.000521,0.000488,0.000747,0.000801,0.000821,0.000885,0.000818,0.000874,0.000884,0.000673,0.000498,0.000444,0.000440,0.000422,0.000469,0.000620,0.000709,0.000801,0.000890,0.000795,0.000601,0.000455,0.000297,0.000163,0.000216,0.000451,0.000658,0.000734,0.000742,0.000627,0.000379,0.000205,0.000198,0.000163,0.000096,0.000053,0.000288,0.000471,0.000508,0.000477,0.000440,0.000328,0.000150,0.000026,0.000069,0.000129,0.000051,0.000262,0.000598,0.000897,0.001111,0.001125,0.000894,0.000585,0.000378,0.000291,0.000342,0.000524,0.000723,0.000809,0.000749,0.000608,0.000435,0.000260,0.000168,0.000184,0.000093,0.000120,0.000388,0.000662,0.000763,0.000615,0.000367,0.000244,0.000345,0.000422,0.000470,0.000591,0.000720,0.001016,0.001968,0.003945,0.007228,0.011718,0.016719,0.021133,0.023839,0.024053,0.021699,0.017605,0.013272,0.010272,0.009573,0.010989,0.013649,0.016664,0.019407,0.021959,0.025084,0.028810,0.031092,0.029025,0.021550,0.011906,0.011165,0.027252,0.061896,0.113190,0.170516,0.224398,0.279646,0.357958,0.474481,0.615423,0.748011,0.841524,0.882277,0.879096,0.856887,0.841440,0.846047,0.868930,0.900167,0.930042,0.953112,0.968414,0.977923,0.983858,0.986527,0.985234,0.981047,0.977415,0.977627,0.982103,0.988165,0.991592,0.988324,0.976311,0.957435,0.937401,0.922474,0.915873,0.917205,0.924154,0.933472,0.941379,0.945303,0.945860,0.946217,0.949315,0.956320,0.967221,0.981196,0.995942,1.008156,1.015781,1.019284,1.020538,1.021523,1.024379,1.031142,1.042076,1.054794,1.066013,1.073870,1.078109,1.079050,1.077641,1.075928,1.075919,1.077768,1.079895,1.080688,1.079268,1.075237,1.069244,1.063893,1.062650,1.067013,1.075192,1.083662,1.089346,1.090480,1.086794,1.079683,1.071467,1.063555,1.055582,1.046721,1.037319,1.028817,1.022648,1.019812,1.020752,1.024396,1.027538,1.026652,1.020836,1.012406,1.004675,0.999738,0.997980,0.998388,0.999087,0.998676,0.997531,0.996995,0.997044,0.995797,0.991778,0.985476,0.978249,0.970989,0.964561,0.960306,0.958861,0.959204,0.959950,0.960935,0.962576,0.964509,0.966062,0.967401,0.968909,0.969905,0.969253,0.966992,0.964325,0.962316,0.961558,0.962598,0.965483,0.969118,0.972095,0.974066,0.975334,0.974158,0.963071,0.926739,0.845924,0.710272,0.532252],
	[0.000000,0.000000,0.000000,0.000000,0.000000,0.000000,0.000000,0.000000,0.000000,0.000000,0.000000,0.000000,0.000000,0.000000,0.000000,0.000000,0.000000,0.000000,0.000000,0.000000,0.000000,0.000000,0.000000,0.000000,0.000000,0.000000,0.000000,0.000000,0.000000,0.000000,0.000000,0.000000,0.000000,0.000000,0.000000,0.000000,0.000000,0.000000,0.000000,0.000000,0.000000,0.000000,0.000000,0.000000,0.000000,0.000000,0.000000,0.000000,0.000000,0.000000,0.000000,0.000000,0.000000,0.000000,0.000000,0.000000,0.000000,0.000000,0.000000,0.000000,0.000000,0.000000,0.000000,0.000000,0.000000,0.000000,0.000000,0.000000,0.000000,0.000000,0.000000,0.000000,0.000000,0.000000,0.000000,0.000000,0.000000,0.000000,0.000000,0.000000,0.000000,0.000000,0.000000,0.000000,0.000000,0.000000,0.000000,0.000000,0.000000,0.000000,0.000000,0.000000,0.000000,0.000000,0.000000,0.000000,0.000000,0.000000,0.000000,0.000000,0.000000,0.000000,0.000000,0.000000,0.000000,0.000000,0.000000,0.000000,0.000000,0.000000,0.000000,0.000000,0.000000,0.000000,0.000000,0.000000,0.000000,0.000000,0.000000,0.000000,0.000000,0.000000,0.000000,0.000000,0.000000,0.000000,0.000000,0.000000,0.000000,0.000000,0.000000,0.000000,0.000000,0.000000,0.000000,0.000000,0.000000,0.000000,0.000000,0.000000,0.000000,0.000000,0.000000,0.000000,0.000000,0.000000,0.000000,0.000000,0.000000,0.000000,0.000000,0.000000,0.000000,0.000000,0.000000,0.000000,0.000000,0.000000,0.000000,0.000000,0.000000,0.000000,0.000000,0.000000,0.000000,0.000000,0.000000,0.000000,0.000000,0.000000,0.000000,0.000000,0.000000,0.000000,0.000000,0.000000,0.000000,0.000000,0.000000,0.000000,0.000000,0.000000,0.000000,0.000000,0.000000,0.000000,0.000000,0.000000,0.000000,0.000000,0.000000,0.000000,0.000000,0.000000,0.000000,0.000000,0.000000,0.000000,0.000000,0.000000,0.000000,0.000000,0.000000,0.000000,0.000000,0.000000,0.000000,0.000000,0.000000,0.000000,0.000000,0.000000,0.000000,0.000000,0.000000,0.000000,0.000000,0.000000,0.000000,0.000000,0.000000,0.000000,0.000000,0.000000,0.000000,0.000000,0.000000,0.000000,0.000000,0.000000,0.000000,0.000000,0.000000,0.000000,0.000000,0.000000,0.000000,0.000000,0.000000,0.000000,0.000000,0.000000,0.000000,0.000000,0.000000,0.000000,0.000000,0.000000,0.000000,0.000000,0.000000,0.000000,0.000000,0.000000,0.000000,0.000000],
	[0.304383,0.171701,0.081445,0.032285,0.011043,0.003348,0.000792,0.000818,0.001033,0.000855,0.000582,0.000633,0.000891,0.001270,0.001590,0.001524,0.001088,0.000660,0.000375,0.000503,0.000952,0.001131,0.000948,0.000626,0.000344,0.000429,0.000756,0.000955,0.000977,0.000795,0.000473,0.000114,0.000277,0.000568,0.000732,0.000827,0.000867,0.000882,0.000900,0.001017,0.001286,0.001475,0.001437,0.001260,0.001098,0.001016,0.000931,0.000801,0.000810,0.000929,0.000977,0.000947,0.000832,0.000625,0.000448,0.000412,0.000509,0.000641,0.000736,0.000817,0.000866,0.000810,0.000651,0.000498,0.000456,0.000392,0.000369,0.001152,0.002696,0.004809,0.007186,0.009454,0.011228,0.012244,0.012542,0.012508,0.012699,0.013551,0.015170,0.017332,0.019646,0.022105,0.025635,0.031535,0.040282,0.051473,0.064099,0.076224,0.084994,0.087825,0.084133,0.076034,0.067289,0.061314,0.059739,0.062321,0.067652,0.073870,0.079190,0.082405,0.083846,0.086417,0.095608,0.118061,0.160413,0.233355,0.354509,0.533252,0.749002,0.949438,1.073327,1.084728,0.995730,0.859443,0.735587,0.654064,0.607655,0.573756,0.536556,0.496732,0.467710,0.461901,0.478450,0.503142,0.520182,0.523485,0.517685,0.512656,0.517563,0.535752,0.564342,0.598534,0.635199,0.674394,0.718310,0.767998,0.821544,0.875678,0.927952,0.976065,1.016601,1.046969,1.067426,1.079395,1.083997,1.083973,1.084162,1.087689,1.093577,1.099876,1.107049,1.116047,1.125100,1.131392,1.134450,1.135219,1.133184,1.127492,1.120055,1.114124,1.110133,1.106102,1.101706,1.098732,1.097270,1.094703,1.089646,1.083926,1.079230,1.074567,1.068439,1.060596,1.050052,1.034475,1.013975,0.993312,0.978001,0.969512,0.966155,0.966766,0.970432,0.973945,0.973490,0.968924,0.963459,0.959306,0.956247,0.954073,0.953145,0.951877,0.946837,0.937125,0.926220,0.917904,0.912760,0.910142,0.910527,0.913571,0.916211,0.915523,0.912281,0.909322,0.907502,0.905878,0.904653,0.904605,0.904221,0.900762,0.894208,0.887493,0.882733,0.879880,0.879261,0.882210,0.887947,0.892586,0.893108,0.890289,0.886244,0.881442,0.876145,0.872377,0.871704,0.872575,0.872500,0.871625,0.871593,0.872141,0.871872,0.871605,0.873854,0.879150,0.885612,0.892066,0.898540,0.903432,0.903614,0.898471,0.891035,0.884029,0.877324,0.870392,0.864388,0.859914,0.855280,0.849444,0.844566,0.843097,0.844099,0.844729,0.842796,0.833334,0.802947,0.733317,0.615670,0.462668],
	[0.106084,0.099177,0.220797,0.292743,0.297037,0.244072,0.185462,0.211451,0.296275,0.362308,0.394845,0.411474,0.401688,0.343700,0.237612,0.103520,0.115779,0.230498,0.279271,0.245057,0.155144,0.115241,0.171097,0.174135,0.114413,0.158409,0.267515,0.333019,0.351991,0.348792,0.341440,0.324088,0.275164,0.192319,0.104454,0.044480,0.019494,0.017474,0.048824,0.122201,0.230473,0.344128,0.419009,0.420269,0.345885,0.229692,0.118986,0.044378,0.004002,0.040874,0.108518,0.195874,0.270764,0.297308,0.255559,0.148552,0.009394,0.148272,0.263293,0.335415,0.382746,0.414592,0.412845,0.371389,0.318927,0.279419,0.237516,0.176332,0.110439,0.077386,0.103792,0.157672,0.183840,0.157603,0.107012,0.086036,0.124374,0.200078,0.272070,0.302751,0.273460,0.195929,0.107842,0.045577,0.018483,0.011872,0.017666,0.050850,0.125527,0.238237,0.361359,0.443514,0.426662,0.293335,0.158199,0.252324,0.339150,0.325271,0.267995,0.251117,0.319159,0.449535,0.573971,0.623141,0.565442,0.423150,0.256282,0.119736,0.044121,0.113280,0.237788,0.375392,0.491618,0.553965,0.542749,0.461806,0.338466,0.202103,0.093974,0.117167,0.147871,0.115925,0.160776,0.295787,0.397081,0.443964,0.477238,0.524173,0.548378,0.500999,0.381501,0.238502,0.126176,0.066339,0.063378,0.112250,0.190183,0.269326,0.304299,0.264981,0.184408,0.161271,0.181248,0.159294,0.115517,0.115325,0.162383,0.198287,0.201434,0.218864,0.258075,0.250673,0.158957,0.042741,0.169854,0.281545,0.338626,0.360300,0.358613,0.310709,0.188150,0.051996,0.185309,0.296121,0.343229,0.336951,0.279775,0.197411,0.170646,0.188246,0.177680,0.189363,0.253128,0.308698,0.331731,0.322986,0.275475,0.192277,0.104219,0.044822,0.019115,0.008240,0.003976,0.007497,0.015040,0.045733,0.110261,0.195873,0.272099,0.307319,0.289457,0.241172,0.211051,0.231248,0.272856,0.266349,0.170523,0.047472,0.169438,0.261504,0.273951,0.247199,0.254917,0.306837,0.352587,0.372442,0.381078,0.400165,0.422173,0.405766,0.327087,0.212668,0.110097,0.040490,0.034423,0.105031,0.194976,0.272644,0.302862,0.271747,0.195411,0.108683,0.042217,0.007947,0.041362,0.106767,0.193360,0.267700,0.301387,0.303995,0.305137,0.298314,0.251134,0.151535,0.048113,0.153178,0.257863,0.297784,0.269735,0.195809,0.109764,0.041769,0.007652,0.040662,0.107383,0.201865,0.292517,0.353787,0.390248,0.421028,0.453803,0.474156,0.460792,0.410650,0.334336,0.233335],
	[0.169603,0.087150,0.272706,0.362718,0.409932,0.461193,0.504856,0.498979,0.430944,0.325291,0.202934,0.184069,0.342655,0.470105,0.501912,0.447354,0.324926,0.195362,0.196637,0.255051,0.242567,0.149835,0.054113,0.162703,0.271443,0.331255,0.337097,0.289442,0.205508,0.130602,0.120645,0.167866,0.203394,0.202493,0.199100,0.233968,0.291146,0.319422,0.314465,0.334062,0.373575,0.377407,0.366180,0.393774,0.432319,0.438330,0.418369,0.390340,0.356028,0.311703,0.254397,0.185561,0.125331,0.123932,0.215147,0.358822,0.473252,0.498887,0.452539,0.396722,0.349520,0.275445,0.155972,0.039149,0.152749,0.260430,0.311644,0.306486,0.279485,0.275129,0.294015,0.313235,0.311284,0.267849,0.186256,0.097364,0.083485,0.150073,0.182463,0.153747,0.092285,0.040761,0.015281,0.014114,0.046461,0.110649,0.196709,0.273192,0.302216,0.265532,0.193353,0.189930,0.265266,0.306289,0.274510,0.197363,0.126296,0.101101,0.141716,0.246562,0.387216,0.510081,0.564324,0.537914,0.467492,0.405824,0.358859,0.291082,0.197791,0.109127,0.046612,0.012487,0.046713,0.109170,0.193372,0.275760,0.315475,0.292860,0.238883,0.212491,0.239454,0.286351,0.309353,0.307238,0.308431,0.306099,0.268372,0.190615,0.096168,0.026754,0.094353,0.183469,0.256642,0.264462,0.174468,0.048962,0.154423,0.207240,0.137878,0.071241,0.262730,0.408938,0.418812,0.287254,0.099359,0.093530,0.212360,0.321586,0.369294,0.319975,0.222022,0.153403,0.154034,0.211460,0.271512,0.304653,0.333514,0.406072,0.528086,0.645701,0.697240,0.656116,0.539555,0.381972,0.202592,0.013256,0.175874,0.316237,0.383557,0.386085,0.358466,0.316346,0.277372,0.299885,0.386611,0.463447,0.461527,0.368819,0.288640,0.330683,0.386866,0.393817,0.377927,0.361384,0.339624,0.303823,0.247117,0.160888,0.080104,0.125426,0.171487,0.157962,0.125837,0.149479,0.248936,0.387343,0.506235,0.550010,0.501024,0.385415,0.251038,0.145260,0.103896,0.141394,0.240850,0.361668,0.455069,0.488157,0.461951,0.406168,0.343978,0.268067,0.186463,0.184874,0.262608,0.305764,0.271835,0.181092,0.081503,0.084558,0.196567,0.310081,0.369121,0.352175,0.333632,0.395193,0.467977,0.486586,0.461461,0.427970,0.397874,0.354340,0.276636,0.158590,0.044119,0.153800,0.260293,0.301519,0.273377,0.198385,0.114171,0.058089,0.056860,0.111515,0.198821,0.277231,0.305916,0.272547,0.194226,0.100163,0.043914,0.119807,0.242315,0.380058,0.455049,0.383972]
],
"envelope_edge" : [
	[0.010377,0.009743,0.008879,0.008020,0.007292,0.006710,0.006243,0.005861,0.005537,0.005255,0.005004,0.004776,0.004566,0.004373,0.004194,0.004024,0.003865,0.003717,0.003576,0.003442,0.003315,0.003192,0.003076,0.002964,0.002854,0.002748,0.002646,0.002547,0.002450,0.002357,0.002267,0.002179,0.002095,0.002012,0.001931,0.001850,0.001771,0.001692,0.001614,0.001538,0.001465,0.001394,0.001324,0.001255,0.001186,0.001117,0.001048,0.000980,0.000913,0.000846,0.000779,0.000715,0.000652,0.000588,0.000525,0.000463,0.000399,0.000335,0.000271,0.000209,0.000145,0.000081,0.000018,-0.000042,-0.000102,-0.000162,-0.000222,-0.000284,-0.000348,-0.000412,-0.000477,-0.000542,-0.000605,-0.000668,-0.000732,-0.000796,-0.000862,-0.000929,-0.000998,-0.001067,-0.001136,-0.001208,-0.001280,-0.001352,-0.001423,-0.001496,-0.001572,-0.001651,-0.001732,-0.001813,-0.001898,-0.001985,-0.002075,-0.002172,-0.002274,-0.002380,-0.002485,-0.002583,-0.002669,-0.002742,-0.002804,-0.002864,-0.002935,-0.003027,-0.003145,-0.003286,-0.003440,-0.003597,-0.003752,-0.003903,-0.004056,-0.004218,-0.004388,-0.004558,-0.004723,-0.004899,-0.005124,-0.005455,-0.005909,-0.006428,-0.006951,-0.007405,-0.007751,-0.008053,-0.008423,-0.008874,-0.009212,-0.009200,-0.008759,-0.008002,-0.007166,-0.006490,-0.006101,-0.005963,-0.005941,-0.005899,-0.005770,-0.005552,-0.005283,-0.005001,-0.004734,-0.004482,-0.004242,-0.004022,-0.003839,-0.003700,-0.003586,-0.003464,-0.003309,-0.003116,-0.002900,-0.002700,-0.002561,-0.002507,-0.002526,-0.002579,-0.002629,-0.002650,-0.002631,-0.002573,-0.002502,-0.002447,-0.002423,-0.002421,-0.002425,-0.002418,-0.002384,-0.002311,-0.002201,-0.002076,-0.001960,-0.001867,-0.001799,-0.001755,-0.001720,-0.001669,-0.001582,-0.001459,-0.001316,-0.001168,-0.001026,-0.000903,-0.000802,-0.000716,-0.000625,-0.000520,-0.000404,-0.000285,-0.000174,-0.000087,-0.000035,-0.000008,0.000023,0.000088,0.000197,0.000341,0.000504,0.000663,0.000802,0.000916,0.001015,0.001108,0.001190,0.001255,0.001297,0.001322,0.001341,0.001367,0.001422,0.001515,0.001633,0.001746,0.001828,0.001880,0.001914,0.001948,0.001997,0.002065,0.002143,0.002220,0.002298,0.002388,0.002496,0.002608,0.002709,0.002795,0.002866,0.002921,0.002964,0.003009,0.003068,0.003140,0.003220,0.003308,0.003409,0.003522,0.003643,0.003774,0.003922,0.004083,0.004245,0.004404,0.004563,0.004730,0.004911,0.005121,0.005372,0.005669,0.006016,0.006428,0.006947,0.007621,0.008462,0.009382,0.010163,0.010543],
	[0.000000,0.000000,0.000000,0.000000,0.000000,0.000000,0.000000,0.000000,0.000000,0.000000,0.000000,0.000000,0.000000,0.000000,0.000000,0.000000,0.000000,0.000000,0.000000,0.000000,0.000000,0.000000,0.000000,0.000000,0.000000,0.000000,0.000000,0.000000,0.000000,0.000000,0.000000,0.000000,0.000000,0.000000,0.000000,0.000000,0.000000,0.000000,0.000000,0.000000,0.000000,0.000000,0.000000,0.000000,0.000000,0.000000,0.000000,0.000000,0.000000,0.000000,0.000000,0.000000,0.000000,0.000000,0.000000,0.000000,0.000000,0.000000,0.000000,0.000000,0.000000,0.000000,0.000000,0.000000,0.000000,0.000000,0.000000,0.000000,0.000000,0.000000,0.000000,0.000000,0.000000,0.000000,0.000000,0.000000,0.000000,0.000000,0.000000,0.000000,0.000000,0.000000,0.000000,0.000000,0.000000,0.000000,0.000000,0.000000,0.000000,0.000000,0.000000,0.000000,0.000000,0.000000,0.000000,0.000000,0.000000,0.000000,0.000000,0.000000,0.000000,0.000000,0.000000,0.000000,0.000000,0.000000,0.000000,0.000000,0.000000,0.000000,0.000000,0.000000,0.000000,0.000000,0.000000,0.000000,0.000000,0.000000,0.000000,0.000000,0.000000,0.000000,0.000000,0.000000,0.000000,0.000000,0.000000,0.000000,0.000000,0.000000,0.000000,0.000000,0.000000,0.000000,0.000000,0.000000,0.000000,0.000000,0.000000,0.000000,0.000000,0.000000,0.000000,0.000000,0.000000,0.000000,0.000000,0.000000,0.000000,0.000000,0.000000,0.000000,0.000000,0.000000,0.000000,0.000000,0.000000,0.000000,0.000000,0.000000,0.000000,0.000000,0.000000,0.000000,0.000000,0.000000,0.000000,0.000000,0.000000,0.000000,0.000000,0.000000,0.000000,0.000000,0.000000,0.000000,0.000000,0.000000,0.000000,0.000000,0.000000,0.000000,0.000000,0.000000,0.000000,0.000000,0.000000,0.000000,0.000000,0.000000,0.000000,0.000000,0.000000,0.000000,0.000000,0.000000,0.000000,0.000000,0.000000,0.000000,0.000000,0.000000,0.000000,0.000000,0.000000,0.000000,0.000000,0.000000,0.000000,0.000000,0.000000,0.000000,0.000000,0.000000,0.000000,0.000000,0.000000,0.000000,0.000000,0.000000,0.000000,0.000000,0.000000,0.000000,0.000000,0.000000,0.000000,0.000000,0.000000,0.000000,0.000000,0.000000,0.000000,0.000000,0.000000,0.000000,0.000000,0.000000,0.000000,0.000000,0.000000,0.000000,0.000000,0.000000,0.000000,0.000000,0.000000,0.000000,0.000000,0.000000,0.000000,0.000000,0.000000,0.000000,0.000000,0.000000],
	[0.009109,0.008564,0.007815,0.007057,0.006407,0.005889,0.005470,0.005123,0.004832,0.004575,0.004342,0.004129,0.003934,0.003754,0.003589,0.003436,0.003289,0.003147,0.003011,0.002879,0.002756,0.002640,0.002529,0.002420,0.002312,0.002206,0.002105,0.002009,0.001917,0.001826,0.001736,0.001645,0.001554,0.001469,0.001385,0.001303,0.001223,0.001143,0.001063,0.000985,0.000908,0.000834,0.000760,0.000687,0.000612,0.000538,0.000465,0.000391,0.000317,0.000244,0.000172,0.000100,0.000028,-0.000044,-0.000118,-0.000193,-0.000268,-0.000342,-0.000417,-0.000492,-0.000567,-0.000642,-0.000720,-0.000800,-0.000882,-0.000965,-0.001054,-0.001147,-0.001239,-0.001328,-0.001413,-0.001493,-0.001571,-0.001648,-0.001730,-0.001820,-0.001918,-0.002023,-0.002132,-0.002241,-0.002352,-0.002471,-0.002601,-0.002738,-0.002870,-0.002986,-0.003076,-0.003132,-0.003156,-0.003167,-0.003195,-0.003269,-0.003399,-0.003576,-0.003780,-0.003992,-0.004201,-0.004405,-0.004612,-0.004841,-0.005120,-0.005481,-0.005943,-0.006504,-0.007155,-0.007879,-0.008580,-0.008995,-0.008795,-0.007807,-0.006181,-0.004377,-0.002930,-0.002158,-0.002005,-0.002162,-0.002341,-0.002446,-0.002541,-0.002736,-0.003070,-0.003464,-0.003782,-0.003946,-0.003990,-0.004014,-0.004108,-0.004305,-0.004578,-0.004864,-0.005112,-0.005307,-0.005462,-0.005596,-0.005706,-0.005771,-0.005767,-0.005686,-0.005530,-0.005301,-0.005008,-0.004678,-0.004344,-0.004026,-0.003741,-0.003511,-0.003336,-0.003190,-0.003043,-0.002895,-0.002751,-0.002598,-0.002420,-0.002222,-0.002022,-0.001824,-0.001627,-0.001445,-0.001296,-0.001173,-0.001055,-0.000933,-0.000821,-0.000717,-0.000603,-0.000472,-0.000343,-0.000228,-0.000117,0.000003,0.000132,0.000265,0.000403,0.000534,0.000622,0.000643,0.000612,0.000568,0.000534,0.000516,0.000530,0.000586,0.000668,0.000741,0.000791,0.000830,0.000868,0.000909,0.000959,0.001032,0.001121,0.001192,0.001223,0.001224,0.001216,0.001207,0.001202,0.001220,0.001270,0.001335,0.001388,0.001426,0.001462,0.001501,0.001539,0.001583,0.001647,0.001721,0.001778,0.001807,0.001820,0.001826,0.001827,0.001834,0.001870,0.001946,0.002039,0.002124,0.002195,0.002257,0.002303,0.002330,0.002355,0.002399,0.002455,0.002508,0.002557,0.002615,0.002676,0.002726,0.002770,0.002827,0.002911,0.003016,0.003146,0.003310,0.003499,0.003682,0.003841,0.003985,0.004128,0.004269,0.004407,0.004556,0.004724,0.004901,0.005078,0.005276,0.005528,0.005854,0.006271,0.006820,0.007524,0.008304,0.008959,0.009263],
	[0.000987,-0.000298,-0.000782,-0.000393,0.000075,0.000342,-0.000041,-0.000695,-0.000878,-0.000583,-0.000164,0.000303,0.000914,0.001474,0.001787,0.001229,0.000017,-0.000194,0.000330,0.000890,0.000902,0.000250,-0.000106,0.000203,-0.000156,-0.000933,-0.001031,-0.000572,-0.000105,0.000292,0.000606,0.001027,0.001425,0.001633,0.001412,0.000931,0.000325,-0.000262,-0.000939,-0.001436,-0.001660,-0.001307,-0.000537,0.000522,0.001304,0.001681,0.001410,0.000938,0.000085,-0.000657,-0.001141,-0.001201,-0.000933,-0.000218,0.000277,0.000693,-0.000517,-0.001797,-0.001545,-0.001344,-0.000840,-0.000397,0.000293,0.000739,0.001009,0.001068,0.001236,0.001232,0.000997,0.000403,-0.000104,-0.000248,0.000015,0.000236,0.000123,-0.000391,-0.000891,-0.001064,-0.000774,-0.000176,0.000469,0.000816,0.000727,0.000299,-0.000227,-0.000727,-0.001276,-0.001882,-0.002432,-0.002645,-0.002367,-0.001464,-0.000372,0.000311,-0.000581,-0.001554,-0.001126,-0.000683,-0.000674,-0.001285,-0.001863,-0.001967,-0.001255,-0.000020,0.001276,0.002050,0.002054,0.001415,0.000145,-0.001160,-0.001690,-0.001739,-0.001144,-0.000223,0.000879,0.001720,0.002151,0.002027,0.001198,0.000222,0.000104,-0.000355,-0.001245,-0.001603,-0.001172,-0.000728,-0.000324,0.000122,0.001023,0.001991,0.002700,0.002700,0.002238,0.001435,0.000656,-0.000009,-0.000240,-0.000095,0.000525,0.001058,0.001116,0.000648,0.000626,0.000699,0.000525,-0.000032,-0.000233,-0.000209,-0.000062,-0.000242,0.000047,0.000439,0.000901,-0.000207,-0.001250,-0.000993,-0.000556,-0.000055,0.000526,0.001072,0.001455,0.000271,-0.000913,-0.000506,-0.000050,0.000651,0.001032,0.001028,0.000508,0.000371,0.000239,-0.000105,-0.000274,0.000045,0.000498,0.001064,0.001555,0.001833,0.001682,0.001279,0.000818,0.000448,0.000071,-0.000279,-0.000684,-0.001162,-0.001529,-0.001605,-0.001288,-0.000742,-0.000208,-0.000049,-0.000211,-0.000469,-0.000239,0.000230,0.000687,-0.000341,-0.001399,-0.000977,-0.000658,-0.000515,-0.000864,-0.000890,-0.000717,-0.000355,-0.000166,0.000110,0.000529,0.001272,0.001839,0.002021,0.001651,0.001008,0.000057,-0.000564,-0.000727,-0.000399,0.000205,0.000848,0.001156,0.001074,0.000622,-0.000070,-0.000837,-0.001238,-0.001426,-0.001109,-0.000720,-0.000305,-0.000099,0.000366,0.000700,0.000939,-0.000072,-0.001038,-0.000764,-0.000187,0.000456,0.000755,0.000654,0.000193,-0.000571,-0.001368,-0.001905,-0.002188,-0.002052,-0.001729,-0.001384,-0.001088,-0.000709,-0.000159,0.000481,0.001042,0.001390,0.001533],
	[0.000805,-0.001057,-0.001894,-0.001430,-0.001231,-0.000885,-0.000338,0.000476,0.001099,0.001344,0.000895,-0.000418,-0.001081,-0.000415,0.000562,0.001517,0.001962,0.001538,0.000642,0.000666,0.001018,0.001225,0.000165,-0.000863,-0.000694,-0.000278,0.000380,0.000835,0.000987,0.000548,-0.000111,-0.000521,-0.000484,-0.000489,-0.000705,-0.001030,-0.001014,-0.000776,-0.000664,-0.000789,-0.000620,-0.000346,-0.000309,-0.000388,-0.000099,0.000312,0.000688,0.000915,0.001142,0.001258,0.001317,0.001096,0.000548,-0.000417,-0.001179,-0.001322,-0.000610,0.000340,0.001111,0.001387,0.001734,0.001921,0.001989,0.000738,-0.000443,-0.000293,0.000060,0.000520,0.000587,0.000533,0.000529,0.000769,0.001157,0.001589,0.001745,0.001391,0.000600,0.000299,0.000604,0.000917,0.000931,0.000591,0.000120,-0.000443,-0.000990,-0.001401,-0.001493,-0.001186,-0.000589,-0.000084,-0.000136,-0.000727,-0.000849,-0.000369,0.000163,0.000278,-0.000095,-0.000844,-0.001642,-0.002216,-0.002204,-0.001573,-0.000496,0.000489,0.001112,0.001342,0.001615,0.001860,0.001926,0.001565,0.001050,0.000229,-0.000531,-0.001030,-0.001230,-0.001039,-0.000481,-0.000006,0.000109,-0.000229,-0.000492,-0.000491,-0.000170,0.000015,0.000244,0.000507,0.000981,0.001091,0.000974,-0.000007,-0.000832,-0.001029,-0.000643,-0.000044,0.000576,-0.000328,-0.001166,-0.000658,-0.000413,-0.001516,-0.002438,-0.001408,-0.000239,0.000814,0.000200,-0.001176,-0.001810,-0.001552,-0.000838,-0.000111,-0.000051,-0.000567,-0.001316,-0.001796,-0.001898,-0.001910,-0.002096,-0.002402,-0.002295,-0.001590,-0.000305,0.000926,0.001962,0.002240,0.002278,0.000505,-0.001299,-0.001025,-0.000707,-0.000076,0.000074,0.000236,-0.000165,-0.000629,-0.000872,-0.000301,0.000460,0.000984,0.000439,-0.000038,0.000095,0.000508,0.000706,0.000935,0.001090,0.001353,0.001446,0.001445,0.000643,-0.000126,-0.000168,-0.000144,-0.000562,-0.001316,-0.001901,-0.001886,-0.001211,-0.000071,0.000999,0.001644,0.001624,0.001055,0.000100,-0.000816,-0.001399,-0.001378,-0.000854,-0.000032,0.000662,0.001119,0.001325,0.001406,0.000983,0.000215,-0.000060,0.000386,0.000863,0.001022,0.000389,-0.000758,-0.001454,-0.001332,-0.000831,-0.000383,-0.000601,-0.000773,-0.000405,0.000291,0.000784,0.001151,0.001393,0.001800,0.002003,0.002052,0.000860,-0.000278,-0.000046,0.000443,0.001071,0.001282,0.001127,0.000512,-0.000209,-0.000834,-0.001024,-0.000763,-0.000164,0.000380,0.000609,0.000337,-0.000630,-0.001661,-0.001963,-0.001715,-0.000573,0.000643]
],
	"idxs" : [126,0,107,89,2]
,"hydrophone_pos" : [
	[0.000000,0.000000,0.000000],
	[0.000000,0.000000,0.000000],
	[0.450000,0.000000,0.000000],
	[0.000000,0.450000,0.000000],
	[0.000000,0.000000,-0.450000]
],
	"direction_of_arrival" : [0.635455,0.066890,0.769235]
,	"valid" : [0.000000,-0.000000,-0.000000,-0.000000,-10017698.000000]
}
dump = {
	"magnitude" : [0.000000,0.000001,0.000000,0.000002,0.000000,0.000000,0.000000,0.000001,0.000003,0.000004,0.000000,0.000000,0.000002,0.000001,0.000004,0.000000,0.000008,0.000000,0.000000,0.000000,0.000000,0.000000,0.000000,0.000000,0.000000,0.000000,0.000000,0.000000,0.000000,0.000000,0.000000,0.000000]
,	"raw_mv" : [
	[-2.289000,-0.763000,-1.907500,-1.526000,-0.381500,-2.289000,-4.959500,-4.196499,-4.959500,-6.485500,-5.341000,-6.485500,-7.248499,-7.630000,-8.392999,-8.774499,-8.392999,-8.392999,-10.300499,-11.063500,-11.444999,-11.444999,-9.919000,-7.630000,-9.919000,-12.971000,-12.971000,-9.919000,-8.011500,-10.300499,-11.826499,-11.063500,-10.682000,-11.444999,-9.537500,-8.011500,-6.867000,-4.196499,-1.907500,-4.196499,-6.485500,-8.011500,-8.774499,-6.104000,-4.196499,-5.722499,-4.578000,-2.670500,-3.433500,-6.104000,-6.485500,-4.196499,-0.763000,0.000000,-3.052000,-3.433500,0.000000,1.144500,0.763000,0.763000,0.381500,-2.289000,-3.052000,-2.670500,-3.052000,-6.104000,-6.104000,-6.485500,-5.341000,-5.341000,-8.392999,-10.300499,-8.774499,-7.630000,-8.011500,-8.392999,-11.063500,-13.352499,-16.023000,-17.548999,-16.404500,-16.023000,-14.115500,-12.208000,-10.300499,-11.444999,-12.208000,-13.352499,-14.878500,-10.300499,-6.485500,-8.011500,-10.682000,-10.300499,-9.156000,-8.392999,-10.300499,-10.300499,-7.248499,-5.341000,-6.867000,-5.341000,-3.815000,-4.578000,-2.289000,-3.052000,-4.578000,-5.722499,-6.867000,-5.341000,-4.578000,-4.196499,-4.578000,-4.578000,-3.815000,-3.052000,-2.289000,-3.433500,-3.815000,-1.144500,-1.144500,-2.289000,-3.433500,-5.341000,-4.196499,-0.763000,-1.526000,-3.433500,-2.670500,-6.485500,-8.011500,-6.104000,-4.196499,-5.341000,-7.248499,-5.722499,-5.722499,-6.104000,-9.919000,-9.156000,-4.196499,-4.196499,-7.248499,-8.392999,-8.011500,-6.104000,-6.485500,-9.156000,-7.248499,-3.815000,-3.052000,-5.341000,-5.341000,-6.485500,-7.248499,-6.867000,-5.341000,-5.341000,-8.392999,-7.248499,-3.815000,-4.959500,-4.578000,-6.104000,-6.104000,-6.485500,-5.722499,-4.959500,-3.433500,-3.052000,-6.104000,-6.867000,-4.959500,-4.196499,-6.867000,-6.104000,-3.433500,-2.670500,-6.485500,-9.156000,-9.156000,-5.722499,-5.722499,-6.104000,-4.196499,-4.578000,-7.630000,-6.867000,-4.959500,-5.341000,-4.196499,-5.722499,-8.392999,-6.104000,-5.722499,-9.156000,-9.537500,-8.011500,-10.300499,-10.682000,-9.537500,-9.537500,-10.682000,-8.774499,-7.630000,-8.392999,-5.722499,-1.907500,-2.289000,-3.433500,-4.578000,-6.104000,-5.722499,-6.104000,-6.867000,-5.341000,-5.722499,-7.630000,-8.774499,-4.578000,-6.104000,-9.156000,-8.774499,-10.300499,-11.826499,-10.682000,-8.774499,-6.104000,-3.052000,-6.867000,-7.630000,-6.485500,-8.774499,-9.919000,-5.722499,-2.289000,-5.722499,-6.104000,-4.959500,-2.289000,-3.815000,-4.196499,-6.485500,-7.248499,-3.433500,-2.670500,-4.578000,-6.867000,-6.485500,-4.959500,-1.144500,-0.763000,-4.578000,-4.959500,-6.104000,-7.248499],
	[0.000000,0.000000,0.000000,0.000000,0.000000,0.000000,0.000000,0.000000,0.000000,0.000000,0.000000,0.000000,0.000000,0.000000,0.000000,0.000000,0.000000,0.000000,0.000000,0.000000,0.000000,0.000000,0.000000,0.000000,0.000000,0.000000,0.000000,0.000000,0.000000,0.000000,0.000000,0.000000,0.000000,0.000000,0.000000,0.000000,0.000000,0.000000,0.000000,0.000000,0.000000,0.000000,0.000000,0.000000,0.000000,0.000000,0.000000,0.000000,0.000000,0.000000,0.000000,0.000000,0.000000,0.000000,0.000000,0.000000,0.000000,0.000000,0.000000,0.000000,0.000000,0.000000,0.000000,0.000000,0.000000,0.000000,0.000000,0.000000,0.000000,0.000000,0.000000,0.000000,0.000000,0.000000,0.000000,0.000000,0.000000,0.000000,0.000000,0.000000,0.000000,0.000000,0.000000,0.000000,0.000000,0.000000,0.000000,0.000000,0.000000,0.000000,0.000000,0.000000,0.000000,0.000000,0.000000,0.000000,0.000000,0.000000,0.000000,0.000000,0.000000,0.000000,0.000000,0.000000,0.000000,0.000000,0.000000,0.000000,0.000000,0.000000,0.000000,0.000000,0.000000,0.000000,0.000000,0.000000,0.000000,0.000000,0.000000,0.000000,0.000000,0.000000,0.000000,0.000000,0.000000,0.000000,0.000000,0.000000,0.000000,0.000000,0.000000,0.000000,0.000000,0.000000,0.000000,0.000000,0.000000,0.000000,0.000000,0.000000,0.000000,0.000000,0.000000,0.000000,0.000000,0.000000,0.000000,0.000000,0.000000,0.000000,0.000000,0.000000,0.000000,0.000000,0.000000,0.000000,0.000000,0.000000,0.000000,0.000000,0.000000,0.000000,0.000000,0.000000,0.000000,0.000000,0.000000,0.000000,0.000000,0.000000,0.000000,0.000000,0.000000,0.000000,0.000000,0.000000,0.000000,0.000000,0.000000,0.000000,0.000000,0.000000,0.000000,0.000000,0.000000,0.000000,0.000000,0.000000,0.000000,0.000000,0.000000,0.000000,0.000000,0.000000,0.000000,0.000000,0.000000,0.000000,0.000000,0.000000,0.000000,0.000000,0.000000,0.000000,0.000000,0.000000,0.000000,0.000000,0.000000,0.000000,0.000000,0.000000,0.000000,0.000000,0.000000,0.000000,0.000000,0.000000,0.000000,0.000000,0.000000,0.000000,0.000000,0.000000,0.000000,0.000000,0.000000,0.000000,0.000000,0.000000,0.000000,0.000000,0.000000,0.000000,0.000000,0.000000,0.000000,0.000000,0.000000,0.000000,0.000000,0.000000,0.000000,0.000000,0.000000,0.000000,0.000000,0.000000,0.000000,0.000000,0.000000,0.000000,0.000000,0.000000,0.000000,0.000000],
	[-6.561800,-6.638100,-6.714400,-6.714400,-6.714400,-6.638100,-6.714400,-6.561800,-6.638100,-6.561800,-6.638100,-6.638100,-6.485500,-6.485500,-6.638100,-6.638100,-6.561800,-6.638100,-6.638100,-6.638100,-6.485500,-6.485500,-6.561800,-6.485500,-6.485500,-6.638100,-6.485500,-6.714400,-6.485500,-6.638100,-6.485500,-6.485500,-6.638100,-6.561800,-6.485500,-6.332900,-6.485500,-6.485500,-6.409200,-6.409200,-6.561800,-6.561800,-6.790700,-6.714400,-6.485500,-6.485500,-6.714400,-6.561800,-6.561800,-6.638100,-6.790700,-6.867000,-6.714400,-6.714400,-6.790700,-6.790700,-6.790700,-6.867000,-6.867000,-6.638100,-6.790700,-6.714400,-6.714400,-6.790700,-6.790700,-6.638100,-6.638100,-6.561800,-6.485500,-6.409200,-6.638100,-6.561800,-6.561800,-6.561800,-6.561800,-6.485500,-6.485500,-6.409200,-6.409200,-6.409200,-6.561800,-6.332900,-6.485500,-6.332900,-6.485500,-6.561800,-6.485500,-6.256600,-6.256600,-6.256600,-6.256600,-6.256600,-6.180300,-6.256600,-6.027700,-5.951400,-6.027700,-6.180300,-6.256600,-6.256600,-6.180300,-6.104000,-6.180300,-6.180300,-6.027700,-6.104000,-6.180300,-6.256600,-6.409200,-6.409200,-6.409200,-6.256600,-6.332900,-6.180300,-6.256600,-6.409200,-6.561800,-6.256600,-6.332900,-6.180300,-6.409200,-6.409200,-6.485500,-6.561800,-6.561800,-6.409200,-6.332900,-6.332900,-6.332900,-6.332900,-6.409200,-6.409200,-6.332900,-6.409200,-6.332900,-6.332900,-6.409200,-6.332900,-6.332900,-6.485500,-6.485500,-6.332900,-6.256600,-6.332900,-6.256600,-6.409200,-6.561800,-6.485500,-6.485500,-6.409200,-6.409200,-6.485500,-6.638100,-6.561800,-6.561800,-6.638100,-6.714400,-6.638100,-6.561800,-6.638100,-6.714400,-6.638100,-6.638100,-6.714400,-6.943300,-6.790700,-6.561800,-6.561800,-6.714400,-6.638100,-6.714400,-6.638100,-6.790700,-6.714400,-6.790700,-6.561800,-6.638100,-6.714400,-6.867000,-6.714400,-6.714400,-6.561800,-6.638100,-6.485500,-6.790700,-6.790700,-6.638100,-6.638100,-6.561800,-6.790700,-6.714400,-6.638100,-6.638100,-6.638100,-6.638100,-6.485500,-6.638100,-6.409200,-6.409200,-6.638100,-6.485500,-6.561800,-6.485500,-6.485500,-6.485500,-6.485500,-6.561800,-6.485500,-6.485500,-6.485500,-6.485500,-6.485500,-6.485500,-6.256600,-6.332900,-6.256600,-6.332900,-6.485500,-6.485500,-6.561800,-6.485500,-6.561800,-6.485500,-6.561800,-6.638100,-6.332900,-6.561800,-6.638100,-6.409200,-6.485500,-6.638100,-6.332900,-6.561800,-6.638100,-6.561800,-6.332900,-6.332900,-6.485500,-6.409200,-6.561800,-6.409200,-6.256600,-6.332900,-6.256600,-6.256600,-6.332900,-6.409200,-6.256600,-6.332900,-6.256600,-6.256600,-6.256600,-6.485500,-6.561800,-6.485500,-6.485500],
	[-7.248499,-7.248499,-7.248499,-7.248499,-7.248499,-7.248499,-7.248499,-7.248499,-7.248499,-7.248499,-7.248499,-6.867000,-7.248499,-6.867000,-7.248499,-6.867000,-6.867000,-7.248499,-6.867000,-7.248499,-6.867000,-7.248499,-7.248499,-7.248499,-7.248499,-7.248499,-7.248499,-7.248499,-7.248499,-7.248499,-6.867000,-7.248499,-7.248499,-7.248499,-7.248499,-7.248499,-7.630000,-7.248499,-7.248499,-7.248499,-7.248499,-7.248499,-7.248499,-6.867000,-6.867000,-7.248499,-7.630000,-7.248499,-7.248499,-6.867000,-6.867000,-6.867000,-7.248499,-7.248499,-7.248499,-6.867000,-6.867000,-6.867000,-6.867000,-7.248499,-7.248499,-7.630000,-7.248499,-7.248499,-7.248499,-7.248499,-7.248499,-6.867000,-6.867000,-7.248499,-7.248499,-7.248499,-7.248499,-7.248499,-7.248499,-7.248499,-7.248499,-7.248499,-7.248499,-7.248499,-7.248499,-7.248499,-7.248499,-6.867000,-7.248499,-7.248499,-7.248499,-6.867000,-6.867000,-6.867000,-6.867000,-6.867000,-6.867000,-6.485500,-6.485500,-6.867000,-6.867000,-6.867000,-6.867000,-6.867000,-6.867000,-6.485500,-6.485500,-6.867000,-6.867000,-6.867000,-6.867000,-6.867000,-6.867000,-7.248499,-6.867000,-6.867000,-7.248499,-6.867000,-7.248499,-6.867000,-6.867000,-7.248499,-6.867000,-7.630000,-6.867000,-6.867000,-6.867000,-7.248499,-7.248499,-6.867000,-6.867000,-7.248499,-6.867000,-7.248499,-7.248499,-7.248499,-6.867000,-7.248499,-7.248499,-7.248499,-7.248499,-7.248499,-7.630000,-7.248499,-7.248499,-7.248499,-6.867000,-7.248499,-7.248499,-6.867000,-7.248499,-7.248499,-6.867000,-7.248499,-7.248499,-7.248499,-7.248499,-7.248499,-7.248499,-6.867000,-7.248499,-7.248499,-7.248499,-6.867000,-7.248499,-7.248499,-7.248499,-7.248499,-7.248499,-6.867000,-7.248499,-7.248499,-7.248499,-7.248499,-7.248499,-7.248499,-6.867000,-6.867000,-7.248499,-7.248499,-7.630000,-6.867000,-6.867000,-6.867000,-7.248499,-7.248499,-7.248499,-7.248499,-7.248499,-7.248499,-7.630000,-7.248499,-6.867000,-7.248499,-7.248499,-7.248499,-6.867000,-7.248499,-7.248499,-6.867000,-7.248499,-7.248499,-7.248499,-7.248499,-7.248499,-7.248499,-7.248499,-6.867000,-7.248499,-7.248499,-7.248499,-7.248499,-7.248499,-6.867000,-7.248499,-6.867000,-7.248499,-7.248499,-7.248499,-7.248499,-6.867000,-7.248499,-7.248499,-7.248499,-6.867000,-7.248499,-7.248499,-7.248499,-7.248499,-7.248499,-7.248499,-6.867000,-7.248499,-7.248499,-6.867000,-7.248499,-7.248499,-7.248499,-6.867000,-6.867000,-6.867000,-6.867000,-6.867000,-6.867000,-6.867000,-6.867000,-6.867000,-6.867000,-6.485500,-6.485500,-6.485500,-6.867000,-6.867000,-6.485500,-6.867000,-6.867000,-6.867000,-6.867000,-6.867000,-6.867000],
	[-7.248499,-6.867000,-7.248499,-7.248499,-7.248499,-7.248499,-6.867000,-7.248499,-7.248499,-7.248499,-7.248499,-6.867000,-6.867000,-7.248499,-7.248499,-7.248499,-7.248499,-6.867000,-7.248499,-7.248499,-7.248499,-7.248499,-7.248499,-7.248499,-7.248499,-7.248499,-7.248499,-7.248499,-7.630000,-7.248499,-7.248499,-7.248499,-7.248499,-7.248499,-7.248499,-7.248499,-7.248499,-7.630000,-7.248499,-6.867000,-7.630000,-7.248499,-7.248499,-7.248499,-7.248499,-6.867000,-7.248499,-7.248499,-7.630000,-7.248499,-7.248499,-7.248499,-7.248499,-7.248499,-7.248499,-6.867000,-7.248499,-7.248499,-6.867000,-6.867000,-7.248499,-7.248499,-7.248499,-6.867000,-7.248499,-7.248499,-7.248499,-7.248499,-7.248499,-7.248499,-7.248499,-7.630000,-7.248499,-7.248499,-7.248499,-7.248499,-7.248499,-7.248499,-7.248499,-7.248499,-7.248499,-7.248499,-6.867000,-7.248499,-7.630000,-7.248499,-7.248499,-6.867000,-7.248499,-7.248499,-7.248499,-7.248499,-6.867000,-6.867000,-7.248499,-6.867000,-6.485500,-6.867000,-6.867000,-7.248499,-6.867000,-6.485500,-6.867000,-6.485500,-6.867000,-6.867000,-6.485500,-7.248499,-7.248499,-6.867000,-6.867000,-6.867000,-7.248499,-7.248499,-7.248499,-7.248499,-6.867000,-7.248499,-7.248499,-6.867000,-6.867000,-7.248499,-6.867000,-6.867000,-7.248499,-6.867000,-6.867000,-7.248499,-7.248499,-6.867000,-7.248499,-7.248499,-7.248499,-7.248499,-7.248499,-7.248499,-7.248499,-6.867000,-7.248499,-7.248499,-6.867000,-7.248499,-7.248499,-7.248499,-7.248499,-6.867000,-7.248499,-7.248499,-7.248499,-6.867000,-7.248499,-7.248499,-7.248499,-7.248499,-7.630000,-7.248499,-7.248499,-7.248499,-7.248499,-7.248499,-7.248499,-7.248499,-7.248499,-6.867000,-7.248499,-7.248499,-7.248499,-7.248499,-7.248499,-6.867000,-7.248499,-7.248499,-6.867000,-6.867000,-7.248499,-7.248499,-6.867000,-7.248499,-7.248499,-6.867000,-6.867000,-7.248499,-7.248499,-7.248499,-7.248499,-7.248499,-7.248499,-6.867000,-7.248499,-6.867000,-6.867000,-7.248499,-7.248499,-7.248499,-7.248499,-7.248499,-7.248499,-7.248499,-7.248499,-7.248499,-7.248499,-7.248499,-7.248499,-7.248499,-7.248499,-7.630000,-7.248499,-7.248499,-7.248499,-6.867000,-7.248499,-7.248499,-7.248499,-7.248499,-7.248499,-7.248499,-7.248499,-7.248499,-7.248499,-7.248499,-7.248499,-7.630000,-7.248499,-7.248499,-7.248499,-6.867000,-7.248499,-6.867000,-7.248499,-7.630000,-7.248499,-7.248499,-7.248499,-7.248499,-7.248499,-6.867000,-7.248499,-7.248499,-6.867000,-6.867000,-6.867000,-6.867000,-6.867000,-6.867000,-6.485500,-6.867000,-6.867000,-6.867000,-6.867000,-6.867000,-6.485500,-6.867000,-6.867000,-6.867000,-7.248499,-6.867000]
],
"normalized" : [
	[1.245125,1.709610,1.361246,1.477368,1.825731,1.245125,0.432277,0.664520,0.432277,-0.032206,0.316156,-0.032206,-0.264448,-0.380570,-0.612812,-0.728933,-0.612812,-0.612812,-1.193418,-1.425660,-1.541781,-1.541781,-1.077297,-0.380570,-1.077297,-2.006266,-2.006266,-1.077297,-0.496691,-1.193418,-1.657902,-1.425660,-1.309539,-1.541781,-0.961176,-0.496691,-0.148327,0.664520,1.361246,0.664520,-0.032206,-0.496691,-0.728933,0.083914,0.664520,0.200035,0.548399,1.129004,0.896762,0.083914,-0.032206,0.664520,1.709610,1.941852,1.012883,0.896762,1.941852,2.290215,2.174094,2.174094,2.057973,1.245125,1.012883,1.129004,1.012883,0.083914,0.083914,-0.032206,0.316156,0.316156,-0.612812,-1.193418,-0.728933,-0.380570,-0.496691,-0.612812,-1.425660,-2.122387,-2.935235,-3.399719,-3.051356,-2.935235,-2.354629,-1.774023,-1.193418,-1.541781,-1.774023,-2.122387,-2.586871,-1.193418,-0.032206,-0.496691,-1.309539,-1.193418,-0.845054,-0.612812,-1.193418,-1.193418,-0.264448,0.316156,-0.148327,0.316156,0.780641,0.548399,1.245125,1.012883,0.548399,0.200035,-0.148327,0.316156,0.548399,0.664520,0.548399,0.548399,0.780641,1.012883,1.245125,0.896762,0.780641,1.593489,1.593489,1.245125,0.896762,0.316156,0.664520,1.709610,1.477368,0.896762,1.129004,-0.032206,-0.496691,0.083914,0.664520,0.316156,-0.264448,0.200035,0.200035,0.083914,-1.077297,-0.845054,0.664520,0.664520,-0.264448,-0.612812,-0.496691,0.083914,-0.032206,-0.845054,-0.264448,0.780641,1.012883,0.316156,0.316156,-0.032206,-0.264448,-0.148327,0.316156,0.316156,-0.612812,-0.264448,0.780641,0.432277,0.548399,0.083914,0.083914,-0.032206,0.200035,0.432277,0.896762,1.012883,0.083914,-0.148327,0.432277,0.664520,-0.148327,0.083914,0.896762,1.129004,-0.032206,-0.845054,-0.845054,0.200035,0.200035,0.083914,0.664520,0.548399,-0.380570,-0.148327,0.432277,0.316156,0.664520,0.200035,-0.612812,0.083914,0.200035,-0.845054,-0.961176,-0.496691,-1.193418,-1.309539,-0.961176,-0.961176,-1.309539,-0.728933,-0.380570,-0.612812,0.200035,1.361246,1.245125,0.896762,0.548399,0.083914,0.200035,0.083914,-0.148327,0.316156,0.200035,-0.380570,-0.728933,0.548399,0.083914,-0.845054,-0.728933,-1.193418,-1.657902,-1.309539,-0.728933,0.083914,1.012883,-0.148327,-0.380570,-0.032206,-0.728933,-1.077297,0.200035,1.245125,0.200035,0.083914,0.432277,1.245125,0.780641,0.664520,-0.032206,-0.264448,0.896762,1.129004,0.548399,-0.148327,-0.032206,0.432277,1.593489,1.709610,0.548399,0.432277,0.083914,-0.264448],
	[0.000000,0.000000,0.000000,0.000000,0.000000,0.000000,0.000000,0.000000,0.000000,0.000000,0.000000,0.000000,0.000000,0.000000,0.000000,0.000000,0.000000,0.000000,0.000000,0.000000,0.000000,0.000000,0.000000,0.000000,0.000000,0.000000,0.000000,0.000000,0.000000,0.000000,0.000000,0.000000,0.000000,0.000000,0.000000,0.000000,0.000000,0.000000,0.000000,0.000000,0.000000,0.000000,0.000000,0.000000,0.000000,0.000000,0.000000,0.000000,0.000000,0.000000,0.000000,0.000000,0.000000,0.000000,0.000000,0.000000,0.000000,0.000000,0.000000,0.000000,0.000000,0.000000,0.000000,0.000000,0.000000,0.000000,0.000000,0.000000,0.000000,0.000000,0.000000,0.000000,0.000000,0.000000,0.000000,0.000000,0.000000,0.000000,0.000000,0.000000,0.000000,0.000000,0.000000,0.000000,0.000000,0.000000,0.000000,0.000000,0.000000,0.000000,0.000000,0.000000,0.000000,0.000000,0.000000,0.000000,0.000000,0.000000,0.000000,0.000000,0.000000,0.000000,0.000000,0.000000,0.000000,0.000000,0.000000,0.000000,0.000000,0.000000,0.000000,0.000000,0.000000,0.000000,0.000000,0.000000,0.000000,0.000000,0.000000,0.000000,0.000000,0.000000,0.000000,0.000000,0.000000,0.000000,0.000000,0.000000,0.000000,0.000000,0.000000,0.000000,0.000000,0.000000,0.000000,0.000000,0.000000,0.000000,0.000000,0.000000,0.000000,0.000000,0.000000,0.000000,0.000000,0.000000,0.000000,0.000000,0.000000,0.000000,0.000000,0.000000,0.000000,0.000000,0.000000,0.000000,0.000000,0.000000,0.000000,0.000000,0.000000,0.000000,0.000000,0.000000,0.000000,0.000000,0.000000,0.000000,0.000000,0.000000,0.000000,0.000000,0.000000,0.000000,0.000000,0.000000,0.000000,0.000000,0.000000,0.000000,0.000000,0.000000,0.000000,0.000000,0.000000,0.000000,0.000000,0.000000,0.000000,0.000000,0.000000,0.000000,0.000000,0.000000,0.000000,0.000000,0.000000,0.000000,0.000000,0.000000,0.000000,0.000000,0.000000,0.000000,0.000000,0.000000,0.000000,0.000000,0.000000,0.000000,0.000000,0.000000,0.000000,0.000000,0.000000,0.000000,0.000000,0.000000,0.000000,0.000000,0.000000,0.000000,0.000000,0.000000,0.000000,0.000000,0.000000,0.000000,0.000000,0.000000,0.000000,0.000000,0.000000,0.000000,0.000000,0.000000,0.000000,0.000000,0.000000,0.000000,0.000000,0.000000,0.000000,0.000000,0.000000,0.000000,0.000000,0.000000,0.000000,0.000000,0.000000,0.000000,0.000000,0.000000,0.000000,0.000000],
	[-0.340169,-0.766960,-1.193751,-1.193751,-1.193751,-0.766960,-1.193751,-0.340169,-0.766960,-0.340169,-0.766960,-0.766960,0.086618,0.086618,-0.766960,-0.766960,-0.340169,-0.766960,-0.766960,-0.766960,0.086618,0.086618,-0.340169,0.086618,0.086618,-0.766960,0.086618,-1.193751,0.086618,-0.766960,0.086618,0.086618,-0.766960,-0.340169,0.086618,0.940199,0.086618,0.086618,0.513408,0.513408,-0.340169,-0.340169,-1.620542,-1.193751,0.086618,0.086618,-1.193751,-0.340169,-0.340169,-0.766960,-1.620542,-2.047330,-1.193751,-1.193751,-1.620542,-1.620542,-1.620542,-2.047330,-2.047330,-0.766960,-1.620542,-1.193751,-1.193751,-1.620542,-1.620542,-0.766960,-0.766960,-0.340169,0.086618,0.513408,-0.766960,-0.340169,-0.340169,-0.340169,-0.340169,0.086618,0.086618,0.513408,0.513408,0.513408,-0.340169,0.940199,0.086618,0.940199,0.086618,-0.340169,0.086618,1.366987,1.366987,1.366987,1.366987,1.366987,1.793778,1.366987,2.647357,3.074148,2.647357,1.793778,1.366987,1.366987,1.793778,2.220569,1.793778,1.793778,2.647357,2.220569,1.793778,1.366987,0.513408,0.513408,0.513408,1.366987,0.940199,1.793778,1.366987,0.513408,-0.340169,1.366987,0.940199,1.793778,0.513408,0.513408,0.086618,-0.340169,-0.340169,0.513408,0.940199,0.940199,0.940199,0.940199,0.513408,0.513408,0.940199,0.513408,0.940199,0.940199,0.513408,0.940199,0.940199,0.086618,0.086618,0.940199,1.366987,0.940199,1.366987,0.513408,-0.340169,0.086618,0.086618,0.513408,0.513408,0.086618,-0.766960,-0.340169,-0.340169,-0.766960,-1.193751,-0.766960,-0.340169,-0.766960,-1.193751,-0.766960,-0.766960,-1.193751,-2.474121,-1.620542,-0.340169,-0.340169,-1.193751,-0.766960,-1.193751,-0.766960,-1.620542,-1.193751,-1.620542,-0.340169,-0.766960,-1.193751,-2.047330,-1.193751,-1.193751,-0.340169,-0.766960,0.086618,-1.620542,-1.620542,-0.766960,-0.766960,-0.340169,-1.620542,-1.193751,-0.766960,-0.766960,-0.766960,-0.766960,0.086618,-0.766960,0.513408,0.513408,-0.766960,0.086618,-0.340169,0.086618,0.086618,0.086618,0.086618,-0.340169,0.086618,0.086618,0.086618,0.086618,0.086618,0.086618,1.366987,0.940199,1.366987,0.940199,0.086618,0.086618,-0.340169,0.086618,-0.340169,0.086618,-0.340169,-0.766960,0.940199,-0.340169,-0.766960,0.513408,0.086618,-0.766960,0.940199,-0.340169,-0.766960,-0.340169,0.940199,0.940199,0.086618,0.513408,-0.340169,0.513408,1.366987,0.940199,1.366987,1.366987,0.940199,0.513408,1.366987,0.940199,1.366987,1.366987,1.366987,0.086618,-0.340169,0.086618,0.086618],
	[-0.643909,-0.643909,-0.643909,-0.643909,-0.643909,-0.643909,-0.643909,-0.643909,-0.643909,-0.643909,-0.643909,1.038118,-0.643909,1.038118,-0.643909,1.038118,1.038118,-0.643909,1.038118,-0.643909,1.038118,-0.643909,-0.643909,-0.643909,-0.643909,-0.643909,-0.643909,-0.643909,-0.643909,-0.643909,1.038118,-0.643909,-0.643909,-0.643909,-0.643909,-0.643909,-2.325940,-0.643909,-0.643909,-0.643909,-0.643909,-0.643909,-0.643909,1.038118,1.038118,-0.643909,-2.325940,-0.643909,-0.643909,1.038118,1.038118,1.038118,-0.643909,-0.643909,-0.643909,1.038118,1.038118,1.038118,1.038118,-0.643909,-0.643909,-2.325940,-0.643909,-0.643909,-0.643909,-0.643909,-0.643909,1.038118,1.038118,-0.643909,-0.643909,-0.643909,-0.643909,-0.643909,-0.643909,-0.643909,-0.643909,-0.643909,-0.643909,-0.643909,-0.643909,-0.643909,-0.643909,1.038118,-0.643909,-0.643909,-0.643909,1.038118,1.038118,1.038118,1.038118,1.038118,1.038118,2.720147,2.720147,1.038118,1.038118,1.038118,1.038118,1.038118,1.038118,2.720147,2.720147,1.038118,1.038118,1.038118,1.038118,1.038118,1.038118,-0.643909,1.038118,1.038118,-0.643909,1.038118,-0.643909,1.038118,1.038118,-0.643909,1.038118,-2.325940,1.038118,1.038118,1.038118,-0.643909,-0.643909,1.038118,1.038118,-0.643909,1.038118,-0.643909,-0.643909,-0.643909,1.038118,-0.643909,-0.643909,-0.643909,-0.643909,-0.643909,-2.325940,-0.643909,-0.643909,-0.643909,1.038118,-0.643909,-0.643909,1.038118,-0.643909,-0.643909,1.038118,-0.643909,-0.643909,-0.643909,-0.643909,-0.643909,-0.643909,1.038118,-0.643909,-0.643909,-0.643909,1.038118,-0.643909,-0.643909,-0.643909,-0.643909,-0.643909,1.038118,-0.643909,-0.643909,-0.643909,-0.643909,-0.643909,-0.643909,1.038118,1.038118,-0.643909,-0.643909,-2.325940,1.038118,1.038118,1.038118,-0.643909,-0.643909,-0.643909,-0.643909,-0.643909,-0.643909,-2.325940,-0.643909,1.038118,-0.643909,-0.643909,-0.643909,1.038118,-0.643909,-0.643909,1.038118,-0.643909,-0.643909,-0.643909,-0.643909,-0.643909,-0.643909,-0.643909,1.038118,-0.643909,-0.643909,-0.643909,-0.643909,-0.643909,1.038118,-0.643909,1.038118,-0.643909,-0.643909,-0.643909,-0.643909,1.038118,-0.643909,-0.643909,-0.643909,1.038118,-0.643909,-0.643909,-0.643909,-0.643909,-0.643909,-0.643909,1.038118,-0.643909,-0.643909,1.038118,-0.643909,-0.643909,-0.643909,1.038118,1.038118,1.038118,1.038118,1.038118,1.038118,1.038118,1.038118,1.038118,1.038118,2.720147,2.720147,2.720147,1.038118,1.038118,2.720147,1.038118,1.038118,1.038118,1.038118,1.038118,1.038118],
	[-0.469512,1.298063,-0.469512,-0.469512,-0.469512,-0.469512,1.298063,-0.469512,-0.469512,-0.469512,-0.469512,1.298063,1.298063,-0.469512,-0.469512,-0.469512,-0.469512,1.298063,-0.469512,-0.469512,-0.469512,-0.469512,-0.469512,-0.469512,-0.469512,-0.469512,-0.469512,-0.469512,-2.237091,-0.469512,-0.469512,-0.469512,-0.469512,-0.469512,-0.469512,-0.469512,-0.469512,-2.237091,-0.469512,1.298063,-2.237091,-0.469512,-0.469512,-0.469512,-0.469512,1.298063,-0.469512,-0.469512,-2.237091,-0.469512,-0.469512,-0.469512,-0.469512,-0.469512,-0.469512,1.298063,-0.469512,-0.469512,1.298063,1.298063,-0.469512,-0.469512,-0.469512,1.298063,-0.469512,-0.469512,-0.469512,-0.469512,-0.469512,-0.469512,-0.469512,-2.237091,-0.469512,-0.469512,-0.469512,-0.469512,-0.469512,-0.469512,-0.469512,-0.469512,-0.469512,-0.469512,1.298063,-0.469512,-2.237091,-0.469512,-0.469512,1.298063,-0.469512,-0.469512,-0.469512,-0.469512,1.298063,1.298063,-0.469512,1.298063,3.065639,1.298063,1.298063,-0.469512,1.298063,3.065639,1.298063,3.065639,1.298063,1.298063,3.065639,-0.469512,-0.469512,1.298063,1.298063,1.298063,-0.469512,-0.469512,-0.469512,-0.469512,1.298063,-0.469512,-0.469512,1.298063,1.298063,-0.469512,1.298063,1.298063,-0.469512,1.298063,1.298063,-0.469512,-0.469512,1.298063,-0.469512,-0.469512,-0.469512,-0.469512,-0.469512,-0.469512,-0.469512,1.298063,-0.469512,-0.469512,1.298063,-0.469512,-0.469512,-0.469512,-0.469512,1.298063,-0.469512,-0.469512,-0.469512,1.298063,-0.469512,-0.469512,-0.469512,-0.469512,-2.237091,-0.469512,-0.469512,-0.469512,-0.469512,-0.469512,-0.469512,-0.469512,-0.469512,1.298063,-0.469512,-0.469512,-0.469512,-0.469512,-0.469512,1.298063,-0.469512,-0.469512,1.298063,1.298063,-0.469512,-0.469512,1.298063,-0.469512,-0.469512,1.298063,1.298063,-0.469512,-0.469512,-0.469512,-0.469512,-0.469512,-0.469512,1.298063,-0.469512,1.298063,1.298063,-0.469512,-0.469512,-0.469512,-0.469512,-0.469512,-0.469512,-0.469512,-0.469512,-0.469512,-0.469512,-0.469512,-0.469512,-0.469512,-0.469512,-2.237091,-0.469512,-0.469512,-0.469512,1.298063,-0.469512,-0.469512,-0.469512,-0.469512,-0.469512,-0.469512,-0.469512,-0.469512,-0.469512,-0.469512,-0.469512,-2.237091,-0.469512,-0.469512,-0.469512,1.298063,-0.469512,1.298063,-0.469512,-2.237091,-0.469512,-0.469512,-0.469512,-0.469512,-0.469512,1.298063,-0.469512,-0.469512,1.298063,1.298063,1.298063,1.298063,1.298063,1.298063,3.065639,1.298063,1.298063,1.298063,1.298063,1.298063,3.065639,1.298063,1.298063,1.298063,-0.469512,1.298063]
],
"cwt" : [
	[0.298057,0.242465,0.150191,0.130058,0.180779,0.189168,0.138633,0.072848,0.051734,0.049229,0.051708,0.056037,0.036806,0.024318,0.053001,0.073225,0.088933,0.102892,0.096687,0.073346,0.101987,0.176285,0.247131,0.304380,0.346930,0.369049,0.366529,0.341666,0.302026,0.252304,0.186130,0.102515,0.051903,0.078435,0.061494,0.024529,0.133988,0.224349,0.257885,0.236262,0.202062,0.205644,0.230207,0.226201,0.186196,0.162036,0.197182,0.245519,0.276427,0.295482,0.315800,0.341171,0.360484,0.358735,0.336748,0.305390,0.256548,0.170997,0.053976,0.062191,0.135340,0.153101,0.144824,0.156866,0.176339,0.171290,0.153797,0.158858,0.197542,0.246494,0.269732,0.249027,0.195823,0.135290,0.091964,0.088053,0.105682,0.130637,0.150421,0.130385,0.067002,0.056191,0.113527,0.138678,0.128042,0.110301,0.156746,0.270054,0.379681,0.432730,0.418822,0.365146,0.304526,0.253125,0.218213,0.212822,0.239394,0.262783,0.243865,0.182071,0.121211,0.085629,0.032299,0.053378,0.118461,0.141728,0.136321,0.132649,0.134788,0.127194,0.106217,0.082826,0.070019,0.074211,0.093263,0.118882,0.140040,0.158317,0.180741,0.190966,0.175602,0.164356,0.194174,0.241502,0.267721,0.242371,0.148585,0.011648,0.146944,0.249686,0.290783,0.286811,0.261856,0.231153,0.208457,0.213694,0.257479,0.327966,0.396864,0.435040,0.429534,0.387624,0.329913,0.280289,0.253790,0.253879,0.279244,0.314504,0.330973,0.306593,0.237321,0.137538,0.034309,0.060298,0.125930,0.175905,0.218803,0.256667,0.279902,0.272157,0.226098,0.155787,0.090431,0.051346,0.033668,0.038857,0.078159,0.138419,0.202165,0.247755,0.263428,0.256562,0.246681,0.250786,0.274748,0.313273,0.352657,0.377874,0.379999,0.355497,0.300397,0.213831,0.115178,0.096183,0.169007,0.220154,0.224973,0.188749,0.134227,0.117713,0.166423,0.213341,0.230939,0.236437,0.239198,0.216422,0.162398,0.123698,0.129706,0.123739,0.093887,0.092327,0.110442,0.100854,0.115799,0.196972,0.262991,0.265966,0.211020,0.140490,0.093757,0.061380,0.029014,0.053072,0.105473,0.162556,0.219040,0.265628,0.293369,0.292674,0.248828,0.155208,0.045353,0.095108,0.155120,0.184905,0.233095,0.288024,0.295164,0.234309,0.141512,0.155525,0.276738,0.379982,0.423075,0.404031,0.352458,0.302651,0.261411,0.217848,0.184284,0.200281,0.255805,0.306034,0.327039,0.315679,0.285062,0.260473,0.268735,0.305762,0.327446,0.290438,0.188948,0.099410,0.181354,0.275247],
	[0.000000,0.000000,0.000000,0.000000,0.000000,0.000000,0.000000,0.000000,0.000000,0.000000,0.000000,0.000000,0.000000,0.000000,0.000000,0.000000,0.000000,0.000000,0.000000,0.000000,0.000000,0.000000,0.000000,0.000000,0.000000,0.000000,0.000000,0.000000,0.000000,0.000000,0.000000,0.000000,0.000000,0.000000,0.000000,0.000000,0.000000,0.000000,0.000000,0.000000,0.000000,0.000000,0.000000,0.000000,0.000000,0.000000,0.000000,0.000000,0.000000,0.000000,0.000000,0.000000,0.000000,0.000000,0.000000,0.000000,0.000000,0.000000,0.000000,0.000000,0.000000,0.000000,0.000000,0.000000,0.000000,0.000000,0.000000,0.000000,0.000000,0.000000,0.000000,0.000000,0.000000,0.000000,0.000000,0.000000,0.000000,0.000000,0.000000,0.000000,0.000000,0.000000,0.000000,0.000000,0.000000,0.000000,0.000000,0.000000,0.000000,0.000000,0.000000,0.000000,0.000000,0.000000,0.000000,0.000000,0.000000,0.000000,0.000000,0.000000,0.000000,0.000000,0.000000,0.000000,0.000000,0.000000,0.000000,0.000000,0.000000,0.000000,0.000000,0.000000,0.000000,0.000000,0.000000,0.000000,0.000000,0.000000,0.000000,0.000000,0.000000,0.000000,0.000000,0.000000,0.000000,0.000000,0.000000,0.000000,0.000000,0.000000,0.000000,0.000000,0.000000,0.000000,0.000000,0.000000,0.000000,0.000000,0.000000,0.000000,0.000000,0.000000,0.000000,0.000000,0.000000,0.000000,0.000000,0.000000,0.000000,0.000000,0.000000,0.000000,0.000000,0.000000,0.000000,0.000000,0.000000,0.000000,0.000000,0.000000,0.000000,0.000000,0.000000,0.000000,0.000000,0.000000,0.000000,0.000000,0.000000,0.000000,0.000000,0.000000,0.000000,0.000000,0.000000,0.000000,0.000000,0.000000,0.000000,0.000000,0.000000,0.000000,0.000000,0.000000,0.000000,0.000000,0.000000,0.000000,0.000000,0.000000,0.000000,0.000000,0.000000,0.000000,0.000000,0.000000,0.000000,0.000000,0.000000,0.000000,0.000000,0.000000,0.000000,0.000000,0.000000,0.000000,0.000000,0.000000,0.000000,0.000000,0.000000,0.000000,0.000000,0.000000,0.000000,0.000000,0.000000,0.000000,0.000000,0.000000,0.000000,0.000000,0.000000,0.000000,0.000000,0.000000,0.000000,0.000000,0.000000,0.000000,0.000000,0.000000,0.000000,0.000000,0.000000,0.000000,0.000000,0.000000,0.000000,0.000000,0.000000,0.000000,0.000000,0.000000,0.000000,0.000000,0.000000,0.000000,0.000000,0.000000,0.000000,0.000000,0.000000,0.000000,0.000000,0.000000],
	[0.133137,0.106993,0.091557,0.076572,0.045808,0.025570,0.050045,0.062311,0.072139,0.105121,0.159427,0.212313,0.243640,0.244937,0.216285,0.169272,0.135079,0.139826,0.164211,0.180133,0.169462,0.130552,0.089475,0.081175,0.077712,0.047780,0.028601,0.042402,0.040173,0.082684,0.149035,0.205500,0.244334,0.265339,0.268737,0.251219,0.218150,0.191513,0.175865,0.146979,0.141152,0.230666,0.338306,0.397556,0.395693,0.352491,0.299790,0.268326,0.267143,0.280180,0.288188,0.270317,0.219944,0.156460,0.093624,0.035588,0.098787,0.177679,0.198854,0.152716,0.077254,0.034346,0.089903,0.146051,0.152797,0.094892,0.037008,0.130147,0.201359,0.220658,0.195737,0.141984,0.076803,0.041391,0.045580,0.033494,0.049501,0.096832,0.131076,0.144637,0.140911,0.118663,0.115407,0.172129,0.246312,0.301409,0.311459,0.266026,0.183612,0.102720,0.052639,0.048595,0.106196,0.202686,0.283479,0.304912,0.270054,0.216337,0.181412,0.176677,0.182299,0.174178,0.161108,0.176417,0.189698,0.155429,0.101972,0.108363,0.137727,0.140003,0.104994,0.029104,0.092655,0.220062,0.320185,0.363911,0.348269,0.294051,0.234182,0.186877,0.125182,0.026923,0.082697,0.163850,0.197153,0.183200,0.130763,0.057014,0.027522,0.071600,0.083545,0.066913,0.035385,0.013021,0.049462,0.070676,0.094586,0.154826,0.220960,0.258367,0.255698,0.210065,0.118542,0.042316,0.148630,0.213462,0.203710,0.150445,0.113130,0.136348,0.184787,0.210890,0.199129,0.174911,0.178410,0.199310,0.207883,0.202735,0.198242,0.197822,0.199844,0.224294,0.289878,0.375328,0.436264,0.440832,0.388599,0.302565,0.209666,0.133657,0.095309,0.098968,0.127055,0.169505,0.216578,0.254109,0.274372,0.270611,0.235065,0.168187,0.083383,0.066849,0.167402,0.265206,0.321254,0.318610,0.279826,0.251270,0.248400,0.244808,0.213489,0.157401,0.107831,0.085841,0.058052,0.050741,0.142862,0.218858,0.235942,0.197141,0.127245,0.055779,0.023189,0.041063,0.058893,0.074548,0.082398,0.075670,0.057384,0.050196,0.079811,0.129545,0.161118,0.141423,0.088041,0.099830,0.136038,0.127207,0.088846,0.051194,0.037270,0.066966,0.124015,0.193693,0.252401,0.282862,0.283848,0.257836,0.209838,0.173505,0.202546,0.276555,0.346899,0.387535,0.386932,0.340980,0.253657,0.155232,0.131412,0.186155,0.208725,0.160114,0.059922,0.064004,0.133638,0.152035,0.129714,0.081283,0.025055,0.100885,0.195736,0.262372,0.279247,0.249513,0.203192,0.164785],
	[0.261504,0.195226,0.107520,0.045639,0.021247,0.014393,0.015765,0.042170,0.099569,0.162519,0.192194,0.172637,0.135932,0.140729,0.193146,0.244248,0.246000,0.194646,0.138966,0.133861,0.173439,0.194560,0.161958,0.096089,0.038090,0.007077,0.043942,0.115021,0.206611,0.287032,0.323438,0.304524,0.254554,0.223875,0.248168,0.304430,0.330226,0.289602,0.204346,0.129242,0.140275,0.252851,0.400086,0.532776,0.613064,0.611393,0.515552,0.354767,0.225338,0.236915,0.300097,0.338106,0.350255,0.346209,0.321624,0.254911,0.147432,0.098685,0.159519,0.216357,0.279940,0.320801,0.301866,0.253558,0.240758,0.293225,0.382076,0.447058,0.442300,0.363345,0.243126,0.128168,0.051352,0.018114,0.008955,0.004763,0.004153,0.009517,0.019262,0.046491,0.114033,0.213201,0.307206,0.367013,0.393013,0.394050,0.367072,0.301730,0.200895,0.105268,0.117658,0.228247,0.359105,0.449025,0.447892,0.360473,0.242294,0.156742,0.155929,0.242006,0.361386,0.448350,0.448422,0.359567,0.234294,0.138433,0.135150,0.211787,0.285281,0.315777,0.306811,0.263557,0.183188,0.119348,0.161466,0.210075,0.190982,0.184097,0.331802,0.497209,0.587240,0.600978,0.581305,0.558683,0.523524,0.450356,0.322973,0.166667,0.155932,0.275728,0.352746,0.378394,0.366849,0.322178,0.259775,0.222430,0.242987,0.288503,0.282021,0.182249,0.067379,0.180420,0.272584,0.294866,0.282925,0.276001,0.284611,0.303100,0.311452,0.278140,0.195493,0.098482,0.102561,0.204623,0.301902,0.367286,0.398847,0.406901,0.397465,0.363049,0.287871,0.165911,0.046638,0.160463,0.269799,0.313119,0.284867,0.204623,0.120532,0.133790,0.241371,0.356807,0.428595,0.441062,0.447771,0.514692,0.598186,0.617985,0.556978,0.450196,0.331158,0.213007,0.125308,0.142718,0.254429,0.403163,0.532703,0.590472,0.569368,0.508653,0.450388,0.405306,0.364543,0.332506,0.322794,0.317610,0.281497,0.208429,0.130322,0.094479,0.129983,0.211378,0.287579,0.313789,0.270251,0.164745,0.044541,0.110123,0.157854,0.113695,0.027392,0.122359,0.191015,0.217425,0.257421,0.322396,0.373636,0.399112,0.407668,0.400306,0.367100,0.300470,0.204941,0.103854,0.097706,0.196675,0.279895,0.315163,0.322387,0.338214,0.365636,0.389076,0.393859,0.368531,0.304887,0.208380,0.110204,0.045756,0.020686,0.022961,0.055860,0.113356,0.196451,0.288092,0.361563,0.412102,0.441368,0.438537,0.413753,0.376295,0.305196,0.206633,0.126169,0.121478,0.195101,0.261103],
	[0.122832,0.180269,0.221666,0.234241,0.264218,0.316504,0.341131,0.307656,0.244655,0.261415,0.368099,0.453768,0.456347,0.371423,0.261076,0.242617,0.303883,0.336902,0.303678,0.216877,0.119193,0.051248,0.023144,0.025425,0.055830,0.118370,0.211998,0.302961,0.340048,0.300976,0.212613,0.123379,0.068309,0.072767,0.140676,0.263034,0.416664,0.549178,0.611574,0.590605,0.496094,0.340704,0.170054,0.169117,0.293472,0.372405,0.399606,0.402285,0.381795,0.318195,0.223617,0.148975,0.152677,0.229321,0.318554,0.388330,0.449421,0.512756,0.553036,0.547600,0.509640,0.469038,0.435908,0.393210,0.320374,0.217128,0.105845,0.027580,0.103539,0.206258,0.300133,0.340672,0.302658,0.211325,0.118598,0.056397,0.025357,0.024411,0.056938,0.137898,0.269894,0.424239,0.553519,0.615150,0.592847,0.515568,0.440166,0.381360,0.310758,0.241118,0.265246,0.376642,0.469399,0.527200,0.588291,0.633486,0.612604,0.551279,0.528597,0.542301,0.505072,0.366256,0.189937,0.161368,0.244096,0.395817,0.575522,0.673862,0.658651,0.572118,0.470208,0.379897,0.290037,0.216526,0.239990,0.321768,0.388468,0.436204,0.465696,0.456302,0.398557,0.326988,0.293836,0.295864,0.326333,0.396189,0.458279,0.466303,0.430152,0.380813,0.315513,0.224439,0.135967,0.099213,0.137336,0.218542,0.295480,0.334700,0.339077,0.340880,0.346371,0.325114,0.284356,0.286253,0.340598,0.394353,0.421946,0.426970,0.416127,0.381363,0.308103,0.216212,0.207913,0.289860,0.335101,0.299751,0.210447,0.116930,0.048311,0.043331,0.117636,0.215748,0.300308,0.330290,0.283881,0.168628,0.053166,0.173409,0.298561,0.382956,0.448945,0.513594,0.557103,0.553380,0.500605,0.428575,0.393425,0.428443,0.494421,0.529781,0.497222,0.395803,0.259299,0.139294,0.108353,0.157040,0.172917,0.135139,0.178595,0.308412,0.379670,0.346567,0.242121,0.130348,0.054941,0.020636,0.008021,0.003183,0.001580,0.003500,0.020167,0.055573,0.118228,0.206088,0.283443,0.289148,0.188371,0.053789,0.187619,0.284485,0.282818,0.210676,0.119691,0.051032,0.016943,0.004046,0.018302,0.055752,0.119410,0.205986,0.283371,0.294456,0.207076,0.067094,0.049881,0.034627,0.147126,0.344187,0.485232,0.506919,0.422112,0.307879,0.249853,0.273777,0.333657,0.384757,0.419996,0.424957,0.366609,0.252453,0.146224,0.134238,0.211303,0.303478,0.340517,0.284358,0.158559,0.038048,0.153260,0.266409,0.293407,0.204710,0.057458,0.086777,0.121086,0.106578]
],
"envelope_edge" : [
	[0.000858,0.001439,0.001362,0.000789,0.000675,0.001064,0.001341,0.001174,0.000795,0.000561,0.000363,0.000288,0.000208,-0.000154,-0.000432,-0.000502,-0.000584,-0.000592,-0.000570,-0.000846,-0.001384,-0.001616,-0.001530,-0.001271,-0.000882,-0.000399,0.000109,0.000551,0.000895,0.001138,0.001287,0.001123,0.000515,0.000056,0.000085,-0.000707,-0.001356,-0.001045,-0.000593,-0.000176,-0.000217,-0.000375,-0.000338,-0.000079,-0.000051,-0.000406,-0.000781,-0.000780,-0.000662,-0.000512,-0.000412,-0.000204,0.000106,0.000537,0.000879,0.001219,0.001497,0.001737,0.001214,0.000210,-0.000001,0.000155,0.000112,-0.000028,0.000017,0.000124,0.000044,-0.000206,-0.000358,-0.000210,0.000215,0.000673,0.000925,0.000883,0.000567,0.000179,-0.000048,-0.000139,-0.000007,0.000240,0.000116,-0.000532,-0.000805,-0.000697,-0.000689,-0.001046,-0.001669,-0.001880,-0.001449,-0.000625,0.000181,0.000699,0.000904,0.000892,0.000722,0.000478,0.000397,0.000663,0.001083,0.001321,0.001162,0.000984,0.000585,-0.000123,-0.000229,-0.000050,0.000063,0.000029,0.000068,0.000121,0.000151,0.000005,-0.000207,-0.000498,-0.000685,-0.000819,-0.000811,-0.000861,-0.000779,-0.000657,-0.000523,-0.000757,-0.000902,-0.000876,-0.000381,0.000019,0.000494,-0.000614,-0.001785,-0.001386,-0.001055,-0.000565,-0.000444,-0.000373,-0.000638,-0.000942,-0.001297,-0.001305,-0.001042,-0.000438,0.000146,0.000647,0.000809,0.000775,0.000532,0.000334,0.000182,0.000354,0.000717,0.001267,0.001582,0.001670,0.000933,-0.000032,-0.000348,-0.000419,-0.000355,-0.000166,0.000195,0.000653,0.001033,0.001136,0.000911,0.000504,0.000046,-0.000477,-0.000943,-0.001188,-0.001179,-0.000939,-0.000647,-0.000456,-0.000446,-0.000541,-0.000632,-0.000590,-0.000367,0.000027,0.000503,0.000996,0.001403,0.001587,0.001222,0.000352,-0.000060,0.000153,0.000487,0.000730,0.000597,0.000099,-0.000243,-0.000128,0.000076,0.000265,0.000488,0.000806,0.000891,0.000636,0.000414,0.000468,0.000318,0.000009,-0.000121,-0.000215,-0.000672,-0.000825,-0.000399,0.000264,0.000699,0.000743,0.000490,0.000265,-0.000223,-0.000806,-0.001126,-0.001229,-0.001167,-0.000891,-0.000511,0.000029,0.000475,0.000758,0.000036,-0.000894,-0.000956,-0.001069,-0.001104,-0.000857,-0.000284,0.000092,-0.000244,-0.001255,-0.001609,-0.001221,-0.000471,0.000196,0.000596,0.000693,0.000715,0.000596,0.000254,-0.000240,-0.000407,-0.000260,0.000110,0.000415,0.000588,0.000473,0.000329,0.000352,0.000821,0.001332,0.001578,0.000742,-0.000064,0.000214],
	[0.000000,0.000000,0.000000,0.000000,0.000000,0.000000,0.000000,0.000000,0.000000,0.000000,0.000000,0.000000,0.000000,0.000000,0.000000,0.000000,0.000000,0.000000,0.000000,0.000000,0.000000,0.000000,0.000000,0.000000,0.000000,0.000000,0.000000,0.000000,0.000000,0.000000,0.000000,0.000000,0.000000,0.000000,0.000000,0.000000,0.000000,0.000000,0.000000,0.000000,0.000000,0.000000,0.000000,0.000000,0.000000,0.000000,0.000000,0.000000,0.000000,0.000000,0.000000,0.000000,0.000000,0.000000,0.000000,0.000000,0.000000,0.000000,0.000000,0.000000,0.000000,0.000000,0.000000,0.000000,0.000000,0.000000,0.000000,0.000000,0.000000,0.000000,0.000000,0.000000,0.000000,0.000000,0.000000,0.000000,0.000000,0.000000,0.000000,0.000000,0.000000,0.000000,0.000000,0.000000,0.000000,0.000000,0.000000,0.000000,0.000000,0.000000,0.000000,0.000000,0.000000,0.000000,0.000000,0.000000,0.000000,0.000000,0.000000,0.000000,0.000000,0.000000,0.000000,0.000000,0.000000,0.000000,0.000000,0.000000,0.000000,0.000000,0.000000,0.000000,0.000000,0.000000,0.000000,0.000000,0.000000,0.000000,0.000000,0.000000,0.000000,0.000000,0.000000,0.000000,0.000000,0.000000,0.000000,0.000000,0.000000,0.000000,0.000000,0.000000,0.000000,0.000000,0.000000,0.000000,0.000000,0.000000,0.000000,0.000000,0.000000,0.000000,0.000000,0.000000,0.000000,0.000000,0.000000,0.000000,0.000000,0.000000,0.000000,0.000000,0.000000,0.000000,0.000000,0.000000,0.000000,0.000000,0.000000,0.000000,0.000000,0.000000,0.000000,0.000000,0.000000,0.000000,0.000000,0.000000,0.000000,0.000000,0.000000,0.000000,0.000000,0.000000,0.000000,0.000000,0.000000,0.000000,0.000000,0.000000,0.000000,0.000000,0.000000,0.000000,0.000000,0.000000,0.000000,0.000000,0.000000,0.000000,0.000000,0.000000,0.000000,0.000000,0.000000,0.000000,0.000000,0.000000,0.000000,0.000000,0.000000,0.000000,0.000000,0.000000,0.000000,0.000000,0.000000,0.000000,0.000000,0.000000,0.000000,0.000000,0.000000,0.000000,0.000000,0.000000,0.000000,0.000000,0.000000,0.000000,0.000000,0.000000,0.000000,0.000000,0.000000,0.000000,0.000000,0.000000,0.000000,0.000000,0.000000,0.000000,0.000000,0.000000,0.000000,0.000000,0.000000,0.000000,0.000000,0.000000,0.000000,0.000000,0.000000,0.000000,0.000000,0.000000,0.000000,0.000000,0.000000,0.000000,0.000000,0.000000,0.000000,0.000000,0.000000,0.000000],
	[0.000831,0.000706,0.000603,0.000524,0.000422,0.000012,-0.000290,-0.000403,-0.000634,-0.000886,-0.000970,-0.000792,-0.000430,-0.000009,0.000324,0.000426,0.000230,-0.000012,-0.000051,0.000125,0.000382,0.000528,0.000381,0.000157,0.000116,0.000040,-0.000339,-0.000611,-0.000921,-0.001380,-0.001479,-0.001373,-0.001102,-0.000808,-0.000469,-0.000197,-0.000067,-0.000142,-0.000221,-0.000402,-0.001002,-0.001515,-0.001269,-0.000633,0.000098,0.000551,0.000720,0.000605,0.000535,0.000571,0.000845,0.001177,0.001481,0.001459,0.001342,0.000648,-0.000052,0.000088,0.000576,0.000989,0.000923,0.000320,-0.000215,-0.000031,0.000291,0.000560,-0.000144,-0.000699,-0.000326,0.000126,0.000611,0.000815,0.000763,0.000332,0.000079,-0.000168,-0.000571,-0.000747,-0.000656,-0.000529,-0.000406,-0.000461,-0.000827,-0.001153,-0.001034,-0.000595,0.000084,0.000660,0.000918,0.000704,0.000210,-0.000485,-0.001062,-0.001214,-0.000796,-0.000150,0.000369,0.000498,0.000383,0.000211,0.000220,0.000260,0.000193,0.000083,0.000315,0.000536,0.000369,-0.000077,-0.000061,0.000012,0.000221,-0.000376,-0.001347,-0.001503,-0.001038,-0.000286,0.000472,0.000929,0.001147,0.001148,0.001307,0.000678,-0.000217,-0.000134,0.000219,0.000683,0.000926,0.000827,0.000226,-0.000056,0.000086,0.000106,0.000035,-0.000422,-0.000776,-0.000880,-0.001141,-0.001311,-0.001101,-0.000664,-0.000098,0.000310,0.000478,-0.000409,-0.001078,-0.000583,-0.000187,-0.000001,-0.000389,-0.000751,-0.000830,-0.000569,-0.000372,-0.000394,-0.000600,-0.000610,-0.000539,-0.000483,-0.000551,-0.000623,-0.000809,-0.001084,-0.001279,-0.001051,-0.000419,0.000430,0.001135,0.001537,0.001543,0.001229,0.000688,0.000184,-0.000184,-0.000379,-0.000380,-0.000188,0.000118,0.000504,0.000847,0.000994,0.000656,-0.000299,-0.000896,-0.000708,-0.000199,0.000418,0.000719,0.000766,0.000793,0.001022,0.001288,0.001379,0.001175,0.000915,0.000675,0.000028,-0.000383,0.000012,0.000579,0.001122,0.001290,0.001130,0.000606,0.000262,0.000110,0.000062,0.000073,0.000114,0.000011,-0.000259,-0.000570,-0.000565,-0.000294,0.000096,-0.000019,-0.000381,-0.000309,-0.000045,-0.000015,-0.000234,-0.000705,-0.001174,-0.001466,-0.001489,-0.001242,-0.000835,-0.000433,-0.000109,-0.000040,-0.000372,-0.000866,-0.000975,-0.000697,-0.000113,0.000549,0.001189,0.001519,0.001324,0.000628,0.000438,0.000774,0.001225,0.000935,0.000135,-0.000016,0.000295,0.000445,0.000501,-0.000159,-0.000911,-0.000849,-0.000475,0.000161,0.000610,0.000841,0.000846],
	[0.001244,0.001674,0.001651,0.001247,0.000788,0.000379,-0.000034,-0.000498,-0.000772,-0.000714,-0.000365,-0.000091,-0.000181,-0.000560,-0.000711,-0.000450,0.000061,0.000344,0.000186,-0.000229,-0.000339,-0.000070,0.000272,0.000255,-0.000081,-0.000771,-0.001491,-0.001923,-0.002045,-0.001740,-0.001189,-0.000682,-0.000542,-0.000799,-0.001125,-0.001075,-0.000612,-0.000138,-0.000102,-0.000709,-0.001757,-0.002495,-0.002558,-0.001997,-0.000953,0.000316,0.001373,0.001723,0.001026,0.000112,-0.000087,0.000068,0.000349,0.000631,0.001000,0.001292,0.001113,0.000170,-0.000481,-0.000647,-0.000643,-0.000240,0.000159,0.000164,-0.000243,-0.000593,-0.000479,0.000204,0.001150,0.001941,0.002252,0.002053,0.001524,0.000947,0.000481,0.000099,-0.000283,-0.000665,-0.001088,-0.001614,-0.002109,-0.002285,-0.002047,-0.001554,-0.001009,-0.000469,0.000066,0.000474,0.000524,-0.000144,-0.001257,-0.001883,-0.001784,-0.001020,-0.000003,0.000697,0.000723,0.000112,-0.000809,-0.001434,-0.001406,-0.000706,0.000298,0.001026,0.001093,0.000474,-0.000447,-0.000939,-0.000821,-0.000444,-0.000043,0.000249,0.000259,-0.000422,-0.001124,-0.001172,-0.001236,-0.002090,-0.002867,-0.002450,-0.001567,-0.000609,0.000014,0.000584,0.001142,0.001747,0.002037,0.001456,0.000020,-0.000470,-0.000211,0.000260,0.000656,0.001001,0.000940,0.000626,0.000197,0.000365,0.000784,0.001182,0.000102,-0.000913,-0.000623,-0.000294,-0.000074,-0.000109,-0.000113,-0.000034,0.000273,0.000655,0.000799,0.000252,-0.000852,-0.001415,-0.001378,-0.001002,-0.000577,-0.000090,0.000315,0.000851,0.001151,0.001259,0.000033,-0.001151,-0.000948,-0.000500,0.000058,0.000146,-0.000406,-0.001496,-0.002094,-0.002068,-0.001598,-0.001195,-0.001176,-0.001190,-0.000598,0.000418,0.001351,0.001865,0.001946,0.001602,0.000661,-0.000585,-0.001417,-0.001571,-0.001019,-0.000037,0.000869,0.001412,0.001621,0.001721,0.001739,0.001674,0.001591,0.001748,0.001989,0.002082,0.001708,0.001024,0.000279,0.000046,0.000244,0.000933,0.001469,0.001856,0.001003,0.000169,0.000359,0.000638,-0.000116,-0.001031,-0.000841,-0.000939,-0.000995,-0.001012,-0.000617,-0.000258,0.000215,0.000626,0.001137,0.001443,0.001531,0.000939,-0.000127,-0.000733,-0.000569,-0.000289,-0.000071,-0.000028,0.000165,0.000467,0.000962,0.001470,0.001954,0.002103,0.001865,0.001264,0.000635,-0.000034,-0.000620,-0.001119,-0.001393,-0.001363,-0.001027,-0.000588,-0.000011,0.000571,0.001075,0.001524,0.001928,0.001933,0.001450,0.000662,0.000305,0.000612],
	[-0.001128,-0.001348,-0.001254,-0.001214,-0.001329,-0.001193,-0.000768,-0.000359,-0.000543,-0.001200,-0.001368,-0.000727,0.000203,0.000888,0.000744,0.000101,-0.000051,0.000421,0.001002,0.001317,0.001141,0.000621,-0.000024,-0.000649,-0.001249,-0.001724,-0.001908,-0.001575,-0.000870,-0.000184,0.000055,-0.000217,-0.000919,-0.001813,-0.002644,-0.003152,-0.003111,-0.002381,-0.001244,-0.000035,0.000882,0.001317,0.000603,-0.000850,-0.001342,-0.001036,-0.000623,-0.000233,0.000201,0.000540,0.000470,-0.000177,-0.001101,-0.001731,-0.001866,-0.001764,-0.001575,-0.001223,-0.000585,0.000091,0.000607,0.000887,0.001168,0.001475,0.001805,0.001797,0.001444,0.000290,-0.000813,-0.001060,-0.000877,-0.000173,0.000475,0.000774,0.000514,-0.000011,-0.000713,-0.001457,-0.002285,-0.003047,-0.003528,-0.003428,-0.002751,-0.001669,-0.000633,-0.000010,0.000141,0.000159,0.000037,-0.000583,-0.001601,-0.002052,-0.001893,-0.001618,-0.001292,-0.000605,0.000153,0.000499,0.000473,0.000797,0.001492,0.001998,0.001269,-0.000219,-0.001308,-0.001915,-0.001554,-0.000389,0.000854,0.001652,0.001958,0.001945,0.001731,0.001006,0.000085,-0.000282,-0.000220,0.000019,0.000430,0.000963,0.001325,0.001239,0.000843,0.000469,0.000111,0.000016,0.000416,0.001043,0.001526,0.001834,0.002060,0.002042,0.001564,0.000712,-0.000099,-0.000491,-0.000433,-0.000121,0.000116,0.000221,0.000381,0.000586,0.000464,0.000045,-0.000162,0.000021,0.000373,0.000760,0.001146,0.001556,0.001811,0.001521,0.000726,0.000502,0.001002,0.001611,0.001833,0.001590,0.000916,-0.000017,-0.000755,-0.000911,-0.000658,0.000035,0.000571,0.000790,-0.000428,-0.001719,-0.001703,-0.001583,-0.001254,-0.000912,-0.000213,0.000490,0.001092,0.001170,0.000894,0.000585,0.000839,0.001511,0.002430,0.003045,0.003189,0.002599,0.001697,0.001177,0.001276,0.000954,0.000241,0.000206,0.001110,0.002050,0.002618,0.002512,0.002118,0.001579,0.001209,0.000811,0.000533,0.000115,-0.000233,-0.000687,-0.000925,-0.001009,-0.000417,0.000320,0.001074,0.000096,-0.000827,-0.000142,0.000591,0.001158,0.001144,0.000812,0.000319,-0.000187,-0.000716,-0.001174,-0.001496,-0.001548,-0.001061,-0.000289,0.000439,0.000008,-0.000816,-0.001631,-0.002812,-0.002824,-0.001918,-0.000574,0.000293,0.000417,-0.000129,-0.000618,-0.000746,-0.000507,-0.000101,0.000562,0.001223,0.001460,0.000940,0.000017,-0.000508,-0.000360,0.000378,0.001062,0.001312,0.000233,-0.000903,-0.000460,0.000214,0.001066,0.000463,-0.000428,-0.000482,-0.000671]
],
	"idxs" : [21,0,30,28,35]
,"hydrophone_pos" : [
	[0.000000,0.000000,0.000000],
	[0.000000,0.000000,0.000000],
	[0.450000,0.000000,0.000000],
	[0.000000,0.450000,0.000000],
	[0.000000,0.000000,-0.450000]
],
	"direction_of_arrival" : [0.635455,0.066890,0.769235]
,	"valid" : [0.000000,-0.000000,-0.000000,-0.000000,-10017698.000000]
}
